,inverse_v,spy_v,inverse_v_with_25bps_slip
1996-01-02,1.0,1.0,1.0
1996-01-03,1.0068657588075132,1.013468521518,1.0068657588075132
1996-01-04,1.001729643430458,1.0038111799764549,1.001729643430458
1996-01-05,1.0007344456887841,1.0017784623370025,1.0007344456887841
1996-01-08,1.0042398746529995,1.005590229386195,1.0042398746529995
1996-01-09,0.9884510247488759,0.9883091612941931,0.9884510247488759
1996-01-10,0.9721675622708783,0.975348474952981,0.9721675622708783
1996-01-11,0.9767470234236608,0.9811937383633742,0.9767470234236608
1996-01-12,0.976224226821741,0.9796689632939575,0.976224226821741
1996-01-15,0.9735735030555678,0.9776361501951225,0.9735735030555678
1996-01-16,0.9756480309434908,0.9895799310420562,0.9756480309434908
1996-01-17,0.969488348264543,0.9865300456945846,0.969488348264543
1996-01-18,0.9730438426401098,0.9898339348176158,0.9730438426401098
1996-01-19,0.9774702211123678,0.9964410763325234,0.9774702211123678
1996-01-22,0.9848414605252614,0.9966951688069882,0.9848414605252614
1996-01-23,0.9864350449106929,0.9989825842194001,0.9864350449106929
1996-01-24,0.9981796226345164,1.007114302454946,0.9981796226345164
1996-01-25,0.9936935759708229,1.0035561676243727,0.9936935759708229
1996-01-26,0.9928504623516963,1.0121967862276187,0.9928504623516963
1996-01-29,0.9967635841654716,1.016262780717895,0.9967635841654716
1996-01-30,1.0021903503460465,1.0249030468795586,1.0021903503460465
1996-01-31,1.0124235405831685,1.0355763872097623,1.0124235405831685
1996-02-01,1.016160988430296,1.0393883438910816,1.016160988430296
1996-02-02,1.0164056029672732,1.0350686459338703,1.0164056029672732
1996-02-05,1.0232029694875353,1.0434547721032266,1.0232029694875353
1996-02-06,1.0303982566819827,1.053365505528663,1.0303982566819827
1996-02-07,1.0300719211871017,1.059464491805674,1.0300719211871017
1996-02-08,1.036999332253264,1.0709003515302244,1.036999332253264
1996-02-09,1.038774936579827,1.0706465481469118,1.038774936579827
1996-02-12,1.0430491954953787,1.0787791793266357,1.0430491954953787
1996-02-13,1.0406533168924978,1.0764921674664631,1.0406533168924978
1996-02-14,1.035732414084793,1.0670890083836435,1.035732414084793
1996-02-15,1.0337143431818845,1.060481593243732,1.0337143431818845
1996-02-16,1.0324016605104394,1.056161191232857,1.0324016605104394
1996-02-20,1.0201057436468932,1.0457421610813449,1.0201057436468932
1996-02-21,1.0327400011546943,1.0587030894257872,1.0327400011546943
1996-02-22,1.044482272747691,1.0754761224715599,1.044482272747691
1996-02-23,1.041978367044159,1.0724260721882306,1.041978367044159
1996-02-26,1.03218519936526,1.0571783182938583,1.03218519936526
1996-02-27,1.0270633843073491,1.05387463604919,1.0270633843073491
1996-02-28,1.0270027067840999,1.0490457824668127,1.0270027067840999
1996-02-29,1.026005081752264,1.0388805288347094,1.026005081752264
1996-03-01,1.0344907816398847,1.0553987292431812,1.0344907816398847
1996-03-04,1.0463791284817379,1.0614978784994775,1.0463791284817379
1996-03-05,1.0527004251789835,1.071409084191027,1.0527004251789835
1996-03-06,1.0511532034255713,1.0620063980681667,1.0511532034255713
1996-03-07,1.0525656713901475,1.0673429802184593,1.0525656713901475
1996-03-08,1.0221811837501704,1.0327813471760054,1.0221811837501704
1996-03-11,1.0348789712891422,1.044725463456096,1.0348789712891422
1996-03-12,1.030121377649077,1.0365933204485538,1.030121377649077
1996-03-13,1.042410000447202,1.0437084970001127,1.042410000447202
1996-03-14,1.0506560087229224,1.0482830713424642,1.0506560087229224
1996-03-15,1.0493099593275959,1.0475891079492354,1.0493099593275959
1996-03-18,1.0618100457298236,1.0677551982772582,1.0618100457298236
1996-03-19,1.0649700567901519,1.0654573890905654,1.0649700567901519
1996-03-20,1.060198119992535,1.064180971138435,1.060198119992535
1996-03-21,1.0591162184182958,1.0616280009886738,1.0591162184182958
1996-03-22,1.0647380736202001,1.0644360070512888,1.0647380736202001
1996-03-25,1.0602157874754086,1.0623944187897645,1.0602157874754086
1996-03-26,1.0639883145735756,1.0674992239720493,1.0639883145735756
1996-03-27,1.0641272697652833,1.0577988585238154,1.0641272697652833
1996-03-28,1.06671013432679,1.0618830199165756,1.06671013432679
1996-03-29,1.0628853650835641,1.0567774863568167,1.062730411766635
1996-04-01,1.0703321822771847,1.0690297645336377,1.0701761433219894
1996-04-02,1.0697359782405083,1.0710716113838972,1.0695800262032404
1996-04-03,1.0764145651510286,1.0710716113838972,1.0762576394723615
1996-04-04,1.080411408211678,1.0703057951817576,1.0802538998510869
1996-04-08,1.0652454632522694,1.0519265040668966,1.065090165867154
1996-04-09,1.0744111572181767,1.0478418734516048,1.074254523607417
1996-04-10,1.0663613479810647,1.029208101416015,1.0662058879160916
1996-04-11,1.0649826483737128,1.027931883370259,1.0648273893032065
1996-04-12,1.0701979600592206,1.0409506406731432,1.070041940671684
1996-04-15,1.0817966518577362,1.0496290461644353,1.081638941548652
1996-04-16,1.0904656533998867,1.052691863721143,1.0903066792757312
1996-04-17,1.0868384311511772,1.0501390859516193,1.086679985823576
1996-04-18,1.0944747178212224,1.0516701887389368,1.0943151592334455
1996-04-19,1.1017185260034608,1.054222592287006,1.1015579113731961
1996-04-22,1.103485016260346,1.062390708932046,1.1033241441013453
1996-04-23,1.1165389021926273,1.0657096175067495,1.1163761269658166
1996-04-24,1.1164832700449752,1.0618805228510477,1.1163205029285272
1996-04-25,1.1233720869992379,1.0667301311989084,1.12320831559289
1996-04-26,1.1247548055505014,1.0690278679015108,1.124590832563783
1996-04-29,1.126220522320931,1.0690278679015108,1.1260563356539015
1996-04-30,1.1222502758565098,1.0682624439480932,1.1220866679940054
1996-05-01,1.1240525013211282,1.0705602764650255,1.123888630720211
1996-05-02,1.1121919407235958,1.0521819681989504,1.1120297992209103
1996-05-03,1.1100054035197153,1.0506499912532528,1.1098435807825369
1996-05-06,1.1089349242494728,1.0496287594617546,1.108773257572693
1996-05-07,1.1026928181880336,1.0452895941701397,1.1025320615200567
1996-05-08,1.1060856600635849,1.0583076307759345,1.1059244087683229
1996-05-09,1.1137666327645723,1.0575414160512528,1.1136042616945572
1996-05-10,1.1220306407037195,1.068006845904496,1.1218670648608442
1996-05-13,1.1317075223305035,1.0840878249832802,1.1315425357382147
1996-05-14,1.135906442525549,1.0907246106478277,1.1357408437914118
1996-05-15,1.1372169242166716,1.0894484628533696,1.1370511344332537
1996-05-16,1.1369095472810418,1.0917461096615273,1.1367438023087362
1996-05-17,1.1405088447519,1.097617520239287,1.140342575054069
1996-05-20,1.1428989853332423,1.1050198527957809,1.1427323671874758
1996-05-21,1.1423132281696262,1.103488295279806,1.1421466954187842
1996-05-22,1.1492957541619424,1.1139537782722397,1.149128203459778
1996-05-23,1.1440591184428932,1.1093587189368668,1.143892331166495
1996-05-24,1.1466222694100003,1.1136985302453477,1.1464551084632542
1996-05-28,1.1343458945669684,1.1024668805678233,1.1341805233381583
1996-05-29,1.1272029645530675,1.0950638154648102,1.1270386346601666
1996-05-30,1.1377313534495948,1.1006793027105137,1.1375654886698332
1996-05-31,1.1381441591935129,1.092511161605099,1.137978234232643
1996-06-03,1.1348205333305343,1.0955745629022398,1.1346550929062558
1996-06-04,1.1437645021157132,1.1032326290969265,1.1435977577901153
1996-06-05,1.1501075841718822,1.1129322503719465,1.1499399151166414
1996-06-06,1.1416430328716065,1.104764440586467,1.1414765978255481
1996-06-07,1.1369340827498637,1.104764440586467,1.1367683342006416
1996-06-10,1.1332054988642433,1.1011905276211698,1.1330402938886364
1996-06-11,1.130796046108443,1.100169724002065,1.1306311923962074
1996-06-12,1.1241361479532603,1.0981278089943172,1.1239722651578736
1996-06-13,1.1186914365674478,1.0981278089943172,1.118528347532251
1996-06-14,1.1115219567852888,1.093533242241485,1.1113599129565734
1996-06-17,1.1111378007805237,1.092767768971916,1.110975812956199
1996-06-18,1.1112920339547216,1.0838332996928017,1.1111300236454305
1996-06-19,1.1071900867827815,1.088683453708927,1.107028674478074
1996-06-20,1.1019409059597707,1.0879181092409695,1.101780258909724
1996-06-21,1.1054594848324015,1.097225248665526,1.105298324824434
1996-06-24,1.1087301026601364,1.0992781571057793,1.1085684658433825
1996-06-25,1.0993255475118229,1.0979952994964368,1.0991652817432198
1996-06-26,1.0884701322153512,1.0905541853517495,1.0883114490093293
1996-06-27,1.088985412317628,1.0982524073461475,1.0888266539912181
1996-06-28,1.1011175173628922,1.1021017820338959,1.0982045978751194
1996-07-01,1.1121528576422177,1.111596388886118,1.1092107450326874
1996-07-02,1.109592424697475,1.1074912634219616,1.1066570855112208
1996-07-03,1.1015124154011444,1.1051821441377268,1.0985984512417784
1996-07-05,1.0840410451241227,1.0769557921764492,1.0811733000959167
1996-07-08,1.0790028374729124,1.0725930442623424,1.0761484206254133
1996-07-09,1.077595423892275,1.0769552801733573,1.0747447302463249
1996-07-10,1.069400167532599,1.0813180260133395,1.0665711537905476
1996-07-11,1.0515034702707073,1.0595067601106243,1.0487218008287864
1996-07-12,1.0528362314666224,1.0602770215252246,1.0500510363101443
1996-07-15,1.0172565525134611,1.0289712821876709,1.014565480589569
1996-07-16,1.0121416181142453,1.0315375365654469,1.009464077345616
1996-07-17,1.0265102472980523,1.0438540947520385,1.0237946954549446
1996-07-18,1.0440584995380406,1.058223790220395,1.0412965251786073
1996-07-19,1.0366313098863777,1.050526270370332,1.0338889835709855
1996-07-22,1.0267221130193422,1.0428280138610582,1.02400600070219
1996-07-23,1.017294564491437,1.029485029423706,1.0146033920098574
1996-07-24,1.0093185515538712,1.0315378225723768,1.0066484789850203
1996-07-25,1.0124860342279258,1.0407752437735125,1.0098075823336505
1996-07-26,1.0211506740987795,1.04642040869574,1.0184493005835722
1996-07-29,1.0179178140270673,1.0348731594857825,1.0152249927880301
1996-07-30,1.0212519537413778,1.04488038293801,1.0185503122988695
1996-07-31,1.0265177765679214,1.052578016719114,1.0238022048067243
1996-08-01,1.0333917426453592,1.0700266025022669,1.030657986349424
1996-08-02,1.0453817842540118,1.0931209866640732,1.042616309249301
1996-08-05,1.049530683037082,1.0867054595933416,1.0467542324480876
1996-08-06,1.0565146660337554,1.0900416453542932,1.053719739868946
1996-08-07,1.0637006668122388,1.0928637631741154,1.0608867306495164
1996-08-08,1.0690980649295634,1.0910670951474573,1.0662698503761052
1996-08-09,1.0687126333934451,1.0874742112031366,1.065885438468696
1996-08-12,1.071688043982028,1.0954290850580874,1.0688529778433975
1996-08-13,1.0683513334772723,1.086705087824685,1.0655250943429362
1996-08-14,1.0719556472976806,1.0905541972457597,1.0691198732355989
1996-08-15,1.0724838335333953,1.0885017742465433,1.0696466621963134
1996-08-16,1.0765189636010764,1.0977398888045735,1.0736711176458682
1996-08-19,1.083817303670958,1.098253631072534,1.080950150533108
1996-08-20,1.0786921128252691,1.0974837552771521,1.0758385179753018
1996-08-21,1.077008246593336,1.0936348797473951,1.074159106278588
1996-08-22,1.0817926642693036,1.1038986430938245,1.0789308671551985
1996-08-23,1.080790434954571,1.097997200947845,1.077931289159018
1996-08-26,1.074133701903694,1.0926082306855929,1.0712921659700525
1996-08-27,1.07700796394463,1.0967142524165092,1.0741588243776068
1996-08-28,1.0801924154520652,1.0949178344710508,1.0773348516699084
1996-08-29,1.0710678609382462,1.0841405582263521,1.068234435444911
1996-08-30,1.0659981704283725,1.072850318452983,1.0631781564011615
1996-09-03,1.0654914209075739,1.0797787858095524,1.0626727474462256
1996-09-04,1.0680294506968322,1.0808056554348573,1.0652040630779875
1996-09-05,1.0599792852806111,1.0677192605588521,1.057175193739025
1996-09-06,1.0721254385782375,1.082858451954316,1.0692892153467237
1996-09-09,1.079308550176834,1.095688158893071,1.0764533245905048
1996-09-10,1.0800067367561301,1.095175376834709,1.0771496641723088
1996-09-11,1.080514563702412,1.1013335479786506,1.077656147702484
1996-09-12,1.0831042452499164,1.1090318694790213,1.080238978451842
1996-09-13,1.0873035287727375,1.1259678951578356,1.084427153101527
1996-09-16,1.0895302392375177,1.130073174103581,1.086647972979513
1996-09-17,1.089157062558738,1.1275067779251917,1.0862757835101844
1996-09-18,1.090219609591455,1.124684628460045,1.0873355196585868
1996-09-19,1.0882227739380654,1.1290472801338414,1.0853439664763203
1996-09-20,1.0931077843320252,1.1330305589381535,1.0902160539608265
1996-09-23,1.0906912376692293,1.1327722279707155,1.087805900081504
1996-09-24,1.0955716319332798,1.1325139559027382,1.0926733836477083
1996-09-25,1.1008014730833129,1.1332874629346197,1.0978893896657382
1996-09-26,1.0997493375650313,1.1327718171389844,1.0968400374889318
1996-09-27,1.1028634707528797,1.133803772264398,1.0999459324832108
1996-09-30,1.10767554817383,1.1327720108316375,1.1043929511104025
1996-10-01,1.1050511095532258,1.1389614770988215,1.101776290015016
1996-10-02,1.1043396477821388,1.1466984424127538,1.1010669366612578
1996-10-03,1.1011394360306694,1.1456664138145822,1.0978762087389793
1996-10-04,1.1124456713526465,1.1611409300659756,1.1091489380266963
1996-10-07,1.1120294085306708,1.162430957639279,1.10873390879981
1996-10-08,1.1246353574694046,1.1577882083944677,1.1213025000023038
1996-10-09,1.1229858240104338,1.148760933733616,1.1196578549365974
1996-10-10,1.1210667752837327,1.1464392878865404,1.1177444933117964
1996-10-11,1.125008244302844,1.1606253276348486,1.1216742817854186
1996-10-14,1.1282034587292091,1.162172441196586,1.1248600271921683
1996-10-15,1.1244815177238396,1.160624427504912,1.1211491161609048
1996-10-16,1.122977815718385,1.1662987203309834,1.119649870377126
1996-10-17,1.1269572498085558,1.1693940771347417,1.1236175114123
1996-10-18,1.1306818369994949,1.175583679985016,1.1273310607871603
1996-10-21,1.1289054936416818,1.1740366118621557,1.1255599816238124
1996-10-22,1.1223493954777697,1.1657831344807648,1.1190233124602207
1996-10-23,1.1226165321033343,1.1696523687041065,1.1192896574262565
1996-10-24,1.1143896806372238,1.1595933583332512,1.111087186238747
1996-10-25,1.116369654678146,1.1606253964221678,1.1130612926255687
1996-10-28,1.109492772432471,1.1528875069042213,1.1062047900240073
1996-10-29,1.1108293333049704,1.1621728628848278,1.1075373899976653
1996-10-30,1.114120022207751,1.1583039894242841,1.11081832694217
1996-10-31,1.1181261375857663,1.1693947501230215,1.114812570195178
1996-11-01,1.111600141608554,1.1652679560498374,1.10830591401044
1996-11-04,1.114972820606848,1.1730053352780083,1.1116685980727679
1996-11-05,1.114665261480712,1.1797114067797927,1.1113619503982621
1996-11-06,1.125790697006191,1.2024078745348292,1.122454415689772
1996-11-07,1.1299483212685084,1.2052455571187313,1.1265997188304244
1996-11-08,1.1361444853909481,1.2119515433985397,1.1327775206172628
1996-11-11,1.138691568982058,1.2106620269563637,1.135317055924825
1996-11-12,1.1436904761499045,1.2070506221299528,1.1403011488286783
1996-11-13,1.1464556482853303,1.2124666582714498,1.1430581263750417
1996-11-14,1.152781898971281,1.2204616634160919,1.1493656292137926
1996-11-15,1.1554758965148442,1.2220092088053036,1.1520516430942334
1996-11-18,1.1574305419924757,1.2222670527483614,1.154000495978975
1996-11-19,1.1586266401978982,1.2310368188518308,1.155193049546743
1996-11-20,1.1565443387510523,1.2331000365602265,1.1531169190013184
1996-11-21,1.1551194118319317,1.2312947781067023,1.151696214853864
1996-11-22,1.1662722125475045,1.2408373126370291,1.1628159642387128
1996-11-25,1.1721114265450923,1.256569888923954,1.1686378737225802
1996-11-26,1.1685443152863986,1.2524433134087278,1.1650813335999577
1996-11-27,1.167762492601159,1.2501225359489814,1.1643018278466526
1996-11-29,1.1766062303258797,1.254765491047496,1.1731193571500242
1996-12-02,1.1853247780364935,1.2552811996643163,1.1818120674399606
1996-12-03,1.1998124137641597,1.233873634085241,1.1962567690516088
1996-12-04,1.1930078354698366,1.2372260687490506,1.1894723561286018
1996-12-05,1.1959579315738358,1.2338731861027408,1.1924137096212617
1996-12-06,1.1808989902233344,1.2266513263444814,1.177399395451289
1996-12-09,1.2014211331655527,1.2447051805656195,1.1978607210122185
1996-12-10,1.1990727755612078,1.2387729156750438,1.1955193227668564
1996-12-11,1.1868550286432211,1.2274245169945448,1.1833377831482188
1996-12-12,1.177632534122944,1.2070492700124353,1.174142619495252
1996-12-13,1.1803206065618055,1.2101441443407472,1.1768227258300419
1996-12-16,1.1693455717627608,1.1946688210229177,1.1658802155523353
1996-12-17,1.166197220211569,1.204211835565249,1.1627411941426038
1996-12-18,1.1686532567508692,1.2137552143621035,1.1651899522163418
1996-12-19,1.1806109959912683,1.2387731368405352,1.1771122546902792
1996-12-20,1.186466564428121,1.2421351671339207,1.1829504701470221
1996-12-23,1.1776073142416672,1.2390236185402503,1.1741174743531064
1996-12-24,1.1779301102289341,1.2480994665460576,1.174439313734297
1996-12-26,1.1850082796779002,1.2576948552448637,1.1814965070244177
1996-12-27,1.1836560716792142,1.2592506237808014,1.1801483062948395
1996-12-30,1.179392309201206,1.2483593651357212,1.1758971794791537
1996-12-31,1.1730728849729206,1.2255393559410404,1.1693079329807448
1997-01-02,1.1802831919513224,1.2286510003657747,1.1764950986352183
1997-01-03,1.1904073008561993,1.2462845995230243,1.186586714432055
1997-01-06,1.185674213187711,1.2353933184077925,1.1818688175058256
1997-01-07,1.1947340545772616,1.2504342320594075,1.1908995815308534
1997-01-08,1.188727924861359,1.23954294989817,1.1849127283580612
1997-01-09,1.1970431229477814,1.2499154453029178,1.1932012389964983
1997-01-10,1.1946911940520804,1.2633995331268457,1.1908568585655983
1997-01-13,1.2003616270039095,1.2615840279977424,1.196509092385803
1997-01-14,1.204475368853128,1.2774030301248063,1.2006096312697425
1997-01-15,1.202531229632314,1.2742912763434222,1.198671731721609
1997-01-16,1.2053860054328678,1.27947764183814,1.201517345181122
1997-01-17,1.2100771003603583,1.287256865900516,1.2061933841411454
1997-01-20,1.207575167005718,1.2888131594513896,1.203699480687365
1997-01-21,1.2192213312013682,1.2991855277586546,1.2153082667715174
1997-01-22,1.231141785259018,1.3085214749611283,1.227190462390304
1997-01-23,1.2242157768432205,1.2903696650604675,1.2202866828483616
1997-01-24,1.2148693732575502,1.2737729304284597,1.21097027634237
1997-01-27,1.2122493062668118,1.2701426775767386,1.2083586183998354
1997-01-28,1.2150106696507719,1.2737727453492529,1.211111119247881
1997-01-29,1.216920869928659,1.2862200526168057,1.2130151887793892
1997-01-30,1.23076188598832,1.3028161499557205,1.226811782398079
1997-01-31,1.2223284930702396,1.3012605874726733,1.218405456271734
1997-02-03,1.224778075127956,1.305150055368629,1.2208471764489426
1997-02-04,1.22426763150557,1.3131884745596445,1.2203383710842963
1997-02-05,1.208252520075516,1.2885530587769056,1.2043746598071707
1997-02-06,1.2150112766698462,1.297110339640243,1.2111117243187406
1997-02-07,1.2245188854067652,1.3147445547076522,1.220588818591543
1997-02-10,1.2178631114093976,1.3022978680082349,1.213954406156523
1997-02-11,1.218154680648879,1.317338106085862,1.2142450396108515
1997-02-12,1.2323628737545067,1.336008739063417,1.2284076318287391
1997-02-13,1.243375915847463,1.3505311540570362,1.2393853278018605
1997-02-14,1.2466142154564646,1.3474195302780887,1.242613234158473
1997-02-18,1.2494023225463582,1.3588294788604836,1.2453923928791075
1997-02-19,1.2450121290009657,1.3497538567711744,1.2410162895647199
1997-02-20,1.2435996335300274,1.333416436088816,1.2396083274673728
1997-02-21,1.242245061316307,1.3339351350824546,1.2382581027238053
1997-02-24,1.2449901390630569,1.3497542718493976,1.2409943702030404
1997-02-25,1.2454392067514455,1.350790883130178,1.2414419966184185
1997-02-26,1.239345797233611,1.3375652895934504,1.235368143766327
1997-02-27,1.2368701405468214,1.3175981149503992,1.2329004326460016
1997-02-28,1.2418365605153268,1.3137085653150657,1.2378509129972897
1997-03-03,1.2403245948933888,1.3225248634968951,1.236343799996236
1997-03-04,1.2375338313233029,1.3152642019962972,1.2335619933213244
1997-03-05,1.2476550368988106,1.3375658218053463,1.243650715106965
1997-03-06,1.2498604892500529,1.3297865389857264,1.2458490891066998
1997-03-07,1.2539921460821613,1.3417147242404284,1.2499674854757796
1997-03-10,1.261790146567525,1.3557182008173259,1.2577404584476457
1997-03-11,1.263888499111397,1.3484569741337482,1.2598320763745205
1997-03-12,1.2555739118443614,1.336528523740561,1.2515441745950584
1997-03-13,1.2521060146906546,1.3157829279950601,1.2480874075820827
1997-03-14,1.2538578963331386,1.3225249997181068,1.2498336665984162
1997-03-17,1.2453535918988876,1.326155330842333,1.241356656544874
1997-03-18,1.235693257643233,1.3118925302591238,1.2317273269225772
1997-03-19,1.2294791928916582,1.307484571357453,1.2255332060771023
1997-03-20,1.2265922398768623,1.3007418734229625,1.2226555186754184
1997-03-21,1.224100249455627,1.3067460979106829,1.220171526243414
1997-03-24,1.2245236151722845,1.3249673654999494,1.2205935331769822
1997-03-25,1.2235890342258242,1.3119522110686435,1.219661951747808
1997-03-26,1.2262093019333327,1.3176788824699581,1.2222738097629162
1997-03-27,1.2095147566373987,1.2827972870932134,1.2056328452481733
1997-03-31,1.194844811216125,1.262493171633102,1.190733858874691
1997-04-01,1.1865754972224973,1.2637948020930558,1.182492996070209
1997-04-02,1.1766009462941538,1.2411475992395482,1.1725527633253727
1997-04-03,1.1710080715919626,1.2479155770982013,1.1669791313241051
1997-04-04,1.1797678950012203,1.2635344884611623,1.175708815910131
1997-04-07,1.1870553410754874,1.2684799624489993,1.1829711889847745
1997-04-08,1.1902454415719217,1.2775901855393081,1.1861503137034488
1997-04-09,1.1875265987763748,1.2671778255271628,1.1834408252885307
1997-04-10,1.1888066771564314,1.2624918019283635,1.18471649946382
1997-04-11,1.1615540181697526,1.2224038997417321,1.157557605275063
1997-04-14,1.160838557950658,1.2388036704606673,1.156844606650006
1997-04-15,1.1774092733783417,1.2598881089319078,1.1733583093001745
1997-04-16,1.1874426794677742,1.27446501435225,1.183357194710546
1997-04-17,1.18631482312309,1.2692588247686212,1.1822332188394074
1997-04-18,1.187743959275167,1.2755061167041324,1.1836574379423785
1997-04-21,1.1755944399217009,1.2671757862559379,1.1715497199128706
1997-04-22,1.1783474268218623,1.2950283100378435,1.1742932349570747
1997-04-23,1.1804378806250981,1.2963298134894314,1.1763764963986947
1997-04-24,1.1779889492864801,1.2898222378257145,1.1739359907902853
1997-04-25,1.1724123316016193,1.2749841228017675,1.1683785598728724
1997-04-28,1.1820201829415808,1.287478967205225,1.177953354686504
1997-04-29,1.1998598250099612,1.328087341309845,1.1957316181409898
1997-04-30,1.2111376290141103,1.3343346641633667,1.206970620022602
1997-05-01,1.2096975417688878,1.3327721582716312,1.205535487504535
1997-05-02,1.2293216211704323,1.356720741183614,1.2250920488029695
1997-05-05,1.2509866331986652,1.3889984843371133,1.2466825207477634
1997-05-06,1.2573723082755224,1.3879567354738604,1.2530462254351087
1997-05-07,1.2492514302625817,1.3577617366936268,1.2449532879062946
1997-05-08,1.254922171852655,1.3671330082002862,1.2506045188886317
1997-05-09,1.260054025446594,1.3765047049714991,1.2557187159590204
1997-05-12,1.2767174409628665,1.3994124962716348,1.2723247997562366
1997-05-13,1.2695648954423335,1.3936861003368912,1.26519686309995
1997-05-14,1.2698330402393598,1.3962895059723206,1.2654640853248809
1997-05-15,1.2792830544738478,1.4056600048469008,1.2748815860833267
1997-05-16,1.2796968801395392,1.3863968401404787,1.275293987951071
1997-05-19,1.2826902641552729,1.3905615762482606,1.2782770730067112
1997-05-20,1.2866841702907592,1.407221894493291,1.2822572378114196
1997-05-21,1.284741941024999,1.404097861887516,1.280321690929742
1997-05-22,1.291035856017907,1.3994123873223974,1.2865939512405242
1997-05-23,1.303596848429299,1.412428321936883,1.2991117266243324
1997-05-27,1.3035547819704787,1.4181557187823368,1.2990698048982892
1997-05-28,1.3056076238355896,1.417894778130081,1.3011155838084516
1997-05-29,1.3091507444878618,1.409564646308567,1.3046465140908912
1997-05-30,1.3187467755665283,1.4186760721823055,1.3142095293117146
1997-06-02,1.3168948379064374,1.4124282227604148,1.3123639633807291
1997-06-03,1.3175436758211396,1.4077431983455184,1.313010568920382
1997-06-04,1.3129981563170774,1.4061820111385532,1.308480688613873
1997-06-05,1.321578364055261,1.4113876969437882,1.3170313755098852
1997-06-06,1.332814172314653,1.4389803264190393,1.3282285261362201
1997-06-09,1.3413582046561596,1.4462687617723518,1.3367431620996952
1997-06-10,1.3417746207297498,1.4506943441833753,1.3371581454628478
1997-06-11,1.3468789261281613,1.454078814088355,1.3422448891193224
1997-06-12,1.3557477777930045,1.4821919738799392,1.3510832268411204
1997-06-13,1.36659803216876,1.494686852219747,1.3618961501105997
1997-06-16,1.3656222087520893,1.4952070032443194,1.3609236840868904
1997-06-17,1.3676916628919187,1.4931241798888002,1.362986018116006
1997-06-18,1.3691744518399587,1.4879176558735279,1.3644637054185098
1997-06-19,1.3872767773661936,1.5032759419174544,1.382503748548898
1997-06-20,1.387946485926322,1.4981738233705866,1.3831711529269708
1997-06-23,1.3716796635219317,1.4618491008491434,1.3669602977335713
1997-06-24,1.395465007764394,1.4989566784250983,1.3906638067320864
1997-06-25,1.3872118111644571,1.4885029545497617,1.382439005868205
1997-06-26,1.381834242572791,1.481185474025195,1.3770799392007935
1997-06-27,1.3892274617533795,1.486933954849887,1.3844477214615278
1997-06-30,1.3873068836826208,1.4770042098993994,1.3823127676859972
1997-07-01,1.394811336440239,1.4942511880583946,1.3897902054348932
1997-07-02,1.4012073955028614,1.5188151833388868,1.3961632395552657
1997-07-03,1.407355773524637,1.5397216743375466,1.4022894842528337
1997-07-07,1.402029956286725,1.5240426885277674,1.3969828392322416
1997-07-08,1.4119802916336097,1.5399841750497676,1.4068973547259185
1997-07-09,1.3984713201403904,1.5229981495989686,1.3934370136917746
1997-07-10,1.4119535430883752,1.5297922443443297,1.406870702471807
1997-07-11,1.430610785012709,1.53501801465101,1.4254607808640896
1997-07-14,1.4262636993622582,1.5397213098479006,1.421129344130429
1997-07-15,1.4341302353632,1.5475615707576462,1.4289675616722446
1997-07-16,1.4471073241792642,1.5679445042060953,1.4418979347344927
1997-07-17,1.449368248402077,1.5601047816850648,1.4441507199377699
1997-07-18,1.439823521148685,1.5269166726642784,1.4346403524036442
1997-07-21,1.4376344198307813,1.527177775415304,1.432459131552592
1997-07-22,1.4603266645875475,1.5676831115526442,1.4550696873161935
1997-07-23,1.4629384160776628,1.566377231520721,1.4576720368563514
1997-07-24,1.4632414956954303,1.5736937795691543,1.4579740254287377
1997-07-25,1.4677774557282206,1.5726488468995203,1.4624936566226634
1997-07-28,1.4724394416699498,1.5716030354163322,1.4671388600494049
1997-07-29,1.4789921979593716,1.5768301871121269,1.4736680273078837
1997-07-30,1.4908196559156837,1.5956449249047489,1.4854529080250327
1997-07-31,1.4985773105032778,1.5940764059435675,1.4931826361117724
1997-08-01,1.4940159445880086,1.5878053093625855,1.488637690493088
1997-08-04,1.5066434592703706,1.5919860007421374,1.5012197478409448
1997-08-05,1.514094590009162,1.5930319355446247,1.508644055523026
1997-08-06,1.5343023903223303,1.6060979834799618,1.5287791105049429
1997-08-07,1.5242838513586496,1.5940763400736144,1.5187966369182095
1997-08-08,1.4989992956805782,1.561671956232598,1.4936031021998584
1997-08-11,1.5051907020132544,1.5731705468463386,1.4997722203122632
1997-08-12,1.498533879867097,1.54808319613578,1.493139361819972
1997-08-13,1.5030348487962144,1.5433801193859196,1.497624127873436
1997-08-14,1.5061314016684189,1.549129210330632,1.5007095335766796
1997-08-15,1.480705686023849,1.501567845315061,1.4753753470485003
1997-08-18,1.4853911760109577,1.5350167706372992,1.4800439699092562
1997-08-19,1.508246456435595,1.5527861247741968,1.50281697443451
1997-08-20,1.529054785257878,1.5763046234200269,1.5235503961046288
1997-08-21,1.508987234562818,1.5486042222726668,1.5035550858612803
1997-08-22,1.5030882658896125,1.548082342649761,1.4976773526725669
1997-08-25,1.5119847526742087,1.5423327648291598,1.506541813315372
1997-08-26,1.50737153885931,1.519597237542813,1.501945206442441
1997-08-27,1.5175812712420156,1.5287436933155834,1.5121181851779084
1997-08-28,1.5191619668774983,1.50548538676548,1.5136931905242046
1997-08-29,1.525412283414644,1.5114952844294478,1.5199210067723592
1997-09-02,1.5397731200251121,1.5606249271545427,1.5342301463252515
1997-09-03,1.5370128739584785,1.5522630987948487,1.5314798367688436
1997-09-04,1.5328784882419824,1.5621929258378393,1.52736033427832
1997-09-05,1.5324652773057097,1.5577500491567566,1.5269486108451882
1997-09-08,1.5457226814558573,1.5645449548711783,1.540158290144462
1997-09-09,1.5551190254630534,1.5653287918935688,1.549520808591886
1997-09-10,1.5411704920886105,1.5329249205725801,1.5356224880394755
1997-09-11,1.5338455206811754,1.525085542528772,1.5283238855323253
1997-09-12,1.5551071565670957,1.549650095362283,1.5495089824223385
1997-09-15,1.5591439932275941,1.5470373853015023,1.5535312870201916
1997-09-16,1.5835180332587924,1.5857133199340396,1.5778175838240953
1997-09-17,1.5876171972561606,1.5857133199340396,1.5819019913888874
1997-09-18,1.5980518149896956,1.5925081015099571,1.5922990459185236
1997-09-19,1.602957957862817,1.5951978476934074,1.5971875273449294
1997-09-22,1.6071234318069352,1.6041150036620135,1.601338006149686
1997-09-23,1.6056332864786866,1.5967713651752489,1.5998532251418405
1997-09-24,1.5964994201891458,1.5836570819530644,1.590752239528006
1997-09-25,1.5952459487684538,1.572641163290999,1.589503280433856
1997-09-26,1.600875069971067,1.5857554179516826,1.5951121375661501
1997-09-29,1.6117686604270225,1.600967569676093,1.6059665125788634
1997-09-30,1.612497309847767,1.5841814247080392,1.6061178400225782
1997-10-01,1.6109301084638132,1.605163907678297,1.6045568389056744
1997-10-02,1.6190670760571138,1.6140821983493576,1.6126616144829555
1997-10-03,1.622004934287635,1.6222123303824432,1.615587849762035
1997-10-06,1.633900306424904,1.6329659759205484,1.6274361606315766
1997-10-07,1.638319898709169,1.6481786869522244,1.6318382678289238
1997-10-08,1.625506049281027,1.6366381397861849,1.619075113409866
1997-10-09,1.6240995234102886,1.6308673537052987,1.6176741521309541
1997-10-10,1.6291590061932784,1.6261459927163218,1.6227136182493904
1997-10-13,1.643936896606178,1.6277201020372714,1.6374330433827553
1997-10-14,1.639074703322512,1.6282442279101272,1.6325900862337162
1997-10-15,1.633321451826958,1.6245725371761899,1.6268595961369492
1997-10-16,1.6192366101625613,1.5988685504929883,1.6128304778662237
1997-10-17,1.5938234857749185,1.582606458465924,1.5875178945828696
1997-10-20,1.6067267394015525,1.605163348318439,1.600370099493543
1997-10-21,1.6246400369223524,1.6363741444631428,1.6182125272272707
1997-10-22,1.6225320009021156,1.625619893585731,1.6161128311602848
1997-10-23,1.5949265108176356,1.5936211916003893,1.5886165557640577
1997-10-24,1.584108709186242,1.5778841823333356,1.5778415522438054
1997-10-27,1.486308850252518,1.4635301819870918,1.4804286156603794
1997-10-28,1.5246915161459924,1.5448380647775666,1.518659429481058
1997-10-29,1.5287832031366124,1.5437891197315827,1.5227349286656389
1997-10-30,1.5192818857371024,1.5096929932331908,1.5132712010142044
1997-10-31,1.541712197765233,1.5453640192773046,1.5356127727400233
1997-11-03,1.5664471187123017,1.5778877504270146,1.5602498357366654
1997-11-04,1.5710389960730826,1.5778877504270146,1.5648235464047735
1997-11-05,1.5771361499667376,1.5831326493094342,1.570896578329947
1997-11-06,1.5849870602453158,1.5771009139155654,1.5787164283116075
1997-11-07,1.5558901138521524,1.5600524530361382,1.5497345972060088
1997-11-10,1.5550095597270712,1.5506110155903636,1.5488575267881166
1997-11-11,1.5561387002723328,1.5511351221136331,1.5499822001519494
1997-11-12,1.53096341959471,1.519136755679551,1.5249065196054041
1997-11-13,1.5358670684460647,1.5411687960471714,1.5297907683128393
1997-11-14,1.543348104979486,1.5621518092053535,1.5372422078686196
1997-11-17,1.564994274542451,1.5910031909695672,1.5588027394061976
1997-11-18,1.554154011877598,1.5810371469813338,1.5480053637143305
1997-11-19,1.5602336645382684,1.5889059688618599,1.5540609636460692
1997-11-20,1.5761708214718197,1.613036683810965,1.569935068932256
1997-11-21,1.5735453195516775,1.6240521113247102,1.5673199541986063
1997-11-24,1.5573898897745262,1.5946762567350687,1.5512284396144582
1997-11-25,1.560222589350956,1.5988734446427955,1.5540499322751549
1997-11-26,1.5567395244240125,1.6035949179248257,1.5505806472828905
1997-11-28,1.562072361390237,1.6051680445393097,1.5558923861224383
1997-12-01,1.5807470602822455,1.646608667945181,1.574493202920289
1997-12-02,1.5734473350430842,1.6366417456781088,1.5672223573428865
1997-12-03,1.570016162417414,1.6413634571143902,1.563804759352099
1997-12-04,1.562077970769415,1.6397893895590174,1.555897973309415
1997-12-05,1.5718139125000996,1.6607721345878146,1.5655953970555352
1997-12-08,1.5751608113057933,1.6560505594091814,1.5689290546360757
1997-12-09,1.563974205582999,1.646084447142657,1.5577867061118635
1997-12-10,1.548994687704115,1.6319215365594415,1.542866451204595
1997-12-11,1.5260149348382017,1.6041201212626148,1.5199776123756252
1997-12-12,1.5244700022098405,1.6072674049405322,1.5184387919131723
1997-12-15,1.5320824819497503,1.6235297365437207,1.5260211546510265
1997-12-16,1.5464383136031477,1.6334965855963623,1.5403201908020132
1997-12-17,1.5492156371528385,1.6251036801395682,1.5430865265183156
1997-12-18,1.5335363257837247,1.6093661761010967,1.5274692466906796
1997-12-19,1.5129002445815485,1.5973763980891436,1.5069148073346856
1997-12-22,1.5219542342325167,1.6076459309524587,1.5159329769855687
1997-12-23,1.5067819703592633,1.5789430205012334,1.50082073863854
1997-12-24,1.5022182928300374,1.5742030335536887,1.4962751162359254
1997-12-26,1.5035699170889845,1.580523458733407,1.4976213931084783
1997-12-29,1.516466312550833,1.6115965499321057,1.510466766987097
1997-12-30,1.5412858023440494,1.6368760534143407,1.535188064252955
1997-12-31,1.5611026734268862,1.635821905235942,1.5543753496836061
1998-01-02,1.5689607661822185,1.644248023869812,1.5621995792377092
1998-01-05,1.5870089813017199,1.6479344279393282,1.5801700184439638
1998-01-06,1.5712681969006568,1.6216004357808578,1.5644970664503661
1998-01-07,1.5662381263088831,1.6258133537130166,1.559488672147986
1998-01-08,1.5534328400999071,1.6115939901214424,1.5467385682837844
1998-01-09,1.511208773551859,1.5557667627096454,1.5046964596365597
1998-01-12,1.5094570806696184,1.584206179131978,1.502952315396262
1998-01-13,1.532762828938045,1.6063264500111976,1.526157631248327
1998-01-14,1.5315127458803552,1.613699488416749,1.5249129352248008
1998-01-15,1.519400591937572,1.6002702812741447,1.5128529766835044
1998-01-16,1.542752755691281,1.6231797506208654,1.5361045080006985
1998-01-20,1.5510974767856538,1.649512595715188,1.544413268846393
1998-01-21,1.5423512025753294,1.633711914560832,1.53570468531405
1998-01-22,1.5350345853816982,1.6192290584382503,1.5284195979188138
1998-01-23,1.5254248562623953,1.6168585070966965,1.5188512803991265
1998-01-26,1.513631869451131,1.6158059322085767,1.5071091135893457
1998-01-27,1.5159833229788418,1.632132035347612,1.5094504339019783
1998-01-28,1.5271865467425545,1.6468783482869775,1.5206053791542842
1998-01-29,1.5309480688019355,1.6558324258666137,1.5243506915324623
1998-01-30,1.523992112563146,1.656885535289465,1.5174247108810313
1998-02-02,1.5458973136131107,1.6842721963022644,1.5392355149501735
1998-02-03,1.5527883380643026,1.696912659135513,1.5460968436272218
1998-02-04,1.5614237713585368,1.6948067905255257,1.5546950638947774
1998-02-05,1.561156334217654,1.6937526207018188,1.5544287792317286
1998-02-06,1.5777111153177625,1.7127124875379547,1.5709122201350294
1998-02-09,1.5825599797828909,1.7069183811926139,1.5757401891897533
1998-02-10,1.5992157666883071,1.7232450555087213,1.5923242006299048
1998-02-11,1.5929955884937934,1.7216648397928198,1.5861308273042618
1998-02-12,1.5935341712702045,1.7290387303016526,1.586667089143837
1998-02-13,1.59458603288109,1.719032783169397,1.5877144179243647
1998-02-17,1.6015637682955097,1.7274594818724933,1.5946620838975323
1998-02-18,1.6242817437859394,1.7432588262936992,1.6172821598849259
1998-02-19,1.620158171139447,1.7340422168790843,1.613176357119073
1998-02-20,1.6162977749327867,1.7469452250148816,1.609332596676031
1998-02-23,1.6236811602664256,1.7537915033517149,1.616684164484592
1998-02-24,1.6178993614113608,1.7400978992935445,1.610927281372341
1998-02-25,1.6309413858356199,1.7616907741258778,1.6239131032661303
1998-02-26,1.653442845773751,1.7716971777229127,1.64631759674057
1998-02-27,1.6480714938416974,1.7716971777229127,1.6409693917955799
1998-03-02,1.6503878650411588,1.7680102758960714,1.643275780961679
1998-03-03,1.6489144353809018,1.7780172140576431,1.641808700812256
1998-03-04,1.6551721522622094,1.7664298758736294,1.6480394510576901
1998-03-05,1.6424181316683253,1.7501027645309295,1.6353403918875642
1998-03-06,1.6592216033400018,1.7853900865721666,1.6520714516699584
1998-03-09,1.661490940921946,1.779069805665701,1.654331009902436
1998-03-10,1.6825305014360925,1.7959229339347724,1.675279903776006
1998-03-11,1.6916573751348583,1.8043494043407942,1.684367446663813
1998-03-12,1.6959694346112488,1.8117219760069307,1.6886609240055424
1998-03-13,1.694895544058715,1.8048754786596006,1.6875916612135873
1998-03-16,1.7108624058294812,1.8243627192026883,1.7034897163324112
1998-03-17,1.712342676609947,1.8296296543730266,1.704963608121324
1998-03-18,1.7064012531266832,1.8364761285396902,1.6990477882578272
1998-03-19,1.7039493853706156,1.841216073427451,1.6966064864359873
1998-03-20,1.7070389403804087,1.857032119498193,1.69968272749973
1998-03-23,1.7079319781530253,1.8528073714263344,1.7005719168680655
1998-03-24,1.7036282356396626,1.8686525800667724,1.6962867206487344
1998-03-25,1.6989783239513436,1.8617871504876071,1.6916568470154631
1998-03-26,1.696411199589118,1.8607315171732808,1.6891007852674833
1998-03-27,1.6967400835380104,1.852808522373157,1.689428251943293
1998-03-30,1.6917573281690894,1.8517524215154044,1.6844669689663365
1998-03-31,1.7007202119151783,1.8580909700542516,1.6929573740856032
1998-04-01,1.7137296087144804,1.873143365002661,1.7059073902549189
1998-04-02,1.7179204729295192,1.89347820937313,1.7100791255156245
1998-04-03,1.722715834508,1.9029853634623923,1.7148525989469503
1998-04-06,1.7017060768462378,1.8876682342718836,1.693938739093907
1998-04-07,1.6842237341913153,1.8749925420787479,1.6765361935684364
1998-04-08,1.6781855565639492,1.8644288340966761,1.670525576849313
1998-04-09,1.700509353054374,1.879217483608731,1.6927474776777232
1998-04-13,1.7032668597449532,1.8739350032623068,1.695492397890466
1998-04-14,1.7117310782526471,1.8897791237148898,1.7039179819683643
1998-04-15,1.7135743453491294,1.8950610563656731,1.7057528355801084
1998-04-16,1.71198545913169,1.8728774716398566,1.7041712017407789
1998-04-17,1.7322007168843323,1.8977005896489714,1.724294188133019
1998-04-20,1.7441412930664675,1.897173028885049,1.7361802622542952
1998-04-21,1.753539420986347,1.9061523488307621,1.745535492969548
1998-04-22,1.762056041834919,1.9114342969893723,1.7540132402009072
1998-04-23,1.7381375438402238,1.8929488159031882,1.730203916789873
1998-04-24,1.722700175155937,1.8728778796081667,1.7148370110710827
1998-04-27,1.6853745849298085,1.8374898520729703,1.6776817913161164
1998-04-28,1.6955819834941515,1.8348493791555414,1.687842598807359
1998-04-29,1.6978480236193563,1.8475245186667477,1.6900982957250894
1998-04-30,1.7180374863153869,1.8818552192726135,1.7101956048007438
1998-05-01,1.7256119023758285,1.9029828078193873,1.717735447882562
1998-05-04,1.7251885077140028,1.8982291567654546,1.71731398578088
1998-05-05,1.7176804463109758,1.8850250747509942,1.7098401944845278
1998-05-06,1.710438833434249,1.8628420996713246,1.702631635525778
1998-05-07,1.7032465379936708,1.848052996242034,1.695472168896627
1998-05-08,1.710025333631781,1.8781577795508166,1.7022200231189482
1998-05-11,1.704608996999014,1.8718189970448327,1.696828409037613
1998-05-12,1.7047151872242752,1.8918886403311472,1.6969341145638086
1998-05-13,1.7072608733230092,1.8966429564842995,1.6994681810273957
1998-05-14,1.7030248209426224,1.8871350853434437,1.6952514638600766
1998-05-15,1.685933055114854,1.876570903135691,1.6782377123967005
1998-05-18,1.6650761414695316,1.8691772137773361,1.6574759989125336
1998-05-19,1.672964207255709,1.8818539736411741,1.6653280600842788
1998-05-20,1.6752391047552977,1.899812506111632,1.6675925739474264
1998-05-21,1.6778385339202428,1.8876651049475541,1.6701801381701458
1998-05-22,1.668861326432586,1.8802711207314746,1.6612439066204479
1998-05-26,1.6390845530166602,1.850166099817443,1.6316030475433396
1998-05-27,1.6393221061433767,1.8528062868418826,1.631839516372718
1998-05-28,1.6619422033193596,1.8612569363161686,1.6543563654395548
1998-05-29,1.648554910393503,1.8427709324246764,1.6410301780284282
1998-06-01,1.6389031779668841,1.8512218799207758,1.6314225003693588
1998-06-02,1.6366231695268243,1.852806525849988,1.6291528988943278
1998-06-03,1.6234787774767205,1.8232283224713188,1.6160685036521287
1998-06-04,1.620153502585957,1.857030975569937,1.6127584067839082
1998-06-05,1.6338052766247386,1.8929459546374594,1.6263478680994052
1998-06-08,1.6575140939619695,1.890833426952084,1.6499484679280592
1998-06-09,1.6523190425044307,1.8966439580731078,1.6447771289787267
1998-06-10,1.6349069282566298,1.8844959535216497,1.6274444913069248
1998-06-11,1.6019862796432809,1.8491088885064202,1.594674107066657
1998-06-12,1.5957008990209947,1.8665385888894817,1.5884174156962105
1998-06-15,1.5757703268073922,1.8174187593842661,1.5685778154125354
1998-06-16,1.583545382188512,1.8454124605350621,1.5763173820086003
1998-06-17,1.6011566666580153,1.8839686630730212,1.5938482808012884
1998-06-18,1.5900624895589137,1.8755171796504757,1.5828047424239886
1998-06-19,1.5727780051925682,1.8661489713381216,1.565599152074521
1998-06-22,1.5684579177611666,1.8751568724227705,1.5612987834292575
1998-06-23,1.5782734071999183,1.8974112341846838,1.571069470641166
1998-06-24,1.5862716686783234,1.9228441343676952,1.5790312245233538
1998-06-25,1.5815205420550356,1.9196656730135853,1.5743017841393578
1998-06-26,1.5959411401431907,1.9276130888998615,1.5886565602518703
1998-06-29,1.5897248783708415,1.9345004504665009,1.5824686722424168
1998-06-30,1.580241545933412,1.9212549258821567,1.5724892122436505
1998-07-01,1.608421808278624,1.9435088216886496,1.6005312281304476
1998-07-02,1.603352926993755,1.9472170365204315,1.5954872137143525
1998-07-06,1.6158142248094916,1.9668216176441191,1.6078873790158077
1998-07-07,1.6066738010088812,1.9631121920732422,1.5987917962178597
1998-07-08,1.611476619996313,1.97741739061688,1.6035710535823628
1998-07-09,1.6042309598530193,1.9641706715171374,1.5963609391285094
1998-07-10,1.6058446380761864,1.9747673722899723,1.597966700984659
1998-07-13,1.6009041253332654,1.9752966099457459,1.5930504253613609
1998-07-14,1.6124725530020885,1.9975503015533946,1.604562100749632
1998-07-15,1.6127088616198602,1.99384085064341,1.6047972500868726
1998-07-16,1.6188135885249066,2.0076162970805056,1.6108720284817215
1998-07-17,1.6158415583247172,2.010266350592652,1.6079145784385387
1998-07-20,1.6072545364780892,2.010266350592652,1.59936968272062
1998-07-21,1.591883048573662,1.9752957571577423,1.5840736041128605
1998-07-22,1.5785659750468817,1.9752957571577423,1.570821861356567
1998-07-23,1.5445568266049794,1.936086136378161,1.5369795546661074
1998-07-24,1.5349636479160307,1.9344966096601945,1.527433438100372
1998-07-27,1.5320604336741017,1.9482721600175847,1.524544466418787
1998-07-28,1.522883372271553,1.915420394855368,1.5154124257552941
1998-07-29,1.521311493314466,1.9080019716660932,1.5138482581067894
1998-07-30,1.5263264202662783,1.9366143692331979,1.5188385828784732
1998-07-31,1.497724065326854,1.895285081979392,1.4903765450952289
1998-08-03,1.488082999998517,1.8873381516306524,1.4807827768119182
1998-08-04,1.4520545484954845,1.8142188969601776,1.4449310733377523
1998-08-05,1.4503775760550597,1.83912267975875,1.4432623277725036
1998-08-06,1.4626027891925888,1.8470713679806674,1.455427566577682
1998-08-07,1.4771940561509913,1.8502501778049623,1.4699472518397863
1998-08-10,1.4686177277679981,1.8396537950366731,1.4614129971256127
1998-08-11,1.4426686653549403,1.8121013001484088,1.4355912353719256
1998-08-12,1.4655133710013282,1.8428327260976256,1.4583238696823386
1998-08-13,1.453599665512829,1.8205786780972708,1.4464686103349793
1998-08-14,1.4390794010835928,1.7993853217055404,1.4320195792785202
1998-08-17,1.448419020453104,1.8375340899110197,1.4413133804336737
1998-08-18,1.4650384402217391,1.8714439440062376,1.4578512688135743
1998-08-19,1.4588429992589178,1.8666755048369097,1.4516862213850974
1998-08-20,1.4500130999206415,1.8555482521525768,1.4428996396815796
1998-08-21,1.4253223481355357,1.8407131438766169,1.4183300155477383
1998-08-24,1.423013229073516,1.8523703802167875,1.4160322245396764
1998-08-25,1.4187415237799927,1.8566086036467235,1.41178147533666
1998-08-26,1.3938486049486152,1.846011081737108,1.3870106759456868
1998-08-27,1.3416099545314875,1.759115648097579,1.3350282973944514
1998-08-28,1.3204366253418716,1.7527582041453542,1.3139588401183557
1998-08-31,1.2530136893151471,1.6277129283452163,1.2468666668789834
1998-09-01,1.2861022328281175,1.6965944840469294,1.2797928849352662
1998-09-02,1.2940519223865468,1.6844078458680203,1.28770357498356
1998-09-03,1.277993640227774,1.6711616625681143,1.271724071390064
1998-09-04,1.2823276294073573,1.6573846058219026,1.2760367989274546
1998-09-08,1.3310218547190238,1.7463994182313856,1.3244921405796244
1998-09-09,1.3132366295751783,1.7040108115520733,1.3067941660212463
1998-09-10,1.2884252035275099,1.6700992923913756,1.2821044596274727
1998-09-11,1.3095065087106768,1.7241437054931603,1.3030823443475994
1998-09-14,1.3317362297222297,1.7538162186646975,1.3252030110088502
1998-09-15,1.3358922430032574,1.7644127762578699,1.3293386357601265
1998-09-16,1.3450385149596682,1.7803083709591772,1.338440038024049
1998-09-17,1.3248357956115684,1.7294431804925026,1.3183364289810986
1998-09-18,1.3280900958547235,1.7371115315548065,1.321574764309601
1998-09-21,1.3228601535726643,1.736048419297495,1.3163704790277977
1998-09-22,1.3258426316302876,1.7504055397250853,1.3193383256734166
1998-09-23,1.358031943706945,1.820591550651442,1.3513697237342674
1998-09-24,1.3414742211643063,1.77592697813931,1.3348932299067093
1998-09-25,1.3368336170763147,1.773799417619499,1.3302753916493626
1998-09-28,1.3349800039010131,1.7897511957821512,1.3284308719116455
1998-09-29,1.3309272817497584,1.7854969571897772,1.3243980315655168
1998-09-30,1.3003800564192705,1.7312624871151376,1.2935106151942555
1998-10-01,1.264388240959052,1.6812809391121237,1.2577089315802346
1998-10-02,1.2851158429465013,1.713716210989475,1.278327037084033
1998-10-05,1.2606965923649902,1.6791539824462394,1.2540367846410276
1998-10-06,1.2517353698828837,1.6775587861629155,1.2451229010817548
1998-10-07,1.231596763068479,1.6525681929254465,1.2250906793008502
1998-10-08,1.1990717141923835,1.6435286449101445,1.192737448587062
1998-10-09,1.217914318003141,1.676494542469752,1.2114805136831452
1998-10-12,1.235664977397858,1.700952921349843,1.2291374027137174
1998-10-13,1.2248540665475192,1.695103344253321,1.218383602026141
1998-10-14,1.2352594288427101,1.7110542667227446,1.228733996526064
1998-10-15,1.2793738076762884,1.8030405441017594,1.272615334925748
1998-10-16,1.31095726881036,1.8035724410622693,1.3040319519676853
1998-10-19,1.3345250292900033,1.8099534803587478,1.3274752124254916
1998-10-20,1.3510810585978967,1.8205869570558555,1.343943782171322
1998-10-21,1.3739550173455546,1.8142057997713747,1.3666969060027379
1998-10-22,1.3864185005266825,1.8413227338605576,1.3790945490744688
1998-10-23,1.3808395203019048,1.8179268872041254,1.3735450406003236
1998-10-26,1.3910216942631872,1.8312195686033619,1.3836734257902197
1998-10-27,1.3867837605937414,1.8205856765684822,1.3794578796036592
1998-10-28,1.3832714107207686,1.8173960104631344,1.3759640842147352
1998-10-29,1.3976676347462795,1.8615278377852107,1.3902842581544905
1998-10-30,1.417062338553897,1.8716303493608712,1.4095765067012593
1998-11-02,1.4540838636878544,1.9035341602960765,1.4464024604023014
1998-11-03,1.4598005202190123,1.889708791689846,1.452088917888303
1998-11-04,1.480009157250677,1.9099135580905937,1.4721907999419586
1998-11-05,1.4993501517083077,1.9359666889365075,1.491429622865964
1998-11-06,1.5093770629657344,1.9418152443037846,1.5014035655491562
1998-11-09,1.4927492743373025,1.927991461579586,1.4848636155615291
1998-11-10,1.4769224594148087,1.9226740611285493,1.4691204080231628
1998-11-11,1.4663373537437814,1.9099132733848392,1.4585912196671613
1998-11-12,1.4655984268346465,1.9077856299982885,1.4578561962437393
1998-11-13,1.469887962541299,1.9263960788189216,1.4621230718724603
1998-11-16,1.4724101439736745,1.9407515823982802,1.464631929525358
1998-11-17,1.4703572494605257,1.9407515823982802,1.4625898797172858
1998-11-18,1.4816796140236848,1.9524484921853946,1.4738524322912414
1998-11-19,1.4856640792377465,1.9694640807947903,1.477815849005316
1998-11-20,1.4980869960500822,1.9843512597815183,1.4901731400058251
1998-11-23,1.5131639143521682,2.0311422624871662,1.5051704123585445
1998-11-24,1.5081345082089535,2.0183805956519594,1.5001675747632917
1998-11-25,1.5117895584289172,2.0183805956519594,1.5038033166644784
1998-11-27,1.5147075019451985,2.0332681709254885,1.506705845732204
1998-11-30,1.4974660957009047,1.9758425779740398,1.4895555196503958
1998-12-01,1.5387401030538848,2.0013645365537305,1.5306114912328084
1998-12-02,1.5397998282275704,1.9955165493779206,1.5316656182586603
1998-12-03,1.502911412629412,1.9625506159821973,1.4949720709235028
1998-12-04,1.5254628378910344,2.0141264461702097,1.5174043650975557
1998-12-07,1.5356776013703184,2.023697575042411,1.527565167646724
1998-12-08,1.52033230784203,2.0146577179746963,1.5123009377978218
1998-12-09,1.521269414059076,2.018378790779795,1.5132330936189826
1998-12-10,1.4940819771528,1.9888680744798037,1.4861892781862631
1998-12-11,1.5003281380033926,1.992855754969136,1.492402442810381
1998-12-14,1.47853379849151,1.9354316163897003,1.4707232349737163
1998-12-15,1.478353439578057,1.985412202451348,1.4705438288316848
1998-12-16,1.4739288779318456,1.9827537355122657,1.4661426405569926
1998-12-17,1.4852143838823917,2.0143905541161,1.4773685292291598
1998-12-18,1.4877262525532033,2.022917469331673,1.4798671285991136
1998-12-21,1.4935349023607103,2.051191786800522,1.4856450933939944
1998-12-22,1.4757802651070673,2.060260105689967,1.4679842475180975
1998-12-23,1.5009805257280353,2.1034720011467085,1.4930513842047695
1998-12-24,1.511236628632929,2.0944039333497653,1.5032533077981958
1998-12-28,1.5015887737894098,2.0890694865315234,1.4936564191098924
1998-12-29,1.519137889474928,2.122145723711777,1.5111128291143616
1998-12-30,1.5200514852162816,2.1050751835102393,1.5120215986572374
1998-12-31,1.5411573491279584,2.1050751835102393,1.5325811205516342
1999-01-04,1.5573430930998726,2.1002735070166523,1.5486767941358235
1999-01-05,1.568137823271717,2.1242796332018528,1.5594114538201047
1999-01-06,1.5951066607581637,2.175493890878716,1.586230215186905
1999-01-07,1.6000177310899621,2.1648252688378467,1.5911139564067582
1999-01-08,1.608426976065866,2.180829822050365,1.5994764056371733
1999-01-11,1.6195764261684173,2.1600247055480044,1.6105638113075753
1999-01-12,1.6017619059413886,2.1210816201316796,1.5928484252783175
1999-01-13,1.5965967279176019,2.1061449633627123,1.587711990424327
1999-01-14,1.5723514902814257,2.069335867838022,1.5636016726261368
1999-01-15,1.5888564204318205,2.1232172351647884,1.580014756182356
1999-01-19,1.6145263881465426,2.13708821336212,1.605541875724701
1999-01-20,1.610056631809878,2.1541592740104565,1.6010969926769618
1999-01-21,1.5950412231089912,2.0970783615677275,1.5861651416849996
1999-01-22,1.5666400847379893,2.092278149198099,1.5579220498980373
1999-01-25,1.5628784166359793,2.1136172940417706,1.5541813147173087
1999-01-26,1.573089617070898,2.1520280611263916,1.5643356918894902
1999-01-27,1.5622425137964293,2.1269547821862083,1.5535489505482956
1999-01-28,1.5641676617291933,2.1626982573008475,1.5554633854226405
1999-01-29,1.5692374744972906,2.179236410874427,1.5605049857092783
1999-02-01,1.5732193000402832,2.1664333969605396,1.5644646531994106
1999-02-02,1.5571137821683367,2.1530968329688505,1.5484487592731881
1999-02-03,1.5685139431026354,2.174970143694981,1.5597854806203253
1999-02-04,1.5560977013023738,2.1424282404050166,1.5474383326914962
1999-02-05,1.551430840325668,2.1178888673394174,1.5427974418511248
1999-02-08,1.56101248229973,2.1221564134071067,1.5523257639278045
1999-02-09,1.536978280300718,2.0746774079699497,1.5284253073961904
1999-02-10,1.535150014813992,2.088013434348381,1.5266072158366895
1999-02-11,1.5278165777453627,2.1360252152577877,1.5193145878603869
1999-02-12,1.5057163963697704,2.110418544977277,1.4973373895190467
1999-02-16,1.5046824267412156,2.0976146356649,1.4963091737221048
1999-02-17,1.4898502235838706,2.0954813615804286,1.4815595087719318
1999-02-18,1.5022509125494676,2.1120189004860213,1.493891190414472
1999-02-19,1.5028395864703332,2.121087909644708,1.4944765884841698
1999-02-22,1.5220523928125835,2.177636113315836,1.5135824794495594
1999-02-23,1.5224749443692347,2.176569071620311,1.5140026795923607
1999-02-24,1.5133709043704777,2.1381591572134275,1.5049493017327042
1999-02-25,1.5071119108481452,2.117887270243887,1.498725138241929
1999-02-26,1.5162492572066775,2.109352184544804,1.5078116371182129
1999-03-01,1.5073108152890444,2.115220402322208,1.4989229358198912
1999-03-02,1.5068161567867335,2.0965493518309097,1.4984310299919819
1999-03-03,1.50601818632159,2.107753311567094,1.4976375000708944
1999-03-04,1.5160491109155847,2.134426929724976,1.5076126046007023
1999-03-05,1.5256588965996563,2.1773715995510425,1.517168913773344
1999-03-08,1.5237927324043226,2.1915092733469277,1.5153131344038748
1999-03-09,1.5152445850176952,2.1861751397756013,1.506812555726525
1999-03-10,1.521291256175592,2.20538068837853,1.5128255783838285
1999-03-11,1.521771227905041,2.229919959298118,1.5133028791677936
1999-03-12,1.531825770534129,2.208581855207594,1.5233014703031116
1999-03-15,1.5330643118998477,2.240056355226158,1.5245331194369247
1999-03-16,1.5251898771662846,2.231521740512746,1.5167025043381466
1999-03-17,1.5265444978376101,2.22191950246332,1.518049586819736
1999-03-18,1.5368771139126427,2.257661299579945,1.5283247039785794
1999-03-19,1.5268634465003061,2.2193758792616682,1.5183667605977076
1999-03-22,1.5216105443202887,2.2236548359568844,1.5131430897546534
1999-03-23,1.4948617474237975,2.159480157391169,1.486543144496482
1999-03-24,1.5702920474430744,2.171780556367669,1.561553690170161
1999-03-25,1.6114602068091752,2.216167407378711,1.6024927570656005
1999-03-26,1.5938638513076056,2.200124571516697,1.5849943217192806
1999-03-29,1.6068541039386928,2.244512084747046,1.5979122862248947
1999-03-30,1.6285341483100504,2.2327463523988023,1.6194716855393545
1999-03-31,1.6193459311523726,2.196915238935506,1.6096840850207739
1999-04-01,1.6303879408626523,2.213493161328514,1.62066021245306
1999-04-05,1.658547260118021,2.2659020389092888,1.648651518806069
1999-04-06,1.6613526803249745,2.260554510097463,1.651440200441077
1999-04-07,1.6657943299732119,2.2787384105766866,1.6558553489355796
1999-04-08,1.674847065130859,2.3076168624539246,1.664854070844741
1999-04-09,1.6920499363988648,2.308152229566014,1.6819543009833775
1999-04-12,1.7313968926222167,2.332752516028729,1.7210664931396682
1999-04-13,1.7232268917172728,2.3177785776283404,1.712945238639133
1999-04-14,1.7458282793026048,2.2787379152667686,1.7354117747853692
1999-04-15,1.8056727764236538,2.270181254394942,1.794899209025731
1999-04-16,1.8455578617956412,2.2509278471764187,1.8345463195768996
1999-04-19,1.8909151919296516,2.2161667684324735,1.8796330246787507
1999-04-20,1.8758447566845524,2.243975229042764,1.8646525073589528
1999-04-21,1.8971757809464207,2.3081506766181583,1.8858562598191124
1999-04-22,1.9196857392258873,2.330078108046031,1.9082319121734883
1999-04-23,1.9076019476577695,2.3241946608232147,1.8962202186868071
1999-04-26,1.9176270476678852,2.33756342851227,1.9061855038223559
1999-04-27,1.9411397211317478,2.348793083222843,1.9295578886494422
1999-04-28,1.9841644237351668,2.3167062209129354,1.9723258838697046
1999-04-29,2.0130242862566563,2.2990575529220205,2.0010135536893765
1999-04-30,1.9956770563505049,2.2803409253836824,1.983769826230071
1999-05-03,2.021461217633798,2.3220552019317258,2.0094001460183755
1999-05-04,2.01787071574893,2.2888985757033424,2.0058310669043187
1999-05-05,2.0266688719703874,2.3070815859887297,2.0145767288254426
1999-05-06,2.035716981689775,2.292909183806001,2.0235708528940752
1999-05-07,2.0354239863246226,2.3102894354192505,2.0232796056891393
1999-05-10,2.0433449847976615,2.298791124899169,2.031153343433645
1999-05-11,2.0519589185870766,2.322054891083148,2.0397158820879873
1999-05-12,2.0458021956139394,2.340236580880329,2.0335958932733136
1999-05-13,2.074523179295543,2.350397888114512,2.0621455128752957
1999-05-14,2.107149175004382,2.2894309172947094,2.0945768452053195
1999-05-17,2.104628601349391,2.2963839189905335,2.092071310582045
1999-05-18,2.0844108327362205,2.2921057557494544,2.0719741715179443
1999-05-19,2.1220391301921486,2.3086845566807903,2.109377959304124
1999-05-20,2.139014244341267,2.294779349595902,2.1262517912393437
1999-05-21,2.1591026895654646,2.2819446486936124,2.1462203785239575
1999-05-24,2.123123146085188,2.2439753716839994,2.1104555074038633
1999-05-25,2.0852859206473617,2.2076095068104884,2.0728440382069953
1999-05-26,2.0890080686170744,2.2322088995448777,2.0765439779380164
1999-05-27,2.0663674746347858,2.20012089661392,2.054038469320242
1999-05-28,2.093505993236241,2.2281966393756103,2.081015065638187
1999-06-01,2.05467846200609,2.220442515070583,2.042419199319898
1999-06-02,2.0799134917604367,2.222580801212596,2.0675036639788438
1999-06-03,2.0935856641591917,2.2348805633665063,2.081094261203659
1999-06-04,2.1070009859915007,2.279803897570736,2.094429540363889
1999-06-07,2.1124637093031997,2.285685791626469,2.0998596702740913
1999-06-08,2.0945613579658424,2.2632243573521555,2.0820641335219854
1999-06-09,2.099984887689221,2.2610856103344577,2.087455303692862
1999-06-10,2.0812956955613098,2.2402293566647327,2.068877620844833
1999-06-11,2.0869419611284297,2.221512240389799,2.0744901979034776
1999-06-14,2.0968606064002717,2.2236515566772943,2.0843496634641734
1999-06-15,2.106961139325447,2.2386256262599593,2.0943899314434264
1999-06-16,2.1062361051940472,2.2814080006034136,2.0936692232365153
1999-06-17,2.110922269965576,2.3027984820170713,2.098327427952012
1999-06-18,2.1149481923231406,2.3054513058683552,2.102329329597504
1999-06-21,2.112647727046125,2.3108160910571107,2.100042590073035
1999-06-22,2.1149405923468354,2.294723567798989,2.1023217749665455
1999-06-23,2.1143473663654575,2.2834587698046636,2.1017320884748116
1999-06-24,2.094083699333839,2.2662940102320417,2.081589324845706
1999-06-25,2.1020664091324974,2.260662269616615,2.0895244057144953
1999-06-28,2.125632339323663,2.28828756255133,2.112949729512008
1999-06-29,2.1399321835884457,2.3097425467378114,2.1271642535914417
1999-06-30,2.147098212104871,2.35158122322942,2.1334414909970643
1999-07-01,2.1600402378560704,2.369281575096668,2.1463011983730453
1999-07-02,2.1642202986406134,2.392884358147781,2.1504546716805812
1999-07-06,2.159112767046978,2.392348352051556,2.1453796267864975
1999-07-07,2.1676683589392782,2.395566060585065,2.1538808004264185
1999-07-08,2.1669446711048437,2.3974441843765635,2.153161715643149
1999-07-09,2.199485082215351,2.411658630945732,2.1854951519088335
1999-07-12,2.1930599543849096,2.4009315733552854,2.1791108914119715
1999-07-13,2.1864167033463433,2.3923482429805403,2.172509895090107
1999-07-14,2.1888733860796203,2.4057573548824465,2.1749509519750876
1999-07-15,2.189461697910608,2.4210459428727247,2.175535521820471
1999-07-16,2.19058239880189,2.4341873802506377,2.1766490944400094
1999-07-19,2.177546116937782,2.4180949674798007,2.1636957304716438
1999-07-20,2.1560724670870024,2.3684780768420826,2.1423586648001645
1999-07-21,2.1548080946453556,2.365796959659097,2.1411023344600464
1999-07-22,2.1265556886167363,2.33468672963958,2.1130296292143638
1999-07-23,2.1120119906676726,2.330127086456594,2.098578437153315
1999-07-26,2.1120738446663365,2.3129633703377546,2.0986398977266547
1999-07-27,2.12488056683961,2.3322743015167045,2.111365162129604
1999-07-28,2.1185318196986813,2.3397842247675884,2.105056796499219
1999-07-29,2.0925198048798292,2.3070646821684386,2.0792102323476107
1999-07-30,2.093947070119574,2.278634724090077,2.080628419398377
1999-08-02,2.094881147045341,2.283998630230585,2.0815565550830786
1999-08-03,2.0811038212084187,2.273270688664392,2.0678668605876136
1999-08-04,2.0607098334914515,2.242158706019331,2.047602589807187
1999-08-05,2.064820602800497,2.2625421708157525,2.051687212370976
1999-08-06,2.0402699010358916,2.237866885900836,2.02729266652188
1999-08-09,2.0671397459604965,2.2330398070279482,2.0539916045097284
1999-08-10,2.0340502167513677,2.2083647171602894,2.021112542837414
1999-08-11,2.065466553231151,2.235185306650201,2.0523290542029495
1999-08-12,2.05504110213391,2.233844195466211,2.0419699146871984
1999-08-13,2.0790499026743605,2.285606833163554,2.065826006100854
1999-08-16,2.0851611485745902,2.2957983540326303,2.0718983811285683
1999-08-17,2.094777053337307,2.310817466864712,2.0814531234680644
1999-08-18,2.0705094464516365,2.2941888243731534,2.0573398718593556
1999-08-19,2.078498625689304,2.2754154772233077,2.065278235539488
1999-08-20,2.0986304617572773,2.2984813639159207,2.085282022099051
1999-08-23,2.1158074060192464,2.3424674017771796,2.1023497115835963
1999-08-24,2.102768053132756,2.351050202337291,2.0893932961262345
1999-08-25,2.1042222064637945,2.375188434764688,2.0908382002453005
1999-08-26,2.092023049021903,2.3467598043889892,2.078716636129134
1999-08-27,2.0720173656530174,2.3183311561186213,2.0588381998683674
1999-08-30,2.0421012538137044,2.2754188464188654,2.0291123708925567
1999-08-31,2.0320285631186885,2.2668359665301736,2.0191037480295804
1999-09-01,2.039448156736648,2.2947293830983275,2.0264761489666445
1999-09-02,2.0253086278292853,2.267640102730852,2.012426555210732
1999-09-03,2.0689661910747947,2.333886940692031,2.0558064324323198
1999-09-07,2.066031332004932,2.3253052384111066,2.0528902406742655
1999-09-08,2.0553265415664073,2.3140414598362433,2.042253538568502
1999-09-09,2.065388289808782,2.3129677445988794,2.0522512885788307
1999-09-10,2.0660641777603277,2.3322787122985353,2.0529228775126596
1999-09-13,2.0614380316401726,2.3164542012355898,2.048326156216674
1999-09-14,2.0470577075314087,2.301165603507435,2.0340372988487814
1999-09-15,2.0413213044598306,2.2646898275262384,2.0283373824439384
1999-09-16,2.0215580743083637,2.273540235372211,2.0086998572652783
1999-09-17,2.0298646131589813,2.3021891158781367,2.0169535619773296
1999-09-20,2.0239798843129067,2.2989614467376756,2.0111062632311882
1999-09-21,1.9843910050457474,2.2505499165922735,1.971769190928459
1999-09-22,1.9806161043288977,2.2478605094419457,1.9680183006485836
1999-09-23,1.9414805037138472,2.201064549356383,1.9291316238973664
1999-09-24,1.9233628341295657,2.1989119082271125,1.911129192619018
1999-09-27,1.9522490385437734,2.2134357213809523,1.939831664945274
1999-09-28,1.9326773089975569,2.209132802338588,1.9203844223230853
1999-09-29,1.9408343273743496,2.182775638873886,1.9284895575934533
1999-09-30,1.9529625914254167,2.2161262678602403,1.9400837131824897
1999-10-01,1.940903977292151,2.2112862480912336,1.9281046199903231
1999-10-04,1.9605819104509976,2.25055205799859,1.9476527863495707
1999-10-05,1.94752322602706,2.248400530231143,1.9346802178642835
1999-10-06,1.962578659064736,2.2828257907495124,1.949636367336653
1999-10-07,1.9519065901220047,2.269916410902824,1.9390346757155952
1999-10-08,1.9589095756635986,2.304341963190576,1.945991479830815
1999-10-11,1.9655135622404858,2.300576668422723,1.9525519161935738
1999-10-12,1.936621622444623,2.265076469852292,1.92385050527751
1999-10-13,1.912799685969447,2.206444965430165,1.9001856633727678
1999-10-14,1.9042087122479623,2.2059065928586,1.891651343119728
1999-10-15,1.8732887715763966,2.1494265604550487,1.860935305048722
1999-10-18,1.8728512198666343,2.165024949004271,1.8605006387885943
1999-10-19,1.8627644762967457,2.1860018757351733,1.8504804125922973
1999-10-20,1.8733486910318045,2.2075186921980348,1.860994829363243
1999-10-21,1.8618199541242608,2.220428261510009,1.8495421191034087
1999-10-22,1.8808254011239571,2.239255272739352,1.8684222340363583
1999-10-25,1.879889808513306,2.2279604691436545,1.8674928112230047
1999-10-26,1.8496542999781824,2.199990653414025,1.8374566917774344
1999-10-27,1.8613506959468635,2.239795084306245,1.8490759554650247
1999-10-28,1.8898148342793297,2.316176576271257,1.8773523860689953
1999-10-29,1.9241910511031077,2.3581317987738344,1.9115019077615558
1999-11-01,1.9273354878586413,2.3333879218093005,1.9146256084219406
1999-11-02,1.9351877543431208,2.316713531720051,1.9224260928679786
1999-11-03,1.9282022442720683,2.3323119639291225,1.9154866489807145
1999-11-04,1.9357969017898988,2.3500631902865874,1.9230312232711972
1999-11-05,1.9375408711020343,2.373192512205388,1.9247636919183797
1999-11-08,1.9487772281800648,2.3753449978139582,1.935925950457433
1999-11-09,1.939902544109239,2.3530215055245027,1.9271097907926018
1999-11-10,1.9447756194678183,2.370502102289044,1.931950730489962
1999-11-11,1.9413082651417026,2.38394996071533,1.928506241749898
1999-11-12,1.9471337327428928,2.4054651091107857,1.934293293106828
1999-11-15,1.967650849850847,2.411113141186978,1.9546751093880843
1999-11-16,1.9921255811087502,2.4312845137261485,1.9789884411981524
1999-11-17,1.979723146221471,2.436662515070511,1.9666677945896303
1999-11-18,1.995126728960221,2.45495210390863,1.9819697978780269
1999-11-19,1.9831092804336237,2.4528015658656064,1.9700315988245347
1999-11-22,1.9765619874243496,2.452264402322682,1.9635274821617295
1999-11-23,1.9497940978148214,2.430748234456703,1.9369361143107922
1999-11-24,1.9528428976925825,2.445271955157582,1.9399648087740489
1999-11-26,1.9496436273446196,2.433439284166574,1.9367866361232249
1999-11-29,1.9306696900859908,2.425907789582079,1.9179378231392827
1999-11-30,1.9374199823991844,2.399281025683626,1.9246436004201928
1999-12-01,1.9305637761097165,2.4167621872367566,1.917832607616328
1999-12-02,1.940755490868046,2.431284511219862,1.9279571127649928
1999-12-03,1.9519251911042832,2.4759301886993925,1.939053154033064
1999-12-06,1.9369571095624856,2.4576429683256587,1.9241837800141612
1999-12-07,1.9128151202419987,2.437740975568157,1.900200995863485
1999-12-08,1.906215304827926,2.4221418710654965,1.8936447031566648
1999-12-09,1.89005121878866,2.4339764562475223,1.8775872117326375
1999-12-10,1.8926969162338307,2.4420450881999827,1.8802154620360072
1999-12-13,1.892561010327907,2.446347971645391,1.8800804523662036
1999-12-14,1.8898390304597084,2.4226795550197218,1.877376422686839
1999-12-15,1.8842960689462196,2.4353210969378147,1.8718700144216056
1999-12-16,1.882569959793513,2.4463482308647495,1.8701552881544237
1999-12-17,1.8921711655092728,2.4620121985869763,1.8796931783924873
1999-12-20,1.8843342628468467,2.4442192364277884,1.8719079564512553
1999-12-21,1.898121732391739,2.481425141644692,1.885604504059227
1999-12-22,1.904689988041407,2.4878966984141013,1.8921294451235815
1999-12-23,1.9322727304326606,2.527528892819838,1.9195302921818556
1999-12-27,1.9353457546399335,2.5240232102454967,1.9225830512264594
1999-12-28,1.9382220151087906,2.5224053113677294,1.9254403440978127
1999-12-29,1.9759680789910603,2.5331885940738266,1.9629374902778056
1999-12-30,1.9833813947975876,2.5302222302301662,1.9703019187210693
1999-12-31,1.9988625975309322,2.534265525354074,1.9850431826967738
2000-01-03,1.952983931030273,2.5094626686574335,1.9394817047438382
2000-01-04,1.906542882669455,2.411327621536916,1.893361733036025
2000-01-05,1.9311682970925779,2.415641486651846,1.9178168962283748
2000-01-06,1.9854696739637676,2.376819712319864,1.9717428529711494
2000-01-07,2.005046981529607,2.5148558939325527,1.9911848100957317
2000-01-10,2.019320372490525,2.523484364504635,2.005359519981211
2000-01-11,1.9972160396090637,2.4900532436436777,1.983408008482319
2000-01-12,1.984345811204466,2.4684844024472365,1.9706267601934897
2000-01-13,2.0101936833699874,2.50191508670958,1.9962959294964542
2000-01-14,2.005290797973638,2.535886089756923,1.9914269408808347
2000-01-18,1.9949407433609727,2.5159362738888054,1.9811484428115878
2000-01-19,1.9937500007539202,2.5234840827104716,1.9799659325693157
2000-01-20,1.9677491807718308,2.4976032299581927,1.9541448728758049
2000-01-21,1.9438992657825398,2.492210904584713,1.9304598475939918
2000-01-24,1.9070241954108205,2.4215741709160685,1.8938397181547482
2000-01-25,1.883767883730891,2.4490735672009913,1.8707441922231816
2000-01-26,1.8977467057457602,2.4296622101073564,1.8846263697060277
2000-01-27,1.8947109292233235,2.4199557095779776,1.8816115814471963
2000-01-28,1.8642429752336158,2.3444676111734024,1.8513542718989087
2000-01-31,1.877957658616274,2.409172572774177,1.8649741369087487
2000-02-01,1.8850388854013067,2.431818794958254,1.8720064066466098
2000-02-02,1.8954399687162118,2.4339758182293822,1.882335580624059
2000-02-03,1.9243920932710308,2.4706412299551896,1.9110875406352787
2000-02-04,1.9310564387271667,2.4603954807745656,1.9177058112113448
2000-02-07,1.8972493360115796,2.4566212341070575,1.884132438606744
2000-02-08,1.8995762861858556,2.4900509358607863,1.8864433010870505
2000-02-09,1.8795048962356888,2.4377474159530306,1.8665106774854874
2000-02-10,1.8848758085505424,2.442600971058193,1.8718444572503552
2000-02-11,1.8546960149542462,2.392994187936972,1.8418733158584837
2000-02-14,1.8605025164683364,2.4070123478899066,1.8476396733160199
2000-02-15,1.8734291950913304,2.434512463964549,1.8604769815468027
2000-02-16,1.8618105196919854,2.4016197660639236,1.8489386334772926
2000-02-17,1.8868360893231018,2.385982819767081,1.8737911853488989
2000-02-18,1.8422004524108342,2.334758154609502,1.829464143126251
2000-02-22,1.845368441606322,2.328827868896794,1.8326102299874132
2000-02-23,1.8160785614326265,2.3563266683727275,1.8035228494778077
2000-02-24,1.780850258895224,2.308877318251706,1.768538102714208
2000-02-25,1.7620709657797318,2.300519182359635,1.7498886428559774
2000-02-28,1.7748215104571252,2.348777173247993,1.7625510348677114
2000-02-29,1.7952067260448847,2.37142408275245,1.7827953144296345
2000-03-01,1.7905599602836735,2.388678564378557,1.7781806747303992
2000-03-02,1.7865739741685591,2.390295699766641,1.7742222462851898
2000-03-03,1.8239282122632,2.435049206153372,1.8113182306545967
2000-03-06,1.8009504859367107,2.4124032485361457,1.7884993640378462
2000-03-07,1.7681511404353967,2.3646834998768522,1.7559267813777255
2000-03-08,1.771550275956121,2.3617181867680066,1.759302416501826
2000-03-09,1.7873173970450424,2.4307370390581147,1.7749605294041233
2000-03-10,1.7786087211845727,2.418875042307511,1.7663120621865689
2000-03-13,1.781032335162849,2.391374851951517,1.76871892017221
2000-03-14,1.7638330746874495,2.357405372179546,1.7516385691784542
2000-03-15,1.8120290148402907,2.412403639512495,1.7995012999895843
2000-03-16,1.909008414881475,2.5250966631286813,1.895810219447865
2000-03-17,1.8922591813949254,2.5417395752353626,1.8791767841187235
2000-03-20,1.8732299086661839,2.539037706066887,1.860279072916099
2000-03-21,1.8911805582689705,2.580660151182442,1.8781056182039064
2000-03-22,1.888110746956027,2.5963376616008755,1.87505703045883
2000-03-23,1.9060428276220522,2.637962146991661,1.892865135188806
2000-03-24,1.901698038430265,2.6563408292697517,1.8885503843019442
2000-03-27,1.8862000188787496,2.628231430614419,1.873159512466112
2000-03-28,1.8915799332363128,2.6130954458055107,1.878502232036814
2000-03-29,1.8963272729566734,2.6157973864964736,1.8832167503631303
2000-03-30,1.902220298799131,2.5720115540439092,1.8890690339510452
2000-03-31,1.920543605200612,2.601201313170754,1.9067353778560645
2000-04-03,1.9329149569731345,2.6163377036120945,1.9190177827088855
2000-04-04,1.9350435335028855,2.5211971993579443,1.9211310553066854
2000-04-05,1.9428910564198298,2.5806596353048015,1.928922156499991
2000-04-06,1.9568288321755118,2.6030933095145063,1.942759723139988
2000-04-07,1.9552039418790828,2.619581302536971,1.9411465153976872
2000-04-10,1.9592063496196779,2.609309924249724,1.9451201468293984
2000-04-11,1.9744097685278326,2.6017429254693996,1.9602142569646983
2000-04-12,1.9829390553172483,2.530387523995476,1.9686822203190433
2000-04-13,1.9765507232650854,2.495250562837275,1.9623398187737895
2000-04-14,1.8815286657672103,2.3936239979140383,1.8680009460623077
2000-04-17,1.905727554411261,2.434708160214235,1.8920258507598455
2000-04-18,1.9189521643150467,2.4990355845152554,1.9051553790317437
2000-04-19,1.929504841027691,2.475792054543679,1.9156321846427125
2000-04-20,1.9429001059997388,2.487683283781652,1.9289311410156873
2000-04-24,1.9478139753251145,2.460654604903364,1.9338096808517447
2000-04-25,1.9989757242899935,2.562820984098952,1.9846035896597332
2000-04-26,1.976775006088624,2.533899549293395,1.962562489060019
2000-04-27,1.967007168511021,2.525519943483882,1.9528648797873458
2000-04-28,1.9715507948964959,2.5098440411946776,1.957375838637478
2000-05-01,2.001388149769928,2.543900114989648,1.9869986704048812
2000-05-02,1.9929242364111714,2.4930857101927297,1.978595610462608
2000-05-03,1.9601197052474595,2.449840645463727,1.9460269356590505
2000-05-04,1.9858349431146478,2.4530842344783212,1.9715572874087204
2000-05-05,1.9979072593490383,2.4828156154001984,1.9835428067140084
2000-05-08,1.9986771552201703,2.464167187312927,1.984307167226718
2000-05-09,1.9913351478091654,2.4444366006441127,1.977017947009517
2000-05-10,1.9703784588636586,2.389299888679984,1.9562119314069977
2000-05-11,2.022700890274509,2.4438977804362105,2.008158177644971
2000-05-12,2.0303185418992586,2.4703847445805778,2.01572106026308
2000-05-15,2.0484063944183486,2.5130902856601423,2.033678865654324
2000-05-16,2.05696689463438,2.535253228889379,2.042177818018568
2000-05-17,2.032220374238524,2.5109274741581853,2.0176092189043153
2000-05-18,2.027954784072612,2.487683818529903,2.013374297262987
2000-05-19,2.0076056408413145,2.441193983329216,1.9931714592732066
2000-05-22,2.0123967789910173,2.4228142338287304,1.9979281503399953
2000-05-23,2.0038577320487607,2.3871358714213686,1.9894504970058633
2000-05-24,2.0281542351853608,2.426055734669023,2.0135723143722055
2000-05-25,2.0033854735028003,2.3844318964293065,1.9889816338805275
2000-05-26,2.0140804623212443,2.387135842199857,1.9995997284089098
2000-05-30,2.0533997779728512,2.4687615651880392,2.038636348032123
2000-05-31,2.0431429817233835,2.4703835415363677,2.028453295577931
2000-06-01,2.0518800080070827,2.5136300758145036,2.0371275048316417
2000-06-02,2.072818454938946,2.5574149981051164,2.057915409576025
2000-06-05,2.062291134643917,2.544980846384329,2.0474637780763816
2000-06-06,2.054322905688162,2.533630231809455,2.0395528386904425
2000-06-07,2.0433835140829513,2.5511984238368215,2.028692098570096
2000-06-08,2.0246728303227264,2.541197726015381,2.0101159399382955
2000-06-09,2.0378172105063985,2.5357925984521463,2.0231658153216667
2000-06-12,2.0280316969856984,2.506060430235295,2.0134506571914983
2000-06-13,2.035329199134766,2.553089160269091,2.0206956921284447
2000-06-14,2.043354850111632,2.557414093306587,2.028663640685549
2000-06-15,2.033446701583246,2.562820466699837,2.018826729262674
2000-06-16,2.0122517493652885,2.5418181529752317,1.997784163440939
2000-06-19,2.0101521946991543,2.5743280071517853,1.9956997040468274
2000-06-20,1.9882988817896707,2.5651170615421965,1.9740035109819902
2000-06-21,1.9815342699911629,2.5634907773251787,1.9672875350474943
2000-06-22,1.965150723392883,2.5250204712298596,1.9510217820444897
2000-06-23,1.9679184926547302,2.5033456955048226,1.9537696517387861
2000-06-26,1.9798162318390786,2.5355862847172292,1.965581849159283
2000-06-27,1.9990360452634017,2.516891407040009,1.9846634769404554
2000-06-28,2.005272952790044,2.523936186088314,1.9908555426645884
2000-06-29,2.0061582522389285,2.500095084874524,1.9917344770322403
2000-06-30,1.9632537823771632,2.5190608061883824,1.9483946107712535
2000-07-03,2.012691211151966,2.5537381972463713,1.9974578651807688
2000-07-05,2.009483874313434,2.507681528859033,1.9942748035372777
2000-07-06,2.016696577232865,2.527188783472027,2.0014329160663142
2000-07-07,2.038394128090908,2.567828506299041,2.022966245857005
2000-07-10,2.058025270830653,2.563494011780408,2.042448807439586
2000-07-11,2.076458584949791,2.568913238121312,2.0607426063415777
2000-07-12,2.0913257323524976,2.5857113617853873,2.0754972295782648
2000-07-13,2.1034615027768955,2.597091077488605,2.087541148660302
2000-07-14,2.1085157206103955,2.622558152594458,2.0925571129115115
2000-07-17,2.105276680381657,2.6182230639682196,2.0893425878295298
2000-07-18,2.0998313427571085,2.5968190904202793,2.083938464034259
2000-07-19,2.080728554208339,2.578124589788344,2.064980257717163
2000-07-20,2.0831080679305725,2.6117201313178757,2.0673417617439336
2000-07-21,2.0532147094969644,2.5607863653169143,2.0376746555385554
2000-07-24,2.0364477961773972,2.546156592811859,2.0210346450394754
2000-07-25,2.042630451537263,2.5542839246561146,2.027170506073617
2000-07-26,2.021608119685726,2.52935922211932,2.0063072847962413
2000-07-27,2.0330310153541946,2.520688578705895,2.0176437246185532
2000-07-28,1.9964516653938398,2.463794116795924,1.9813412307850902
2000-07-31,2.014090406031769,2.477882091555763,1.998846470050755
2000-08-01,2.0305490969920403,2.49467965425442,2.015180591016264
2000-08-02,2.0626205575606558,2.5071430738070752,2.0470093140740606
2000-08-03,2.0635480324100723,2.5244824753055246,2.0479297691952727
2000-08-04,2.0738368441721216,2.5380288482680142,2.0581407085900483
2000-08-07,2.0948453078802105,2.568373521177907,2.078990166687035
2000-08-08,2.1162129418753484,2.5781256354378197,2.1001960766385483
2000-08-09,2.129992440355858,2.5564513332206937,2.113871282981993
2000-08-10,2.114886180986139,2.543988632971243,2.0988793575319695
2000-08-11,2.1483104580812555,2.554553817763973,2.132050658127758
2000-08-14,2.1794500148848615,2.58841953772607,2.1629545306696394
2000-08-15,2.1528069553736406,2.586253030572993,2.1365131230268317
2000-08-16,2.1462535701923766,2.577040797278092,2.1300093380938296
2000-08-17,2.155524324070646,2.6041332271798767,2.1392099249238905
2000-08-18,2.150791934846999,2.5954640676665948,2.1345133534759233
2000-08-21,2.1463077806060724,2.610637150606174,2.1300631382081296
2000-08-22,2.153247160149775,2.6063034929361675,2.136949996049134
2000-08-23,2.1433118338099426,2.6155141694802038,2.12708986667078
2000-08-24,2.1326303200922423,2.6236431875189483,2.1164891975421827
2000-08-25,2.140824510659137,2.622559622882503,2.124621369186768
2000-08-28,2.139137268862947,2.63149992863691,2.12294689752535
2000-08-29,2.136781318700564,2.632042017622209,2.1206087787142014
2000-08-30,2.143429887721094,2.6068454793875113,2.127207027073747
2000-08-31,2.1619798813020346,2.6415243447998034,2.145616622332075
2000-09-01,2.1570593444192894,2.642065857290487,2.1407333272479145
2000-09-05,2.1648278572442448,2.623101108566856,2.1484430429544203
2000-09-06,2.18517316781234,2.5970930610754155,2.168634367082342
2000-09-07,2.179940704039498,2.6155168392506845,2.1634415059720897
2000-09-08,2.185370401696322,2.5976345506207275,2.1688301081730046
2000-09-11,2.1954134602473823,2.593842004176821,2.178797154375687
2000-09-12,2.191774659786905,2.5743363123054115,2.1751858947053866
2000-09-13,2.193393996228066,2.5816525761049833,2.1767929749633264
2000-09-14,2.191117939425495,2.574338754356878,2.1745341448274838
2000-09-15,2.1730855721964644,2.5396649856744453,2.156638258190786
2000-09-18,2.1322822910442936,2.514674682215409,2.1161438026026698
2000-09-19,2.113480869811089,2.5374903256071497,2.0974846826588074
2000-09-20,2.1107129748012903,2.5187484220622154,2.0947377368646967
2000-09-21,2.109214241475437,2.523909337579021,2.093250346919858
2000-09-22,2.1160628312042085,2.5255397830110966,2.100047102101841
2000-09-25,2.1201509456699927,2.5059820029314586,2.104104275079094
2000-09-26,2.1194138763636032,2.4755593814158705,2.1033727843888816
2000-09-27,2.1289353989972866,2.488598152677788,2.112822241994583
2000-09-28,2.1559445307602916,2.5402067011680196,2.13962695121813
2000-09-29,2.165030775554752,2.496746304717736,2.148019324861686
2000-10-02,2.1594054571077663,2.500548849339821,2.1424382066304557
2000-10-03,2.1528646714830835,2.4771887219892883,2.1359488143870604
2000-10-04,2.1568586337111126,2.497831135609625,2.13991139457088
2000-10-05,2.114859848205151,2.506523587961546,2.098242609117052
2000-10-06,2.087310535717658,2.4521997022396556,2.0709097618070063
2000-10-09,2.1000098999182706,2.4337297340823865,2.0835093423877407
2000-10-10,2.082617750020885,2.3935293863348135,2.0662538490699123
2000-10-11,2.056920185726246,2.373428526548374,2.0407582000796043
2000-10-12,2.0245586611721977,2.3142138582395186,2.0086509520400138
2000-10-13,2.0495125322490666,2.3913535487762165,2.0334087512863026
2000-10-16,2.0522838526571734,2.4022174679483066,2.0361582964009544
2000-10-17,2.0031559129804912,2.3424599062156246,1.9874163731878252
2000-10-18,2.0025788363085235,2.3337670375036583,1.9868438308215417
2000-10-19,2.033308012278793,2.421229624768183,2.0173315562462766
2000-10-20,2.0360011440955144,2.4320936820945174,2.0200035271263377
2000-10-23,2.023648175327831,2.4429578445724336,2.0077476202209965
2000-10-24,2.0452939230103633,2.426660872791291,2.029223289226786
2000-10-25,2.0299188487382036,2.369619782315459,2.013969022622043
2000-10-26,2.033029122342774,2.3761386063366086,2.017054857652038
2000-10-27,2.0563097846181964,2.4212282125304525,2.0401525951197073
2000-10-30,2.1160087503108316,2.4429587357379132,2.0993824838722928
2000-10-31,2.1638854385414668,2.4850606865896205,2.1468829871865855
2000-11-01,2.1585213867495403,2.476641300983455,2.141561082741294
2000-11-02,2.1900878957025065,2.4807153759235723,2.172879561912574
2000-11-03,2.190772261066429,2.4820723272342025,2.1735585499637224
2000-11-06,2.192306808381439,2.4994567618141508,2.1750810397706912
2000-11-07,2.197264950479134,2.498914379696837,2.180000223904936
2000-11-08,2.2027307885064262,2.4435034522414396,2.1854231148133465
2000-11-09,2.1846365410562667,2.4342694526954194,2.1674710405839104
2000-11-10,2.1537512996790973,2.375055848258603,2.136828476016126
2000-11-13,2.166539468122227,2.356585038926696,2.149516163071471
2000-11-14,2.1885978610088928,2.4185137371646506,2.171401234974806
2000-11-15,2.1920840700473065,2.426119962868033,2.1748600515743544
2000-11-16,2.1580756412562567,2.3880929585700397,2.14111883963586
2000-11-17,2.15988844230205,2.3753262136135245,2.142917396830731
2000-11-20,2.1439399874254095,2.341373300716133,2.1270942548858183
2000-11-21,2.1441386705638252,2.353323670042988,2.127291376897044
2000-11-22,2.1319976845530695,2.2970980609183207,2.1152457871213985
2000-11-24,2.1507464612921394,2.344087498852466,2.1338472477600914
2000-11-27,2.1573976731253963,2.364729533367361,2.1404461985523366
2000-11-28,2.1505127305724256,2.3239852435074413,2.133615353549427
2000-11-29,2.1521584166161736,2.3196393911020823,2.1352481088268758
2000-11-30,2.1273045689984524,2.2995397157781827,2.1105895471182765
2000-12-01,2.1621626055705163,2.2984543330323355,2.145173691153986
2000-12-04,2.1796185604574716,2.318011880952108,2.162492488121889
2000-12-05,2.198052252458552,2.3940658507661468,2.180781339760371
2000-12-06,2.162809941952132,2.3557679793514406,2.1458159411732924
2000-12-07,2.1241607590392477,2.3234444869067596,2.1074704392412387
2000-12-08,2.166433626822657,2.3288767001171475,2.1494111534062923
2000-12-11,2.1764657957615707,2.409819138706419,2.1593644958688447
2000-12-12,2.183863047617375,2.3994978833353393,2.166703624770173
2000-12-13,2.15549859847412,2.3666319608272954,2.138562045635734
2000-12-14,2.130464611992969,2.336481069646356,2.113724760481642
2000-12-15,2.102788374689484,2.283875198363268,2.086265985651012
2000-12-18,2.1583681891235136,2.314392338763798,2.141409088845899
2000-12-19,2.1672696489251315,2.2672551100001956,2.150240606572686
2000-12-20,2.1294295501711757,2.20158860024926,2.112697831524908
2000-12-21,2.1527410752845957,2.2168478108375878,2.1358261893297956
2000-12-22,2.216432851779747,2.283331076684607,2.1990175158878666
2000-12-26,2.234092068782571,2.3078540524482,2.216537977865723
2000-12-27,2.287615944633216,2.3247475441121206,2.269641296750057
2000-12-28,2.316936036011465,2.3318310498790304,2.2987310092836135
2000-12-29,2.316175344500313,2.2876894881048204,2.2971531891727577
2001-01-02,2.287679815426264,2.246273157612171,2.2688916865861564
2001-01-03,2.387048323864097,2.3541728887380717,2.3674441068954892
2001-01-04,2.4107566149106017,2.3288325717636953,2.3909576878152725
2001-01-05,2.3910228009733725,2.252812490123613,2.371385942641451
2001-01-08,2.3861618876430293,2.2702515116096595,2.3665649507482396
2001-01-09,2.4042969208830796,2.26425804761901,2.384551045601574
2001-01-10,2.433007718652238,2.304038797257628,2.4130260489365845
2001-01-11,2.462106509787054,2.3062184179598337,2.4418858591470403
2001-01-12,2.46055292531677,2.3018596651498897,2.4403450338684025
2001-01-16,2.514519073289701,2.3165731521295276,2.4938679716795433
2001-01-17,2.4958989981921134,2.3271992731783455,2.4754008184933123
2001-01-18,2.514115530381475,2.3503595603450163,2.4934677429659455
2001-01-19,2.450601356283541,2.337007167682696,2.4304751945247474
2001-01-22,2.458980458443273,2.352538917319115,2.438785481262898
2001-01-23,2.501296205391585,2.37106751383192,2.4807536998113573
2001-01-24,2.478103567735623,2.37815226356325,2.4577515373527907
2001-01-25,2.4550222701113387,2.372156941706807,2.4348598005187174
2001-01-26,2.4504682427054276,2.369431333380786,2.430343174174382
2001-01-29,2.4872384668785585,2.382074618975706,2.4668114139069526
2001-01-30,2.4841970853811923,2.4030011445034076,2.463795010497447
2001-01-31,2.486598618729699,2.389400158025518,2.4661768206671852
2001-02-01,2.5238702716494235,2.4052681644749656,2.5031423710403815
2001-02-02,2.489171213001834,2.3506854140185354,2.468728286880965
2001-02-05,2.496819782192688,2.3679488476990875,2.4763140403305455
2001-02-06,2.5159931040429413,2.360972870393766,2.4953298965954556
2001-02-07,2.5321465384467805,2.34876664065383,2.5113506669766705
2001-02-08,2.5097401556782204,2.321387067923728,2.489128302095341
2001-02-09,2.486438731328085,2.2990669312656413,2.4660182463798788
2001-02-12,2.519014858542204,2.3253981448294265,2.498326834198371
2001-02-13,2.5315066561108854,2.3063903403935906,2.510716039830636
2001-02-14,2.5245271627678134,2.3029030781989155,2.5037938672801343
2001-02-15,2.566526286820168,2.3252251177358976,2.545448063275448
2001-02-16,2.534163536424421,2.2739562291149387,2.5133510998661293
2001-02-20,2.514804760565458,2.238905467799361,2.4941513126788215
2001-02-21,2.47344803551529,2.1906010823315896,2.453134239827098
2001-02-22,2.470414472238246,2.193913271168075,2.4501255904288706
2001-02-23,2.4611061496041313,2.1790911931080634,2.440893714666278
2001-02-26,2.513741935190081,2.225477507335755,2.4930972160162437
2001-02-27,2.492890260398817,2.2049007423029288,2.4724167906934875
2001-02-28,2.464804085363935,2.1614796319847573,2.444561280226096
2001-03-01,2.4714503393694627,2.1728144311748854,2.4511529502484475
2001-03-02,2.490253922162766,2.155551420519201,2.4698021040286546
2001-03-05,2.5287109344227945,2.1752574716055872,2.507943278689262
2001-03-06,2.55152814975077,2.1986240873655745,2.5305731020673403
2001-03-07,2.586112333120235,2.21431786610119,2.5648732543898927
2001-03-08,2.590970355861546,2.2167602587075,2.5696913794337397
2001-03-09,2.561789533247894,2.15119292377545,2.5407502114479885
2001-03-12,2.4824919254337803,2.059117564252013,2.4621038545922818
2001-03-13,2.476385662963587,2.092948865832674,2.4560477412929864
2001-03-14,2.4243283299674485,2.051619404579076,2.4044179418497555
2001-03-15,2.4220912461050146,2.0521425675272433,2.4021992305845488
2001-03-16,2.3816002534602205,2.0110832990361582,2.3620407800995196
2001-03-19,2.4302712789211918,2.052000799838348,2.4103120828847153
2001-03-20,2.4116831407800547,1.9969189423682874,2.391876604364884
2001-03-21,2.367305828175486,1.9629952833753348,2.347863751271288
2001-03-22,2.334511816260029,1.9430610662726582,2.3153390681827495
2001-03-23,2.365553481710639,2.001815346794611,2.3461257963794804
2001-03-26,2.394311025111441,2.0273444979122828,2.3746471614362266
2001-03-27,2.4093773450145535,2.0687874741386056,2.3895897455098845
2001-03-28,2.3617134818455194,2.011608257140889,2.3423173334504863
2001-03-29,2.37378215572668,2.019302658724453,2.3542868904017853
2001-03-30,2.406558872988406,2.0404609119825676,2.3857590730148077
2001-04-02,2.364532913592257,1.9969195165817717,2.3440963424425827
2001-04-03,2.2945072293518245,1.930296290750054,2.2746758876197894
2001-04-04,2.301320241782105,1.9383398353936097,2.281430015433801
2001-04-05,2.3931969909388697,2.0117815934168384,2.3725126772211955
2001-04-06,2.3275984303695036,1.9811803835993749,2.3074810826021386
2001-04-09,2.363300833870095,2.0032130906453833,2.342874911540219
2001-04-10,2.4306543054637166,2.0397597102711176,2.409646249551987
2001-04-11,2.414072036204757,2.0411589854323635,2.393207300237354
2001-04-12,2.4439157216977887,2.078230514925786,2.422793047852489
2001-04-16,2.433774692398933,2.0563716863697965,2.4127396670974988
2001-04-17,2.4563021079223955,2.0853994290945925,2.435072378995769
2001-04-18,2.5497944011915172,2.168283629403957,2.527756621807078
2001-04-19,2.5922336925876803,2.1971369796604354,2.5698291119660177
2001-04-20,2.566052551599275,2.177028782022583,2.5438742536178394
2001-04-23,2.533621303330087,2.137509178542527,2.51172330743661
2001-04-24,2.5284012702940397,2.125968766487576,2.5065483909544204
2001-04-25,2.571893047502299,2.1537721860157,2.5496642703292274
2001-04-26,2.578802722840288,2.1633887788262602,2.556514225596985
2001-04-27,2.617006812766096,2.1994113653824963,2.5943881189763682
2001-04-30,2.6351610629029847,2.1841980369681457,2.612385462595924
2001-05-01,2.6517823240646106,2.221617717737484,2.62886306680764
2001-05-02,2.6535670057188194,2.217596589668379,2.6306323235238427
2001-05-03,2.6064539194072287,2.189444200962539,2.5839264338873145
2001-05-04,2.6483398551908546,2.226688836265113,2.6254503510659566
2001-05-07,2.631906776406776,2.2074546980974548,2.609159302778409
2001-05-08,2.6372140539004834,2.2064061571158584,2.6144207096676144
2001-05-09,2.62892189808349,2.197139251255972,2.6062002226488703
2001-05-10,2.6371100264843395,2.2036098263509207,2.6143175813566084
2001-05-11,2.6301295828764646,2.188396104109794,2.607397469466523
2001-05-14,2.6330709114900928,2.1927685195258055,2.610313376284946
2001-05-15,2.6390858303838622,2.2029100739286127,2.6162763084555762
2001-05-16,2.701874805101725,2.2548436789214796,2.6785226003704805
2001-05-17,2.7243139653968633,2.258340941467487,2.700767819827124
2001-05-18,2.737411595734934,2.2686570428881105,2.7137522478271108
2001-05-21,2.7823974885524887,2.3020562118735093,2.758349329224865
2001-05-22,2.7809420011478916,2.2990842573039805,2.7569064215444614
2001-05-23,2.731417397886255,2.2600894892158476,2.707809857610338
2001-05-24,2.7364064782715016,2.266734152314142,2.712755817557007
2001-05-25,2.7193131209157637,2.2399798891143785,2.6958101974612507
2001-05-29,2.6905412742048025,2.2221429292573607,2.667287024764947
2001-05-30,2.6471481106147206,2.1910173732472527,2.6242689066944362
2001-05-31,2.6642495255001144,2.2023843713796594,2.6412225146789154
2001-06-01,2.683528821477138,2.2160237377916134,2.66033518040872
2001-06-04,2.6932334024229525,2.2266894600416043,2.66995588501776
2001-06-05,2.73852107567871,2.2522184547009814,2.7148521385764695
2001-06-06,2.7121418324296975,2.2335092759977804,2.688700890158247
2001-06-07,2.7041201193977957,2.241552142900648,2.6807485084975347
2001-06-08,2.6817612639501798,2.2207438143581015,2.6585828998165644
2001-06-11,2.6446694899587935,2.205005402945746,2.621811708665826
2001-06-12,2.645404195762184,2.2011576685176055,2.622540064433934
2001-06-13,2.6290801092121843,2.1822717357217245,2.6063570663645876
2001-06-14,2.5751634932639704,2.133310287059072,2.552906449748268
2001-06-15,2.5663090578828136,2.136744916621237,2.5441285429269866
2001-06-18,2.5552378244176075,2.1263987977349568,2.533152997726102
2001-06-19,2.5564447342736916,2.135693286879856,2.534349476304615
2001-06-20,2.572905047730525,2.1469163551024097,2.5506675238766428
2001-06-21,2.582829831372076,2.1712902964818874,2.560506527977603
2001-06-22,2.5447562961009873,2.154280408299248,2.5227620608738532
2001-06-25,2.5298246128992465,2.1344653371037117,2.507959431661753
2001-06-26,2.5502994778053485,2.1314834890277776,2.5282573330622817
2001-06-27,2.5666611409644755,2.130255754538098,2.5444775829675037
2001-06-28,2.598167798655401,2.1420041150243754,2.575711929772888
2001-06-29,2.662414803253224,2.149895258184125,2.6385525898656583
2001-07-02,2.66792181205394,2.176725951006263,2.6440102414366264
2001-07-03,2.6572292124229553,2.1761991833261196,2.6334134755178593
2001-07-05,2.647989146803111,2.1337632992512603,2.624256225099187
2001-07-06,2.5896867159480697,2.0876441393012435,2.5664763368037713
2001-07-09,2.6015295720080913,2.099042676301828,2.57821304983977
2001-07-10,2.5650020007077234,2.0737911929059174,2.542012861297278
2001-07-11,2.570984604682086,2.075896090966717,2.5479418454628577
2001-07-12,2.621816426305658,2.125171636477994,2.5983180807619477
2001-07-13,2.6274906537348324,2.143584123536439,2.6039414522442748
2001-07-16,2.5997720342047597,2.116755024646257,2.5764712641807135
2001-07-17,2.62465349817384,2.1365699684319703,2.6011297250317593
2001-07-18,2.620094990073533,2.122015653807012,2.596612073109418
2001-07-19,2.643589348901757,2.1406045109343617,2.619895860916522
2001-07-20,2.6426509947213765,2.127803695958974,2.6189659168485173
2001-07-23,2.6129138389604645,2.08589234655967,2.5894952839282377
2001-07-24,2.563913973678868,2.0657259393531313,2.5409345858417325
2001-07-25,2.6028629901963907,2.0885232908198326,2.579534517106933
2001-07-26,2.6284123859101274,2.1104423427569867,2.604854923283917
2001-07-27,2.633057153482507,2.1185084533910037,2.609458061567422
2001-07-30,2.6338635242575648,2.1192096796890763,2.610257205147273
2001-07-31,2.653543769012978,2.12797685013395,2.629761063338391
2001-08-01,2.6625740656588532,2.141304369146339,2.638710424862792
2001-08-02,2.6747068910172436,2.1500730105379935,2.650734508312393
2001-08-03,2.66123894780556,2.138325011608414,2.6373872731640864
2001-08-06,2.6301676070928894,2.109566678527292,2.6065944130853937
2001-08-07,2.6280557021277584,2.1178087555402985,2.6045014363229133
2001-08-08,2.591239354971078,2.078527638742537,2.568015060112507
2001-08-09,2.5953965166661592,2.0846655308597435,2.572134962745126
2001-08-10,2.6122693907705243,2.091855542275679,2.5888566116828304
2001-08-13,2.6249311819541905,2.09238059801679,2.601404920037779
2001-08-14,2.639162924246151,2.091503890546221,2.615509108625097
2001-08-15,2.630851796875224,2.073441662947464,2.6072724707343866
2001-08-16,2.6520990390422505,2.0806323586345656,2.6283292819340587
2001-08-17,2.6222957054006986,2.047313112043392,2.598793064260367
2001-08-20,2.6372009881614695,2.0662528056429053,2.61356475662891
2001-08-21,2.6165393238869585,2.031004599031443,2.593088275009354
2001-08-22,2.6356323642282593,2.0520478376820077,2.612010191676657
2001-08-23,2.6350502603397046,2.044683037992567,2.6114333049643235
2001-08-24,2.6812894782889436,2.0871204344461027,2.657258098352735
2001-08-27,2.6884354050375143,2.0746707610546316,2.664339978872026
2001-08-28,2.6600737643086183,2.0443328505157297,2.6362325327645935
2001-08-29,2.64901557511154,2.026095357156279,2.625273453920259
2001-08-30,2.6204083052559906,1.9871659609638783,2.5969225801668103
2001-08-31,2.63641952210266,2.001719964461978,2.612790294553786
2001-09-04,2.6449056646521214,1.9889189652892434,2.6212003790284117
2001-09-05,2.637138498907284,1.9938296062145426,2.6135028274421925
2001-09-06,2.583587147172316,1.942448617262394,2.560431436147924
2001-09-07,2.528450263179434,1.9064997207027188,2.5057887231195934
2001-09-10,2.5084435910915897,1.929821931786075,2.4859613632403312
2001-09-17,2.3581639697142465,1.8289906656721844,2.337028641072206
2001-09-18,2.3382043572732703,1.824606575046568,2.317247919062058
2001-09-19,2.287918550328644,1.7877805405424032,2.2674128047195823
2001-09-20,2.206743582384852,1.7309648749639657,2.186965377204289
2001-09-21,2.159021186576983,1.712358733522978,2.1396706991174685
2001-09-24,2.2492274310787748,1.7725584171587117,2.2290684592867063
2001-09-25,2.254047945607474,1.7910408837744254,2.2338457693732643
2001-09-26,2.2255224365514006,1.7847041811276314,2.2055759236282766
2001-09-27,2.2451686778253195,1.8001936287156384,2.2250460830982006
2001-09-28,2.300228471701986,1.8383901371297267,2.278824523106055
2001-10-01,2.2606186867212217,1.8353972379864796,2.2395833127308378
2001-10-02,2.2904726434636644,1.8584571688845417,2.2691594742179992
2001-10-03,2.3842255477686356,1.889614203320891,2.3620399945971338
2001-10-04,2.4035932594007834,1.8911977000232736,2.3812274869557215
2001-10-05,2.410652470503461,1.887500408519728,2.3882210111088495
2001-10-08,2.3740784334057015,1.8751788058529113,2.3519873005567438
2001-10-09,2.3657504941406162,1.8651447240627923,2.3437368539347303
2001-10-10,2.459939858196237,1.9066870925018429,2.43704977274531
2001-10-11,2.5595738277636775,1.9362598093065464,2.5357566342496756
2001-10-12,2.5603561339549055,1.9274595084732482,2.536531660972056
2001-10-15,2.5508913095128167,1.923939967410776,2.5271549080490874
2001-10-16,2.613668689738944,1.9360858004250403,2.5893481359460546
2001-10-17,2.567360761387911,1.8948955750209975,2.5434711093642153
2001-10-18,2.5131880566492786,1.8908461831771775,2.4898024892423045
2001-10-19,2.5318171399809675,1.889613351465746,2.508258226340379
2001-10-22,2.5690996807273097,1.9269313255438432,2.5451938478152325
2001-10-23,2.571429765624865,1.9170731448823608,2.5475022509459615
2001-10-24,2.600516725263292,1.9119679790975392,2.5763185523447514
2001-10-25,2.6950185558642876,1.9462935402262775,2.669941030155671
2001-10-26,2.6809197124317916,1.941892970531826,2.655973378439042
2001-10-29,2.5946512001659174,1.8913746249034404,2.5705076067812014
2001-10-30,2.51254431908791,1.8686667811568498,2.489164741749244
2001-10-31,2.5493823804076654,1.862330132101947,2.525660019740926
2001-11-01,2.597736650499483,1.9100318561056062,2.573564346566598
2001-11-02,2.606447774683963,1.9230582733642465,2.582194412518579
2001-11-05,2.6769007833342355,1.948229183104311,2.6519918460404996
2001-11-06,2.7399665400833797,1.9785046646097522,2.7144707670764827
2001-11-07,2.7340722559166455,1.9758633608824983,2.7086313300507467
2001-11-08,2.727141782427331,1.9820241028417298,2.701765345589428
2001-11-09,2.7499936971565817,1.984136940535359,2.7244046200465495
2001-11-12,2.7563937813782307,1.971992038322342,2.7307451505867375
2001-11-13,2.827342342291615,2.016350027232365,2.801033525188446
2001-11-14,2.88415454778071,2.0182857232585083,2.8573170851360787
2001-11-15,2.9121037191296537,2.0219812044177945,2.8850061855250226
2001-11-16,2.962499113373762,2.0130036078701794,2.934932643556429
2001-11-19,3.02471677495401,2.0378239423552187,2.9965713610680305
2001-11-20,2.9319828622071693,2.0207490155422243,2.904700350387638
2001-11-21,2.9555939259299904,2.007371657059335,2.928091709850453
2001-11-23,3.0185517829376853,2.0362396688595052,2.99046373516722
2001-11-26,3.0482029057722757,2.040639982783911,3.019838950144493
2001-11-27,3.0222630993917616,2.0318387025381637,2.9941405173010818
2001-11-28,2.9319336280053085,1.9950502309900078,2.9046515743169317
2001-11-29,2.955820057258856,2.021981414058142,2.9283157369955832
2001-11-30,2.933232122624697,2.0075464887431806,2.9059379862617396
2001-12-03,2.860484037552904,1.9955774965772937,2.833866832326346
2001-12-04,2.9682817039096907,2.0293745970593267,2.9406614262762623
2001-12-05,3.1128077732074906,2.0665162109347066,3.0838426602257143
2001-12-06,3.1145124597701446,2.0654602211509188,3.085531484440776
2001-12-07,3.080668501857739,2.0517311070609288,3.052002449304239
2001-12-10,3.0430942898019167,2.013357580165568,3.0147778705623534
2001-12-11,3.064090924404508,2.009308718071855,3.0355791285346454
2001-12-12,3.086137402012843,2.011597320701739,3.0574204605762443
2001-12-13,2.9855255486087264,1.9725200311497872,2.957744814581477
2001-12-14,2.973674814729358,1.9913536524072053,2.9460043534432288
2001-12-17,3.0019312138515586,2.011948231880401,2.9739978228079043
2001-12-18,3.0453011108542345,2.023917311911857,3.0169641568352166
2001-12-19,3.012980381205356,2.0381758093742763,2.984944176109542
2001-12-20,2.9529712122334346,2.0181099685309865,2.925493400872748
2001-12-21,2.965425978874198,2.030303388960851,2.9378322741628144
2001-12-24,3.0185277596801425,2.02641738827438,2.9904399354494573
2001-12-26,3.0558590709658384,2.0375444461533947,3.027423873646954
2001-12-27,3.0809882722930575,2.0499082658526535,3.052319244230801
2001-12-28,3.0848384714902126,2.048848463279208,3.056133616784337
2001-12-31,3.0616096561887374,2.0188225890498512,3.031917071319484
2002-01-02,3.0594470827323916,2.040547138930617,3.0297754712735663
2002-01-03,3.0932783857297066,2.063684902938951,3.0632786662008473
2002-01-04,3.125492862497477,2.0774620633509713,3.0951807154573214
2002-01-07,3.1197192167587247,2.0628014135699035,3.0894630645988284
2002-01-08,3.113409813041916,2.0580322167017298,3.0832148517346685
2002-01-09,3.1075618167166996,2.0412530800389606,3.0774235713682776
2002-01-10,3.0947600851086556,2.0502611298811724,3.0647459955295617
2002-01-11,3.0619166781449154,2.0301255153246096,3.0322211156669816
2002-01-14,3.0222190616945546,2.017408809096616,2.9929085008915313
2002-01-15,3.0330450548979315,2.0338345516202807,3.00362949974289
2002-01-16,2.9640163087136533,1.9926799094682444,2.9352702190145847
2002-01-17,2.9998027428309086,2.007692759906178,2.9707095835013138
2002-01-18,2.969532747582677,1.9985075655296072,2.940733157487514
2002-01-22,2.9308102436463477,1.9847318528804114,2.9023861982363663
2002-01-23,2.9728694519588235,1.999921005750505,2.9440375013118607
2002-01-24,3.0042793431802584,2.00610276157928,2.9751427681802376
2002-01-25,3.0269764726089137,2.005573150450223,2.9976197727342266
2002-01-28,3.0370089772326536,2.011048365150952,3.0075549785418394
2002-01-29,2.9820190738980825,1.9478169824538758,2.9530983869468668
2002-01-30,3.0071663699341555,1.975900607706896,2.978001795516661
2002-01-31,3.0465279043696873,1.999038403823144,3.016981587720799
2002-02-01,3.0343236230195396,1.9896769069780402,3.004895667853809
2002-02-04,2.956775636058648,1.940221497778194,2.928099768991289
2002-02-05,2.936816480328642,1.9282115267069468,2.9083341842882864
2002-02-06,2.9106365572558577,1.9199105760844735,2.882408163467913
2002-02-07,2.8940202511334463,1.9078996155204888,2.865953008222052
2002-02-08,2.940721101079841,1.944460695852708,2.9122009366316672
2002-02-11,3.003082814816893,1.9683056173659497,2.97395784417666
2002-02-12,2.9979927127304404,1.9621231694218033,2.968917107719784
2002-02-13,3.033759406196465,1.9829648417274015,3.004336923007173
2002-02-14,3.0216572090076697,1.9792566974733712,2.9923520972528492
2002-02-15,3.0112350953911307,1.9585912782950516,2.982031061019722
2002-02-19,2.948303015422419,1.9209706570215603,2.9197093188586685
2002-02-20,2.9844926043161277,1.9532929092966052,2.9555479281827135
2002-02-21,2.952665545102718,1.9128460730238004,2.924029539166671
2002-02-22,2.9781604769443497,1.9365137174853237,2.949277212045712
2002-02-25,3.025661499812103,1.9684836224472892,2.9963175530136597
2002-02-26,3.0524469991357694,1.9644206722505582,3.02284327698996
2002-02-27,3.059429302751665,1.9720151225694786,3.0297578637294484
2002-02-28,3.0580936150221714,1.9631844388506126,3.028435129977018
2002-03-01,3.109602922650367,2.0089305626447094,3.0794448819269724
2002-03-04,3.203220560692894,2.0444323835477665,3.1721545826505753
2002-03-05,3.202226577214465,2.037896333217564,3.1711702391792365
2002-03-06,3.264529584361139,2.0620943142781893,3.232869009491349
2002-03-07,3.2543097548119446,2.0576793703513196,3.222748295502373
2002-03-08,3.2854353588434764,2.066333969783017,3.2535720322996395
2002-03-11,3.295883016570867,2.0707497254764435,3.2639183649077
2002-03-12,3.288537806772378,2.069513487890334,3.256644391579505
2002-03-13,3.2579415674508243,2.04955509981312,3.226344885524028
2002-03-14,3.2653748030147214,2.0467287633304774,3.2337060309122934
2002-03-15,3.294065786882714,2.06617473331088,3.2621187593626617
2002-03-18,3.2987752443249176,2.066528049190276,3.266782542803116
2002-03-19,3.3236786626973025,2.080344855727162,3.291444438921983
2002-03-20,3.2877935564516143,2.041199006576944,3.2559073592643957
2002-03-21,3.2953793433720695,2.0420848869457986,3.2634195765116316
2002-03-22,3.2897504575134957,2.0376576469109002,3.2578452816002526
2002-03-25,3.242835894723479,2.012327524702151,3.211385713010567
2002-03-26,3.2773812601551264,2.0240171352931458,3.245596045139441
2002-03-27,3.3243412538366375,2.0293301802732904,3.292100604015595
2002-03-28,3.343367618166159,2.0284453923146915,3.310229801843221
2002-04-01,3.3344470235838073,2.029331822951133,3.3013976238092484
2002-04-02,3.2920400817512263,2.018172527256725,3.2594109987380167
2002-04-03,3.2560702950787728,2.0040029379428552,3.2237977269092943
2002-04-04,3.2613575808146664,1.9956783097386406,3.229032607668059
2002-04-05,3.2598035546708215,1.996033540477774,3.2274939842674355
2002-04-08,3.275002252771891,2.000285091918992,3.242542040344192
2002-04-09,3.2626710034351634,1.9862930977010185,3.2303330122891847
2002-04-10,3.304924557356989,2.0087878670324826,3.2721677697552325
2002-04-11,3.2536516182286883,1.9588373479308527,3.221403022795193
2002-04-12,3.2932556299375837,1.973538422227074,3.2606144990082804
2002-04-15,3.286818510295032,1.9584822976039036,3.2542411809313125
2002-04-16,3.363075182469909,2.0050667575347103,3.3297420344572926
2002-04-17,3.3674649750503343,2.0008160160087365,3.3340883175715628
2002-04-18,3.349464967069377,1.9921364761312907,3.316266716821399
2002-04-19,3.355062251237401,1.9993978135867891,3.3218085234602226
2002-04-22,3.297162088067441,1.9660978430015013,3.2644822382454626
2002-04-23,3.292113404206848,1.9575964359283629,3.2594835944575
2002-04-24,3.2748280801667877,1.9379362949223342,3.242369594052332
2002-04-25,3.2663599270020374,1.9389982840119517,3.2339853730590367
2002-04-26,3.227452364996571,1.9021553776174405,3.195463443682273
2002-04-29,3.19631436020825,1.8927682408288984,3.1646340634908197
2002-04-30,3.240583668072967,1.9104807660265752,3.208464595737566
2002-05-01,3.2462350138442706,1.9338612296412083,3.2140599281476314
2002-05-02,3.24855579759548,1.9264216654907784,3.2163577094311337
2002-05-03,3.2054219508159862,1.9055199904202034,3.1736513841374947
2002-05-06,3.1382412817021583,1.868147026848092,3.1071365767917394
2002-05-07,3.1329207376508044,1.861593567077909,3.1018687673575878
2002-05-08,3.2406402604217837,1.9308504325539084,3.20852062717084
2002-05-09,3.1960491359545418,1.9085317324040179,3.1643714680095387
2002-05-10,3.1436250031189883,1.8725749945655261,3.112466937408376
2002-05-13,3.1933147480383957,1.9106575522300053,3.161664182002266
2002-05-14,3.278456981927711,1.9522831376628884,3.2459625279228694
2002-05-15,3.2822696894123644,1.9446672811428654,3.249737445725159
2002-05-16,3.2764353042874403,1.9547639936665593,3.2439608881575683
2002-05-17,3.2777735658754192,1.9643286538875697,3.245285885554541
2002-05-20,3.25254621654821,1.9430726535238523,3.2203085773127853
2002-05-21,3.2100434309225627,1.9253596032143288,3.1782270584050494
2002-05-22,3.217613301063969,1.929610797218226,3.185721899714755
2002-05-23,3.24354722038284,1.9501572929870057,3.211398774773745
2002-05-24,3.2170820521974077,1.925181628535721,3.1851959163258132
2002-05-28,3.1924570321598784,1.914731742656029,3.160814967381906
2002-05-29,3.1664551136447265,1.9005608130286318,3.1350707671012437
2002-05-30,3.1493941658821143,1.8952468449954036,3.1181789190661564
2002-05-31,3.1566792482504846,1.8991434725087144,3.125391795279241
2002-06-03,3.0725283928001876,1.8486623398659603,3.0420750017419014
2002-06-04,3.0634117059272525,1.8532673577545664,3.0330486749877354
2002-06-05,3.083737994396176,1.8706250598272958,3.053173499277204
2002-06-06,3.020055837931905,1.8325428748593318,2.9901225290433957
2002-06-07,3.03049743048307,1.830417125124495,3.0004606296619967
2002-06-10,3.0374061477845915,1.8375026698158519,3.0073008711537628
2002-06-11,2.9856341757638694,1.8059747990071515,2.9560420374700196
2002-06-12,2.9818768855227016,1.816956931759914,2.9523219876427405
2002-06-13,2.942167899910354,1.7987128672081127,2.91300657797593
2002-06-14,2.9325132892761028,1.7960561683032465,2.903447659096341
2002-06-17,3.0031687203875217,1.8442353750179814,2.973402788306867
2002-06-18,2.995969732398306,1.8592917126196282,2.9662751531477727
2002-06-19,2.959716560273766,1.815895844047086,2.9303813046442615
2002-06-20,2.93065288943356,1.7926923269518524,2.901605698622515
2002-06-21,2.892412079618043,1.7647657658825966,2.8637439129157514
2002-06-24,2.888669310441055,1.7740096089642898,2.8600382402270026
2002-06-25,2.8271363739134263,1.7341919632910863,2.7991151879183227
2002-06-26,2.796903798160025,1.7370360381108838,2.7691822625942804
2002-06-27,2.8323168958982468,1.767432431741786,2.8042443631158327
2002-06-28,2.8701579946425033,1.7590777786369425,2.840535558868977
2002-07-01,2.777562793231157,1.7247704847201861,2.7488960175334394
2002-07-02,2.6635495816271524,1.6881518825590918,2.6360595178192963
2002-07-03,2.6786945501578825,1.6977507141633228,2.6510481775829025
2002-07-05,2.7931611992824923,1.765297424077025,2.7643334349624458
2002-07-08,2.724565119790552,1.743255920439999,2.6964453244962034
2002-07-09,2.6691769529325136,1.6993502768277973,2.6416288099368983
2002-07-10,2.5891693070193016,1.6374905280507117,2.5624469099780476
2002-07-11,2.6491378265645524,1.6508229759301007,2.6217965041463764
2002-07-12,2.6639173787933523,1.6326919871854606,2.6364235190105156
2002-07-15,2.666030820892972,1.6414023989370952,2.638515148616547
2002-07-16,2.611504000588254,1.6097610848927848,2.5845510907923015
2002-07-17,2.6182725818784713,1.6129612899295518,2.591249814651352
2002-07-18,2.54538002974703,1.5607013441358344,2.5191095747438057
2002-07-19,2.4355594252734463,1.5057740210303179,2.41042241094098
2002-07-22,2.3694108889407404,1.4611564310131686,2.344956582937463
2002-07-23,2.2644631682776573,1.4211616571834762,2.241092010700607
2002-07-24,2.3691236432663376,1.5059510039743569,2.344672301879139
2002-07-25,2.3103418146528476,1.4931519263915787,2.2864971509976786
2002-07-26,2.319798157086882,1.5215934842854855,2.2958558960531277
2002-07-29,2.459871984746476,1.595717910872453,2.4344840444256763
2002-07-30,2.4832104830585577,1.616514902404854,2.457581669876895
2002-07-31,2.442349158669018,1.6204252519537712,2.417142068597933
2002-08-01,2.388404640894824,1.578119189475762,2.3637543034541104
2002-08-02,2.31387448138436,1.542745647843663,2.2899933576480525
2002-08-05,2.224505057956913,1.4890627275356472,2.201546301564332
2002-08-06,2.3220071615238136,1.5391905351954072,2.2980421017130648
2002-08-07,2.3532196364787015,1.56603247893868,2.3289324377695326
2002-08-08,2.4033258103654194,1.6166936296323464,2.378521473951432
2002-08-09,2.4273683888426807,1.6227368304199121,2.402315912870488
2002-08-12,2.4259604299086317,1.6108275648214605,2.400922485252544
2002-08-13,2.3488229068897235,1.5814976165211914,2.3245810861144904
2002-08-14,2.4413141389819524,1.639268142955094,2.416117731181412
2002-08-15,2.4519941878599227,1.6620211847793105,2.426687553004796
2002-08-16,2.4604668140130346,1.6570434313308966,2.435072734555721
2002-08-19,2.5319744038298984,1.6957950490160008,2.505842306120413
2002-08-20,2.5182538875094447,1.6778416668320684,2.4922633970265426
2002-08-21,2.605203106907737,1.7020160095677848,2.578315227614884
2002-08-22,2.6420227391608706,1.7185476910687167,2.614754850407333
2002-08-23,2.574786422718158,1.6815748560430643,2.5482124690961325
2002-08-26,2.6273471462296842,1.6933072038136767,2.6002307218937326
2002-08-27,2.5972050058629796,1.6737545855312403,2.5703996736755306
2002-08-28,2.52972157602946,1.6371361827089879,2.503612729390803
2002-08-29,2.5472756658965654,1.6378466998122836,2.520985646339685
2002-08-30,2.532716015593695,1.631447632756117,2.5065762638293148
2002-09-03,2.4204728138014744,1.5692323772809624,2.3954915059423816
2002-09-04,2.484758306636005,1.5916300310018936,2.459113518617906
2002-09-05,2.427254809527518,1.5781202752987495,2.4022035057890405
2002-09-06,2.4980011892996203,1.599806804121905,2.472219723634544
2002-09-09,2.5050256245981526,1.6115381874165309,2.4791716608741314
2002-09-10,2.527762051416194,1.630024141964386,2.501673428713679
2002-09-11,2.537465173378151,1.6198919118979354,2.511276406325515
2002-09-12,2.463384718945438,1.590029204502097,2.4379605242639397
2002-09-13,2.4780337833169077,1.5939390863159675,2.452458398014791
2002-09-16,2.4535466752760042,1.5978490188947005,2.4282240174497174
2002-09-17,2.3981219602541635,1.5612311129286907,2.373371331934288
2002-09-18,2.358934968928936,1.545589138408258,2.33458878319928
2002-09-19,2.2316618946005233,1.5055939282736674,2.2086292736561615
2002-09-20,2.2383246341456893,1.5060937854578542,2.2152232481456693
2002-09-23,2.216465688462055,1.493773938292809,2.1935899050998664
2002-09-24,2.181312226042071,1.469668908250578,2.158799255871596
2002-09-25,2.254009603854094,1.5060931824726602,2.2307463358222606
2002-09-26,2.2808865098243345,1.5307343730310956,2.257345849599324
2002-09-27,2.21470771863643,1.4775260462245348,2.191850078996069
2002-09-30,2.1898162289251712,1.460385266562284,2.166173932463121
2002-10-01,2.252849398387417,1.5305567786206018,2.228526565878695
2002-10-02,2.1638406773721464,1.4846691558407774,2.140478825306512
2002-10-03,2.131047022198683,1.4696710280284737,2.1080392260156566
2002-10-04,2.0715984983273166,1.4427099130192913,2.0492325366539785
2002-10-07,2.007026746509217,1.4128919845370085,1.9853579321486954
2002-10-08,2.009911649734751,1.435033414826688,1.988211688588293
2002-10-09,1.9288115624497453,1.3945023310583229,1.9079871963789672
2002-10-10,2.003357005171178,1.4396758395706262,1.9817278110817589
2002-10-11,2.1155122666845854,1.5027048478270282,2.0926721911031705
2002-10-14,2.1327092098731657,1.511097454402142,2.109683467922246
2002-10-15,2.2795491941781902,1.58376915317925,2.254938097988148
2002-10-16,2.1696575512929646,1.545380172675338,2.1462328974926903
2002-10-17,2.255094231007235,1.576091512846915,2.2307471622189543
2002-10-18,2.2685427960136835,1.5826984884687694,2.2440505301277325
2002-10-21,2.339779927156869,1.6100174470782287,2.3145185513559645
2002-10-22,2.320816288823381,1.5984108313022416,2.2957596534721816
2002-10-23,2.3635246646269783,1.6105523599768132,2.338006929358431
2002-10-24,2.3672544099679818,1.5776987023856461,2.3416964065966077
2002-10-25,2.415013343543397,1.6105527001641247,2.388939712033283
2002-10-28,2.405726802888308,1.6000180749523512,2.379753433283451
2002-10-29,2.371818174354337,1.5814482651744541,2.3462108984142507
2002-10-30,2.4278350669473654,1.5968041278292981,2.4016230060193555
2002-10-31,2.432482278624965,1.5805550490245073,2.4062200441916386
2002-11-01,2.5428800260861104,1.6118026223437218,2.5154258851175486
2002-11-04,2.6097790564295673,1.6271582659267907,2.581602641743461
2002-11-05,2.6101084268991785,1.640014443385878,2.581928456172988
2002-11-06,2.692748511551141,1.6612624705143855,2.6636763192059942
2002-11-07,2.5697251592671986,1.62055157241196,2.541981185485798
2002-11-08,2.509358220306618,1.6007322266813617,2.4822659966805785
2002-11-11,2.4297709608860014,1.5759128735066672,2.403537999127223
2002-11-12,2.4916224563865637,1.5884114385064485,2.4647217164946573
2002-11-13,2.5179665577868997,1.5900189108822171,2.490781394459315
2002-11-14,2.6199733616866796,1.6200162076549212,2.5916868844373644
2002-11-15,2.6251024197737207,1.6319800273484526,2.596760566776312
2002-11-18,2.6137494062061672,1.615552516393163,2.5855301257374297
2002-11-19,2.597292875827042,1.6134102937564256,2.569251267879322
2002-11-20,2.698299426869969,1.6492989923307435,2.6691673042056148
2002-11-21,2.82915695276725,1.6800105888669343,2.7986120300785435
2002-11-22,2.8418460021815712,1.6680472334636127,2.8111640824863975
2002-11-25,2.9266382870796366,1.6691181197874965,2.895040909589067
2002-11-26,2.8578457121574936,1.637334772550503,2.8269910519914245
2002-11-27,2.9711960531727573,1.6834011863762115,2.939117608868567
2002-11-29,2.9776260184933308,1.6780446038011623,2.9454781532284504
2002-12-02,2.996085648573647,1.6807227629888288,2.9637384843716363
2002-12-03,2.900120189634021,1.6582246080834604,2.868809114123105
2002-12-04,2.822899245128991,1.650724458181099,2.792421883625191
2002-12-05,2.7859441872942026,1.632512015233987,2.7558658101533657
2002-12-06,2.802791611858995,1.6432245590779522,2.772531341917785
2002-12-09,2.6887279105049102,1.5980506727243402,2.6596991264789795
2002-12-10,2.7473621841706253,1.6194773361442283,2.7177003566671054
2002-12-11,2.7458291172497145,1.6209057151547075,2.7161838414650825
2002-12-12,2.76096550521702,1.6207274155260405,2.7311568097960923
2002-12-13,2.7100381604401766,1.5951944758218433,2.680779300830735
2002-12-16,2.789103997130525,1.636439824188693,2.758991505181365
2002-12-17,2.7860494036203187,1.62215534096335,2.7559698905140344
2002-12-18,2.711046820004101,1.6034064695324957,2.6817770704267607
2002-12-19,2.6752421247712936,1.5919789916241376,2.6463589396956895
2002-12-20,2.7044862410790924,1.6145803173682254,2.675287322628975
2002-12-23,2.7235264157922083,1.6151179726139089,2.6941219305692683
2002-12-24,2.709463707049291,1.60318709615021,2.6802110495116005
2002-12-26,2.7179392401022087,1.6038155454919008,2.6885950766826707
2002-12-27,2.673350342243598,1.5677521491359698,2.6444875817510107
2002-12-30,2.661439191224299,1.5808491505898516,2.6327050291775005
2002-12-31,2.69468340066772,1.583002267132955,2.6648940903184464
2003-01-02,2.8017034383858537,1.6339575271096978,2.7707310379873413
2003-01-03,2.7973730615785466,1.63898194650556,2.766448532829302
2003-01-06,2.8624783179780833,1.6678690033127204,2.8308340606374287
2003-01-07,2.8994424624381,1.6637426953985248,2.8673895721683085
2003-01-08,2.8758788268931763,1.6396999497073208,2.844086428988472
2003-01-09,2.9289773842786033,1.6651776075258733,2.8965979899925594
2003-01-10,2.9332902043607967,1.669663596000548,2.9008631325123795
2003-01-13,2.9220747691765223,1.6691259643226357,2.8897716822382895
2003-01-14,2.9648380859657273,1.6745088955575762,2.932062257140605
2003-01-15,2.944878519776339,1.6578224144133449,2.912323340884157
2003-01-16,2.9443006311586855,1.6510037908228627,2.9117518407362497
2003-01-17,2.874708095338664,1.6266036057982918,2.8429286396911486
2003-01-21,2.813982592138752,1.6013050399173108,2.78287444758496
2003-01-22,2.7631390663769713,1.5819276476292714,2.732592989176914
2003-01-23,2.8209444189671693,1.5916169544710006,2.7897593124890423
2003-01-24,2.718282688018413,1.5498131351618198,2.6882324911788227
2003-01-27,2.650283668735962,1.528641137922374,2.620985190591173
2003-01-28,2.7107971854965722,1.539943910496172,2.680829739735527
2003-01-29,2.7367281736455857,1.5516059057303597,2.7064740648006906
2003-01-30,2.66991205312838,1.5148250877350216,2.6403965862144556
2003-01-31,2.6457286094072683,1.544070300878834,2.616480486742447
2003-02-03,2.6326178429474973,1.5471198397230697,2.6035146577884665
2003-02-04,2.596812933165712,1.5318698794629193,2.568105565774829
2003-02-05,2.598643380666709,1.5223600312512136,2.5699157779603636
2003-02-06,2.574482103512992,1.5151836260638953,2.5460216000077573
2003-02-07,2.538274334298437,1.4967029313767939,2.5102141021103903
2003-02-10,2.5607897661369146,1.507289111210422,2.5324806293144615
2003-02-11,2.5456264320845055,1.4968827871866253,2.5174849235867383
2003-02-12,2.4997178509459657,1.473019481793296,2.472083854748491
2003-02-13,2.4912162515145724,1.4775048261153565,2.463676239190626
2003-02-14,2.5254787312001215,1.509800126604586,2.4975599524353975
2003-02-18,2.5946157105359244,1.5363544912313074,2.5659326331031163
2003-02-19,2.570892640768787,1.528280948379887,2.542471818221861
2003-02-20,2.5709891097754185,1.5130302327960041,2.5425672207784675
2003-02-21,2.5980377220041615,1.5282800645123549,2.569316814761134
2003-02-24,2.548353309916894,1.5035203991871902,2.5201816562042887
2003-02-25,2.564781199121972,1.5155410447786917,2.5364279376220513
2003-02-26,2.5207097481639615,1.493473251625669,2.492843689772874
2003-02-27,2.549507352281498,1.513209500645902,2.5213229408081306
2003-02-28,2.563477611415387,1.5232572117301908,2.5351387608769724
2003-03-03,2.5471319524355027,1.508723814673073,2.518973800641917
2003-03-04,2.5069966132454455,1.4846823006862575,2.479282151450772
2003-03-05,2.5236490704925183,1.4972412282677625,2.4957505183453788
2003-03-06,2.523039191574038,1.4846823688450526,2.4951473815444967
2003-03-07,2.543644344258149,1.4949088610016572,2.5155247474363094
2003-03-10,2.476940488123102,1.4590250687021733,2.449558292166761
2003-03-11,2.427572146304234,1.4446711800762813,2.4007357097701343
2003-03-12,2.4426339517148508,1.454359145009873,2.415631009239576
2003-03-13,2.5375849840140585,1.5045956185968041,2.509532372487331
2003-03-14,2.529245057962596,1.5094404164886859,2.5012846430350595
2003-03-17,2.630495711606537,1.5569862801676628,2.6014159862829365
2003-03-18,2.6680863363882508,1.566136688536208,2.638591052491955
2003-03-19,2.65928856082165,1.578158353757412,2.629890534980484
2003-03-20,2.6814226406891146,1.581567175801528,2.6517799260009025
2003-03-21,2.7581672612232624,1.6151976202277716,2.7276761465641415
2003-03-24,2.63674944520303,1.5615197577147422,2.607600585816816
2003-03-25,2.696165141820515,1.576469747875103,2.6663594510508
2003-03-26,2.6546156558946725,1.568544834452535,2.6252692882984294
2003-03-27,2.663151413534151,1.5698059444994348,2.6337106844506457
2003-03-28,2.6443543120906945,1.5618799942856572,2.615121382071238
2003-03-31,2.6131396257661,1.5263956426954812,2.583689802855929
2003-04-01,2.6529635108089353,1.5498120782500726,2.6230648766869393
2003-04-02,2.7318054200132886,1.5872787852417682,2.701018245439388
2003-04-03,2.720632894955141,1.5797138145513059,2.6899716336241357
2003-04-04,2.7193960912830977,1.5890799377577807,2.6887487686061005
2003-04-07,2.7426904499996145,1.5860177807177214,2.711780602223598
2003-04-08,2.719507407466227,1.5885395489890626,2.6888588302669514
2003-04-09,2.690865702331497,1.5676438997616604,2.6605399142919506
2003-04-10,2.7084873853750766,1.5762894558688458,2.6779630027254706
2003-04-11,2.7064184229551094,1.5698046010474014,2.6759173573055888
2003-04-14,2.7718047656078784,1.6022273452774343,2.740566802399238
2003-04-15,2.801539987176506,1.617177728636218,2.7699669109870073
2003-04-16,2.772023881442601,1.5896177857847995,2.7407834488203617
2003-04-17,2.84821859436423,1.6132140721969892,2.8161194549281223
2003-04-21,2.880379343440773,1.6148353523395471,2.8479177555707493
2003-04-22,2.952827548908079,1.6452766135664998,2.919549476989468
2003-04-23,2.986642456852962,1.6604065773048573,2.952983294294997
2003-04-24,2.9792248756598068,1.6456356003931534,2.9456493085019533
2003-04-25,2.9385433973981474,1.6252807336518906,2.9054263064421453
2003-04-28,3.0257614277724696,1.653380212255998,2.9916613983145317
2003-04-29,3.067020117782205,1.653380212255998,3.032455107003594
2003-04-30,3.0701739186643606,1.6555411801934166,3.035573364864414
2003-05-01,3.0672894207346353,1.6553607262047754,3.0327213749386157
2003-05-02,3.1445582399909835,1.6789578933568243,3.10911938230985
2003-05-05,3.181882854118401,1.6757158256647522,3.1460233517593457
2003-05-06,3.205759866411138,1.6915664216597153,3.1696312725053817
2003-05-07,3.173261386525394,1.6822002183829854,3.1374990472460835
2003-05-08,3.1476847300389967,1.6652688731849608,3.1122106371269025
2003-05-09,3.2208381489182836,1.6883245207342068,3.1845396242727957
2003-05-12,3.2702869093738673,1.709038574279095,3.233431102130779
2003-05-13,3.2731343330923672,1.7059759771539869,3.2362464356680136
2003-05-14,3.285649871184291,1.7023729558902376,3.248620924894121
2003-05-15,3.377202076467116,1.7131813217871847,3.3391413459561456
2003-05-16,3.4068790924087704,1.7088589653123156,3.3684839048885507
2003-05-19,3.2923194038088655,1.668869956665042,3.2552152925513322
2003-05-20,3.2750246062539645,1.665447104383922,3.2381154056396437
2003-05-21,3.2926484943197365,1.668869598183431,3.255540674244974
2003-05-22,3.3332541190220137,1.6854414732933924,3.2956886776074485
2003-05-23,3.3826904563081848,1.688864604925651,3.3445678723038963
2003-05-27,3.4525604695892103,1.7184062245950107,3.4136504575050868
2003-05-28,3.468784804872558,1.7232693142106148,3.429691946148239
2003-05-29,3.475636665207166,1.7187664114925825,3.4364665867003796
2003-05-30,3.5517038710432627,1.7463251121344547,3.511676522714743
2003-06-02,3.5784956009997577,1.7535304495471216,3.538166312547222
2003-06-03,3.555432075486376,1.7607357061643105,3.515362710665688
2003-06-04,3.6539716174155954,1.7861343187257306,3.61279172178712
2003-06-05,3.711933163495593,1.7949596083945545,3.6701000470247154
2003-06-06,3.6819885614780836,1.7879341364872983,3.6404929176848366
2003-06-09,3.6006238995938684,1.76974190664854,3.5600452274235734
2003-06-10,3.63194176368169,1.787754339774409,3.5910101423072205
2003-06-11,3.6985439038624413,1.8066669929348822,3.6568616830119907
2003-06-12,3.7223811484327487,1.8122514006100439,3.6804302842138616
2003-06-13,3.647539263184519,1.7933387449932774,3.606431859546572
2003-06-16,3.7136388207777853,1.8311656391414206,3.6717864817194847
2003-06-17,3.724044428714627,1.8311656391414206,3.682074819492884
2003-06-18,3.726928491098174,1.8295450575507803,3.6849263787810655
2003-06-19,3.674891647317342,1.8016261999725554,3.6334759850387393
2003-06-20,3.6511252914711525,1.7976680272112155,3.6099774736521377
2003-06-23,3.5496458804529536,1.7792275485880829,3.509641725473093
2003-06-24,3.5371791688952166,1.7810352437774482,3.4973155125110034
2003-06-25,3.522725525025139,1.7631376206127287,3.483024759765526
2003-06-26,3.564547786421383,1.7860971987083478,3.52437568844779
2003-06-27,3.54359218720587,1.7654874231324522,3.5036562567450216
2003-06-30,3.5537554040672594,1.7649454184935507,3.5125270592070486
2003-07-01,3.567842202145078,1.781214685361224,3.526450431471019
2003-07-02,3.6271889487695352,1.803631272176495,3.585108675973646
2003-07-03,3.5970205979259307,1.7850105829225449,3.5552903185963953
2003-07-07,3.6638968248494836,1.8204430429935572,3.6213906912944718
2003-07-08,3.6993978770849245,1.8285786029526956,3.656479883551371
2003-07-09,3.714611902989533,1.8182745625250571,3.671517406282467
2003-07-10,3.6466274302063817,1.7951352004423633,3.6043216448680937
2003-07-11,3.6759172572700956,1.8121279502497507,3.6332716705235004
2003-07-14,3.695973027906549,1.8209856316705715,3.6530947672321727
2003-07-15,3.677518701924178,1.817008599051003,3.6348545362645837
2003-07-16,3.6533056143151486,1.8063427585745735,3.610922353054583
2003-07-17,3.5905508434440594,1.7806728216324703,3.548895621972652
2003-07-18,3.63613968468685,1.7989318407454897,3.593955571309605
2003-07-21,3.575864678891449,1.7766952442620347,3.5343798366915453
2003-07-22,3.6396823724281573,1.7927849963940716,3.597457159105836
2003-07-23,3.6369702850117926,1.794050702601526,3.594776535553067
2003-07-24,3.6264905569911776,1.7804930614419663,3.584418386479721
2003-07-25,3.689059095145421,1.8119490323584617,3.6462610453949296
2003-07-28,3.702219893525816,1.8052593165309943,3.6592691608040537
2003-07-29,3.680075701502196,1.7969442921190526,3.637381871206625
2003-07-30,3.6683570109938324,1.792606468597877,3.6257991332776203
2003-07-31,3.7074044328412326,1.7967635229985555,3.664393552486745
2003-08-01,3.685780971531939,1.7808549787659262,3.643020952426627
2003-08-04,3.6792154620039175,1.7808549787659262,3.636531611644122
2003-08-05,3.61899874401092,1.7430723595364284,3.5770134886115232
2003-08-06,3.6008045293319046,1.753196123800616,3.5590303513061468
2003-08-07,3.6185199991423596,1.7716362406307509,3.5765402978276684
2003-08-08,3.622126754841902,1.7766978053702331,3.5801052103076034
2003-08-11,3.6479195761988645,1.783387072607452,3.6055988002282655
2003-08-12,3.6896421241342634,1.79965691287085,3.6468373104629377
2003-08-13,3.691747343661627,1.7904372705062126,3.648918106610858
2003-08-14,3.7258917806910854,1.7953180025056126,3.682666422223718
2003-08-15,3.730733755258859,1.8009229853094353,3.687452223370817
2003-08-18,3.7931050044508092,1.8164703534416113,3.74909988214118
2003-08-19,3.83399623139931,1.8233402443183275,3.789516715831085
2003-08-20,3.8342285329262893,1.8159283662251735,3.789746322347749
2003-08-21,3.8782769703662554,1.8217139139999667,3.8332837386388627
2003-08-22,3.832917564956682,1.803635225117431,3.7884505633707164
2003-08-25,3.822970597238938,1.8065282560185192,3.7786189938638097
2003-08-26,3.8377315422169227,1.8097818134076085,3.7932086920167247
2003-08-27,3.8555257599670756,1.8103247479516307,3.810796472895876
2003-08-28,3.893618980979978,1.8215324684661993,3.848447761284221
2003-08-29,3.9235687790515943,1.8338259910958774,3.878050101395739
2003-09-02,3.9823019432252,1.8584120961584998,3.9361018818296225
2003-09-03,3.997106715431761,1.8685348668462751,3.9507348987562874
2003-09-04,3.997946483056767,1.8694392377218285,3.9515649239467945
2003-09-05,3.972990283183395,1.8589535530374468,3.926898249574699
2003-09-08,4.0257757553402005,1.8743196631068546,3.979071339222792
2003-09-09,3.9875184519585325,1.8620260004365368,3.9412578720419607
2003-09-10,3.9075009272912866,1.843225123910129,3.862168658337836
2003-09-11,3.9458660007402986,1.8486478922246725,3.9000886453082075
2003-09-12,3.9635378476675873,1.8520826800084258,3.91755547503071
2003-09-15,3.946412276164406,1.8455744614708762,3.9006285832022907
2003-09-16,4.011354995343396,1.8725106207360436,3.9648178794474993
2003-09-17,4.00326452297443,1.8688948027274022,3.9568212674450978
2003-09-18,4.0427471384585765,1.8909496302943882,3.9958458314591576
2003-09-19,4.042781788105799,1.881370079467317,3.995880079123845
2003-09-22,3.9800963986921682,1.861043757128752,3.933921924581103
2003-09-23,4.009525507011304,1.8681213065371125,3.9630096156419445
2003-09-24,3.9276248642410727,1.8349117140708022,3.8820591305388774
2003-09-25,3.8704869284404504,1.819848923809995,3.825584071682203
2003-09-26,3.8212237079020324,1.8138598010017364,3.776892370793945
2003-09-29,3.871764155917469,1.8316446963505586,3.826846481601765
2003-09-30,3.8311231299813646,1.8138594263489947,3.785372464776377
2003-10-01,3.913221811144155,1.8525145845839182,3.8664907365009387
2003-10-02,3.9392421443740653,1.859229949953035,3.892200339035506
2003-10-03,4.004547337025844,1.8762883847438538,3.9567256674271727
2003-10-06,4.0271209431750385,1.8848179917408994,3.9790297031495347
2003-10-07,4.053919322754552,1.8920764258270937,4.005508060727513
2003-10-08,4.043882676841349,1.8873575872210808,3.995591270849049
2003-10-09,4.077719465726988,1.8924383538458798,4.029023986164771
2003-10-10,4.0734228041064435,1.897701224907925,4.024778634596303
2003-10-13,4.1185149593713595,1.9036903699737344,4.069332306489919
2003-10-14,4.143803700806343,1.9104046859086319,4.0943190537828205
2003-10-15,4.123468395672491,1.905323009444115,4.074226589639836
2003-10-16,4.136977637453448,1.9129443014818914,4.08757450619659
2003-10-17,4.0743085591930335,1.892074079152724,4.025653812136038
2003-10-20,4.092408798205533,1.9062286853388657,4.043537900963043
2003-10-21,4.101349048526575,1.902961409372195,4.052371388231736
2003-10-22,4.033370397789272,1.8790069311510176,3.9852045277672716
2003-10-23,4.017577967794619,1.8755589534323553,3.969600688468596
2003-10-24,3.999621677963497,1.8797320721037423,3.9518588298046584
2003-10-27,4.042922357402134,1.8806399826945683,3.9946424193923735
2003-10-28,4.106964113449116,1.9062279702991107,4.057919398938931
2003-10-29,4.139936090128367,1.9087689721835195,4.090497629498564
2003-10-30,4.144433679008995,1.9127621168733273,4.094941508885626
2003-10-31,4.158653006709908,1.9109469056244146,4.108991031628823
2003-11-03,4.20557898513627,1.9234693406969714,4.155356627458344
2003-11-04,4.1951968702914275,1.9192954122276589,4.145098494183465
2003-11-05,4.192008428156187,1.920746399559303,4.141948127918855
2003-11-06,4.2255534391148695,1.9309090687593713,4.175092549673379
2003-11-07,4.23040499183687,1.916572068923833,4.179886165921722
2003-11-10,4.173006711708131,1.9087677874591753,4.123173326956947
2003-11-11,4.167871960454274,1.9082237886397495,4.118099894088732
2003-11-12,4.233982830986126,1.929637875995865,4.183421279082923
2003-11-13,4.242979559665472,1.9301820338768956,4.192310570254319
2003-11-14,4.193645355701965,1.9138488335062294,4.143565507535326
2003-11-17,4.138129374871048,1.9042298292690272,4.088712489748495
2003-11-18,4.096235824676534,1.8844486898025805,4.047319225690493
2003-11-19,4.117866646298127,1.9004193924486574,4.0686917354686525
2003-11-20,4.087284802031741,1.8833612279820384,4.0384750947394314
2003-11-21,4.114542728175958,1.891163993549568,4.0654075110498775
2003-11-24,4.200233797996938,1.9162086783161447,4.150075271696646
2003-11-25,4.237151779856439,1.9234672767896062,4.186552384868089
2003-11-26,4.26558409498173,1.9303629069768968,4.214645165792533
2003-11-28,4.270459146643178,1.9318145398829436,4.219462000359709
2003-12-01,4.339299776485729,1.9526839323572989,4.287480546311564
2003-12-02,4.317529080352812,1.9477846483710144,4.265969832381321
2003-12-03,4.317175298130546,1.9446993574879947,4.2656202749702805
2003-12-04,4.322001151726392,1.9526842930498403,4.270388498987359
2003-12-05,4.276002654928322,1.9390740835272828,4.224939308947527
2003-12-08,4.313504413797102,1.9521395647020894,4.261993227755732
2003-12-09,4.271732594772429,1.9370768558208482,4.220720241173235
2003-12-10,4.24498953285165,1.936894770596401,4.194296540659274
2003-12-11,4.337100624622221,1.9586712785022162,4.285307656371056
2003-12-12,4.358485142762434,1.9624828528101816,4.3064368039849725
2003-12-15,4.322072892859529,1.9526822134432475,4.270459383399254
2003-12-16,4.333611828989788,1.9628459243642196,4.281860523383108
2003-12-17,4.350563112636113,1.969015149104496,4.298609377486822
2003-12-18,4.434314353223812,1.9911547554410272,4.381360474033557
2003-12-19,4.452790900928913,1.9856312921494337,4.399616377734406
2003-12-22,4.499494102624672,1.9994890129373448,4.445761857197727
2003-12-23,4.5277636775468215,2.0007646869275986,4.4736938413367415
2003-12-24,4.521002204874552,1.9987599207112972,4.467013113099464
2003-12-26,4.536191424936455,2.0002190154534163,4.4820209459028
2003-12-29,4.604655508349686,2.0268399303300857,4.549667442083114
2003-12-30,4.600464443777134,2.0272047615175453,4.5455264265394275
2003-12-31,4.593821041284236,2.0290272185981495,4.538232618051307
2004-01-02,4.5884480716894895,2.028116185376999,4.53292466511811
2004-01-05,4.6525306086894975,2.05017803324153,4.596231758939861
2004-01-06,4.652115916771617,2.0521831073580397,4.595822085082028
2004-01-07,4.659347738863696,2.0591112775284803,4.602966397107089
2004-01-08,4.717007620031785,2.067316835969431,4.659928553690537
2004-01-09,4.691761937732942,2.049265025357746,4.634988361670881
2004-01-12,4.719596465509511,2.0643988475700126,4.662486072341031
2004-01-13,4.690002062941065,2.052365466687527,4.63324978258554
2004-01-14,4.734623488648934,2.0695047706998344,4.677331258070007
2004-01-15,4.74645137652607,2.074610238969151,4.689016020293933
2004-01-16,4.808418001992313,2.082815322464274,4.750232806580161
2004-01-20,4.8366035063884825,2.082267542034466,4.778077246809197
2004-01-21,4.854498345227166,2.0986778925332397,4.795755545676884
2004-01-22,4.815421260004909,2.093208737945298,4.757151320309745
2004-01-23,4.800603705802831,2.0864623261829003,4.74251306879858
2004-01-26,4.839832240824133,2.1127183680955857,4.781266911317067
2004-01-27,4.797366713758305,2.091020750455244,4.739315246604634
2004-01-28,4.719960854286247,2.067135020422794,4.662846051760642
2004-01-29,4.702423982192291,2.069140141392604,4.645521387991602
2004-01-30,4.724115190203983,2.069140141392604,4.666950117330192
2004-02-02,4.729365956249718,2.078074688523137,4.672137345462145
2004-02-03,4.724863133138602,2.074610538017369,4.667689009636148
2004-02-04,4.64506029343745,2.057652671479615,4.588851839687612
2004-02-05,4.663557610861251,2.0636692478910215,4.607125326731342
2004-02-06,4.752981065412638,2.0868256805216063,4.6954666954126285
2004-02-09,4.7561091242956355,2.087372428849903,4.69855690261191
2004-02-10,4.79342531945132,2.094118816539946,4.735421545904536
2004-02-11,4.849504518802866,2.1163646407280496,4.790822148018601
2004-02-12,4.826355776375823,2.1087076334578954,4.767953521442777
2004-02-13,4.785321050237592,2.0992268839378685,4.727415343973579
2004-02-17,4.855514296851881,2.1181892003804794,4.796759203581751
2004-02-18,4.838868421762806,2.108890349790809,4.780314755135384
2004-02-19,4.802333088254244,2.1010494954702867,4.744221524521944
2004-02-20,4.766903831190289,2.0946686081525434,4.709220986060389
2004-02-23,4.714600609054435,2.0893816645855665,4.657550669216755
2004-02-24,4.715627956239214,2.085735693580865,4.658565584787499
2004-02-25,4.753708277019269,2.0944874405511302,4.696185107254053
2004-02-26,4.789922319013636,2.095762983402426,4.731960934203628
2004-02-27,4.82480388727727,2.097221634438874,4.7664204112795066
2004-03-01,4.901038710296295,2.1180071980577977,4.841732740024376
2004-03-02,4.880360335692668,2.105608383920367,4.821304588106591
2004-03-03,4.883746305591412,2.1094363799623346,4.824649585419314
2004-03-04,4.908144892851504,2.114906148495577,4.8487529328381695
2004-03-05,4.915630299928349,2.1220164629668195,4.856147761293662
2004-03-08,4.854273759382061,2.096125740102161,4.795533677476391
2004-03-09,4.8000791840309125,2.087739141016012,4.741994894104178
2004-03-10,4.709146769056401,2.0527298433603147,4.652162824468278
2004-03-11,4.6350243139003275,2.026107990021775,4.578937302468997
2004-03-12,4.722859941198714,2.052729022902671,4.665710057709173
2004-03-15,4.63161893694848,2.02756667053993,4.575573132941985
2004-03-16,4.650453908268613,2.038324939293815,4.594180188035533
2004-03-17,4.727781411313104,2.0611174887649986,4.670571974619119
2004-03-18,4.713236855775398,2.0616636848995213,4.656203418298994
2004-03-19,4.67751897130714,2.0322128191607316,4.620917745025069
2004-03-22,4.593762601890671,2.006411845208667,4.538174885814968
2004-03-23,4.595493050466304,2.00293473348092,4.539884394761707
2004-03-24,4.584252155876418,2.0045811458318417,4.528779522798814
2004-03-25,4.678768443182225,2.031113781878072,4.622152097423188
2004-03-26,4.685392658563315,2.031662182599179,4.628696155200212
2004-03-29,4.757734532255459,2.0602070362646976,4.7001626420072045
2004-03-30,4.795974994288298,2.0671602350120906,4.737940367906223
2004-03-31,4.806163700503473,2.0695395364425893,4.745435566688707
2004-04-01,4.869201794837478,2.081981608135682,4.807677145117989
2004-04-02,4.969368894015588,2.0977172251299714,4.9065785859911015
2004-04-05,5.013962559070603,2.109244181282061,4.950608789161025
2004-04-06,4.989653108856278,2.1024735074601453,4.926606500258211
2004-04-07,5.020131057402678,2.097532694717614,4.956699345621891
2004-04-08,5.040939389435015,2.092775490565994,4.977244754613969
2004-04-12,5.052478652840231,2.1010105621213713,4.988638214010859
2004-04-13,4.952028485464284,2.0715501920193056,4.889457281639432
2004-04-14,4.921539969336369,2.0748439568246164,4.8593540022205834
2004-04-15,4.864003755660069,2.0669761485403373,4.802544785604949
2004-04-16,4.884609468041954,2.082895998836395,4.822890135140944
2004-04-19,4.88232380985331,2.082895998836395,4.820633357316139
2004-04-20,4.811676743022692,2.047947086871919,4.750878949328508
2004-04-21,4.854220083972764,2.061670380301048,4.792884735200741
2004-04-22,4.925747780276137,2.090581184044009,4.863508645494468
2004-04-23,4.917292457948729,2.092594413724244,4.855160160132623
2004-04-26,4.88498047686117,2.0896668741394433,4.823256456089621
2004-04-27,4.900589523049336,2.0914974223211895,4.838668274654111
2004-04-28,4.828798210385922,2.064416713696975,4.767784078916759
2004-04-29,4.794810018668708,2.046301457034284,4.734225343952033
2004-04-30,4.749510481576506,2.030381231698557,4.689498187769367
2004-05-03,4.744465602780501,2.052157070408524,4.684517053384436
2004-05-04,4.753212792677856,2.0505091882809863,4.693153718432517
2004-05-05,4.7921811945382835,2.0636837098156913,4.731629736248163
2004-05-06,4.698629842128339,2.0459339662275666,4.6392604490781295
2004-05-07,4.6103438744242675,2.0120819428223653,4.552090016007254
2004-05-10,4.515146883749047,1.9914057887779228,4.458095883983702
2004-05-11,4.565676726406009,2.0082411333162513,4.5079872583658105
2004-05-12,4.56666412732309,2.0210496952645425,4.508962183008933
2004-05-13,4.581056631560558,2.0126320232837656,4.523172831201179
2004-05-14,4.571681529516543,2.01354777085436,4.513916187971081
2004-05-17,4.491619357291969,1.996348045795722,4.434865638864517
2004-05-18,4.5562671643246935,2.0064116362945783,4.498696590517156
2004-05-19,4.57935780832869,1.9994574135631813,4.521495473398078
2004-05-20,4.546147841847986,2.0058616756588243,4.488705130428787
2004-05-21,4.5366571213625555,2.009337833942741,4.479334329650537
2004-05-24,4.5688907233792175,2.017754950129127,4.511160644978985
2004-05-25,4.665280337055404,2.0466673608095274,4.606332330652204
2004-05-26,4.708826665663103,2.05380408989667,4.6493284309623215
2004-05-27,4.742951670793454,2.0653320922532603,4.6830222506385075
2004-05-28,4.75965776344303,2.0651482776970496,4.6995172539675485
2004-06-01,4.756060058974867,2.0624036956359904,4.695965008183685
2004-06-02,4.764555440928564,2.07008821180593,4.704353046999643
2004-06-03,4.703102389041798,2.051057890874798,4.643676483262441
2004-06-04,4.741036670935271,2.067343290528344,4.681131447702216
2004-06-07,4.81020611843972,2.0988165247833477,4.749426906777285
2004-06-08,4.783362347838346,2.1017443738354205,4.722922319814827
2004-06-09,4.732187929177411,2.0821645232487698,4.672394513949045
2004-06-10,4.75836160188524,2.0924108548676768,4.698237470019305
2004-06-14,4.701535919808045,2.0717336507998745,4.64212980710258
2004-06-15,4.760205479548292,2.0863725207764263,4.700058049422782
2004-06-16,4.758277535445992,2.08600740558529,4.698154465798971
2004-06-17,4.763067586571452,2.0828971685435627,4.702883992380563
2004-06-18,4.796695016827481,2.0868088494260877,4.7360865242744685
2004-06-21,4.792449294457875,2.0789123647398595,4.731894448599455
2004-06-22,4.828664035401781,2.0893796884963245,4.767651599296513
2004-06-23,4.896646022332265,2.1073776051330317,4.834774601919223
2004-06-24,4.883123412542001,2.1007667615857297,4.8214228566496145
2004-06-25,4.888307156626152,2.0906662749960256,4.826541101694611
2004-06-28,4.865953823546893,2.0835036523378894,4.804470213468885
2004-06-29,4.917387987336068,2.0921356079695252,4.855254482461321
2004-06-30,4.946661750788355,2.103338994150202,4.8825213212678955
2004-07-01,4.893255718557653,2.074138338894415,4.829807773387013
2004-07-02,4.864447465524064,2.073036971436462,4.801373059887031
2004-07-06,4.804684849772244,2.0548564371969644,4.74238535053405
2004-07-07,4.81408776578901,2.0609162088302586,4.751666344514817
2004-07-08,4.739809410608,2.0462239371775075,4.678351112717899
2004-07-09,4.759673485980331,2.0519165321707353,4.6979576224044
2004-07-12,4.738540162670683,2.052833738860616,4.677098322365912
2004-07-13,4.740954215934272,2.05430356781764,4.679481074032383
2004-07-14,4.743588227317988,2.0480584849714742,4.682080931752472
2004-07-15,4.743823824444986,2.0348362193924983,4.682313474031234
2004-07-16,4.711059465177913,2.0331839323823515,4.6499739507813045
2004-07-19,4.709293624005912,2.0245530665893883,4.648231006224625
2004-07-20,4.741064519317377,2.0502648905350735,4.6795899471769316
2004-07-21,4.668301088712727,2.01243340277492,4.607769996827752
2004-07-22,4.661628850559012,2.0179434454317176,4.601184273629495
2004-07-23,4.599318743799138,2.001047204963118,4.539682105073685
2004-07-26,4.582560495016603,1.9971911869991539,4.5231411505653645
2004-07-27,4.5983964015582535,2.015922843142019,4.5387717222976836
2004-07-28,4.603848110437992,2.021982707208504,4.544152742101276
2004-07-29,4.66941789006487,2.0306145513855776,4.608872317279032
2004-07-30,4.680700925282189,2.035573312120061,4.6200090520696
2004-08-02,4.682004307529715,2.0397971267427106,4.621295534132436
2004-08-03,4.627080641757098,2.024002977590342,4.56708403096381
2004-08-04,4.632925194446763,2.023818793319381,4.572852800804601
2004-08-05,4.531334507292633,1.9907617371493025,4.472579379846874
2004-08-06,4.45702310294036,1.9622958350698048,4.3992315274076965
2004-08-09,4.510908913858695,1.9650508984222428,4.452418632970485
2004-08-10,4.595278264460521,1.9874564087660531,4.53569401623462
2004-08-11,4.562863740347702,1.9863553579155966,4.503699792033956
2004-08-12,4.510507106622249,1.9646842209607376,4.452022035730202
2004-08-13,4.504494215232109,1.9685408960864834,4.446087109937034
2004-08-16,4.584293316627018,1.9889251370654588,4.5248515037055315
2004-08-17,4.632772415748933,2.0001287523625484,4.5727020030975485
2004-08-18,4.690588137702647,2.0206980764518447,4.629768062869782
2004-08-19,4.667048647485849,2.0148218864455227,4.606533795263557
2004-08-20,4.7430826710383185,2.028963921266484,4.6815819307212845
2004-08-23,4.729014424096394,2.0238225266899947,4.667696098394894
2004-08-24,4.729771691162993,2.02657694914882,4.668443546428506
2004-08-25,4.773137583895358,2.0403515926721845,4.71124713934606
2004-08-26,4.777163037247842,2.0403515926721845,4.715220397032042
2004-08-27,4.810827058867802,2.046778700189102,4.748447917246635
2004-08-30,4.772233070620895,2.029882542019041,4.710354354358842
2004-08-31,4.77796657392217,2.040533335717015,4.716013514722817
2004-09-01,4.781922827865362,2.0443899437215203,4.71991847026721
2004-09-02,4.824931354152792,2.067530393494504,4.762369330498601
2004-09-03,4.803980266910657,2.0590824643066856,4.741689903580609
2004-09-07,4.837627835001003,2.0726724085711097,4.77490118360875
2004-09-08,4.785343667586432,2.0675301083254447,4.723294953988198
2004-09-09,4.81318773340185,2.0656941415892516,4.7507779823138945
2004-09-10,4.8309091405961055,2.0763448605832857,4.768269606529973
2004-09-13,4.870622390446097,2.083140737311975,4.807467918219367
2004-09-14,4.863896001979886,2.0873653467272435,4.800828746843607
2004-09-15,4.811203466648375,2.0715723405139053,4.748819444370731
2004-09-16,4.8273250378274755,2.0778160595482142,4.764731976696547
2004-09-17,4.864081658124665,2.0866093771122225,4.801011995695254
2004-09-20,4.826513913624692,2.074068854755778,4.763931369860299
2004-09-21,4.864518827001247,2.083105572755949,4.801443496062258
2004-09-22,4.837252482159862,2.057104248996809,4.774530697745313
2004-09-23,4.796612333429057,2.046039085241455,4.734417505723233
2004-09-24,4.7833295193447904,2.05544472691631,4.721306922012402
2004-09-27,4.745061521952519,2.042351544005853,4.6835351230491495
2004-09-28,4.771786047439724,2.0521262384954646,4.709913127462176
2004-09-29,4.799247322245322,2.0624525377275735,4.737018328202084
2004-09-30,4.837738446722789,2.060977884163098,4.7741054728411445
2004-10-01,4.918079221235612,2.09583108116218,4.853389488609666
2004-10-04,4.946085299233888,2.099335310729883,4.881027189927513
2004-10-05,4.938552061449179,2.1004416604386376,4.8735930402453285
2004-10-06,4.972511694847786,2.1137185521742703,4.907105987141785
2004-10-07,4.930529065581051,2.0921417131936755,4.865675574490524
2004-10-08,4.87814937571538,2.074806226958153,4.813984858506736
2004-10-11,4.885352783317986,2.083290109620185,4.821093516413199
2004-10-12,4.862441756379561,2.0751756946432143,4.798483848631501
2004-10-13,4.825019900004848,2.0569182988817434,4.761554218952282
2004-10-14,4.804363497781315,2.040321025128067,4.74116951978125
2004-10-15,4.812051325902967,2.0517549841528844,4.748756226403373
2004-10-18,4.83023095687828,2.059500359218062,4.766696732424791
2004-10-19,4.797191004818124,2.0421655446945235,4.734091369879889
2004-10-20,4.815712752518036,2.0381077617572156,4.752369492609041
2004-10-21,4.872007606355149,2.051386033825064,4.807923874632033
2004-10-22,4.836754985445075,2.0283346089629717,4.773134947476867
2004-10-25,4.8402227647198215,2.0259371174551775,4.776557113473747
2004-10-26,4.895790327980969,2.056917747855302,4.8313937713044774
2004-10-27,4.971541312315774,2.0816295576780357,4.906148368492524
2004-10-28,4.974897339532578,2.087899425905762,4.9094602523571025
2004-10-29,5.032094379270052,2.0875298677073766,4.965904953419013
2004-11-01,5.018640496289749,2.0932476120150274,4.9526280354800685
2004-11-02,5.014416602275932,2.0939844351744563,4.948459700265142
2004-11-03,5.083424747849821,2.1203560751510433,5.016560150316984
2004-11-04,5.1746085041458905,2.149309537357231,5.106544525198219
2004-11-05,5.221878143887585,2.1627706629896988,5.15319240587125
2004-11-08,5.213209930172595,2.1596346455283637,5.144638209113355
2004-11-09,5.251088518786428,2.1553931230845462,5.182018563424845
2004-11-10,5.250149350174159,2.157052775789321,5.1810917481244445
2004-11-11,5.289440570592331,2.173465790360302,5.219866153251716
2004-11-12,5.348544377550126,2.1906166089120354,5.278192540957545
2004-11-15,5.377261308791645,2.19598361960387,5.306531745342647
2004-11-16,5.350133752166626,2.180262572871126,5.279761009806904
2004-11-17,5.402013973458831,2.1932089720288346,5.330958826954525
2004-11-18,5.415406369395797,2.1961676109321018,5.344175066617178
2004-11-19,5.383631314844392,2.1717528156013697,5.312817963808854
2004-11-22,5.486911164550925,2.1821099047789727,5.4147393266829
2004-11-23,5.50914378318336,2.185439804493665,5.4366795095715785
2004-11-24,5.56461366820494,2.1906192968303153,5.491419773969046
2004-11-26,5.595042570539701,2.1887704141437907,5.521448431113033
2004-11-29,5.594179334433143,2.178966911458841,5.520596549543568
2004-11-30,5.572166477599995,2.1804464299917217,5.498873237827285
2004-12-01,5.632836615233743,2.2052315645614375,5.558745353549359
2004-12-02,5.603769951103352,2.2070817538441045,5.5300610164711195
2004-12-03,5.608902871557959,2.205603009069029,5.535126421288653
2004-12-06,5.609479870847615,2.204864132060991,5.535695831044248
2004-12-07,5.560114046486887,2.1843346421273715,5.486979337821772
2004-12-08,5.562178403092283,2.197097709441322,5.489016541005919
2004-12-09,5.596461017793233,2.2048666469419063,5.522848220884765
2004-12-10,5.6177719064746,2.2070869476553767,5.543878797755608
2004-12-13,5.723400711182078,2.2263217104041932,5.6481182187572205
2004-12-14,5.748219339017272,2.2340893468517935,5.6726103958935585
2004-12-15,5.783188665169838,2.235753743415198,5.707119754595995
2004-12-16,5.684791696239635,2.2344592419977607,5.610017045746805
2004-12-17,5.64951810409062,2.219624667090138,5.575207423196941
2004-12-20,5.610570351686831,2.2201817928815775,5.53677196829306
2004-12-21,5.656813315499627,2.2372794128685585,5.582406677372593
2004-12-22,5.663841225117018,2.242669018974159,5.589342145698656
2004-12-23,5.688212032037553,2.2443420500623135,5.613392392312481
2004-12-27,5.659796374426466,2.2396962620186844,5.585350498768738
2004-12-28,5.725148127997041,2.2519608387494987,5.649842651004127
2004-12-29,5.737405721219886,2.2553050005950417,5.661939014528843
2004-12-30,5.760106767356498,2.2510311976189143,5.684341463481709
2004-12-31,5.79556134336136,2.246200484668824,5.717138510996243
2005-01-03,5.705961717586164,2.235607403183126,5.628751305557208
2005-01-04,5.613439959218605,2.2064304909641828,5.537481508460819
2005-01-05,5.545672696291679,2.193050696466976,5.47063124052118
2005-01-06,5.545979436849416,2.2042001662078143,5.4709338304087884
2005-01-07,5.535102994078992,2.2010415473696385,5.4602045625878795
2005-01-10,5.544101179561737,2.211448071805602,5.469080988822484
2005-01-11,5.540111928764366,2.19620898314279,5.465145718705846
2005-01-12,5.558048173267734,2.203456472787161,5.482839258316175
2005-01-13,5.519534045063887,2.1858023795271904,5.444846285327651
2005-01-14,5.5691199167320455,2.197323743869678,5.493761184113096
2005-01-18,5.602315615237649,2.2201825027771545,5.526507693912909
2005-01-19,5.554010398015595,2.196952733250597,5.478856120355053
2005-01-20,5.553912118294856,2.183573291105101,5.478759170509647
2005-01-21,5.5298212386667,2.170192353977209,5.454994277425791
2005-01-24,5.499813155811346,2.165919245232228,5.425392249948327
2005-01-25,5.586948478755572,2.1720509626154807,5.5113484983526595
2005-01-26,5.623740365437829,2.1785562552485143,5.547642534388412
2005-01-27,5.662937426369844,2.182272872219968,5.586309198978023
2005-01-28,5.645325033115536,2.182272872219968,5.568935128412736
2005-01-31,5.720933746519864,2.1958400626665595,5.643520739980096
2005-02-01,5.723406337145734,2.2097770595443045,5.645959872663125
2005-02-02,5.764653647618586,2.216466054703545,5.686649043773269
2005-02-03,5.7420808003791715,2.2107054594273703,5.664381641772061
2005-02-04,5.834611236734283,2.2343069509122166,5.755659999429519
2005-02-07,5.8071423757698835,2.2313330883605524,5.728562834276973
2005-02-08,5.843960769106778,2.2339348227415807,5.764883018291678
2005-02-09,5.770223299284875,2.2172093527237147,5.692143329511551
2005-02-10,5.785150462790019,2.2252001752309307,5.706868505603934
2005-02-11,5.840038311406734,2.2443413471382674,5.761013637459333
2005-02-14,5.879144712720499,2.2426693128346495,5.799590869194358
2005-02-15,5.906304540472678,2.2510322267022103,5.82638318282794
2005-02-16,5.920209546088311,2.252517907971834,5.840100032394514
2005-02-17,5.878121220007227,2.2343063006858817,5.798581225907002
2005-02-18,5.874804792586883,2.2372801623720946,5.795309674835341
2005-02-22,5.768976028519474,2.2040162809179464,5.690912936232274
2005-02-23,5.80805440443955,2.2198124656032854,5.729462521800162
2005-02-24,5.841963592037902,2.2344943052507853,5.762912866091176
2005-02-25,5.859923044749158,2.2566090953898525,5.7806292998667494
2005-02-28,5.835287268116734,2.241742554669424,5.756326883070688
2005-03-01,5.905539166106547,2.2528929821363497,5.825628165150671
2005-03-02,5.8930104652309465,2.251777800110192,5.813268996810455
2005-03-03,5.875530177994384,2.2527077843416374,5.796025244665911
2005-03-04,5.924088177318057,2.280769765211181,5.843926179795913
2005-03-07,5.970243467391511,2.2818850616263693,5.88945691801636
2005-03-08,5.910306157619579,2.273337120185517,5.830330651958436
2005-03-09,5.823339318552716,2.2480621580832945,5.744540607586235
2005-03-10,5.846490300746933,2.2530798328201365,5.767378321489747
2005-03-11,5.812967849172889,2.2372834901122345,5.734309480091581
2005-03-14,5.874489886668398,2.2512217662556337,5.7949990300768315
2005-03-15,5.857998735201638,2.2326379305751933,5.778731029178302
2005-03-16,5.814174064019764,2.21368283454461,5.735499373001868
2005-03-17,5.834093264541937,2.2181434054562175,5.75514903619524
2005-03-18,5.825615226468544,2.2115843554062833,5.746785718977899
2005-03-21,5.831112682698058,2.203374954279015,5.752208786194378
2005-03-22,5.800891983074849,2.180986461368586,5.722397018979969
2005-03-23,5.814269351101434,2.182851204793056,5.735593370703202
2005-03-24,5.824607484192771,2.185464077685193,5.745791613000471
2005-03-28,5.8797897380526685,2.1886351860619144,5.800227166344644
2005-03-29,5.789318975875177,2.1740829507097885,5.710980612314709
2005-03-30,5.868996519696331,2.204867965291839,5.789579996783881
2005-03-31,5.913849717797457,2.2007625011404657,5.832660832911961
2005-04-01,5.919183475750242,2.1908744752228415,5.837921365828417
2005-04-04,5.936490772938936,2.194605534454146,5.854991058034537
2005-04-05,5.957001023688388,2.2050540514036823,5.875219731729023
2005-04-06,5.977990421046448,2.2127033839080017,5.895920974019362
2005-04-07,6.00136697583823,2.224643131367569,5.91897660141079
2005-04-08,5.967835129098822,2.2015090674444777,5.885905100025904
2005-04-11,5.979581161827487,2.203188818862938,5.897489876154454
2005-04-12,6.006018993755595,2.214570492301184,5.923564753628957
2005-04-13,5.896799259820688,2.1884518479149837,5.815844453874627
2005-04-14,5.785996424062933,2.1599056820107805,5.706562786071186
2005-04-15,5.677379214709681,2.1296821218024036,5.599436739078758
2005-04-18,5.705197674736092,2.13621172718785,5.626873290558868
2005-04-19,5.788199275996468,2.153190337995539,5.708735395928813
2005-04-20,5.7159288648036695,2.1231533327805012,5.637457156396603
2005-04-21,5.849455714735117,2.1643849705030984,5.769150869443361
2005-04-22,5.809204101368622,2.15617545830998,5.729451854428195
2005-04-25,5.897482515612272,2.170354468123826,5.816518329519866
2005-04-26,5.867936839995617,2.1492716448204714,5.787378274703702
2005-04-27,5.91805054281744,2.15766669986514,5.8368039864801435
2005-04-28,5.859277217590692,2.1306138747822305,5.778837536802126
2005-04-29,5.909785766705538,2.15953269690465,5.82865267418426
2005-05-02,5.963557628579852,2.171660632530467,5.881686323606092
2005-05-03,5.992807968822289,2.1753915454971544,5.910535097589639
2005-05-04,6.042271505924458,2.192183392836847,5.959319569512365
2005-05-05,6.039204926872271,2.1914380504832827,5.95629509030132
2005-05-06,6.10377716054716,2.1845350206242604,6.0199808375254555
2005-05-09,6.205505287119816,2.1981555964778527,6.12031237920806
2005-05-10,6.177556949175372,2.1753936952763246,6.09274773285207
2005-05-11,6.0998941031247425,2.1873344312696967,6.016151089050189
2005-05-12,6.054886309032407,2.1632671905224363,5.971761189018048
2005-05-13,6.076016858635566,2.15897526841644,5.992601645730594
2005-05-16,6.1983471017901195,2.179124984596571,6.113252465750737
2005-05-17,6.230283995206074,2.193677181243707,6.14475091029043
2005-05-18,6.348353075386251,2.216252313115886,6.26119906714372
2005-05-19,6.365584266568211,2.2255805191017908,6.278193698172132
2005-05-20,6.391803186734307,2.222409066862071,6.304052669236915
2005-05-23,6.450665144952146,2.2347234355015537,6.362106535099029
2005-05-24,6.478617838214131,2.2294986521093514,6.3896754769801385
2005-05-25,6.435713345043033,2.227819839624313,6.347360002489488
2005-05-26,6.463122246015657,2.239760953964699,6.374392617588766
2005-05-27,6.475557628740502,2.2434923957140045,6.386657279902248
2005-05-31,6.527538909953425,2.2291273139042476,6.437924930830676
2005-06-01,6.575540796103865,2.248157373783048,6.485267818224815
2005-06-02,6.623760537506911,2.253008897395672,6.532825570023662
2005-06-03,6.548362510969423,2.241628949454926,6.458462652930824
2005-06-06,6.553859384112687,2.239575617337225,6.463884061694342
2005-06-07,6.588109120502428,2.2412552990502284,6.497663597108783
2005-06-08,6.5360904747199084,2.2371515605976673,6.446359094574043
2005-06-09,6.602144006268422,2.2477869791167486,6.511505803523894
2005-06-10,6.589666179792101,2.2425631221772813,6.499199280152276
2005-06-13,6.689425552992425,2.2496518642064838,6.5975890966926425
2005-06-14,6.743499057406754,2.254875555835171,6.650920247524323
2005-06-15,6.829886334307572,2.259166584017925,6.7361215479437355
2005-06-16,6.919356804455536,2.264950050473011,6.824363713679494
2005-06-17,6.920745429279071,2.273300921309105,6.82573327462648
2005-06-20,6.851444919869559,2.274051110613137,6.757384164280091
2005-06-21,6.90606542891952,2.275363238103961,6.811254810138857
2005-06-22,6.903951458229357,2.277235862048921,6.809169861309443
2005-06-23,6.817257891931636,2.2452042624133406,6.7236664764181375
2005-06-24,6.704814094605257,2.228719972718702,6.612766375153183
2005-06-27,6.741998280691985,2.2319048135597166,6.6494400743747
2005-06-28,6.858991096397849,2.2506371906599236,6.764826742359531
2005-06-29,6.884373678237299,2.244643743821196,6.789860856853109
2005-06-30,6.853332131803167,2.23246879615471,6.757867645761171
2005-07-01,6.87156453403479,2.2390255570090165,6.7758460770958795
2005-07-05,6.923667378298739,2.2570071712573556,6.8272231472176585
2005-07-06,6.929277920474439,2.2380889371478765,6.832755536530645
2005-07-07,6.954461102343811,2.2468935790266165,6.857587925607862
2005-07-08,7.053525020947329,2.2725553505926794,6.955271918958542
2005-07-11,7.135505064576791,2.284168108434208,7.036110009654704
2005-07-12,7.159184700555201,2.290161765550739,7.059459796701986
2005-07-13,7.165650459886581,2.2933450904048547,7.065835490298976
2005-07-14,7.173577179894467,2.3023372965043323,7.073651793908389
2005-07-15,7.179186146446292,2.301024964245325,7.079182629545382
2005-07-18,7.175397122431712,2.29184617566295,7.075446385291535
2005-07-19,7.273158102548038,2.3043963253208806,7.1718455896260584
2005-07-20,7.352261027106133,2.3122635343755262,7.249846638499138
2005-07-21,7.2709679227488575,2.298776101179514,7.169685918254726
2005-07-22,7.327392669409165,2.3141365230875954,7.225324688205255
2005-07-25,7.241050802272805,2.3075805743176883,7.14018553265671
2005-07-26,7.317202032329709,2.310391207457207,7.215276003086175
2005-07-27,7.304692006353261,2.318819514582011,7.202940237334863
2005-07-28,7.322498943975956,2.333430396343392,7.220499130631755
2005-07-29,7.284349927120008,2.3178827496125565,7.182881516050951
2005-08-01,7.290151390503662,2.316197648853588,7.188602167107179
2005-08-02,7.323655659802433,2.3300600917819767,7.221639733817004
2005-08-03,7.313043024431464,2.336241741205474,7.2111749286929525
2005-08-04,7.2293690436548115,2.3175097549244885,7.128666496793296
2005-08-05,7.154711489658761,2.301773863688551,7.0550488960468964
2005-08-08,7.112680311207971,2.297464943015726,7.013603197005444
2005-08-09,7.132220243302495,2.31132554901694,7.032870944775785
2005-08-10,7.113025686636455,2.310202244800118,7.013943761476699
2005-08-11,7.1477889693890395,2.3193806783187085,7.048222804029435
2005-08-12,7.0698228843530035,2.3051443197151884,6.971342758907058
2005-08-15,7.097645158969395,2.3193808910337492,6.998777479105291
2005-08-16,6.963768187069803,2.2892219813076373,6.866765365944409
2005-08-17,6.947479073097827,2.28903426510517,6.850703153553078
2005-08-18,6.906021906455198,2.288846564295431,6.809823470538877
2005-08-19,6.941442504113579,2.2940926006207962,6.844750671833893
2005-08-22,6.961406232242645,2.2940926006207962,6.864436312310319
2005-08-23,6.972182417362693,2.28978429471683,6.875062388993448
2005-08-24,6.940592005666049,2.2693662881608403,6.843912020528109
2005-08-25,6.916768945509265,2.2776086265194406,6.8204208071503905
2005-08-26,6.883147475842335,2.262061670034819,6.787267672631971
2005-08-29,6.917032813344054,2.279481806955757,6.820680999399824
2005-08-30,6.862027509132754,2.2674940121329765,6.766441899568398
2005-08-31,6.94405228876766,2.2961528689523254,6.847324103113315
2005-09-01,6.9600271202861235,2.2944674927465143,6.863076410894247
2005-09-02,6.927050207865127,2.2903466291295413,6.830558855167917
2005-09-06,6.998134856902099,2.3171322329572113,6.900653320254178
2005-09-07,7.0579599856114115,2.3210667234887725,6.959645106137722
2005-09-08,7.02804121877594,2.313386313700748,6.930143097113495
2005-09-09,7.062520105906077,2.3339916455968805,6.964141705573946
2005-09-12,7.097614226729473,2.3293096583558133,6.998746977740503
2005-09-13,7.0642841606082785,2.316384319061597,6.965881187619773
2005-09-14,7.013252549979486,2.307954996524532,6.91556042922853
2005-09-15,6.973887299306256,2.3068310224412243,6.876743522536183
2005-09-16,6.999455868142806,2.323158772418063,6.901955930276799
2005-09-19,6.915418805924278,2.3154458852936353,6.819089474530991
2005-09-20,6.879309203420469,2.2958826830087893,6.783482865983685
2005-09-21,6.79437787717086,2.274439138749487,6.699734602987595
2005-09-22,6.8080881309176755,2.28252704432688,6.713253877762098
2005-09-23,6.852620870927529,2.2844078466114053,6.75716629249728
2005-09-26,6.864381861840197,2.2870417688585483,6.768763456977605
2005-09-27,6.870552595760799,2.2864768695416404,6.774848234763158
2005-09-28,6.899295533956869,2.288733622211878,6.803190794023922
2005-09-29,6.947382849378945,2.3073570476958163,6.850608270196477
2005-09-30,6.990201375396467,2.314505239829578,6.891319688439339
2005-10-03,6.9980680285433845,2.3062285690919473,6.899075061825903
2005-10-04,6.952011408864505,2.280269660318248,6.853669947876949
2005-10-05,6.801354292101363,2.2503593631838537,6.70514399001147
2005-10-06,6.773200594074166,2.2422715716325707,6.67738854734281
2005-10-07,6.837999086705276,2.249984985838987,6.741270416271749
2005-10-10,6.772945015223988,2.2309861126185626,6.67713658384883
2005-10-11,6.692189945262468,2.22778910951918,6.597523855447919
2005-10-12,6.609662513234335,2.210294281642126,6.516163836382722
2005-10-13,6.642194754035237,2.208976946250267,6.548235884024925
2005-10-14,6.68794008860948,2.2323037428026695,6.593334116232556
2005-10-17,6.710840400491289,2.2405811250809817,6.615910485877353
2005-10-18,6.646028361502969,2.2163156314963546,6.5520152622146774
2005-10-19,6.70215622347026,2.253186258341928,6.607349153110383
2005-10-20,6.648007401548298,2.213494129214977,6.553966307241303
2005-10-21,6.652822367433566,2.222146677766078,6.558713161791313
2005-10-24,6.751117397245093,2.2565699519513522,6.655617734040135
2005-10-25,6.714998003478178,2.2520545554774976,6.6200092764245175
2005-10-26,6.7150770290594615,2.245471800011837,6.620087184129167
2005-10-27,6.6073777266688705,2.221582225531511,6.5139113698518045
2005-10-28,6.709247824550937,2.253561901668037,6.614340438128556
2005-10-31,6.844899854542579,2.259770464707133,6.748073567527152
2005-11-01,6.817526932424889,2.26654299678986,6.7210878561020575
2005-11-02,6.978872288772141,2.290244236907291,6.88015086031644
2005-11-03,7.031549224564263,2.3000258700431218,6.932082640998556
2005-11-04,7.024171197298713,2.2970151361792355,6.9248089815105915
2005-11-07,7.042945195494198,2.2992731020580996,6.943317407297958
2005-11-08,6.973814039316426,2.2992731020580996,6.875164163626145
2005-11-09,7.002405031257869,2.3022828505486936,6.903350714355793
2005-11-10,7.068104529049004,2.3201531700346525,6.968120843045103
2005-11-11,7.057556130107934,2.3280532915786205,6.957721659187545
2005-11-14,7.064486147546507,2.326735613415587,6.964553646286482
2005-11-15,7.076202753899387,2.318270949253981,6.976104512378191
2005-11-16,7.075006111238458,2.3229747210100173,6.974924797133032
2005-11-17,7.160940059989576,2.3446085845867835,7.059643145164932
2005-11-18,7.196058385122387,2.3538252409327938,7.094264695019647
2005-11-21,7.276543896708685,2.36567675102089,7.173611678152489
2005-11-22,7.304762088406718,2.375834966989774,7.201430702180218
2005-11-23,7.319746312629235,2.3895672930989744,7.216202963214652
2005-11-25,7.350801659308216,2.3914478825586434,7.246819008519643
2005-11-28,7.228668260209794,2.3745188229980108,7.126413278752634
2005-11-29,7.275676396230852,2.371885481623306,7.17275644912523
2005-11-30,7.27680433278083,2.3590939032209115,7.173868430159357
2005-12-01,7.392472848368507,2.3831731746910876,7.287900727083947
2005-12-02,7.428772904566764,2.3861831224107224,7.323687291524134
2005-12-05,7.385184192127314,2.3811053247262324,7.280715174399589
2005-12-06,7.40105707469292,2.385619900421913,7.296363523032525
2005-12-07,7.317631183820014,2.3716998083029512,7.214117754502657
2005-12-08,7.330260254044314,2.3701937789246785,7.226568176973991
2005-12-09,7.369758433612721,2.376401316431682,7.265507624909686
2005-12-12,7.372030914448495,2.378658897682292,7.267747959784775
2005-12-13,7.399676180218249,2.3948361568454297,7.295002162354928
2005-12-14,7.399049732355935,2.4042406784333616,7.294384576071572
2005-12-15,7.349859587005353,2.3972804016692972,7.245890262542243
2005-12-16,7.3313482095154585,2.389599515262349,7.2276407424918965
2005-12-19,7.265714468351708,2.377307415355839,7.162935440252726
2005-12-20,7.253854722971289,2.379577743937504,7.151243459943311
2005-12-21,7.325233451677239,2.3833588929726206,7.221612482529475
2005-12-22,7.353331224344149,2.395840543495118,7.249312790944378
2005-12-23,7.410395910414004,2.397165443315671,7.305570253856953
2005-12-27,7.34613073923048,2.3727694905990475,7.242214162140238
2005-12-28,7.366865292771976,2.3780655121020646,7.262655409734967
2005-12-29,7.353227394692205,2.367475986376674,7.249210430041419
2005-12-30,7.295882535937807,2.354615856818676,7.191800420189276
2006-01-03,7.41468181969089,2.3960311951242597,7.308904928739834
2006-01-04,7.486533301708209,2.4073787988643685,7.379731386816432
2006-01-05,7.518650460411773,2.4088906327500554,7.411390366291746
2006-01-06,7.599489276733365,2.428937420595801,7.4910759465249175
2006-01-09,7.630977401084837,2.435177360829312,7.522114865370775
2006-01-10,7.630787180987505,2.437634454786389,7.521927358928726
2006-01-11,7.652551677831014,2.445388569987065,7.54338136627785
2006-01-12,7.613374606027749,2.4357439574670363,7.50476318950915
2006-01-13,7.632107520515265,2.433473844098677,7.523228862663713
2006-01-17,7.5907795053637805,2.4268547952427286,7.482490427626143
2006-01-18,7.587967885178791,2.417210474286434,7.479718917650727
2006-01-19,7.70193489842307,2.426478059244848,7.592060092237985
2006-01-20,7.569917238103494,2.3822263788784,7.461925778769806
2006-01-23,7.59217587526875,2.390735691503753,7.483866877098818
2006-01-24,7.69330759936124,2.3931933677946193,7.583555869107698
2006-01-25,7.722109649637611,2.3952730528312327,7.61194703306348
2006-01-26,7.7805034553888905,2.408511726994231,7.669507800341445
2006-01-27,7.820985012039197,2.4308265881448325,7.7094118523452355
2006-01-30,7.82917204889774,2.428935405059256,7.717482093995829
2006-01-31,7.779656600587336,2.4111580268296273,7.668673026660858
2006-02-01,7.82467637490754,2.427987909856898,7.713050554708772
2006-02-02,7.7741761016340885,2.399811110163009,7.663270711796182
2006-02-03,7.722386455874489,2.38789604800105,7.612219890418415
2006-02-06,7.7431614479504285,2.3941356203744766,7.632698509146886
2006-02-07,7.676153458820409,2.3729547025410236,7.566646447315084
2006-02-08,7.716743276059909,2.3945129960136087,7.606657215476516
2006-02-09,7.703840616807173,2.390540498953222,7.5939386238903275
2006-02-10,7.6939306747886045,2.394888892120818,7.584170055821678
2006-02-13,7.667067891278958,2.3905397738927263,7.557690493303986
2006-02-14,7.716749267218325,2.415879495495989,7.606663121165844
2006-02-15,7.775354036627845,2.424388223079126,7.664431842521809
2006-02-16,7.863915093324729,2.442542042093542,7.751729498648781
2006-02-17,7.870490331606646,2.4359227531594687,7.758210935432584
2006-02-21,7.806725554445267,2.4298719210406206,7.69535581832734
2006-02-22,7.878770822371116,2.444623673473258,7.7663732977877835
2006-02-23,7.83217337605485,2.4410300766732522,7.720440604608264
2006-02-24,7.826441427738177,2.4472717905793053,7.7147904275242265
2006-02-27,7.880139311917594,2.448216437490469,7.767722264639554
2006-02-28,7.767762982010603,2.424955933117872,7.656949080907017
2006-03-01,7.874426252643917,2.44651379136329,7.7620907071298735
2006-03-02,7.871360503435702,2.446325409801355,7.759068693502978
2006-03-03,7.8311634666094525,2.434979352550696,7.719445102400271
2006-03-06,7.748045973510934,2.4238222771573086,7.637513352698084
2006-03-07,7.697632552150967,2.420041114404943,7.587819122680827
2006-03-08,7.637296695364831,2.425147401156338,7.528344009416653
2006-03-09,7.601637820201543,2.4088843626841836,7.493193839150122
2006-03-10,7.670608177237017,2.4317663552453204,7.561180274000879
2006-03-13,7.704734375736923,2.436304031264208,7.594819632570892
2006-03-14,7.804968550366941,2.461834061207825,7.693623879441736
2006-03-15,7.903487484547584,2.4728015319505063,7.790737355261406
2006-03-16,7.876665400386994,2.4779078671139843,7.764297911481122
2006-03-17,7.902436790972131,2.479976920183024,7.789701650744482
2006-03-20,7.881754338287952,2.4759891172953696,7.769314251252789
2006-03-21,7.816369446836742,2.4604200977258164,7.704862132198434
2006-03-22,7.832559581977584,2.475418818641553,7.720821300967299
2006-03-23,7.830202742770314,2.470292226268146,7.718498084123047
2006-03-24,7.857866541119555,2.472191880990146,7.745767234306333
2006-03-27,7.8618838608334185,2.4685849530357817,7.749727243457232
2006-03-28,7.833454672187738,2.4533957498197525,7.72170362193639
2006-03-29,7.919553182120173,2.4687736343796227,7.806573861672256
2006-03-30,7.888638200285325,2.464406373820405,7.776099908966075
2006-03-31,7.8612247587240915,2.464975651692758,7.747655451131155
2006-04-03,7.8580696582367615,2.4630776204409544,7.744545931655527
2006-04-04,7.875383348598604,2.4788363910565354,7.761609495111367
2006-04-05,7.951733469928714,2.4873809400965072,7.836856603783753
2006-04-06,7.946302159541904,2.484721929871544,7.831503758289996
2006-04-07,7.859302462245483,2.45946970089826,7.745760925628031
2006-04-10,7.863078895536849,2.463267122116447,7.749482801655453
2006-04-11,7.753700425405284,2.4423810801880212,7.641684497146887
2006-04-12,7.757243691868695,2.446938563283652,7.64517657485394
2006-04-13,7.781145274945002,2.443711051318681,7.66873285725209
2006-04-17,7.733797793829122,2.442762891430769,7.622069394315513
2006-04-18,7.884918085306272,2.4814953398372954,7.771006485668887
2006-04-19,7.918038042098295,2.486242440422404,7.803647966056046
2006-04-20,7.915055510381808,2.489661023777985,7.800708522289885
2006-04-21,7.906320309160724,2.490039452253599,7.79209951651351
2006-04-24,7.867547032530627,2.485482680055975,7.753886388500856
2006-04-25,7.863468822733276,2.4752300640007436,7.74986709566328
2006-04-26,7.898691118293163,2.4757993669154637,7.784580542813235
2006-04-27,7.899169218010297,2.4877599536570325,7.7850517355336235
2006-04-28,7.862475722315882,2.4961138515814127,7.7488883423393995
2006-05-01,7.851648678351704,2.4757979809433914,7.738217714191339
2006-05-02,7.900656607819972,2.494403602770181,7.7865176373645175
2006-05-03,7.897036585435318,2.485099477331848,7.782949912611381
2006-05-04,7.921130304588499,2.494023469554947,7.806695555340655
2006-05-05,7.993896421496734,2.5160481908145864,7.878410436879446
2006-05-08,7.99250377953035,2.5130113206482734,7.877037914091522
2006-05-09,7.961332887321918,2.5179468748820266,7.8463173405998035
2006-05-10,7.941718396551733,2.516617398932089,7.8269862158704
2006-05-11,7.815300935150555,2.4862393103095792,7.702395078483562
2006-05-12,7.729625501259742,2.453773997395557,7.617957377898098
2006-05-15,7.694330793119425,2.458710990678316,7.5831725642956185
2006-05-16,7.666170528243313,2.4551040616549913,7.555419124294992
2006-05-17,7.560009754677662,2.408398161986067,7.450792031029471
2006-05-18,7.504624777772936,2.3962477932588473,7.396207188158717
2006-05-19,7.558232704604963,2.413146132696909,7.449040653590813
2006-05-22,7.504091846021629,2.3947290014121663,7.395681955549955
2006-05-23,7.46364284440991,2.3765027189824184,7.355817311369407
2006-05-24,7.453127256830164,2.395488599204369,7.345453640066958
2006-05-25,7.514774372183123,2.425106420244932,7.406210153710817
2006-05-26,7.569440387674825,2.4374477868175584,7.460086421838871
2006-05-30,7.460993297014679,2.3941587141236784,7.3532060413765326
2006-05-31,7.549232025215378,2.4209301968650094,7.440170004948029
2006-06-01,7.652208570442091,2.444093656988614,7.541658871689689
2006-06-02,7.63536974854488,2.449218921387319,7.525063316382897
2006-06-05,7.481738010801436,2.4135240048270203,7.373651061050311
2006-06-06,7.44778503748711,2.407637419779247,7.340188598539125
2006-06-07,7.3990520632282655,2.389599400230261,7.292159658360635
2006-06-08,7.370405918232746,2.3875108903544597,7.263927357639034
2006-06-09,7.348076041050777,2.379916218212242,7.241920075061344
2006-06-12,7.236031517298125,2.354094127244639,7.131494232795703
2006-06-13,7.143563725068049,2.32675367805082,7.040362301511029
2006-06-14,7.154126743155952,2.34479067256307,7.050772718103981
2006-06-15,7.315894509781186,2.3945354066814954,7.210203462978743
2006-06-16,7.280524456283033,2.3771726304476477,7.175344392515501
2006-06-19,7.207506996117566,2.358483299227068,7.1033817988177494
2006-06-20,7.194392108127209,2.366492708511243,7.090456378600412
2006-06-21,7.279194586074812,2.3840378854521456,7.174033734636572
2006-06-22,7.239818480168015,2.373548118756156,7.13522648628325
2006-06-23,7.2432414329494215,2.373165977509036,7.13859998845241
2006-06-26,7.265024840948824,2.383655371129626,7.160068696562235
2006-06-27,7.162119547724631,2.363058205067695,7.058650052461789
2006-06-28,7.1912842100905054,2.379077376639849,7.087393379652452
2006-06-29,7.392991595332825,2.427134739647974,7.2861867446522
2006-06-30,7.472487559274141,2.4263726193397246,7.362977812301114
2006-07-03,7.482164653953202,2.4372427686743667,7.372513088585526
2006-07-05,7.39162112628869,2.4233212379796987,7.283296481672091
2006-07-06,7.462391770990767,2.4303779494246958,7.353029978391924
2006-07-07,7.36221971459372,2.414548897840093,7.2543259494037935
2006-07-10,7.349424173644241,2.4191268825503975,7.241717927863434
2006-07-11,7.37559101794187,2.4298073277368575,7.267501295510831
2006-07-12,7.27779488661176,2.4038715643205943,7.171138372267315
2006-07-13,7.135349958099678,2.3647774010700484,7.03078098260427
2006-07-14,7.083747233233184,2.355623347750506,6.979934498721574
2006-07-17,7.054637874845476,2.3521912045328337,6.951251739702055
2006-07-18,7.025523408269169,2.3642061972055872,6.922563947354745
2006-07-19,7.1527421235639235,2.3970071939856172,7.047918264855366
2006-07-20,7.0382404416024436,2.3806068707643675,6.935094611812659
2006-07-21,6.938882090779103,2.363823592325479,6.837192363494943
2006-07-24,7.015624369598801,2.4069231878843493,6.912809979681344
2006-07-25,7.0531141680887535,2.4155062759723447,6.949750362957935
2006-07-26,7.062689173468444,2.4187478853946995,6.959185046067692
2006-07-27,6.895892224098446,2.4164597498951164,6.794832515852162
2006-07-28,6.967062314190667,2.4406799259683147,6.8649596040663265
2006-07-31,6.940970296430512,2.438200195163531,6.839249966369067
2006-08-01,6.909620742559071,2.426184744601765,6.80835984206308
2006-08-02,6.979193753722605,2.442585753475273,6.876913256634684
2006-08-03,6.977878270113631,2.44907081865075,6.875617051515774
2006-08-04,6.950372630385314,2.4448755603384016,6.848514508563874
2006-08-07,6.931573439160091,2.4401080529957415,6.829990820597512
2006-08-08,6.881912243359038,2.4298107970120997,6.781057412557015
2006-08-09,6.845080094645051,2.4216101855721837,6.744765041160041
2006-08-10,6.879303601129007,2.4290469504520757,6.778487000133092
2006-08-11,6.854596942982048,2.422182463770098,6.7541424195219975
2006-08-14,6.871436985845917,2.4240887213690856,6.770735670562074
2006-08-15,6.978495270198636,2.453075974299217,6.876225009428052
2006-08-16,7.08321254583358,2.475197813435447,6.979407647197424
2006-08-17,7.139744574266088,2.4797744541924893,7.035111195410942
2006-08-18,7.136480408653175,2.4923617893219707,7.03189486633807
2006-08-21,7.091199129305403,2.481682019054726,6.987277186816282
2006-08-22,7.127027679873714,2.481490929539259,7.022580667857745
2006-08-23,7.117043326091972,2.474624644137224,7.012742635370972
2006-08-24,7.058571344691677,2.472526162438996,6.955127564315105
2006-08-25,7.046436106777011,2.4755772597234453,6.943170169029542
2006-08-28,7.08716099929716,2.487400616715884,6.983298235842051
2006-08-29,7.154527284691683,2.4902611274251076,7.049677264341258
2006-08-30,7.2356850269361175,2.491787657496219,7.129645635074856
2006-08-31,7.261816841870884,2.4914064139846226,7.155394486716776
2006-09-01,7.314852320461865,2.506282601682525,7.207652727233419
2006-09-05,7.279878336919784,2.511049551190925,7.173191289487892
2006-09-06,7.182709179373975,2.4889272046449333,7.077446151690798
2006-09-07,7.159821372596007,2.477485606285181,7.054893767074344
2006-09-08,7.2317332172700866,2.484541485291881,7.125751739413121
2006-09-11,7.241923225742498,2.4870210576942022,7.135792412708913
2006-09-12,7.352384363026264,2.5114311693754705,7.24463473549505
2006-09-13,7.385837082459884,2.5215396798322067,7.277597203347561
2006-09-14,7.386369603037191,2.521731316847874,7.278121919804321
2006-09-15,7.393075587728101,2.5276296463979815,7.284729627893115
2006-09-18,7.382921067997379,2.531077333235668,7.274723923249406
2006-09-19,7.370759433925583,2.524757233134579,7.26274051864396
2006-09-20,7.4217007364443655,2.538166218799757,7.312935273362553
2006-09-21,7.362173885388658,2.525906875962954,7.25428079182844
2006-09-22,7.314451253409048,2.5182458004081587,7.207257537841971
2006-09-25,7.381551818199672,2.537590964646894,7.273374739888441
2006-09-26,7.414092614603219,2.558660582426357,7.305438648996798
2006-09-27,7.412460075044426,2.561725857804104,7.30383003440176
2006-09-28,7.430597954677349,2.560767772333285,7.321702102336305
2006-09-29,7.38230260696729,2.5586602604566546,7.272964519309282
2006-10-02,7.367019381474282,2.5490831951017654,7.257907651192501
2006-10-03,7.38617359890319,2.5544464661442596,7.276778178610887
2006-10-04,7.466772990151864,2.584328380905215,7.356183825336382
2006-10-05,7.403509661220656,2.5893083816952194,7.293857479318565
2006-10-06,7.394284674324702,2.586051031751047,7.284769122208676
2006-10-09,7.49877407229931,2.5875845600128757,7.387710944641702
2006-10-10,7.4818546656095135,2.591033810231373,7.3710421285427135
2006-10-11,7.510608386192126,2.5879686172338694,7.399369982429128
2006-10-12,7.579300096245179,2.6103804254591143,7.467044310695627
2006-10-13,7.622642045545894,2.617083882391693,7.509744329408528
2006-10-16,7.65248012972484,2.6211063403189288,7.539140486557765
2006-10-17,7.592971809482687,2.6128708241976466,7.480513534403782
2006-10-18,7.570942828907787,2.6163198136855876,7.4588108214905295
2006-10-19,7.589718515015643,2.620534704905435,7.477308423953921
2006-10-20,7.562852846992655,2.621108602005809,7.450840658986616
2006-10-23,7.5799051045490335,2.633176186009444,7.467640358319533
2006-10-24,7.578897322174466,2.64103095057231,7.46664750204641
2006-10-25,7.611836293507973,2.650034225082811,7.499098619613039
2006-10-26,7.661802864284153,2.6582705314543684,7.548325143606212
2006-10-27,7.602417995443509,2.641605833492681,7.489819814435037
2006-10-30,7.644564581735078,2.639690669263399,7.531342174466618
2006-10-31,7.6768799526572105,2.6393079141163556,7.563178927666517
2006-11-01,7.666437527234125,2.6214952250039842,7.552891163314246
2006-11-02,7.689943015200409,2.619961650297357,7.576048515307172
2006-11-03,7.6790251457803365,2.6153636176010853,7.565292348681912
2006-11-06,7.769825350932998,2.644862303844008,7.654747726709635
2006-11-07,7.8399594845008,2.655013285366161,7.723843114989945
2006-11-08,7.869946513280679,2.6607587341156935,7.753386010745762
2006-11-09,7.853138004009789,2.6467764469679156,7.736826449581978
2006-11-10,7.874271373263572,2.6479251479459,7.757646815928262
2006-11-13,7.924060332146801,2.654436395884699,7.806698358609446
2006-11-14,8.005564206827772,2.674357941035814,7.886995092609692
2006-11-15,8.01334628047688,2.682019976536881,7.894661907227014
2006-11-16,8.033856648742818,2.6889154498965575,7.914868499752138
2006-11-17,8.005517471542468,2.6896817907997783,7.886949049513123
2006-11-20,8.007177037226462,2.691214909420534,7.888584035638692
2006-11-21,8.049345639015794,2.693895359470317,7.930128085100066
2006-11-22,8.106296189285255,2.6992589051310225,7.98623514999795
2006-11-24,8.080892941720553,2.6883404028597675,7.961208145816503
2006-11-27,7.95126036687138,2.6513730339800428,7.833495538027309
2006-11-28,7.9528755125852655,2.6628667360823464,7.835086762079749
2006-11-29,8.021437588725592,2.690640436139685,7.902633376420396
2006-11-30,8.032861281711748,2.6917893396059163,7.91388787494087
2006-12-01,8.010363327528927,2.6858512523227454,7.891723134311805
2006-12-04,8.087101856638185,2.70634698322922,7.967325101501401
2006-12-05,8.124443261721927,2.7180302831558203,8.004113449085375
2006-12-06,8.080056713796465,2.7157308295362705,7.960384303128692
2006-12-07,8.085956124083985,2.7038549386187087,7.966196338206402
2006-12-08,8.092559530603031,2.708835439415644,7.972701942741534
2006-12-11,8.12443812556874,2.71668835335451,8.004108389002923
2006-12-12,8.116908046052167,2.714580203192307,7.996689836273877
2006-12-13,8.101873491608368,2.7174522290472845,7.981877956179687
2006-12-14,8.156211789959873,2.74139570063742,8.03541145879947
2006-12-15,8.14300617537086,2.7416369434590764,8.022401430428255
2006-12-18,8.069117013118246,2.7341248582339985,7.9496066285845055
2006-12-19,8.039234939020558,2.73932516371436,7.920167133044087
2006-12-20,8.048920887996195,2.7377829236471887,7.9297096249989885
2006-12-21,8.018741933321838,2.727768113712487,7.8999776459320135
2006-12-22,8.031970705520182,2.711011434189951,7.913010488928967
2006-12-26,8.073789145333187,2.7269982686173693,7.954209562606305
2006-12-27,8.184609161452071,2.7449119202439167,8.06338824142411
2006-12-28,8.185117690811751,2.7391338806518033,8.063889239037843
2006-12-29,8.145376453083623,2.727769214180979,8.023114076338164
2007-01-03,8.136580762723057,2.7229547015179496,8.014450409588143
2007-01-04,8.130746909570412,2.7287328113945706,8.008704122769128
2007-01-05,8.056501177351008,2.7069684384908874,7.9355728215077805
2007-01-08,8.060065674063756,2.719488167518908,7.939083815004006
2007-01-09,8.083539594186016,2.717176602576517,7.9622053907893
2007-01-10,8.130359457377729,2.7262302350163017,8.008322486246996
2007-01-11,8.257987647952318,2.738171123445673,8.134034973353579
2007-01-12,8.326267816238378,2.7589730094704903,8.201290253998486
2007-01-16,8.31764044600343,2.7535792172369753,8.192792380883303
2007-01-17,8.326055847430435,2.754735720508215,8.201081466849546
2007-01-18,8.280281820498264,2.7454908274301895,8.155994509613683
2007-01-19,8.315357341495197,2.7508829714152627,8.190543545851147
2007-01-22,8.265746265631721,2.7424075009803324,8.14167713391854
2007-01-23,8.30506059441764,2.7504976031082244,8.18040135329636
2007-01-24,8.316930137277025,2.7726473603060553,8.192092733914963
2007-01-25,8.213086418809619,2.7400964802960623,8.089807713182774
2007-01-26,8.237385427127819,2.738170192470414,8.113741992562215
2007-01-29,8.243666312956826,2.7360508487414417,8.119928602081961
2007-01-30,8.300058724349466,2.750302937612536,8.175474561467505
2007-01-31,8.353881690768914,2.7687932242621054,8.228489643336028
2007-02-01,8.424118917636982,2.785358914122866,8.297672607047275
2007-02-02,8.426808998930198,2.7892110655010973,8.300322310129063
2007-02-05,8.392111625462501,2.7899808877551755,8.2661457454136
2007-02-06,8.397808074181853,2.790750922480196,8.271756690244532
2007-02-07,8.434539357978423,2.7969156912679543,8.307936636225863
2007-02-08,8.446145747934676,2.793257325543776,8.319368813875338
2007-02-09,8.386255222762985,2.7724559382404514,8.260377247517182
2007-02-12,8.359572805822845,2.763018498226681,8.23409533456003
2007-02-13,8.343268672651307,2.786324559259223,8.218035926980223
2007-02-14,8.395448556482757,2.8046223526398784,8.269432588986094
2007-02-15,8.43412123681218,2.8082823848100733,8.307524791072499
2007-02-16,8.424752238642869,2.8069344092653643,8.298296421883391
2007-02-20,8.471552191017667,2.812904758753872,8.344393905386198
2007-02-21,8.502307275466931,2.811748654898024,8.374687354975064
2007-02-22,8.510359656174092,2.8096285964122307,8.382618869174784
2007-02-23,8.504499637625274,2.7986485678574518,8.37684680970308
2007-02-26,8.513118560649312,2.7961437773892195,8.385336362400288
2007-02-27,8.268231342253346,2.6869319937319514,8.14412490945582
2007-02-28,8.299968683191246,2.7144757335996976,8.17538587183012
2007-03-01,8.244276087159854,2.7063865959135707,8.120529223553525
2007-03-02,8.155177940471678,2.6709464634400826,8.032768443068184
2007-03-05,8.057674309799571,2.6455217240545963,7.936728345198511
2007-03-06,8.166303760305988,2.6907866007531704,8.043727263969544
2007-03-07,8.153043632154056,2.688090432579216,8.030666170790774
2007-03-08,8.188538202303251,2.7108182371866736,8.065627966238521
2007-03-09,8.209244249661255,2.7115881095660344,8.086023215123605
2007-03-12,8.271462273712995,2.715633799025507,8.1473073445247
2007-03-13,8.1331629517539,2.6628581717752455,8.011083900077509
2007-03-14,8.176530616168456,2.682696465154971,8.053800614378751
2007-03-15,8.217433371234609,2.686355663133442,8.094089417704474
2007-03-16,8.189352087121222,2.678868789900289,8.066429634617776
2007-03-19,8.259838372580917,2.711162553162537,8.135857918542749
2007-03-20,8.31121612641657,2.726052257904506,8.186464490551268
2007-03-21,8.408770228177655,2.77091489991284,8.282554301937163
2007-03-22,8.3930484796011,2.768786837269707,8.267068537339817
2007-03-23,8.428520337478979,2.772848647559982,8.302007961428211
2007-03-26,8.4292604699835,2.7691746231019647,8.302736984518743
2007-03-27,8.40538900785616,2.762600602546721,8.279223833847336
2007-03-28,8.384958331941698,2.742488870160181,8.259099823071097
2007-03-29,8.406253327680712,2.7453904233848103,8.280075180202013
2007-03-30,8.437751887739612,2.7459697007641446,8.309426143604803
2007-04-02,8.503862474352173,2.7490644086169063,8.374531285836557
2007-04-03,8.582874534611264,2.77865258884685,8.452341689355404
2007-04-04,8.579607837939673,2.7817480078308257,8.449124674315462
2007-04-05,8.629954635589076,2.7892893266800547,8.498705771531961
2007-04-09,8.65452966947467,2.79315807097616,8.52290705544808
2007-04-10,8.666038729591088,2.796445618025699,8.534241079758354
2007-04-11,8.613975845913343,2.785036119904154,8.482969995647432
2007-04-12,8.682783534644557,2.7974128204210076,8.550731221058077
2007-04-13,8.68721393302347,2.810174617707768,8.55509423962109
2007-04-16,8.745539279295583,2.8368600358775207,8.61253254351961
2007-04-17,8.745040530563852,2.8444004098528834,8.612041380019466
2007-04-18,8.75127478378655,2.847881955954543,8.618180819458285
2007-04-19,8.735461537348455,2.8471073320625235,8.602608069143242
2007-04-20,8.805793242408233,2.873986872384526,8.671870132844983
2007-04-23,8.83854235957779,2.863157689849381,8.704121184310967
2007-04-24,8.885542427539376,2.8643172687137697,8.750406450655264
2007-04-25,8.923086890512181,2.8906174298750997,8.787379917797288
2007-04-26,8.825858770819645,2.8939040618928678,8.691630494204892
2007-04-27,8.819138309780836,2.89158315083523,8.685012241452748
2007-04-30,8.79022857051572,2.8676032517653534,8.656542176623827
2007-05-01,8.847865235663935,2.8749529188996283,8.713302273221192
2007-05-02,8.901215014448827,2.891777143381029,8.76584068066534
2007-05-03,8.921383396663394,2.907441900166724,8.785702331573972
2007-05-04,8.918854512517386,2.9184640124102565,8.783211908020812
2007-05-07,8.926608448332571,2.9190447867487266,8.790847917924367
2007-05-08,8.912643750227005,2.9151770524062846,8.777095602251928
2007-05-09,8.961368426425892,2.9231063339888297,8.825079248089391
2007-05-10,8.78547816441145,2.8925511034796445,8.651864017180314
2007-05-11,8.869205881791146,2.9173026632721197,8.73431835963973
2007-05-14,8.820879660069183,2.9109225223475437,8.686727108375084
2007-05-15,8.785617540299691,2.9116968277384885,8.65200127336715
2007-05-16,8.82623685493535,2.931615745737048,8.692002828219609
2007-05-17,8.790608948434361,2.9258140781762343,8.656916769556112
2007-05-18,8.859403752751177,2.9513388801942435,8.724665306505278
2007-05-21,8.86207757059206,2.9497923786210216,8.727298459525873
2007-05-22,8.873156981469753,2.947470892019047,8.73820936892777
2007-05-23,8.85985492015823,2.947857010705902,8.72510961232241
2007-05-24,8.781966480071747,2.9211700611879814,8.648405740372858
2007-05-25,8.83963056428922,2.9333542615131964,8.705192839035952
2007-05-29,8.888610421922513,2.943990604065443,8.753427785375088
2007-05-30,8.91482011533887,2.967969407535556,8.779238868064807
2007-05-31,8.9299200571631,2.964876783412904,8.794109162075644
2007-06-01,8.978041759537044,2.979573677628282,8.841499004429492
2007-06-04,8.943509942653076,2.979961022206374,8.807492365478799
2007-06-05,8.8890878038026,2.968166336480481,8.753897906981853
2007-06-06,8.817540142772856,2.9362585483633157,8.683438380204558
2007-06-07,8.65882967061329,2.8832737628580998,8.527141659920234
2007-06-08,8.775771685304864,2.9207880377866466,8.642305159285023
2007-06-11,8.741780550328281,2.9258147139996775,8.608830979268483
2007-06-12,8.649369820861303,2.893905778728797,8.517825680511312
2007-06-13,8.747875089289547,2.93722176042481,8.614832829293428
2007-06-14,8.769394617205378,2.955978858586883,8.63602507697277
2007-06-15,8.805542295744768,2.9727185668630605,8.671623002709632
2007-06-18,8.813284879411231,2.9692226498284295,8.679247833113884
2007-06-19,8.843196572763885,2.9766011681132536,8.708704613788505
2007-06-20,8.790566939508325,2.9352353416799835,8.656875399523805
2007-06-21,8.825667143152591,2.9515493797090406,8.691441780911635
2007-06-22,8.782446627530977,2.9237782515953583,8.648878585498393
2007-06-25,8.697978961839253,2.9097967439962296,8.565695548247918
2007-06-26,8.671998524699564,2.879889853061436,8.540110235185512
2007-06-27,8.750085692098898,2.9208678057806474,8.617009812098978
2007-06-28,8.760251496059627,2.9204793303624785,8.627021009195778
2007-06-29,8.734413936416706,2.921448929500159,8.598504845856013
2007-07-02,8.817952732063057,2.94786174927177,8.680743762446308
2007-07-03,8.842834363420792,2.9585418523893816,8.705238231034556
2007-07-05,8.845971729685639,2.9554353834443727,8.70832677930212
2007-07-06,8.88526621134431,2.97097210725514,8.747009831584405
2007-07-09,8.887875108951071,2.971361304601191,8.749578134263587
2007-07-10,8.795059278322043,2.9309656476651376,8.658206535064668
2007-07-11,8.82078907147435,2.9517461941070837,8.683535967893633
2007-07-12,8.947254051983785,2.998357218258229,8.80803312999946
2007-07-13,8.966167302825104,3.0072923227686386,8.826652087172072
2007-07-16,8.914569431428639,3.0069043820590013,8.775857088163772
2007-07-17,8.909071311889607,3.0053498124934768,8.770444520378042
2007-07-18,8.914975728449525,2.9999131346826764,8.77625706312814
2007-07-19,8.93688658275305,3.0115647972977837,8.797826980500636
2007-07-20,8.821084944504651,2.9810727037251437,8.683827237085065
2007-07-23,8.841041944367237,2.9902007483439497,8.703473702351806
2007-07-24,8.67188254145218,2.938347677166917,8.536946450921361
2007-07-25,8.671499084074805,2.944368351557432,8.536568960211449
2007-07-26,8.457281721998642,2.8746486533609037,8.32568485976841
2007-07-27,8.347373162623427,2.8181330608358284,8.217486497832688
2007-07-30,8.389358006592811,2.8622171163064833,8.258818049892298
2007-07-31,8.2862272480466,2.8299799649255233,8.157292024955572
2007-08-01,8.26063943416615,2.8437676273146404,8.132102362174813
2007-08-02,8.27186343629158,2.866489330656884,8.143151716758643
2007-08-03,8.024748534942217,2.7926915628391225,7.89988196881635
2007-08-06,8.094979510494095,2.8394942807407433,7.969020137445412
2007-08-07,8.129607651280956,2.869791684716247,8.003109457979836
2007-08-08,8.259030982422377,2.9097994505928764,8.130518938236602
2007-08-09,8.100425402998482,2.823570453674007,7.974381290858781
2007-08-10,8.145213271565504,2.8103646146621735,8.01847225193671
2007-08-13,8.140657416611992,2.8204622547226545,8.013987286925898
2007-08-14,7.988001108001726,2.777348668696964,7.863706338611424
2007-08-15,7.846674402528236,2.7390906907856634,7.724578702720926
2007-08-16,7.824378379282997,2.7596776964176084,7.702629609706434
2007-08-17,7.984822002869462,2.8103646966677105,7.860576700940916
2007-08-20,8.047643241757605,2.809004480154523,7.922420429774307
2007-08-21,8.066981926916593,2.814636534137233,7.941458201428198
2007-08-22,8.168383152082566,2.8480406405243737,8.041281604842828
2007-08-23,8.206449678689195,2.845517276516869,8.078755809279986
2007-08-24,8.296320434758082,2.880667951433682,8.167228159821702
2007-08-27,8.205685005706576,2.853866216813543,8.078003034749901
2007-08-28,8.020100502083228,2.7911382373679814,7.895306260205255
2007-08-29,8.184721803865827,2.8459031607233785,8.05736602419321
2007-08-30,8.135208350205296,2.8383302124126937,8.008623008996729
2007-08-31,8.234570124680687,2.866296279995596,8.106438695949386
2007-09-04,8.285452315873616,2.895234407238432,8.156529150870009
2007-09-05,8.192756112970317,2.870181943912598,8.065275317967352
2007-09-06,8.231264575998777,2.876786232565541,8.103184582214162
2007-09-07,8.109332110377263,2.8367787664292523,7.983149408229281
2007-09-10,8.028906311558025,2.8313406615340075,7.903975049661757
2007-09-11,8.114525086941493,2.8643569249881553,7.988261581121133
2007-09-12,8.11502307162733,2.8717355084269247,7.988751817073486
2007-09-13,8.149323065902374,2.8919324242576914,8.022518097116286
2007-09-14,8.142309328615097,2.891738664785266,8.015613494873795
2007-09-17,8.120512204558633,2.876201352939375,7.994155538084762
2007-09-18,8.316655123555636,2.96087672076991,8.187246437113973
2007-09-19,8.374022496954103,2.9783547760526146,8.243721163609832
2007-09-20,8.29176416622078,2.957381201719652,8.162742787662534
2007-09-21,8.332255072279914,2.965318812865067,8.202603647761109
2007-09-24,8.23422127750494,2.95985669561177,8.106095276899987
2007-09-25,8.226380096321915,2.9540020990678495,8.098376105941265
2007-09-26,8.265815539103816,2.9696110461593244,8.137197925965715
2007-09-27,8.312381744203844,2.9871733258863107,8.183039552332453
2007-09-28,8.287773274594876,2.9772230515377833,8.157429095914155
2007-10-01,8.42495922370962,3.010785286997769,8.29245748240363
2007-10-02,8.463425498628714,3.006687608222165,8.330318787224606
2007-10-03,8.454404849829778,3.000638152754422,8.321440008747144
2007-10-04,8.448170583839723,3.0053221489108712,8.315303790839891
2007-10-05,8.552846572207667,3.0410313866842302,8.418333510025581
2007-10-08,8.512720522679134,3.0248348535187497,8.378838534344776
2007-10-09,8.559234721979166,3.053322748169189,8.424621191540083
2007-10-10,8.546703563387176,3.0482481257617318,8.412287114060279
2007-10-11,8.489138733440981,3.0336134865099496,8.355627622644922
2007-10-12,8.514607363780863,3.0503954363173227,8.380695700557292
2007-10-15,8.445822557021568,3.024637897253059,8.312992692110491
2007-10-16,8.376240354284457,3.000637395538356,8.244504828560279
2007-10-17,8.387539671562239,3.009807343419121,8.255626438246239
2007-10-18,8.407238174217808,2.9988817427625096,8.275015136921317
2007-10-19,8.246146816737614,2.920439993017071,8.116457309255178
2007-10-22,8.369998889193226,2.937416510696479,8.23836152477416
2007-10-23,8.391228823858373,2.961221334099163,8.259257570189968
2007-10-24,8.362553864736006,2.95575788073775,8.231033590344133
2007-10-25,8.342049498195372,2.962783717220264,8.210851701835608
2007-10-26,8.409805624760784,2.997516430737237,8.277542208435904
2007-10-29,8.456784177099243,3.0074681852872844,8.323781915656717
2007-10-30,8.436088072031925,2.9865903411450203,8.303411304148092
2007-10-31,8.499429598034332,3.0176150416088348,8.365756639869998
2007-11-01,8.296323390969569,2.9469787087148553,8.165844742165259
2007-11-02,8.288973033629718,2.9502970067408683,8.158609985995803
2007-11-05,8.255888169263335,2.9278570477075974,8.126045456745942
2007-11-06,8.338309329369238,2.967271859283837,8.207170355713421
2007-11-07,8.128782686790991,2.8860991703012684,8.000938998519288
2007-11-08,8.165417400379685,2.8714637614086707,8.036997547498297
2007-11-09,8.093008023577388,2.832047178355814,7.965726973657348
2007-11-12,8.038445234757997,2.803950438299346,7.912022309410088
2007-11-13,8.23069290409647,2.8894148476587103,8.10124644471439
2007-11-14,8.156046939198987,2.8814140579455434,8.02777445823838
2007-11-15,8.069985769810975,2.839852541573737,7.943066797454969
2007-11-16,8.039476633571379,2.844731408240161,7.913037487119592
2007-11-19,7.892737457852164,2.8051213681118248,7.768606120350459
2007-11-20,7.8752910655542845,2.8222915160060373,7.751434112449897
2007-11-21,7.78034400082573,2.764533320130974,7.657980307341283
2007-11-23,7.937247579764441,2.812340394835999,7.812416218855799
2007-11-26,7.796738730324567,2.7502889163643376,7.674117192244183
2007-11-27,7.878529382636826,2.781900737169029,7.7546214995942675
2007-11-28,8.032653532906249,2.8708770503466434,7.9063216953084545
2007-11-29,8.003782557206407,2.8718531485437615,7.877904781693883
2007-11-30,8.059485321407639,2.900732503805518,7.932731492604378
2007-12-03,8.024562309736215,2.881610875140432,7.898357725117441
2007-12-04,8.008160193154518,2.8558550371384266,7.882213569310444
2007-12-05,8.103915870831301,2.903662050460124,7.976463270080369
2007-12-06,8.29613703272457,2.94522506905041,8.165661314829634
2007-12-07,8.285572947534567,2.944638969261669,8.155263374026303
2007-12-10,8.360248071020242,2.9674687551903545,8.228764060505068
2007-12-11,8.09486029079447,2.8861007619230348,7.96755010973859
2007-12-12,8.122461985692604,2.9145894625439768,7.994717704893337
2007-12-13,8.137178534466244,2.9085416894091978,8.009202802298878
2007-12-14,8.006519027541646,2.871661380787489,7.880598214778156
2007-12-17,7.925982076195239,2.8306856445450324,7.801327891080566
2007-12-18,7.980563188165353,2.846489362498527,7.855050590305116
2007-12-19,7.930630331289874,2.846489362498527,7.805903041739002
2007-12-20,7.984034274432401,2.864442170907805,7.858467085806514
2007-12-21,8.100107224684166,2.905524000522965,7.9727145235995796
2007-12-24,8.179390889032177,2.9271004217508483,8.050751271101559
2007-12-26,8.156227582849652,2.933376125055082,8.027952260854727
2007-12-27,8.041688438445028,2.8965006537870144,7.915214506305929
2007-12-28,8.014036148882298,2.889242023148624,7.887997112203322
2007-12-31,7.981706134281124,2.8678616321773247,7.853092163090785
2008-01-02,7.841131265894636,2.842753503587612,7.714782461044499
2008-01-03,7.759535559317006,2.8413804536453795,7.634501554545757
2008-01-04,7.517975099216303,2.771749584248346,7.396833501598793
2008-01-07,7.514315354455946,2.7693963688513192,7.393232728479243
2008-01-08,7.304326327135184,2.724676156287108,7.186627379065907
2008-01-09,7.380947191586381,2.753312502689685,7.262013606023901
2008-01-10,7.5048288628719275,2.7713577128323132,7.38389909836804
2008-01-11,7.399532802924394,2.7489956274474694,7.280299736368631
2008-01-14,7.46929294997923,2.771160779191578,7.348935796744178
2008-01-15,7.280519734195274,2.710159216959234,7.1632043958965115
2008-01-16,7.328614275830712,2.6868166156235644,7.210523961619756
2008-01-17,7.1160912918371775,2.617185076213064,7.0014254866823995
2008-01-18,7.066777925383218,2.590311819850508,6.952906735788788
2008-01-22,7.069692332232047,2.564027925814485,6.955774181069227
2008-01-23,7.318157497457701,2.625618440620475,7.200235679526835
2008-01-24,7.406966505240767,2.647783911496193,7.287613655024785
2008-01-25,7.398591883643546,2.6095340251107193,7.279373978678957
2008-01-28,7.553932909016575,2.652687889283975,7.4322119018548
2008-01-29,7.669488516951677,2.6658293050874877,7.545905493652023
2008-01-30,7.624558493222261,2.646214133060654,7.501699454078412
2008-01-31,7.824357870517086,2.6944652015628825,7.698279345348205
2008-02-01,7.973873620429505,2.7378137577256263,7.845385859186504
2008-02-04,7.839173662323868,2.703292664054464,7.7128564015026635
2008-02-05,7.5937496499769335,2.63091470626707,7.471387052021335
2008-02-06,7.54069238729373,2.6097305810522076,7.419184732521878
2008-02-07,7.631002006559262,2.626991339115287,7.508039139258282
2008-02-08,7.585390089907133,2.6101234277268275,7.46316219450759
2008-02-11,7.677600254103627,2.6234611584425114,7.5538865215657705
2008-02-12,7.700394056950209,2.647783266842432,7.576313034330094
2008-02-13,7.807509997968643,2.674851555179363,7.681702952575903
2008-02-14,7.671836765201914,2.651312861493784,7.548215903183604
2008-02-15,7.684449724209382,2.6507242700385323,7.560625622091884
2008-02-19,7.641749250065536,2.658178106685881,7.518613206047268
2008-02-20,7.765843083754599,2.666025048456818,7.640707442096116
2008-02-21,7.6335780776720545,2.6438597162039477,7.510573700607334
2008-02-22,7.696434212377956,2.660140604336332,7.572416997085144
2008-02-25,7.815145968483592,2.693682317216409,7.689215880163026
2008-02-26,7.897642652576761,2.7138849345955323,7.770383246191518
2008-02-27,7.89035433711075,2.7111384830417213,7.763212371681058
2008-02-28,7.711587341258676,2.684658793477853,7.58732595460093
2008-02-29,7.460802328005596,2.6248338569239924,7.3405819892048925
2008-03-03,7.438097555103045,2.618557879172087,7.31824307179224
2008-03-04,7.432684342582556,2.60855498807365,7.312917085579944
2008-03-05,7.480753778231303,2.6250306213783228,7.360211949864162
2008-03-06,7.275475614670273,2.570697737577034,7.158241555265067
2008-03-07,7.21926632451887,2.544216980182253,7.102937998787962
2008-03-10,7.070925019703321,2.5106765677325105,6.956987005515196
2008-03-11,7.361052288503493,2.6009052622236815,7.242439281329754
2008-03-12,7.254751718781976,2.576584197116628,7.137851595818912
2008-03-13,7.297981840185635,2.582273295023861,7.180385124602497
2008-03-14,7.1433188295920615,2.5422583880441714,7.0282142909513
2008-03-17,6.998583503002188,2.516563782516209,6.88581117063551
2008-03-18,7.282487776779624,2.6211093917332793,7.165140726241905
2008-03-19,7.259227233008709,2.556184512100046,7.142254993426954
2008-03-20,7.4583809868391855,2.603297548842562,7.338199664546709
2008-03-24,7.60989341546236,2.655332260248827,7.487270683425885
2008-03-25,7.624648079287925,2.6578946558799674,7.501787596590597
2008-03-26,7.485052448426589,2.62537265687062,7.364441353033658
2008-03-27,7.3992731955853355,2.617094856883507,7.2800443122368055
2008-03-28,7.289069150978737,2.5920623445774162,7.171616050849939
2008-03-31,7.330354312323637,2.601129378658748,7.211010367954634
2008-04-01,7.6445802746041345,2.69258508761239,7.520120483965782
2008-04-02,7.681174773390833,2.6943595011851267,7.556119195476543
2008-04-03,7.726781134679432,2.701060373264574,7.600983049266517
2008-04-04,7.714121004626928,2.6981027121558494,7.588529036107178
2008-04-07,7.706598600520979,2.699481442641761,7.581129102667573
2008-04-08,7.6364140069537285,2.6967225726073814,7.512087169587568
2008-04-09,7.5222020485454,2.677209088071994,7.3997346718587425
2008-04-10,7.5806675570941175,2.680954503586207,7.457248315858701
2008-04-11,7.3961941153775825,2.628919857626102,7.275778247134486
2008-04-14,7.389285973570945,2.6200498820264713,7.268982575319931
2008-04-15,7.403799941411533,2.626159838351357,7.283260244327375
2008-04-16,7.580240329584062,2.6973130130116485,7.456828043949156
2008-04-17,7.630147189606456,2.701253787323658,7.505922380964835
2008-04-18,7.739840406283088,2.729438669340593,7.6138297056380315
2008-04-21,7.732432828608112,2.730819765307279,7.606542729164623
2008-04-22,7.607747155954802,2.718795965880631,7.4838870375117805
2008-04-23,7.617631991999106,2.7144594863150515,7.493610940636242
2008-04-24,7.715949030872482,2.726286386296926,7.590327300645009
2008-04-25,7.810813589152303,2.751515440515718,7.683647389164766
2008-04-28,7.830409903057942,2.752107016335429,7.702924659638542
2008-04-29,7.832509439376272,2.7412664667980837,7.7049900138512175
2008-04-30,7.7465289756489195,2.725103959709842,7.620409379824139
2008-05-01,7.952393507919026,2.7814754602204,7.822922275291984
2008-05-02,7.943183765266522,2.789163458392449,7.813862474506945
2008-05-05,7.887793396152262,2.7757615279748737,7.759373904248306
2008-05-06,7.961421858389336,2.7998079500917203,7.831803637102484
2008-05-07,7.855078223358983,2.7499405706926368,7.727191360246965
2008-05-08,7.824954918660193,2.7428457240202495,7.6975584866852
2008-05-09,7.776474677872113,2.73772208820778,7.649867542418555
2008-05-12,7.92137597765238,2.7684694449804415,7.792409734859234
2008-05-13,7.953284484313837,2.7688625676416287,7.823798745889018
2008-05-14,7.9965400996838945,2.774577499981241,7.866350125756337
2008-05-15,8.099494601603329,2.8092680424635064,7.96762844725855
2008-05-16,8.050873924027398,2.8118300949182333,7.919799352625619
2008-05-19,8.030570626815546,2.81951763839774,7.899826609090951
2008-05-20,7.958440982059439,2.7966541698679723,7.828871291788105
2008-05-21,7.8289691074122425,2.7493487645846555,7.7015073212812695
2008-05-22,7.874403442535455,2.749741921457991,7.7462019496273795
2008-05-23,7.780940306997625,2.7128843807427683,7.654260467583084
2008-05-27,7.8521649878440325,2.732989566888453,7.724325554501766
2008-05-28,7.887906875241281,2.74560504672921,7.759485535808336
2008-05-29,7.962989508684535,2.7594017120890246,7.833345764815603
2008-05-30,7.976013107805515,2.766300216369247,7.846157329480576
2008-06-02,7.900029767444878,2.7377215688339365,7.771411057774277
2008-06-03,7.879914508393422,2.721755176644497,7.751623290990576
2008-06-04,7.888556467216924,2.7203752467699385,7.760124551914751
2008-06-05,7.994177018460994,2.774774590579597,7.864025517357803
2008-06-06,7.732089649859162,2.6862759297876515,7.606205137636119
2008-06-09,7.713230121199915,2.6927794038136676,7.587652656964355
2008-06-10,7.681988785859904,2.679377440720887,7.55691995518119
2008-06-11,7.5087200349206435,2.6399584398130016,7.38647215603934
2008-06-12,7.5486603575899895,2.6500114015518097,7.425762218783495
2008-06-13,7.682862290699471,2.683518145713031,7.557779238673671
2008-06-16,7.707909166280454,2.68509605438271,7.582418331383781
2008-06-17,7.629400923317478,2.672086763999226,7.50518826447908
2008-06-18,7.51367728047169,2.6460686551781656,7.391348693726608
2008-06-19,7.578413075509476,2.649418578095621,7.455030539010739
2008-06-20,7.439008879899579,2.606633117477955,7.3178959535529335
2008-06-23,7.3800615455126835,2.604057763957887,7.259908328219114
2008-06-24,7.366791146508694,2.598906937700778,7.246853981767702
2008-06-25,7.449331298774563,2.6111893718883517,7.328050315314782
2008-06-26,7.25017414852747,2.540269468547864,7.132135600405344
2008-06-27,7.212069284159256,2.526402137519061,7.094651113254873
2008-06-30,7.174255655057463,2.5353178106623657,7.055753203336315
2008-07-01,7.193306345177018,2.543243214138496,7.07448921921025
2008-07-02,7.079587009653187,2.4996596551778048,6.962648269503095
2008-07-03,7.021787393350559,2.5022343046226383,6.905803371929452
2008-07-07,6.927534315499177,2.476678985669527,6.813107141414525
2008-07-08,7.160243978419073,2.520657374418061,7.041972967855615
2008-07-09,6.948285243892862,2.472122116673641,6.833515311477823
2008-07-10,6.898879265162741,2.482225679764486,6.784925407597929
2008-07-11,6.800419092132365,2.4533027861438703,6.688091573586119
2008-07-14,6.690381020481914,2.431115115745985,6.579871081612249
2008-07-15,6.68507902796228,2.396843685959314,6.574656665998542
2008-07-16,7.008463349010434,2.455681404762243,6.89269941061913
2008-07-17,7.22568206330708,2.48024558585408,7.106330163816882
2008-07-18,7.191905352171687,2.495697515853951,7.073111367435723
2008-07-21,7.177869350830132,2.4970851236727656,7.0593072090408535
2008-07-22,7.400572244619378,2.525414554400833,7.278331555509192
2008-07-23,7.502325953413075,2.5390846233838045,7.378404523534293
2008-07-24,7.216451544356191,2.486388461110097,7.09725211212935
2008-07-25,7.190134181839594,2.4857942142678917,7.071369452825321
2008-07-28,7.0186023524569805,2.4493425279098675,6.902670940696423
2008-07-29,7.2868615520584425,2.501640889565799,7.166499106002763
2008-07-30,7.357672379728579,2.5462151269360827,7.236140299206164
2008-07-31,7.33892025473276,2.512536339452099,7.217697916836458
2008-08-01,7.350107158635164,2.4992626099707738,7.228700038427868
2008-08-04,7.2727839988260286,2.4760844485259046,7.1526540820601445
2008-08-05,7.515545682811307,2.5428446374270597,7.391405892949262
2008-08-06,7.550657521884731,2.5541374104618733,7.42593776397935
2008-08-07,7.410056241855884,2.516101196145275,7.28765889859526
2008-08-08,7.681633352842396,2.56285287247085,7.55475017090657
2008-08-11,7.828052417158217,2.5893989025239033,7.6987507239601225
2008-08-12,7.681298666320967,2.5624562069431422,7.554421012648318
2008-08-13,7.625988603391189,2.547004596015275,7.50002454666534
2008-08-14,7.777504085292367,2.5662191986876146,7.649037336030559
2008-08-15,7.872919847130628,2.5786987226508327,7.742877045626701
2008-08-18,7.735695160293763,2.5434375963173053,7.607918999763993
2008-08-19,7.577144368098205,2.5157039527670615,7.451987107493512
2008-08-20,7.559455018300274,2.527391913331617,7.434589945682902
2008-08-21,7.549167446761971,2.531749136990201,7.424472301522181
2008-08-22,7.687186870312055,2.568398737497271,7.5602119568479065
2008-08-25,7.531161565066923,2.516298769107139,7.406763836204364
2008-08-26,7.534491383569532,2.5236287474215477,7.410038653648285
2008-08-27,7.665657092113488,2.548193749648949,7.539037801814195
2008-08-28,7.917050144401739,2.579098243444691,7.786278410354388
2008-08-29,7.869850416071398,2.551362620934687,7.739858314615449
2008-09-02,7.932204593725575,2.5355135563334406,7.801182542504472
2008-09-03,7.988381143192885,2.53333555018855,7.856431182630215
2008-09-04,7.749962339316452,2.4570669501145734,7.621950517308392
2008-09-05,7.836514507109035,2.464791968605734,7.707073039353963
2008-09-08,8.022245217096915,2.5157047115092537,7.88973589874497
2008-09-09,7.709705513269063,2.441020985738678,7.582358642834305
2008-09-10,7.7275055030698345,2.4509266488988053,7.599864617125535
2008-09-11,7.784638368535041,2.486386655655073,7.656053777075213
2008-09-12,7.789799834836607,2.4978762483908548,7.661129987645645
2008-09-15,7.44056935220918,2.379014807111176,7.317668001486275
2008-09-16,7.5659860171812925,2.4188347569526023,7.441013067256953
2008-09-17,7.14293891860103,2.3100766897757423,7.024953748424953
2008-09-18,7.705662441251982,2.378621285314768,7.578382353208255
2008-09-19,8.030339094089364,2.4725411467654217,7.897696083224407
2008-09-22,7.535753911117536,2.4165652877437993,7.411280327101172
2008-09-23,7.418759984857827,2.3615835943170524,7.29621887547923
2008-09-24,7.467339101900292,2.3691524697368385,7.343995575553472
2008-09-25,7.602532985173116,2.406206014363523,7.476956362126682
2008-09-26,7.61530087601463,2.4074018987526613,7.489513356334346
2008-09-29,6.909186837580533,2.218753071162605,6.795062722268918
2008-09-30,7.185135764957757,2.3105872607780253,7.064285125108586
2008-10-01,7.258984022770014,2.3119805448962745,7.136891289590905
2008-10-02,6.915400366438037,2.228115762610707,6.799086550466301
2008-10-03,6.794541920534023,2.1980361998154625,6.68026088737899
2008-10-06,6.4972795891425115,2.0860836220502614,6.387998370065721
2008-10-07,6.071865414422749,1.9926562809531185,5.969739463791477
2008-10-08,5.977788211406179,1.9424572839233476,5.877244595549324
2008-10-09,5.5185116401157455,1.806798009671425,5.425692842456326
2008-10-10,5.534236682276478,1.7629723171488347,5.44115339672581
2008-10-13,6.07348796900004,2.018952371654211,5.971334727755861
2008-10-14,6.0428173658759485,1.9890718765537287,5.941179989903267
2008-10-15,5.483744229077397,1.7932517284507672,5.391510203092068
2008-10-16,5.66940353023257,1.867953215702841,5.574046801201327
2008-10-17,5.624321313484434,1.8567977990986635,5.529722846359166
2008-10-20,5.858239481669867,1.9683523540707122,5.7597066198132705
2008-10-21,5.68884832488683,1.9095871945399312,5.59316454345845
2008-10-22,5.336870874701702,1.8056025334484538,5.247107190187118
2008-10-23,5.230847506505686,1.8265186331959207,5.142867085704498
2008-10-24,5.0177041001613745,1.7338885672320228,4.933308652265213
2008-10-27,4.88293625811114,1.6723337892067187,4.800807542601905
2008-10-28,5.315396649752491,1.8677543541444697,5.225994151708182
2008-10-29,5.301875969114756,1.85420753181386,5.2127008826267085
2008-10-30,5.488591786853854,1.9183519871694288,5.39627622720262
2008-10-31,5.686726404311837,1.9289105965068092,5.591078312600055
2008-11-03,5.671532975070804,1.9344890059519066,5.576140429768352
2008-11-04,5.89046278746981,2.000226811352164,5.791387944605288
2008-11-05,5.570212673826001,1.9161612789246556,5.47652428883947
2008-11-06,5.289177023503468,1.8099848662981615,5.200215527370948
2008-11-07,5.354735538519339,1.869746946613594,5.264671378672951
2008-11-10,5.224303946990219,1.845243912878223,5.136433585814931
2008-11-11,5.085929511179175,1.788270161824195,5.000386543619479
2008-11-12,4.782836958857148,1.7095844864337686,4.702391866978562
2008-11-13,5.131511220800144,1.8161599833180497,5.045201590096799
2008-11-14,4.8780660750447336,1.7255208870305958,4.796019273748257
2008-11-17,4.759336895141097,1.7026128717343776,4.679287063398085
2008-11-18,4.738194582027378,1.734684990399238,4.658500354152024
2008-11-19,4.376711029649166,1.6235281108994453,4.3030967869026835
2008-11-20,4.058067754557649,1.5030087486430468,3.9898129434124807
2008-11-21,4.241723799839266,1.5840855495710988,4.170379979479726
2008-11-24,4.620691901907261,1.6938484213864298,4.542974014429781
2008-11-25,4.7040926556778935,1.7063981443404819,4.624972006333865
2008-11-26,4.957418209392916,1.7723350750359423,4.874036742124483
2008-11-28,5.022489348709701,1.7946470012955698,4.93801341515985
2008-12-01,4.532677171960278,1.6356807592148106,4.4564396512814515
2008-12-02,4.68664382625679,1.6986299332331927,4.607816658103534
2008-12-03,4.8117630391351875,1.7394666954580518,4.730831424047539
2008-12-04,4.6736241352543955,1.6992276123920207,4.595015952244879
2008-12-05,4.859221606611228,1.7516181981372914,4.777491760504228
2008-12-08,5.047577212442082,1.812774195907057,4.962679312699288
2008-12-09,4.972934192826647,1.7828924260617252,4.889291753937471
2008-12-10,5.067097231259503,1.7950446208377617,4.981871013884157
2008-12-11,4.871389434335646,1.7518163562787468,4.789454931028814
2008-12-12,4.964688335428578,1.772733043572715,4.881184588023495
2008-12-15,4.832952599042638,1.7480317813435728,4.751664585418243
2008-12-16,5.119928070371818,1.8303046451642895,5.0338132628682715
2008-12-17,5.107823377464283,1.812574484066583,5.021912165262331
2008-12-18,5.010847905311033,1.778710154980767,4.926567775421621
2008-12-19,5.0871217173100005,1.771127513590084,5.001558697397998
2008-12-22,4.946312666173422,1.7484340567584542,4.863117988973797
2008-12-23,4.890960009021283,1.7303587454796854,4.808696337755718
2008-12-24,4.956128990826824,1.740400017279704,4.872769207614713
2008-12-26,4.992931597380638,1.750442125379408,4.90895281145297
2008-12-29,4.942951697374484,1.7454218573638198,4.859813550105979
2008-12-30,5.119007079736063,1.7867935916489146,5.032907762866413
2008-12-31,5.251270799631055,1.812298283376111,5.160743431885499
2009-01-02,5.505890078962236,1.8669245782336334,5.410973295013508
2009-01-05,5.585693163986225,1.864716006457583,5.489400643858423
2009-01-06,5.799153572486289,1.8771667152327003,5.699181179497854
2009-01-07,5.57503480270493,1.8209343091111896,5.478926023509194
2009-01-08,5.658663506721738,1.8284056025814728,5.561113040983549
2009-01-09,5.45627639239149,1.7892027580565233,5.362214905497665
2009-01-12,5.224018038539551,1.7462243186052475,5.133960484829406
2009-01-13,5.218987452262975,1.7494373713514813,5.129016621510227
2009-01-14,4.987036600184735,1.6944088188356203,4.901064401550986
2009-01-15,5.0092342178456,1.6950120283751258,4.922879351477941
2009-01-16,5.087875059540188,1.7082670224370191,5.000164493063444
2009-01-20,4.721661784713323,1.6180944393906587,4.640264418425354
2009-01-21,4.967583032177131,1.6879831744168199,4.8819461962340895
2009-01-22,4.810783636704939,1.661875138658115,4.7278498867534235
2009-01-23,4.895614906515895,1.6691042955112778,4.81121873882751
2009-01-26,4.915348068173008,1.6805510127698942,4.830611717841169
2009-01-27,4.977528483421255,1.697622049957611,4.891720196498721
2009-01-28,5.224175845825969,1.7550593943958765,5.134115571654663
2009-01-29,4.970741623142421,1.6980234741967992,4.88505033582241
2009-01-30,4.780759255823861,1.6634805826612138,4.698343100236275
2009-02-02,4.790742687917801,1.6584601982627423,4.708154426593714
2009-02-03,4.85296753425001,1.6817565886677388,4.769306570381769
2009-02-04,4.814329635038283,1.6735227084096216,4.731334755141768
2009-02-05,4.938829204443563,1.698426399833465,4.85368805962685
2009-02-06,5.105262153891058,1.7468060758327213,5.017251848942542
2009-02-09,5.0927338262930455,1.7492358830842045,5.004939498878918
2009-02-10,4.7800417165800475,1.6691051365160001,4.697637930748557
2009-02-11,4.820046765824904,1.6789461804008983,4.736953327537307
2009-02-12,4.827259405393594,1.6801516637584262,4.744041627436693
2009-02-13,4.787282125946602,1.662076592159713,4.704753521718507
2009-02-17,4.498197716569065,1.5909829280066734,4.420652677583708
2009-02-18,4.45141649889287,1.5871677509453135,4.374677927647939
2009-02-19,4.339088360341612,1.570116807796908,4.264286229073744
2009-02-20,4.275618323111451,1.554833290789813,4.2019103604020955
2009-02-23,4.108201396585413,1.4992029104786444,4.037379556921835
2009-02-24,4.317892186041454,1.55603769281489,4.243455458489929
2009-02-25,4.251582158141219,1.5438274650393715,4.178288558131571
2009-02-26,4.208783198614711,1.5186831471162752,4.1362274156585
2009-02-27,4.11857820480882,1.4847420974613736,4.047577477944429
2009-03-02,3.886833857915798,1.417864859165421,3.8198282031995823
2009-03-03,3.8357932174664278,1.4072209476676663,3.7696674592560737
2009-03-04,3.9707721962902336,1.4405594191388609,3.902319517202981
2009-03-05,3.7657721226026055,1.3817154479858766,3.70085346751958
2009-03-06,3.7564871287511696,1.384125159727164,3.6917285389332926
2009-03-09,3.7270095574799256,1.3678575367248906,3.662759135501137
2009-03-10,4.0275304017149445,1.4493941566315247,3.958099260245708
2009-03-11,4.056680265669604,1.4588326113795094,3.986746605752042
2009-03-12,4.2439818715611874,1.5162697689547433,4.170819293920116
2009-03-13,4.308961424987005,1.5281194171991246,4.234678656033516
2009-03-16,4.276227200523625,1.5234999122009316,4.202508741294184
2009-03-17,4.429231274035387,1.5700931100157727,4.352875156883158
2009-03-18,4.651825715914318,1.6052380741903656,4.571632263064314
2009-03-19,4.615068984777948,1.5853555954034437,4.535509186188727
2009-03-20,4.484879364792339,1.5518459341834012,4.4075639226750605
2009-03-23,4.876867547193468,1.6633134757898607,4.792794567768722
2009-03-24,4.803209683819305,1.630541210376373,4.720406502266246
2009-03-25,4.84960684503277,1.647736897981002,4.766003816540601
2009-03-26,5.051299624821619,1.6813194236987528,4.964219587212182
2009-03-27,4.936849229943475,1.6509749707398378,4.851742218175039
2009-03-30,4.6827676246060035,1.5939255306259228,4.602040760006017
2009-03-31,4.729660833787099,1.608693250667172,4.646387691284493
2009-04-01,4.840075074124951,1.6398472041595924,4.754857914684748
2009-04-02,5.138984316328568,1.6877930567148107,5.0485043879930664
2009-04-03,5.2347776010766935,1.7045832220430097,5.142611080798991
2009-04-06,5.161019961229265,1.691231221664747,5.070152060592488
2009-04-07,4.976333214811006,1.6517832534194166,4.888717015785252
2009-04-08,5.071138810029186,1.669586173324771,4.981853408894
2009-04-09,5.451560801210126,1.7359405366112175,5.355577470604732
2009-04-13,5.52074618889866,1.7363450107562477,5.423544740366726
2009-04-14,5.358653212364341,1.7064052137357777,5.264305666471084
2009-04-15,5.502191936333772,1.7246125573663385,5.405317164697314
2009-04-16,5.679199201920674,1.7499005512950012,5.579207938051643
2009-04-17,5.874480197864454,1.761633634491434,5.771050703903509
2009-04-20,5.385639978369154,1.687792999068091,5.290817287874587
2009-04-21,5.632951457134024,1.7207674108908844,5.533774457792066
2009-04-22,5.66743731551048,1.7102483597081084,5.567653138212254
2009-04-23,5.724303024601318,1.7270395781037229,5.623517636759021
2009-04-24,5.906429889897605,1.7531368731684485,5.802437871190997
2009-04-27,5.763689827220102,1.7365486920745286,5.662210972564343
2009-04-28,5.756116151601704,1.7310872464379543,5.654770643456655
2009-04-29,5.951505105842813,1.767905741082443,5.846719466829664
2009-04-30,6.034560514727428,1.7685121327516342,5.9283125541773405
2009-05-01,6.138984956387724,1.778019653977307,6.03089843875781
2009-05-04,6.458142719525405,1.838507882605615,6.344436925836476
2009-05-05,6.4630182120766815,1.832236732218047,6.3492265776477375
2009-05-06,6.625072797291115,1.8640187105751014,6.5084279361632555
2009-05-07,6.5025322293148085,1.8381032584419756,6.388044888258274
2009-05-08,6.915969706670292,1.8809917217712024,6.794203146410176
2009-05-11,6.686851085681004,1.845790842689976,6.569118520298349
2009-05-12,6.513082571610497,1.8403291475864563,6.398409475129139
2009-05-13,6.07524437317926,1.7940025419542625,5.9682801091009745
2009-05-14,6.282795686853616,1.8093771437388104,6.172177154376898
2009-05-15,6.146877436538049,1.7946090074916143,6.0386519593405605
2009-05-18,6.496799889527891,1.8455884655674288,6.382413475359075
2009-05-19,6.559192883609692,1.8433626858779544,6.443707942322355
2009-05-20,6.520474147434351,1.8310232160586875,6.4056709105965215
2009-05-21,6.355049909222862,1.8047242296064365,6.243159227142357
2009-05-22,6.346121756647487,1.8008801669973749,6.234388268781921
2009-05-26,6.569443907123958,1.8470043098345115,6.45377848039128
2009-05-27,6.444713232714388,1.8140297418910358,6.331243886332833
2009-05-28,6.525273401134295,1.839317316492997,6.410385665861737
2009-05-29,6.68926865410056,1.871887947533455,6.571493523610893
2009-06-01,7.061540797653287,1.917202610967345,6.937211228621567
2009-06-02,7.0366648851955835,1.9188207299710016,6.9127732958574954
2009-06-03,6.8424554255954595,1.8945438100954086,6.721983200261049
2009-06-04,7.0277339215946775,1.9123468382788753,6.903999575964072
2009-06-05,7.038056289080664,1.9127522558085905,6.914140201881511
2009-06-08,6.987474396255164,1.90486215275338,6.864448883098704
2009-06-09,7.073222233804741,1.9145731400081167,6.948686994655977
2009-06-10,7.048603851784787,1.9097177825250562,6.924502058099909
2009-06-11,7.081296889125375,1.91821411693951,6.956619482927682
2009-06-12,7.031380658330353,1.923473860048158,6.907582106144873
2009-06-15,6.818523080825609,1.8793724513849739,6.698472222186713
2009-06-16,6.658530621065451,1.8538825228268394,6.541296682152759
2009-06-17,6.566545058093045,1.8520620101894234,6.450930670172013
2009-06-18,6.585238894770275,1.8655950272978774,6.469295372355196
2009-06-19,6.623169271586559,1.8724566858082792,6.50655792503254
2009-06-22,6.274086379854182,1.8163073271709462,6.1636211884706995
2009-06-23,6.277376229687855,1.8177313121154481,6.1668531153065835
2009-06-24,6.395088517992218,1.8333547127430803,6.282492893022397
2009-06-25,6.594570424421077,1.8732705115489223,6.478462605701109
2009-06-26,6.599283355413455,1.8683887685958258,6.483092558106238
2009-06-29,6.672533255111133,1.885884361024957,6.555052777729557
2009-06-30,6.601770385108376,1.870625670659904,6.483789766915903
2009-07-01,6.689141180437948,1.8783569665567412,6.56959915373781
2009-07-02,6.4457462207407845,1.827090969868508,6.330553919362019
2009-07-06,6.405060698697653,1.8268881627708526,6.290595490622973
2009-07-07,6.232681902932154,1.7914885508408418,6.121297286229385
2009-07-08,6.170781459438061,1.790268547137719,6.060503069120612
2009-07-09,6.214681546340974,1.7937273459707892,6.1036186150459715
2009-07-10,6.192698484542316,1.7894546874326869,6.082028413808872
2009-07-13,6.273229190064914,1.8330314879810476,6.161119950462091
2009-07-14,6.429313106858663,1.8433661195102848,6.314414482603084
2009-07-15,6.649128952483,1.8972772050414828,6.530301986609584
2009-07-16,6.745684874550409,1.9153829214091938,6.625132352241197
2009-07-17,6.740174220651162,1.914976860229855,6.619720179554677
2009-07-20,6.8806028313265015,1.9353407241615392,6.757639182453178
2009-07-21,6.860044187873534,1.944272321603545,6.737447943699595
2009-07-22,6.93145761802618,1.9438659686883297,6.807585140335297
2009-07-23,7.148143897841526,1.9868117995345609,7.020399007183341
2009-07-24,7.218191133366955,1.994929912547459,7.089194424534573
2009-07-27,7.297789487860552,2.0008289202988623,7.1673702722576484
2009-07-28,7.265233096108467,1.9914710434386245,7.1353956976547455
2009-07-29,7.189436602880991,1.9866297773320252,7.060953767916472
2009-07-30,7.322731332878239,2.007340392760711,7.1918663801287215
2009-07-31,7.328878727293672,2.0101888087780386,7.197903914105043
2009-08-03,7.507586467658964,2.043348883367641,7.373417958165531
2009-08-04,7.596003039084502,2.0486391136266797,7.460254431958659
2009-08-05,7.5677540236804,2.042739032979435,7.432510256333328
2009-08-06,7.518020363001261,2.0321596875276344,7.383665388764159
2009-08-07,7.743117029570641,2.0588521050233095,7.604739339860909
2009-08-10,7.717343026621342,2.0545388098632857,7.579425945600473
2009-08-11,7.580938787398109,2.028906383671431,7.445459394380436
2009-08-12,7.708417604451873,2.050674520261842,7.570660030163857
2009-08-13,7.77547862709551,2.066339622922122,7.636522601415432
2009-08-14,7.666229530900349,2.050472200957703,7.529225902100833
2009-08-17,7.428076188913044,2.0000182819809376,7.295328612183385
2009-08-18,7.53278281809045,2.0158864270301744,7.39816402316952
2009-08-19,7.595193795796302,2.0335859098594993,7.459459650703798
2009-08-20,7.687443562455974,2.0545399790746917,7.550060816478599
2009-08-21,7.881155526660002,2.0948212899044303,7.740310943030771
2009-08-24,7.850815877921937,2.0946180922393096,7.710513495900012
2009-08-25,7.891083228944283,2.0986879351925305,7.750061226776628
2009-08-26,7.913173996817122,2.0988915079222443,7.771757209266464
2009-08-27,7.974465676194054,2.103569937093403,7.831953541516621
2009-08-28,7.998055929041111,2.103163948095544,7.855122211598473
2009-08-31,7.89060354110187,2.084447892121442,7.74959011146323
2009-09-01,7.647435681011493,2.0384712249649195,7.510767918184101
2009-09-02,7.574717301944658,2.0307413420798524,7.4393490934512965
2009-09-03,7.7008500336568755,2.0476269563392466,7.563227699861718
2009-09-04,7.844878581730801,2.076312162370603,7.704682305470537
2009-09-08,7.956861730176427,2.094214125834562,7.814664196630606
2009-09-09,8.087008050440863,2.1102851250362162,7.942484664521423
2009-09-10,8.223889385994623,2.1318501287289613,8.07691978585603
2009-09-11,8.20955458919096,2.1314429453543737,8.062841167030383
2009-09-14,8.308933654689124,2.141818809612359,8.16044422353415
2009-09-15,8.419449761642767,2.150769470417729,8.268985290785109
2009-09-16,8.610372129954778,2.183319215583031,8.456495674473862
2009-09-17,8.514639000039546,2.1800638866325968,8.362473396828566
2009-09-18,8.564748544356316,2.181454767392268,8.411687430597258
2009-09-21,8.530877106191229,2.1759356868307655,8.37842131085142
2009-09-22,8.64210114389074,2.188608336270868,8.487657657377175
2009-09-23,8.528494542081821,2.1704166237797846,8.376081325682225
2009-09-24,8.36087611526123,2.1465008030023554,8.211458417406382
2009-09-25,8.289708803725668,2.1350535142199436,8.141562940987807
2009-09-28,8.501799504749409,2.1732773772850233,8.349863356897101
2009-09-29,8.506183437054299,2.1667358123793954,8.354168943695665
2009-09-30,8.442698885758134,2.158354878257112,8.289951592753589
2009-10-01,8.19214781178713,2.1054125914483435,8.043933547714007
2009-10-02,8.130087566343592,2.094988693708083,7.982996110820552
2009-10-05,8.283935356345996,2.1262626849277573,8.134060450438719
2009-10-06,8.396299660099794,2.1567192716266623,8.244391832793683
2009-10-07,8.38678509241172,2.1626480929043637,8.235049404900973
2009-10-08,8.505950961233342,2.1792053267036398,8.352059296809596
2009-10-09,8.557012875241615,2.1924919415805517,8.402197386665675
2009-10-12,8.587034977173607,2.201077740023781,8.431676321671732
2009-10-13,8.579781984259501,2.1965809382009125,8.4245545516105
2009-10-14,8.74555927609188,2.234397275632979,8.587332561707067
2009-10-15,8.77989937567452,2.2425729352645205,8.621051372135165
2009-10-16,8.692402701187032,2.2258119451463534,8.535137708051776
2009-10-19,8.790086779963682,2.244208280872988,8.631054463511008
2009-10-20,8.73472534066459,2.232372326399664,8.576694636386438
2009-10-21,8.618525186232354,2.212318925791616,8.462596802465258
2009-10-22,8.746377152865154,2.2348049353533623,8.58813564126148
2009-10-23,8.60590165085894,2.209254410527467,8.450201655061445
2009-10-26,8.498219786565345,2.1853392315335074,8.344467996371186
2009-10-27,8.425353047763748,2.175323821835389,8.272919579737964
2009-10-28,8.173457973361828,2.1342384808123844,8.025581850239222
2009-10-29,8.36279690316803,2.1800264331797337,8.211495215616367
2009-10-30,8.077190596109762,2.116864527331217,7.931056165007551
2009-11-02,8.08487704655273,2.1324001960973007,7.938603550382129
2009-11-03,8.176268471770907,2.1391449779175566,8.028341500450383
2009-11-04,8.161034387818026,2.144663971960584,8.013383035125704
2009-11-05,8.386017862163166,2.184117210388771,8.234296055562435
2009-11-06,8.371918579072743,2.1898395974799896,8.220451860016228
2009-11-09,8.582026608212598,2.2397153841521935,8.42675856529936
2009-11-10,8.543692060281968,2.2401252520674935,8.38911757502182
2009-11-11,8.59172989005529,2.2515722921055583,8.436286293085846
2009-11-12,8.434876131149592,2.228678305039429,8.282270369260443
2009-11-13,8.524068647497602,2.2407376833479975,8.369849193634744
2009-11-16,8.708755484749421,2.27323958344496,8.551194633209649
2009-11-17,8.692686601873447,2.2758765413617565,8.535416472340245
2009-11-18,8.66500996628827,2.2744654979061125,8.508240568952475
2009-11-19,8.503116068315277,2.244826938002898,8.349275693440653
2009-11-20,8.444937867368072,2.2368555575460496,8.292150066181883
2009-11-23,8.557077869753913,2.2652680968379997,8.402261205281972
2009-11-24,8.527827110943903,2.268743018098549,8.373539658076814
2009-11-25,8.599680079718473,2.2767153810641476,8.444092646048656
2009-11-27,8.413177699470145,2.239716479406474,8.260964510707948
2009-11-30,8.410054112490586,2.2472800019574297,8.257897436398332
2009-12-01,8.5304238436464,2.275078855581643,8.376089410080802
2009-12-02,8.565137299187793,2.274057345175487,8.410174821623874
2009-12-03,8.462366822678378,2.2562742167362146,8.309263692735406
2009-12-04,8.610250317628873,2.269153029965345,8.454471644729859
2009-12-07,8.60449561071028,2.265678956676468,8.44882105332169
2009-12-08,8.547090704921583,2.2405367172942294,8.39245473058364
2009-12-09,8.56201855381385,2.2489387299840824,8.407112501324416
2009-12-10,8.580116163198017,2.2615912592789726,8.424882684505102
2009-12-11,8.632269012548312,2.2711984989483898,8.476091972244525
2009-12-14,8.74951753005587,2.2867334966811965,8.591219202009809
2009-12-15,8.697571484832755,2.2761047593886223,8.540212976848677
2009-12-16,8.725314931225325,2.279580371356209,8.567454482287008
2009-12-17,8.621024855558462,2.2521889336139926,8.465051247186283
2009-12-18,8.693069621086945,2.264866505121306,8.535792561880083
2009-12-21,8.76875220716587,2.2878820785463487,8.610105880819729
2009-12-22,8.843567615378806,2.2961024388545654,8.68356771107919
2009-12-23,8.922094309055234,2.3006234645566703,8.760673681353067
2009-12-24,8.968984272474417,2.3115146160378814,8.806715300530884
2009-12-28,8.974505700733834,2.3164473882285064,8.812136833812215
2009-12-29,8.963907950834793,2.31319972899021,8.801730820895742
2009-12-30,8.970396161597021,2.312336905491297,8.808101645423559
2009-12-31,8.888446903579853,2.2901430958723914,8.7255466474469
2010-01-04,9.032720795221186,2.3289839227783875,8.867176404049053
2010-01-05,9.084763052924137,2.335148743221982,8.918264873401629
2010-01-06,9.140859010924617,2.3367926879372103,8.973332750115759
2010-01-07,9.201275466023477,2.3466562898729935,9.03264194135659
2010-01-08,9.25367483093821,2.354465962005691,9.08408097314921
2010-01-11,9.255921286900891,2.3577551509546133,9.086286257886396
2010-01-12,9.140472952325096,2.3357667264168107,8.972953766885581
2010-01-13,9.23349539861414,2.355494612188127,9.064271373117533
2010-01-14,9.27100041525079,2.361866225114096,9.101089028184417
2010-01-15,9.087919796134138,2.335356638603415,8.921363762378709
2010-01-19,9.22234699992886,2.3645392551594036,9.053327293254311
2010-01-20,9.14876586746599,2.3404942554736876,8.981094696194173
2010-01-21,8.999613409124766,2.295488891435184,8.834675783311475
2010-01-22,8.818400983337542,2.244317853067311,8.6567844721009
2010-01-25,8.850247321767698,2.2558267150178404,8.68804715663252
2010-01-26,8.803052451345966,2.2463725452552006,8.641717235572955
2010-01-27,8.854952155938198,2.2570585394529794,8.69266576441277
2010-01-28,8.736611917582541,2.231165563888375,8.576494370102427
2010-01-29,8.648296039488567,2.2069150253744723,8.4897970738955
2010-02-01,8.79712088139907,2.241234760934071,8.635894374636084
2010-02-02,8.917732466452074,2.268360425245656,8.754295488241063
2010-02-03,8.865734440277096,2.2570571852466568,8.703250439776832
2010-02-04,8.540996640441756,2.1873908581668338,8.384464171333086
2010-02-05,8.554461404190254,2.191912195070665,8.397682163796667
2010-02-08,8.494779093040133,2.1760887809344496,8.33909366170885
2010-02-09,8.624666729628702,2.203420456022986,8.46660082288947
2010-02-10,8.596504993982254,2.1991039553496368,8.438955212725876
2010-02-11,8.717184283414635,2.222119777346326,8.557422789879197
2010-02-12,8.73147933152936,2.220270973691574,8.571455849929581
2010-02-16,8.911844825857324,2.255206937462611,8.748515751554747
2010-02-17,8.973356960663333,2.2658943631392465,8.808900541772449
2010-02-18,9.038758321065751,2.2792518104099524,8.873103279009705
2010-02-19,9.041085779811139,2.2839789786647424,8.875388081976206
2010-02-22,9.04530593244344,2.2843900948809024,8.879530891068953
2010-02-23,8.911184114730043,2.256646177178574,8.747867149405902
2010-02-24,8.983343832325662,2.2774028087162628,8.81870438213928
2010-02-25,8.997475375737782,2.274319205313261,8.832576934068822
2010-02-26,8.989497539308623,2.2757588493702245,8.824745308964523
2010-03-01,9.15412575263964,2.2993926050209343,8.986356349733304
2010-03-02,9.187204750434447,2.3057642219294476,9.018829102447071
2010-03-03,9.221852493723295,2.3078186578511866,9.052841849957984
2010-03-04,9.261937898715424,2.314825195296423,9.09219260211242
2010-03-05,9.411401473431551,2.3478901583860368,9.238916929481077
2010-03-08,9.437479989396236,2.348301039163754,9.264517499526033
2010-03-09,9.460563045003223,2.3522062637918832,9.28717750758472
2010-03-10,9.536263194258096,2.36268769490334,9.361490285813293
2010-03-11,9.527909579523918,2.3725519160295616,9.353289769364396
2010-03-12,9.522526621508753,2.372758328046256,9.348005465844107
2010-03-15,9.51713674573912,2.3733752452115477,9.342714371352344
2010-03-16,9.614646236474385,2.392281552414903,9.438436787113938
2010-03-17,9.688525852392504,2.406460605176066,9.510962397266297
2010-03-18,9.641111273813603,2.405175555212902,9.464416794682721
2010-03-19,9.540925807672325,2.3931111946279544,9.366067446625092
2010-03-22,9.618669584407687,2.4059574155207173,9.442386398384809
2010-03-23,9.725831707560667,2.4228279889183484,9.547584540934793
2010-03-24,9.658335955947562,2.4110651590321495,9.481325796792731
2010-03-25,9.592585591268355,2.407144767083563,9.416780451546417
2010-03-26,9.608957103893959,2.4057414016843532,9.43285192034784
2010-03-29,9.6786392739964,2.420969744757015,9.50125701207194
2010-03-30,9.687563092988453,2.4226208461229395,9.51001728253687
2010-03-31,9.61899852373171,2.4143669769001983,9.441045840785282
2010-04-01,9.743674656959026,2.4308764182882414,9.563415449861205
2010-04-05,9.882603043259337,2.4506856302208724,9.699773643535059
2010-04-06,9.91764578905026,2.4564643469369334,9.734168094119791
2010-04-07,9.87208415050367,2.4424330225872297,9.689449351618856
2010-04-08,9.84967872768598,2.450944901670946,9.667458431942332
2010-04-09,9.890601907948831,2.466988786997284,9.707624528221391
2010-04-12,9.93462814844838,2.470908832179823,9.750836277732342
2010-04-13,9.939089390042115,2.4727669556216223,9.75521498579527
2010-04-14,10.108466918520312,2.5008303878009723,9.921459008685634
2010-04-15,10.164889847240106,2.5028935728709083,9.976838106125014
2010-04-16,10.037886116392198,2.4630675303393863,9.852183960277326
2010-04-19,10.050898067332431,2.472353294928766,9.864955188488008
2010-04-20,10.213687260921532,2.4944338822057746,10.024732761513665
2010-04-21,10.24003169033215,2.48989401254016,10.050589815665543
2010-04-22,10.339302128783313,2.4973238562735802,10.148023738515201
2010-04-23,10.396276320022833,2.5136788302083155,10.20394390004833
2010-04-26,10.339782653118245,2.5041343916900143,10.148495373089474
2010-04-27,10.059178851410522,2.444909109192154,9.873082777018777
2010-04-28,10.111513469592875,2.4634806387855774,9.924449198180042
2010-04-29,10.293404352484815,2.4939711386518266,10.102975076853062
2010-04-30,10.084933924243769,2.451770653014699,9.898361377764118
2010-05-03,10.23987835374721,2.4834990170353626,10.050439315826715
2010-05-04,9.965242799282578,2.425099537649776,9.780884553674182
2010-05-05,9.887896278546338,2.4106556448035343,9.704968953303261
2010-05-06,9.51771863283094,2.330631520018636,9.341639640609158
2010-05-07,9.337030686351309,2.2959214247909983,9.164294443873462
2010-05-10,9.801192531331033,2.3970361002602187,9.61986923632046
2010-05-11,9.82359183929839,2.3902261206993796,9.641854154272156
2010-05-12,10.074113892114282,2.423655823223481,9.887741517590399
2010-05-13,9.933745771669322,2.3935273576849903,9.74997022503471
2010-05-14,9.723676955401457,2.3501925448741035,9.543787708298552
2010-05-17,9.747380758300077,2.351431096345252,9.567052987861146
2010-05-18,9.598364739750982,2.319446930572764,9.42079378440433
2010-05-19,9.484146121191543,2.3062399997500824,9.308688224659164
2010-05-20,9.071040598150995,2.219156377359519,8.903225205771587
2010-05-21,9.215244577501545,2.2516581416623263,9.044761393360481
2010-05-24,9.09441944828249,2.2226657914302823,8.92617154423414
2010-05-25,9.089396417004641,2.224895125219087,8.921241439666925
2010-05-26,9.109431138058966,2.2115235055165203,8.940905515860978
2010-05-27,9.466171515083719,2.2856051199043126,9.291046151025895
2010-05-28,9.362801026364613,2.256900205203434,9.189588029354109
2010-06-01,9.09148327829376,2.2189504282529384,8.923289693759623
2010-06-02,9.336806851799311,2.2767296784542164,9.164074750288831
2010-06-03,9.444776042143399,2.2845707354668128,9.270046497026932
2010-06-04,9.031004531739637,2.2042977735347153,8.863929811626159
2010-06-07,8.869689429776392,2.1768520619564344,8.705599059345818
2010-06-08,8.924764356859482,2.200170501244112,8.75965509334837
2010-06-09,8.916559744648431,2.188408389744461,8.75160226749553
2010-06-10,9.228844863466366,2.252379943793471,9.05811007232377
2010-06-11,9.30391288466667,2.263317500800532,9.131789325686855
2010-06-14,9.304526679872106,2.259788988816784,9.132391765603765
2010-06-15,9.568605176346985,2.3111924089453995,9.391584776667642
2010-06-16,9.522942792075542,2.310367313255406,9.346767152250436
2010-06-17,9.496730519697065,2.3140823838951206,9.321039810208982
2010-06-18,9.487716447964809,2.31656539429304,9.312192499937904
2010-06-21,9.423082767407195,2.3099516000923335,9.248754550602786
2010-06-22,9.264921888121657,2.2718004394652085,9.093519667483745
2010-06-23,9.288905983593992,2.264751042701548,9.117060054172185
2010-06-24,9.107463772858216,2.227221853172941,8.938974547163982
2010-06-25,9.185084925170388,2.236500459413259,9.015159698392125
2010-06-28,9.140663516266537,2.229502449475755,8.971560091142074
2010-06-29,8.784283554550145,2.160666561348191,8.621773203556979
2010-06-30,8.702792991228732,2.1401402290153833,8.540489347726696
2010-07-01,8.639830871377296,2.1306037641548907,8.47870144648126
2010-07-02,8.581559137750194,2.1189919736402465,8.421516457614192
2010-07-06,8.594351189517752,2.132884085019432,8.434069942681166
2010-07-07,8.89191492055624,2.200010212943164,8.726084227953189
2010-07-08,9.009610912397674,2.221832114245347,8.84158523614734
2010-07-09,9.117748972750755,2.238418090978189,8.947706564491021
2010-07-12,9.090416083173416,2.2398685859011427,8.920883422482117
2010-07-13,9.293452974067609,2.2736637231252192,9.120133755751572
2010-07-14,9.250481888144446,2.2734772826999228,9.077964063566897
2010-07-15,9.238752723487558,2.2740774807025557,9.06645364318682
2010-07-16,8.920406665415495,2.2114607572714107,8.754044613051843
2010-07-19,8.999352809014384,2.224523855964613,8.831518442330557
2010-07-20,9.14262792537332,2.249198274574973,8.972121534497765
2010-07-21,9.002528088776193,2.2199631954020473,8.834634504382024
2010-07-22,9.26800943564567,2.2695371935185706,9.095164729247092
2010-07-23,9.38407151386563,2.2892140809863766,9.209062295661871
2010-07-26,9.549525227392376,2.3130585348539308,9.3714303629411
2010-07-27,9.509854668901477,2.3128503595857937,9.332499644658892
2010-07-28,9.372081805030982,2.297920910514667,9.197296190149787
2010-07-29,9.335709574991073,2.28672543983864,9.161602287798896
2010-07-30,9.362096052842439,2.2863115425340292,9.1874966682858
2010-08-02,9.573149841651055,2.33793874347599,9.39461438749778
2010-08-03,9.469480530492346,2.3267423548334834,9.29287846794535
2010-08-04,9.575280397553525,2.3422919739908354,9.396705209376245
2010-08-05,9.535279114299195,2.339804459914457,9.3574499342165
2010-08-06,9.47128620040729,2.3303095334161243,9.294650462831319
2010-08-09,9.548818892074413,2.3427487257055,9.370737200497143
2010-08-10,9.400498086742235,2.329954974914422,9.225182519458262
2010-08-11,9.063698648287408,2.266198086980864,8.894664257178237
2010-08-12,8.99932805219233,2.2523062927076714,8.831494147213434
2010-08-13,8.9276881638089,2.2456709983693544,8.761190314383251
2010-08-16,8.938938857835677,2.244633498368108,8.772231187421031
2010-08-17,9.101512243975138,2.2722088208955604,8.931772644278311
2010-08-18,9.124883266052827,2.2763556019936946,8.954707806047768
2010-08-19,8.942380532041854,2.2367538435858103,8.775608675765952
2010-08-20,8.915398340901486,2.229497814117218,8.74912969180702
2010-08-23,8.854764672922862,2.221072541877669,8.689626817728904
2010-08-24,8.710420615600796,2.1880318667446965,8.547974719924305
2010-08-25,8.770777962988506,2.1965323705469997,8.607206426681119
2010-08-26,8.697313791109403,2.181811210599594,8.535112332520153
2010-08-27,8.893306595285024,2.2156074662517815,8.727449948499306
2010-08-30,8.746480796644462,2.183490020420996,8.583362392869176
2010-08-31,8.73199421373919,2.183470369010812,8.569145978999265
2010-09-01,9.065803687269828,2.2487823346886633,8.896730038017102
2010-09-02,9.201451694904948,2.269722995789284,9.029848264018309
2010-09-03,9.359230211038682,2.299165842490663,9.184684273296975
2010-09-07,9.17898631804806,2.273249645114108,9.007801857544855
2010-09-08,9.258494669602888,2.2892146773717448,9.085827409823723
2010-09-09,9.283653232438612,2.2997885599665246,9.110516775423852
2010-09-10,9.34743855714916,2.311441588599875,9.173112529083708
2010-09-13,9.514064416328743,2.3371101474412765,9.336630881963442
2010-09-14,9.544880378556227,2.3356588020397155,9.366872138696664
2010-09-15,9.571001890564878,2.3445740116871012,9.392506494848908
2010-09-16,9.519044305025204,2.3439526995740043,9.341517897707456
2010-09-17,9.53073730400748,2.3448269939309454,9.352992826888443
2010-09-20,9.747269460295637,2.38067939866815,9.565486744195576
2010-09-21,9.703499331899382,2.3758847103592324,9.522532911363557
2010-09-22,9.580385332762821,2.3642119887772375,9.401714939565137
2010-09-23,9.495636003589485,2.344993309520467,9.318546151825222
2010-09-24,9.775712421489638,2.3933939714289694,9.593399255425018
2010-09-27,9.720672320419006,2.381929614305825,9.53938563044677
2010-09-28,9.775515081675959,2.3902663679558955,9.593205595920724
2010-09-29,9.770638104892983,2.3860977434101804,9.58841957282376
2010-09-30,9.769373216150019,2.3790110331122523,9.586161490727102
2010-10-01,9.80268724259221,2.389017153517522,9.618850756488104
2010-10-04,9.666702817531835,2.3710899687975266,9.485416540186751
2010-10-05,9.905164662151389,2.4188247520493587,9.719406347037486
2010-10-06,9.908042308883648,2.4186167331206825,9.722230027296028
2010-10-07,9.87919261082241,2.4156974627238057,9.693921367318069
2010-10-08,9.979283127526744,2.429193964448044,9.792134818231366
2010-10-11,10.030460578449562,2.4315381366237365,9.842352503478448
2010-10-12,10.071726611254968,2.4390418633133573,9.882844646198562
2010-10-13,10.197443390867868,2.458010291884345,10.006203773217175
2010-10-14,10.148731387833408,2.448421593735704,9.958405299631053
2010-10-15,10.138174933622757,2.453423719051706,9.948046817813056
2010-10-18,10.205858120684887,2.465514191139193,10.014460695861246
2010-10-19,10.008166709331059,2.433203627664314,9.820476726507444
2010-10-20,10.092970314478146,2.4569662942920836,9.903689951752215
2010-10-21,10.059628073503616,2.4623863619372917,9.870973000585263
2010-10-22,10.070217173690796,2.4669097656841705,9.881363516147502
2010-10-25,10.114851519033005,2.4742685575152064,9.925160803139867
2010-10-26,10.0590215430072,2.4746867089014266,9.870377844769317
2010-10-27,10.009638893524382,2.467599206167133,9.821921301825524
2010-10-28,9.982155684061714,2.4680162304329754,9.794953503752556
2010-10-29,10.05524068547817,2.4698919227681047,9.866667892242704
2010-11-01,10.017929702443286,2.4707267462380003,9.830056627544685
2010-11-02,10.104622725675101,2.4904258505857557,9.915123837326957
2010-11-03,10.122873918580538,2.5003277837676845,9.933032753151846
2010-11-04,10.372891986428368,2.5484790962274824,10.178362061487288
2010-11-05,10.414401916681497,2.5581709622304354,10.219093527679762
2010-11-08,10.386963534649578,2.5532720648377643,10.192169716358128
2010-11-09,10.284597508081717,2.53492935832397,10.091723429771257
2010-11-10,10.348904157672482,2.5451425887086576,10.154824092860434
2010-11-11,10.313222165520976,2.5354506857308547,10.119811269467649
2010-11-12,10.179026448451799,2.5054968713296306,9.988132216295384
2010-11-15,10.196701559064875,2.5019941867035116,10.005475853492431
2010-11-16,10.024255027391472,2.4630156192688575,9.836263329355855
2010-11-17,10.04652657757283,2.4642249599379187,9.858117205951983
2010-11-18,10.217518609842005,2.500483565998445,10.025902507904647
2010-11-19,10.272442261875312,2.5074149064433926,10.079796139195278
2010-11-22,10.284443523315591,2.505331244656138,10.09157233278657
2010-11-23,10.214638358335693,2.469008952271113,10.02307627172117
2010-11-24,10.426253431631503,2.505540408728917,10.230722783078946
2010-11-26,10.366592746500752,2.476358379588451,10.172180955506489
2010-11-29,10.34211924464906,2.483903843571057,10.14816642194296
2010-11-30,10.278557437569205,2.469949271777875,10.085796632824577
2010-12-01,10.516592714126832,2.522425814006068,10.31936787133548
2010-12-02,10.69153253781415,2.554735566257672,10.491026929078679
2010-12-03,10.750303482769196,2.561615469137604,10.548695702380359
2010-12-06,10.799763361512305,2.5589052799712566,10.597228026251402
2010-12-07,10.839238997885776,2.56036385598084,10.635963349066154
2010-12-08,10.848220653228875,2.5697450291491535,10.644776565294867
2010-12-09,10.906398955946766,2.5797516162926604,10.701863810583863
2010-12-10,11.0264778156667,2.5947606111962513,10.81969074947025
2010-12-13,10.960186780618018,2.5964290422692504,10.754642915458387
2010-12-14,10.972080869009684,2.598721689113574,10.766313945890404
2010-12-15,10.918281980007436,2.586798754003921,10.713523984181851
2010-12-16,11.029298960166432,2.601848749154716,10.822458987121195
2010-12-17,11.09495603503749,2.6046171162238165,10.88688475004346
2010-12-20,11.11186740519371,2.610902057325265,10.903478969729827
2010-12-21,11.199152865207962,2.627455176368707,10.98912750592311
2010-12-22,11.237698184356292,2.6356265619672135,11.026949958386753
2010-12-23,11.221598085916552,2.6318549803570384,11.011151796084517
2010-12-27,11.240190624203057,2.63290245863922,11.029395655807503
2010-12-28,11.208018487775128,2.63667540786245,10.99782686541775
2010-12-29,11.207527283525827,2.6385606307790717,10.99734487305708
2010-12-30,11.21860133646688,2.6343705964973942,11.008211246723135
2010-12-31,11.188148717637437,2.6350002110699573,10.976449895604429
2011-01-03,11.310032411823295,2.6622408432519986,11.096027342784168
2011-01-04,11.194379831295699,2.6607739485473667,10.982563105983546
2011-01-05,11.25905256072833,2.674604651531916,11.046012117267257
2011-01-06,11.204656381531235,2.6693651010195647,10.99264520639237
2011-01-07,11.165662036179603,2.664127806691364,10.9543887004443
2011-01-10,11.149182288896132,2.6607763339105466,10.938220778036893
2011-01-11,11.213637227183535,2.6702061252379257,11.001456119154657
2011-01-12,11.319811175648294,2.694304735518198,11.105621075748834
2011-01-13,11.301815526807532,2.689904935885097,11.087965935222481
2011-01-14,11.389849066757762,2.709393297145584,11.174333730716038
2011-01-18,11.427764813523776,2.7140019751440287,11.211532047000084
2011-01-19,11.245656139333345,2.6873911857777415,11.03286917897304
2011-01-20,11.20104903543584,2.6838277050654002,10.989106117426754
2011-01-21,11.197673036454873,2.6899038909896684,10.98579399809429
2011-01-24,11.289583513521947,2.705201374417727,11.07596537245378
2011-01-25,11.279104602762839,2.706667593562661,11.065684740527026
2011-01-26,11.37423900024686,2.717145103817342,11.159019033240323
2011-01-27,11.457503156127991,2.7238510179335633,11.240707689531446
2011-01-28,11.175675007086943,2.6762844076073895,10.964212208894573
2011-01-31,11.27055718697743,2.696399361214967,11.057299056400613
2011-02-01,11.475423610129324,2.7395660185886572,11.258289058032746
2011-02-02,11.472363648119664,2.7342238648524093,11.255286995714023
2011-02-03,11.540175438687378,2.7404059450108407,11.321815671751757
2011-02-04,11.596269455827212,2.7481585534292763,11.376848294584867
2011-02-07,11.715612876885025,2.7653400407053157,11.493933534929068
2011-02-08,11.765684813586304,2.777914041870403,11.543058025338368
2011-02-09,11.741683488563869,2.771605399081315,11.51951084624863
2011-02-10,11.826795210239418,2.7726946400031545,11.603012109243775
2011-02-11,11.908903422889436,2.789228218141493,11.68356669471776
2011-02-14,11.910254523681777,2.795933522777905,11.684892230382806
2011-02-15,11.85251644042255,2.7871319240482,11.62824664996036
2011-02-16,11.960416000466992,2.804732662148565,11.73410456662521
2011-02-17,12.048863000795375,2.8131132033430646,11.820877999122633
2011-02-18,12.058284911698848,2.8189813574852383,11.830121631430611
2011-02-22,11.713351960833753,2.7624044016405094,11.491715399258794
2011-02-23,11.619205107021568,2.74543218899683,11.399349964209724
2011-02-24,11.649497735842635,2.743546077082989,11.429069404919012
2011-02-25,11.84855672566336,2.7728828152852376,11.624361859746006
2011-02-28,11.861153632328527,2.7900663700915604,11.636720411490296
2011-03-01,11.643506101816993,2.7435475935030236,11.423191142810147
2011-03-02,11.701370056986425,2.7494160418055262,11.479960213431946
2011-03-03,11.923441165348859,2.7967719837095846,11.697829358338732
2011-03-04,11.827354665137555,2.775818568007632,11.603560978302749
2011-03-07,11.710320477218174,2.754025616430204,11.488741276474446
2011-03-08,11.870138430462871,2.7781233405739685,11.645535201946942
2011-03-09,11.853111315366897,2.774142289826926,11.628830268857962
2011-03-10,11.622125787541902,2.722751303907882,11.402215380482026
2011-03-11,11.696366777154683,2.741663534464826,11.47505160417292
2011-03-14,11.601380851627694,2.7251093700437274,11.381862974074444
2011-03-15,11.55623924115396,2.6938877919911364,11.337575519726375
2011-03-16,11.386297087143241,2.643910785674117,11.170848960603227
2011-03-17,11.484612540025642,2.6790087013539408,11.267304117730887
2011-03-18,11.586094655895515,2.6887174288876476,11.36686601919091
2011-03-21,11.78874816690184,2.7303871716005483,11.565684980742848
2011-03-22,11.711784998575006,2.720915458502266,11.4901780865938
2011-03-23,11.75975684846308,2.728702718544499,11.537242227407887
2011-03-24,11.867311064607962,2.7547973026419403,11.642761334667718
2011-03-25,11.926208943005287,2.763215963198814,11.700544764929644
2011-03-28,11.86221254079342,2.756482005896498,11.637759283604199
2011-03-29,11.959418789489765,2.7750028084941163,11.73312622457747
2011-03-30,12.081195349170839,2.7941531028755344,11.852598564419642
2011-03-31,12.022014011365831,2.7903642312680352,11.792825998040122
2011-04-01,12.064821792572932,2.8021507297809114,11.83481769050199
2011-04-04,12.107457671428762,2.8044653062837104,11.876640757763846
2011-04-05,12.210400476374698,2.804044636487768,11.977621058180214
2011-04-06,12.230722141254157,2.8128829851819774,11.997555310268716
2011-04-07,12.22299664001745,2.8057270108676744,11.989977088204924
2011-04-08,12.149539715193093,2.796047252680181,11.917920548261971
2011-04-11,12.091027571201204,2.787628354402361,11.86052388142925
2011-04-12,12.007923442999695,2.766793620081558,11.779004052665726
2011-04-13,12.028780373680314,2.766583343766432,11.799463366233082
2011-04-14,12.045399890309499,2.7686887136910383,11.815766047929701
2011-04-15,12.115065428598738,2.7787888901185833,11.884103480437101
2011-04-18,11.976109317152833,2.747641445449244,11.747796432209032
2011-04-19,12.089515489634813,2.7634238979119043,11.85904062622838
2011-04-20,12.260761675638035,2.8010948924882397,12.027022170124
2011-04-21,12.304737872648346,2.8154056862939623,12.070160003677325
2011-04-25,12.292052681092118,2.812460771946099,12.0577166429698
2011-04-26,12.375296656646656,2.8366844965748705,12.13937365303248
2011-04-27,12.415839239376496,2.8551825161770354,12.179143330824585
2011-04-28,12.437477439809852,2.864441873076998,12.200369019996138
2011-04-29,12.450920158485115,2.8711761759206023,12.213555466304388
2011-05-02,12.41683090693775,2.8667574357858605,12.180116093207548
2011-05-03,12.359133638312054,2.8564457092893387,12.123518766934124
2011-05-04,12.293625582222795,2.837504617791041,12.059259558269074
2011-05-05,12.239614079845948,2.811830876009268,12.006277732693034
2011-05-06,12.285282957713903,2.8242479211577245,12.051075977788516
2011-05-09,12.333916849572121,2.835191881852211,12.098782711764143
2011-05-10,12.500725586282684,2.8593930797557015,12.262411402025263
2011-05-11,12.374692157635133,2.829297967591273,12.138780678207125
2011-05-12,12.44597635506743,2.8427654259170074,12.208705911694144
2011-05-13,12.363127215225306,2.820878974902872,12.12743621018475
2011-05-16,12.266638803597848,2.802991781323013,12.032787256351043
2011-05-17,12.255908436451653,2.8025713325558144,12.022261453226006
2011-05-18,12.382979261729728,2.827615109983533,12.146909796716114
2011-05-19,12.403706135711609,2.834350489175514,12.1672415329893
2011-05-20,12.30606341620307,2.8118315745390148,12.071460277032438
2011-05-23,12.153661720166259,2.7792115164427877,11.921963971216364
2011-05-24,12.113287751871525,2.776896433249591,11.882359693389033
2011-05-25,12.13523908889921,2.7861573828544786,11.903892549510065
2011-05-26,12.19798607020028,2.7989959960746718,11.965443320594359
2011-05-27,12.278584112314608,2.809730145719618,12.04450483936637
2011-05-31,12.375333067896511,2.838982246266705,12.139409370137248
2011-06-01,12.082881303476823,2.7752158660333084,11.852532914381944
2011-06-02,12.044326323000368,2.772268586783581,11.814712947137956
2011-06-03,11.885787147079368,2.744698375688018,11.65919616652686
2011-06-06,11.753611060162907,2.7157610207131393,11.529539888249861
2011-06-07,11.774277484783497,2.7139713342004894,11.549812327570077
2011-06-08,11.682690527163194,2.702607936224192,11.459971386286448
2011-06-09,11.77967928007835,2.7232315373855185,11.555111142887458
2011-06-10,11.630801295526487,2.685351386700486,11.409071372421447
2011-06-13,11.614119891100684,2.687456702187659,11.39270798275892
2011-06-14,11.794217369670891,2.7215497779116116,11.569372077931023
2011-06-15,11.622677530448895,2.6731470151114536,11.401102479029849
2011-06-16,11.611149361977004,2.6790386311327596,11.389794083886022
2011-06-17,11.672790858977129,2.6869846597126994,11.450260445653196
2011-06-20,11.738273032439327,2.7007312732317894,11.514494265118305
2011-06-21,11.920564194210284,2.737742094600158,11.693310223052896
2011-06-22,11.852855818196316,2.721247198480192,11.62689264142409
2011-06-23,11.832167782743822,2.7134426615149505,11.606599003261476
2011-06-24,11.722375750405497,2.6819097443454853,11.498900049316399
2011-06-27,11.792375330890554,2.7058082420773477,11.567565155829808
2011-06-28,11.945398868796445,2.7411271570611833,11.71767144870408
2011-06-29,12.019953090159177,2.764602170034255,11.790804366293331
2011-06-30,12.111916084744397,2.7910372959841228,11.878265619269857
2011-07-01,12.323632455326065,2.832277663069584,12.085897778221522
2011-07-05,12.264888878842875,2.829952363108204,12.028287421609816
2011-07-06,12.284949899001466,2.8333369861344813,12.047961445469458
2011-07-07,12.444666503003507,2.8627356907026127,12.204596963158817
2011-07-08,12.31892571834604,2.84243316918415,12.081281838707275
2011-07-11,12.031452199302432,2.7910419774853006,11.799353959269023
2011-07-12,11.97518248929908,2.7789874671845416,11.744169745882585
2011-07-13,12.001360695585388,2.788294296212143,11.769842949488776
2011-07-14,11.858308301015347,2.769049488979687,11.629550172665816
2011-07-15,11.907852113146497,2.785123821263214,11.67813823719395
2011-07-18,11.748792656948444,2.762283020805034,11.522147190297844
2011-07-19,11.959183910012715,2.8071203987987414,11.728479794518595
2011-07-20,11.969293432711156,2.805427705198266,11.73839429483844
2011-07-21,12.160438558607108,2.844341792897071,11.925852048123296
2011-07-22,12.1654015074769,2.8462446575565195,11.930719256954474
2011-07-25,12.073845147581292,2.830382536079957,11.840929106959688
2011-07-26,12.024630992039814,2.8198082269251623,11.792664339629763
2011-07-27,11.734021318352143,2.7620698336706426,11.507660804975211
2011-07-28,11.656102853959236,2.7540322104546613,11.431245462412665
2011-07-29,11.601939739249632,2.7352084002962034,11.378127206078473
2011-08-01,11.49759252041802,2.7235755589697437,11.275792945071235
2011-08-02,11.13698174262065,2.6539936505891846,10.922138694672013
2011-08-03,11.197665182450523,2.6683756421817275,10.981651492807899
2011-08-04,10.5849930287806,2.543383590350651,10.380798371971972
2011-08-05,10.511776250256625,2.539576145115896,10.308994015253345
2011-08-08,9.666630463268152,2.3741913278175133,9.48015190021422
2011-08-09,10.141947189826139,2.4845888503697,9.94629931172486
2011-08-10,9.706403992639887,2.3748246841380674,9.519158160098101
2011-08-11,10.191351687707192,2.4814163152609203,9.994750749508267
2011-08-12,10.235540342840078,2.4981236913115725,10.038086963147318
2011-08-15,10.498011475299194,2.550996479238182,10.295494775992623
2011-08-16,10.361319615034375,2.529213520301967,10.161439832674217
2011-08-17,10.32016378548862,2.5309055641470493,10.121077938511032
2011-08-18,9.790432769017889,2.4217754471265924,9.60156594087338
2011-08-19,9.678218858400458,2.382225432299568,9.491516744101805
2011-08-22,9.69195574432618,2.3841288304199755,9.504988632336964
2011-08-23,10.036927073075903,2.462592894357927,9.84330513364455
2011-08-24,10.179983072604385,2.4972785152749584,9.983601445882847
2011-08-25,9.970996968269958,2.4592100015881067,9.778646883726697
2011-08-26,10.16964670968254,2.4949521597511883,9.973464481304832
2011-08-29,10.566475811405022,2.5666471050137987,10.362638369460566
2011-08-30,10.626908059854534,2.57341535342972,10.421904821938483
2011-08-31,10.672443200615053,2.584836170768241,10.466561546207368
2011-09-01,10.48210468555123,2.5577651815517854,10.279894843458882
2011-09-02,10.155067578358672,2.4924142811631373,9.959166595392201
2011-09-06,10.061700976900983,2.47422713415349,9.867601125129426
2011-09-07,10.418830194144638,2.544020133153692,10.217840977613644
2011-09-08,10.248530695448798,2.5175826759299587,10.0508267194084
2011-09-09,9.981054542536166,2.4515968339938348,9.788510437749341
2011-09-12,10.033737510823261,2.467458665509775,9.840177101103611
2011-09-13,10.175464576051068,2.490087728931165,9.979170115457123
2011-09-14,10.359608011372467,2.524560503450488,10.159761247486804
2011-09-15,10.526647073231354,2.568126844058533,10.323577965805441
2011-09-16,10.554200935900484,2.583268519931102,10.350600288064841
2011-09-19,10.407353120062231,2.557526249129989,10.206585307286245
2011-09-20,10.343818576091873,2.5545492885760015,10.144276405540337
2011-09-21,10.00840347318793,2.47929737563313,9.815331781326332
2011-09-22,9.700968852683468,2.3991565672631645,9.513827869198744
2011-09-23,9.8102363117599,2.4136114855809248,9.6209874543025
2011-09-26,10.089769193088811,2.471007166708039,9.89512787853535
2011-09-27,10.209037474609577,2.498642910860502,10.012095360636879
2011-09-28,9.924441696005992,2.4477305629088084,9.732989707268441
2011-09-29,10.023760497502781,2.4669697251332714,9.830392553928872
2011-09-30,9.734034611706678,2.405322618671916,9.544393991413072
2011-10-03,9.278283451299272,2.3368719475897506,9.097521876150545
2011-10-04,9.619518968228562,2.3881031912967603,9.432109367088753
2011-10-05,9.880477902522225,2.43231892188362,9.687984241571176
2011-10-06,10.149343241597842,2.476322003499417,9.951611486504767
2011-10-07,9.986588779110745,2.4597405513639847,9.792027842537731
2011-10-10,10.367239434907004,2.542009033844905,10.165262577869361
2011-10-11,10.424022936919291,2.5445586689058515,10.22093981110681
2011-10-12,10.546675190563386,2.5668795375494935,10.341202526354005
2011-10-13,10.513370807240882,2.561776581028845,10.30854698641081
2011-10-14,10.670403164446803,2.605567589904952,10.462520004420337
2011-10-17,10.374310882764622,2.555824699046077,10.172196258212107
2011-10-18,10.729117870756486,2.6057808486136316,10.520090817804931
2011-10-19,10.524093784816722,2.574957066955381,10.319061056560281
2011-10-20,10.609069753314364,2.5862250790803776,10.402381504400884
2011-10-21,10.895327908225235,2.635329734656877,10.68306271447575
2011-10-24,11.19123034454016,2.667641512533505,10.973200313926249
2011-10-25,10.830860918013068,2.6157505498317035,10.619851684458908
2011-10-26,10.993510887848586,2.6423448856718426,10.779332871523383
2011-10-27,11.50218833704887,2.7343909697642212,11.278100153887019
2011-10-28,11.56083138445629,2.733753856668266,11.335600704443971
2011-10-31,11.18462830342376,2.6678539861994213,10.966726895238523
2011-11-01,10.790205619801375,2.5934928920420846,10.579988441780065
2011-11-02,11.01879453527064,2.6357538587179103,10.804123937321105
2011-11-03,11.288254012155113,2.683795744300762,11.068333744939045
2011-11-04,11.271918292589643,2.667448744422226,11.052316281483705
2011-11-07,11.319201671011566,2.684008266227599,11.098678474644714
2011-11-08,11.482616965358348,2.7184467762915654,11.258910075998651
2011-11-09,10.925138412203314,2.618130653352854,10.712292443606483
2011-11-10,11.031405531722688,2.6427672628009042,10.816489243544474
2011-11-11,11.32220637439266,2.6925094282213426,11.101624639728408
2011-11-14,11.184563586695228,2.667000593898374,10.96666343933564
2011-11-15,11.2369662962429,2.680244918847673,11.018045227678478
2011-11-16,11.045611376799826,2.6376665480668593,10.830418327198451
2011-11-17,10.787954232966307,2.5956828096212794,10.577780916962443
2011-11-18,10.79939135113448,2.5930040649617503,10.588995214658903
2011-11-21,10.574102137026022,2.5437292087152823,10.368095134965236
2011-11-22,10.46454412513203,2.533717090549779,10.26067155654744
2011-11-23,10.153218851192282,2.4778080892297076,9.955411590613899
2011-11-25,10.117488221600608,2.4731324653653313,9.920377073069231
2011-11-28,10.465681237741428,2.5447716934895688,10.2617865156769
2011-11-29,10.500605892276772,2.551998845099079,10.296030760349952
2011-11-30,11.029663185974503,2.657013597574906,10.814780842562431
2011-12-01,10.975909346747319,2.656588475399294,10.76207424754803
2011-12-02,10.980515386846921,2.6542506775409427,10.76659055175327
2011-12-05,11.173981841086526,2.6831607759207183,10.956287849640798
2011-12-06,11.167105056890016,2.684011337886685,10.94954504047856
2011-12-07,11.164743097720534,2.694001228086299,10.947229097521257
2011-12-08,10.853370799748888,2.63490292314577,10.64192302368842
2011-12-09,11.114931561169492,2.6795434484697056,10.898388000368278
2011-12-12,10.92400964216656,2.6404301527523932,10.711185664517831
2011-12-13,10.72669969404904,2.615771175555839,10.51771975255219
2011-12-14,10.538665989671378,2.5879236756208712,10.333349362489377
2011-12-15,10.621024954616283,2.597382536655265,10.414103791820638
2011-12-16,10.669298053611369,2.601104585830292,10.461436423599196
2011-12-19,10.482587686740757,2.5732935755985946,10.278363589488741
2011-12-20,10.879132351610052,2.651161439196208,10.667182683285022
2011-12-21,10.933785191917538,2.656296738903931,10.72077076484136
2011-12-22,11.107951054581218,2.6798288717138807,10.8915434895569
2011-12-23,11.200335007131766,2.703789221655875,10.982127597462783
2011-12-27,11.173482045482588,2.705927918930205,10.955797791165624
2011-12-28,10.993473541341825,2.6704153209221646,10.779296252609546
2011-12-29,11.156505942778802,2.6980113928485743,10.93915242065823
2011-12-30,11.13090796685605,2.6847479688413305,10.91225658028636
2012-01-03,11.338786463413115,2.7274247225540322,11.116051589526348
2012-01-04,11.34858169154076,2.731810421507899,11.125654403861843
2012-01-05,11.398927344977693,2.739082500849953,11.175011086141662
2012-01-06,11.385693290827328,2.7320238852452623,11.162036996793676
2012-01-09,11.43117874096335,2.7386545072147523,11.206628947785651
2012-01-10,11.600626863527417,2.762401380446812,11.372748494903705
2012-01-11,11.672075096651756,2.763898601995014,11.442793225700362
2012-01-12,11.742006138399644,2.7705291947412003,11.511350568259656
2012-01-13,11.610539332671507,2.756197247216804,11.38246624721705
2012-01-17,11.622712056935056,2.7668940487332527,11.394399855044938
2012-01-18,11.83730504342972,2.7974848293360473,11.60477745729738
2012-01-19,11.945260975400188,2.8122443592956246,11.710612743379468
2012-01-20,11.934805387073524,2.8139542038660763,11.700362540713334
2012-01-23,11.938535308384296,2.815451227502533,11.704019192847069
2012-01-24,11.976282264807214,2.81224161310318,11.741024662197665
2012-01-25,12.114924591771226,2.8357716386800145,11.876943551224882
2012-01-26,11.997637609573824,2.821224130173586,11.76196051057119
2012-01-27,12.03413369231975,2.8199404731943574,11.797739677938734
2012-01-30,11.931054121916954,2.8103131964188717,11.696684964004307
2012-01-31,11.86801274955613,2.8092424670910363,11.634881952747449
2012-02-01,12.119463475808061,2.8338430033753523,11.881393275123914
2012-02-02,12.140854374165631,2.8383346445357023,11.902363978686973
2012-02-03,12.406860601984617,2.878125257917448,12.163144879810066
2012-02-06,12.380821521743876,2.8761997921199014,12.137617301507577
2012-02-07,12.398101710394435,2.8834737013941725,12.154558044605283
2012-02-08,12.443619205985781,2.892031851339911,12.199181411563652
2012-02-09,12.499617607750745,2.895667135377045,12.254079801700806
2012-02-10,12.352381701160551,2.8742971119179623,12.109736142106515
2012-02-13,12.443283639220487,2.8956675109450725,12.1988524365462
2012-02-14,12.401578869703924,2.8920305525513252,12.157966899899812
2012-02-15,12.477509672148436,2.878553690176436,12.23240614610405
2012-02-16,12.64171267574975,2.9104077653119287,12.39338360741149
2012-02-17,12.683467051123811,2.9181319875210665,12.43431777547649
2012-02-21,12.617386033452842,2.919415965595576,12.369534828563335
2012-02-22,12.53296817606718,2.910044640346014,12.286775243946034
2012-02-23,12.639069019280923,2.9228575668974575,12.390791881940041
2012-02-24,12.632588549862476,2.9292527792538294,12.38443871243534
2012-02-27,12.63681753183122,2.9341739239229754,12.388584621866412
2012-02-28,12.641380607989227,2.9427094358676675,12.393058062665663
2012-02-29,12.551777132203652,2.931179900297938,12.305214723993812
2012-03-01,12.638574476238245,2.946369274541282,12.39030705351564
2012-03-02,12.528056053849795,2.937427043793049,12.281959613617456
2012-03-05,12.442530088233797,2.9254041549028043,12.198113688032809
2012-03-06,12.197190678523361,2.882620119137351,11.957593633784946
2012-03-07,12.304453080435174,2.9027292770884534,12.062749013253061
2012-03-08,12.507033671985669,2.9316085306662063,12.261350187547889
2012-03-09,12.639052778355596,2.9429479924628232,12.390775960045376
2012-03-12,12.601149968837158,2.943162827666273,12.353617699119088
2012-03-13,12.888614069835004,2.9962574850773724,12.635434962998227
2012-03-14,12.876129621531824,2.9930065457060633,12.623195754520951
2012-03-15,13.109384882563976,3.0103330605991556,12.85186903658057
2012-03-16,13.111039950322455,3.0144812995566617,12.853491592807979
2012-03-19,13.230622553568365,3.0262980662509236,12.970725160190216
2012-03-20,13.108693814872241,3.017488512580067,12.851191543963704
2012-03-21,13.112798968745805,3.0125458663964606,12.85521605773233
2012-03-22,12.970386912000993,2.9908434859749407,12.715601490084017
2012-03-23,13.05317499589324,3.0005128829650975,12.796763315867913
2012-03-26,13.211284011980892,3.042625081277513,12.951766497669656
2012-03-27,13.166962804617654,3.0331716451499835,12.908315919501574
2012-03-28,13.027949710070388,3.018130146961685,12.77203354611062
2012-03-29,12.983576441682187,3.0129721625405272,12.72853192958483
2012-03-30,12.986490771144123,3.025433815404795,12.72782195891262
2012-04-02,13.077070250257446,3.0475648637644808,12.816597248835212
2012-04-03,13.009201678054595,3.0351033710365476,12.750080503178035
2012-04-04,12.855619842263598,3.0050224615262042,12.599557756385325
2012-04-05,12.745328242713882,3.0035169452729797,12.491462977944357
2012-04-09,12.545227776783525,2.969784446460619,12.295348173018292
2012-04-10,12.29006265961367,2.9199366145267773,12.045265511066278
2012-04-11,12.450694829103423,2.943570581484757,12.202698160899766
2012-04-12,12.682447647508551,2.982031274702437,12.429834857265124
2012-04-13,12.512149032838806,2.9465808869087744,12.262928301401525
2012-04-16,12.511537674887535,2.9446479298469623,12.262329120661013
2012-04-17,12.707005391293182,2.988308224702803,12.453903452554759
2012-04-18,12.621856569055664,2.9781659065881616,12.370450650058007
2012-04-19,12.562401333677062,2.959043103301959,12.312179661862677
2012-04-20,12.57451261227126,2.9639847052844734,12.324049704382885
2012-04-23,12.449698263529918,2.9390605578977365,12.201721445217801
2012-04-24,12.463352659910795,2.9502319270783057,12.215103869242494
2012-04-25,12.634276897897047,2.990626502623862,12.382623587070022
2012-04-26,12.722029350525718,3.0114681787206474,12.468628160068095
2012-04-27,12.773069445432656,3.016409998001928,12.518651623079748
2012-04-30,12.732603801790027,3.0052372153693288,12.478991986245395
2012-05-01,12.807579932368256,3.0239297908489258,12.552474719801744
2012-05-02,12.748137271854917,3.0150122218957125,12.494216056001743
2012-05-03,12.614688739183576,2.9919142132637693,12.36342559116785
2012-05-04,12.40067995665368,2.9435708634058533,12.153679499657382
2012-05-07,12.38005446090719,2.9457196701361394,12.133464828711878
2012-05-08,12.318476937817998,2.933901442819553,12.07311382516814
2012-05-09,12.183588277160823,2.9164975394607473,11.9409119172489
2012-05-10,12.18793259045143,2.9225142738846546,11.945169699206401
2012-05-11,12.163614189420167,2.913705815863166,11.92133567936948
2012-05-14,12.025724276110997,2.8814773158339038,11.786192298647375
2012-05-15,11.89982095469785,2.8649318730863853,11.662796757294277
2012-05-16,11.80903823343344,2.8539534541487184,11.573822273458621
2012-05-17,11.550585377528021,2.811646448144418,11.320517358935756
2012-05-18,11.431692586229355,2.78758156619475,11.203992709858891
2012-05-21,11.661668855301734,2.8354945181545053,11.429388242733113
2012-05-22,11.654452076127873,2.840436785099649,11.42231520952804
2012-05-23,11.756125202312518,2.8419422165957515,11.52196317993739
2012-05-24,11.77624524497903,2.8475294749935784,11.541682465568739
2012-05-25,11.82362898279016,2.8382920893766994,11.588122399900183
2012-05-29,11.968051544680964,2.8726694831632296,11.729668309953162
2012-05-30,11.72917846677571,2.830987048962531,11.495553177548713
2012-05-31,11.705299664800764,2.824756046467764,11.472150000702467
2012-06-01,11.352074941768578,2.753637163485845,11.125960913483498
2012-06-04,11.304645790501713,2.7523484612933338,11.079476470255136
2012-06-05,11.445267137007207,2.7731892438422467,11.217296878669199
2012-06-06,11.730865565818434,2.835497259772894,11.49720667244747
2012-06-07,11.685123710761179,2.8372155711123166,11.452375917357513
2012-06-08,11.796575625030838,2.859777109333802,11.561607899022349
2012-06-11,11.362354386734381,2.8235723311296357,11.1360356093861
2012-06-12,11.530215979955326,2.855907881465732,11.30055368512392
2012-06-13,11.40622945533832,2.8376443505637585,11.179036761234356
2012-06-14,11.534626413210926,2.867723380679734,11.304876270049144
2012-06-15,11.66095829594279,2.896908201524912,11.428691836508271
2012-06-18,11.709019940499944,2.9025224096194675,11.475796174836153
2012-06-19,11.852332413889554,2.9305985088877167,11.616254107463156
2012-06-20,11.851849968728603,2.9258480087048095,11.615781271789391
2012-06-21,11.53119662132909,2.860194905237482,11.301514793789135
2012-06-22,11.625177357950902,2.8822241263976216,11.393623593954588
2012-06-25,11.460474252806524,2.8360076625308355,11.232201094581963
2012-06-26,11.530576652042551,2.8502614370427155,11.300907173236507
2012-06-27,11.666046932734563,2.8760249501721447,11.43367911630854
2012-06-28,11.679831294401597,2.8677535024154497,11.447188916931895
2012-06-29,12.081833102091107,2.9393441008497487,11.838093679251417
2012-07-02,12.149653147632112,2.948091588893878,11.904545520264382
2012-07-03,12.309607397534856,2.9675725781132885,12.061272846220849
2012-07-05,12.207561729753577,2.95413837705217,11.96128585214895
2012-07-06,12.037026791482788,2.926062245916666,11.794191293088577
2012-07-09,11.919511527323243,2.9223900377980407,11.679046786943895
2012-07-10,11.760331736060788,2.896906796668442,11.523078295665659
2012-07-11,11.840135489984876,2.8973384357811454,11.6012720852112
2012-07-12,11.631622534090114,2.8833008310597856,11.396965678694741
2012-07-13,11.781520388113007,2.9316768524033066,11.543839486936205
2012-07-16,11.741382301575312,2.924766890062192,11.50451114788996
2012-07-17,11.882376980674387,2.9448512642962488,11.642661394243046
2012-07-18,11.985247214662746,2.966663777610891,11.743456319687757
2012-07-19,12.021370236268837,2.974439403372009,11.778850593895742
2012-07-20,11.858787869374426,2.9472292317099615,11.619548170693315
2012-07-23,11.697789472359092,2.91742684971891,11.461797762293203
2012-07-24,11.568622164882802,2.892266960566934,11.335236281656924
2012-07-25,11.547482439393738,2.8930218422436424,11.314523029902952
2012-07-26,11.64145559614547,2.9407480235751358,11.406600368131492
2012-07-27,11.933965685389742,2.994846024216824,11.693209346201265
2012-07-30,11.885646993393104,2.9949538386736956,11.645865437583948
2012-07-31,11.916274391069516,2.9740071315260117,11.675874956816768
2012-08-01,11.857087335089041,2.971416771314453,11.617881943060047
2012-08-02,11.720522175059132,2.950899138508526,11.484071854467105
2012-08-03,11.999299850869726,3.009403664828596,11.75722545740494
2012-08-06,12.054482289811752,3.015256954956688,11.811294643440313
2012-08-07,12.192630759033683,3.030375453328841,11.946656099477256
2012-08-08,12.272358138702485,3.0340482683782755,12.02477505554504
2012-08-09,12.460573104552418,3.03663934559947,12.209192964544544
2012-08-10,12.693249758463049,3.0416072875688704,12.437175589589414
2012-08-13,12.708628603890608,3.040095608746949,12.452244181525076
2012-08-14,12.698187721063082,3.040527302323391,12.442013933518682
2012-08-15,12.890591276979722,3.0439813413388306,12.630535931787968
2012-08-16,13.138954484914594,3.0664428796565697,12.873888649638664
2012-08-17,13.19158741040231,3.0705457802295504,12.92545975621427
2012-08-20,13.225388321690167,3.0707607184341663,12.95857876645788
2012-08-21,13.109390602631871,3.061474738021621,12.844921190394034
2012-08-22,13.133376291586247,3.0627697418358046,12.868422991023461
2012-08-23,13.054688832016861,3.0378265450582935,12.791322975662089
2012-08-24,13.08500149061847,3.056074769114459,12.8210241053798
2012-08-27,13.063949322525314,3.0567226569655115,12.800396644635038
2012-08-28,13.089291713198469,3.0536995582577724,12.825227776824171
2012-08-29,13.094782482515036,3.056075336514097,12.83060777512339
2012-08-30,12.918892421701623,3.034047145488503,12.658266127993873
2012-08-31,12.988576023676526,3.048516516325338,12.72654392997276
2012-09-04,13.049372003430666,3.045708832613802,12.786113409005432
2012-09-05,12.961565167186524,3.0431169343972475,12.700077991668234
2012-09-06,13.270922860729964,3.1048830788147086,13.003194689740356
2012-09-07,13.437060358700352,3.116976598406692,13.165980522650894
2012-09-10,13.465933727202524,3.099269054351143,13.194271398569802
2012-09-11,13.498227321525896,3.10790671720562,13.22591350052647
2012-09-12,13.589621991521044,3.118271586107501,13.31546437050162
2012-09-13,13.799479019087094,3.165784690265021,13.521087733329418
2012-09-14,14.0658252854398,3.179821779581656,13.782060718600706
2012-09-17,13.9250538012594,3.169023104818197,13.64412916442235
2012-09-18,13.850845631679437,3.1664308439184556,13.571418073660691
2012-09-19,13.931039850640534,3.168159715159235,13.649994450984726
2012-09-20,13.8455325886557,3.1683751500198656,13.566212216196401
2012-09-21,13.845166736238985,3.1670666110829075,13.56585374450214
2012-09-24,13.749796576200687,3.1621829943686177,13.472407586191682
2012-09-25,13.456820261948499,3.1286385571643556,13.185341788757446
2012-09-26,13.365285894398038,3.1111619821840355,13.095654039491489
2012-09-27,13.580996032724295,3.1403633485488145,13.307012432170206
2012-09-28,13.462101745575838,3.1258171855183363,13.187907986350886
2012-10-01,13.49957142536355,3.1339599392866115,13.224614490183448
2012-10-02,13.515231276980396,3.1373258122614054,13.239955384651934
2012-10-03,13.538299777004648,3.150135513552869,13.262554029458867
2012-10-04,13.684816826371385,3.1726085803065547,13.40608684491356
2012-10-05,13.719884781602437,3.172935358990326,13.440440542099703
2012-10-08,13.694859861316974,3.162121995286887,13.415925325060963
2012-10-09,13.551527345632097,3.1308138254115514,13.275512181257065
2012-10-10,13.459159323112088,3.1108392332054255,13.185025494638793
2012-10-11,13.575954085081642,3.1125750814975546,13.29944140110366
2012-10-12,13.488276791516824,3.1023720603804055,13.213549903484791
2012-10-15,13.584513490586767,3.128208614899253,13.307826470118346
2012-10-16,13.83630956521447,3.159906752794027,13.55449400586222
2012-10-17,13.942359761384113,3.1742369299179476,13.658384189984421
2012-10-18,13.930858669152757,3.165987088137091,13.647117350009792
2012-10-19,13.655959888340503,3.11321958133911,13.377817660003844
2012-10-22,13.678558477813983,3.1136616585196606,13.399955965316803
2012-10-23,13.530915573489416,3.070456489346042,13.25532022612326
2012-10-24,13.404697264417711,3.061773238394171,13.131672709733227
2012-10-25,13.48547049040752,3.0706738131981828,13.210800760630958
2012-10-26,13.458760156902873,3.068935811819913,13.184634458577872
2012-10-31,13.513749798376615,3.068935811819913,13.238504080548042
2012-11-01,13.719121041487547,3.101067569769667,13.439692357711342
2012-11-02,13.582447478310295,3.0734928769392753,13.305802538022483
2012-11-05,13.614616456789358,3.079759728915354,13.337316304313546
2012-11-06,13.766482511441392,3.103889646391406,13.486089177439355
2012-11-07,13.425803520044381,3.033543091445591,13.152349076796963
2012-11-08,13.414946371891395,2.9970677693140493,13.141713065159113
2012-11-09,13.48455107031799,2.999672221205583,13.209900067130732
2012-11-12,13.561684519498831,3.0019519720937,13.285462475563811
2012-11-13,13.543157021403866,2.991640267069558,13.267312342344537
2012-11-14,13.247628029738328,2.951253123464119,12.977802634050656
2012-11-15,13.196581966800453,2.946262554432341,12.927796268491024
2012-11-16,13.23074081256677,2.9608082526635733,12.96125937279672
2012-11-19,13.482851987995343,3.0207320508892312,13.208235591422865
2012-11-20,13.462493510298852,3.022033986403165,13.188291771677807
2012-11-21,13.544129898591395,3.027679145889766,13.268265404137821
2012-11-23,13.714587330072861,3.068931274252514,13.435250988146354
2012-11-26,13.710514014038544,3.0624190020885504,13.431260636708288
2012-11-27,13.714462528238489,3.046785353082888,13.435128728254158
2012-11-28,13.824499564861773,3.0713180687459114,13.542924549553414
2012-11-29,13.958114646225175,3.08564883885468,13.673818182056854
2012-11-30,13.909776004292908,3.086407908469038,13.626464093220218
2012-12-03,13.853277503111617,3.0711024116509402,13.571116343735959
2012-12-04,13.909808121290835,3.0667598728408656,13.626495556064684
2012-12-05,13.915200154078738,3.072188037815794,13.631777764861662
2012-12-06,13.937320937153638,3.0826088996400656,13.653447995654092
2012-12-07,13.970458213983171,3.0920540133085628,13.685910338162364
2012-12-10,14.028178513484795,3.0933124792919795,13.742455000590153
2012-12-11,14.104671399174872,3.1143067910889344,13.817389892418815
2012-12-12,14.105951978662771,3.1158265728029857,13.818644389285257
2012-12-13,14.030513722650271,3.0967203242585577,13.744742646619368
2012-12-14,14.04112253637126,3.085324393465286,13.755135381857954
2012-12-17,14.168213114183793,3.1214720540591254,13.879637400770022
2012-12-18,14.383081358602686,3.156210916548749,14.090129245961755
2012-12-19,14.324186924206103,3.1327634256497086,14.032434363215412
2012-12-20,14.39691600618696,3.150783080874046,14.103682111837612
2012-12-21,14.241630142737076,3.122381922183047,13.951559083987885
2012-12-24,14.208115584419602,3.112761863480801,13.91872714439574
2012-12-26,14.112579316061316,3.0996415722262296,13.825136742222291
2012-12-27,14.115306986564145,3.095522148576741,13.827808856004246
2012-12-28,13.983127887194975,3.062031694451289,13.698321957662209
2012-12-31,14.255371501536631,3.114073985130183,13.962608116734534
2013-01-02,14.624640403081337,3.1938877013690696,14.324293321599942
2013-01-03,14.721096839101483,3.186762137907315,14.4187688262433
2013-01-04,14.840652650555372,3.2006659811150047,14.535869313117947
2013-01-07,14.873387231405653,3.191908958990674,14.567931621997708
2013-01-08,14.769127234924026,3.182725836915658,14.4658128190631
2013-01-09,14.823515704471946,3.1908258741706086,14.51908430948232
2013-01-10,14.927797093301555,3.2161929398702647,14.62122406542904
2013-01-11,14.956157965792686,3.215974238750354,14.649002489049881
2013-01-14,14.93529088238428,3.2137873762680034,14.628563954134156
2013-01-15,15.035778878144006,3.2159727516838656,14.726988222142745
2013-01-16,15.038656818652333,3.2155353793896366,14.729807058221246
2013-01-17,15.199480349314275,3.236307737940493,14.887327746779963
2013-01-18,15.2376428212868,3.2435247041961004,14.924706473869668
2013-01-22,15.330483573530847,3.26101703292583,15.015640550242685
2013-01-23,15.337684371415524,3.2662640093318074,15.022693464926858
2013-01-24,15.386122756960035,3.267139368086308,15.070137068560227
2013-01-25,15.501414660047956,3.285507225613689,15.183061215200361
2013-01-28,15.465586787059602,3.281571187957404,15.147969141301154
2013-01-29,15.491947163977336,3.2944710442972642,15.173788153641315
2013-01-30,15.439373259202673,3.281569895687796,15.122293962174192
2013-01-31,15.422381056388499,3.27347754432503,15.105650729206966
2013-02-01,15.547791619595309,3.3071518078235016,15.228485728460889
2013-02-04,15.390372708339124,3.2698669783420993,15.074299738443296
2013-02-05,15.544674786007343,3.3029940006996825,15.22543290546367
2013-02-06,15.586785568053639,3.305398580332192,15.266678855955961
2013-02-07,15.539328717524349,3.3010255380104128,15.220196629496735
2013-02-08,15.612918012510011,3.319392444103902,15.29227461689684
2013-02-11,15.613895870779988,3.3187352043999696,15.293232392835257
2013-02-12,15.686640009910793,3.324201161281616,15.36448258139493
2013-02-13,15.694792666929615,3.3270666226826404,15.372467806827444
2013-02-14,15.836762578596996,3.3301075615757725,15.511522074249747
2013-02-15,15.820479261754766,3.32617137443799,15.49557316882247
2013-02-19,15.937192552796454,3.3511010288894028,15.609889512290193
2013-02-20,15.660293333425525,3.309336256766354,15.338676988120664
2013-02-21,15.549438595506208,3.2892188016614714,15.23009888033274
2013-02-22,15.691738640848426,3.321364337010109,15.369476501455615
2013-02-25,15.391137893099938,3.2581687377698176,15.075049208560646
2013-02-26,15.449969417101945,3.2804741609485895,15.132672506168976
2013-02-27,15.648152659414173,3.3218015744282203,15.326785647830075
2013-02-28,15.626534117577345,3.315241016318725,15.30561108723091
2013-03-01,15.646144648861487,3.326174681190544,15.324818875905658
2013-03-04,15.696361197106558,3.3438865613678836,15.374004124009884
2013-03-05,15.856900337158589,3.3738444410711783,15.531246262505002
2013-03-06,15.902007677077133,3.378436243355476,15.575427230388103
2013-03-07,15.974663611740594,3.384470130486109,15.64659102594065
2013-03-08,16.088751654993164,3.398989507345894,15.758336036484158
2013-03-11,16.141688245027453,3.4118920715157786,15.81018546472286
2013-03-12,16.133834826206527,3.404239197599369,15.802493332016157
2013-03-13,16.211555706599572,3.4091583232399,15.878618054216393
2013-03-14,16.337591011239333,3.4271995890864857,16.002064964552503
2013-03-15,16.278677349202916,3.422689394427248,15.94436121578331
2013-03-18,16.22484226256472,3.4037995716594036,15.891631743417165
2013-03-19,16.155664704246842,3.395892545254439,15.823874888595029
2013-03-20,16.29959092416751,3.419612854683041,15.96484528745546
2013-03-21,16.14222773799848,3.3903785843883556,15.810713878095685
2013-03-22,16.191048205926073,3.4176372282068384,15.858531717264261
2013-03-25,16.14685289010487,3.4033617575046184,15.815244043187132
2013-03-26,16.26244824642872,3.4305988616499277,15.928465411026622
2013-03-27,16.246966308895708,3.4305988616499277,15.913301426935588
2013-03-28,16.326734607491225,3.441141091951778,15.989390602034561
2013-04-01,16.173505443833342,3.427524496650925,15.839327468882088
2013-04-02,16.138593429194053,3.4444359025174003,15.80513680845967
2013-04-03,15.948060129609209,3.409512766901776,15.618540319755883
2013-04-04,16.047910389532024,3.423351979222631,15.716327467400713
2013-04-05,16.107419772202302,3.4079332019082123,15.774607263506699
2013-04-08,16.269820694517236,3.43103898901715,15.933652647868657
2013-04-09,16.370656299800675,3.4429000908021825,16.032404781606985
2013-04-10,16.5539961181074,3.485072174014418,16.21195642119005
2013-04-11,16.635321955903688,3.496492755528663,16.29160189946995
2013-04-12,16.550767792908417,3.487926348277618,16.20879479984703
2013-04-15,16.084305042492673,3.407055287966453,15.751970131779313
2013-04-16,16.315424945788827,3.457397936901445,15.978314621265367
2013-04-17,16.06537366247132,3.4068784382474413,15.733429913108882
2013-04-18,15.994620080649517,3.3855718204946417,15.664138246193271
2013-04-19,16.135542682111186,3.415002596330202,15.802149096102697
2013-04-22,16.187669424088654,3.4301583778527154,15.853198792096823
2013-04-23,16.346865184686912,3.4655198805699987,16.00910523999275
2013-04-24,16.438518749355598,3.46771702017428,16.098865053010368
2013-04-25,16.585059267243924,3.4817751449740664,16.242377741607978
2013-04-26,16.509129050502732,3.475626330068042,16.168016399725516
2013-04-29,16.61595110801415,3.498909550853168,16.272631293243748
2013-04-30,16.673945383245897,3.5072544501319527,16.329427287155276
2013-05-01,16.536418882101877,3.4765028431131957,16.1947423671276
2013-05-02,16.706686961066374,3.508789125017188,16.361492356459344
2013-05-03,16.940842483478875,3.5443261412753615,16.59080974291083
2013-05-06,16.985883954354296,3.5533748059140375,16.634920564114896
2013-05-07,17.06673025311317,3.57138330943041,16.714096411622776
2013-05-08,17.2133477109127,3.587640246254937,16.857684450394384
2013-05-09,17.16956687904273,3.5775589771629606,16.814808220794262
2013-05-10,17.330635946877873,3.5891788887207854,16.972549269536493
2013-05-13,17.30732858645364,3.592032285937319,16.949723487242313
2013-05-14,17.53723584704297,3.6291523475801952,17.17488038972054
2013-05-15,17.648224172963943,3.6485900875538344,17.28357546795142
2013-05-16,17.505813970848482,3.6315657662053082,17.144107754285386
2013-05-17,17.738885840523814,3.6667084281248767,17.372363878499932
2013-05-20,17.778782210604884,3.6664884256191894,17.41143590730212
2013-05-21,17.805504467664544,3.67176083597523,17.437606027425144
2013-05-22,17.564480083321016,3.6445237140939652,17.201561703894882
2013-05-23,17.55844179006373,3.633980106989091,17.195648174228268
2013-05-24,17.505761369062586,3.6308621520572943,17.14405623936087
2013-05-28,17.625381561980358,3.6526509558317897,17.261204832416073
2013-05-29,17.507168681183934,3.6289306405246182,17.14543447351165
2013-05-30,17.62608565648144,3.6423286524494354,17.26189437887277
2013-05-31,17.401951441179893,3.5899446817699077,17.04239123866171
2013-06-03,17.405314845699394,3.6098222054728675,17.045685148307946
2013-06-04,17.335703020990206,3.5924697901311595,16.977511647448523
2013-06-05,17.103109700481756,3.542214730237015,16.749724184588214
2013-06-06,17.24411018116703,3.574239893613088,16.887811304575877
2013-06-07,17.468139928688334,3.6197077992997397,17.107212135526478
2013-06-10,17.490674777482056,3.6197077992997397,17.129281367873478
2013-06-11,17.28025425844344,3.582323457148572,16.923208570680593
2013-06-12,17.085129841925447,3.552715553775239,16.732115826987155
2013-06-13,17.371659962123818,3.606748804632607,17.01272564402906
2013-06-14,17.273869381910767,3.5840154669170077,16.916955618863778
2013-06-17,17.419846397185193,3.611798754816548,17.05991644797355
2013-06-18,17.547880773599665,3.6402416700107287,17.185305370142927
2013-06-19,17.33086713600691,3.590053658106291,16.972775681821382
2013-06-20,16.914669340238014,3.5010993085657334,16.56517739078275
2013-06-21,16.93162313401735,3.512281819757292,16.58178088422102
2013-06-24,16.732730803596624,3.467900626682839,16.386998079496166
2013-06-25,16.946927665251955,3.501351996127822,16.59676919227982
2013-06-26,17.062150847391944,3.535906838977607,16.709611625867275
2013-06-27,17.231316727423888,3.556662612122406,16.875282189969322
2013-06-28,17.206761582076876,3.5420909654005404,16.846880695555303
2013-07-01,17.350841041611957,3.5628476184577873,16.98794672090175
2013-07-02,17.309773041548176,3.5595341701726215,16.947737661563114
2013-07-03,17.269983465675363,3.561079008002477,16.908780288064413
2013-07-05,17.462697531265817,3.599499489419815,17.09746372253123
2013-07-08,17.537750204153184,3.619923049522783,17.17094666236188
2013-07-09,17.689974142272355,3.646087853324734,17.31998682382796
2013-07-10,17.742477262692,3.647455136269731,17.371391837004623
2013-07-11,18.018911978111305,3.6970897057640895,17.642044896766283
2013-07-12,18.054567565046572,3.698635089261099,17.67695474405877
2013-07-15,18.092669157428688,3.7128785329898437,17.714259438385483
2013-07-16,18.012869137921275,3.698966377126731,17.636128443094407
2013-07-17,18.045971474019385,3.7083543537918784,17.668538441008817
2013-07-18,18.19981425359815,3.7286650105875965,17.819163585727274
2013-07-19,18.18610939383787,3.7352908483114104,17.80574536427813
2013-07-22,18.227874603372445,3.742578400756466,17.84663705089199
2013-07-23,18.195836226053324,3.7346291642332594,17.815268758967942
2013-07-24,18.06434442673093,3.7209380137171806,17.68652712184686
2013-07-25,18.171702270024642,3.729991055904554,17.79163956668864
2013-07-26,18.18080288870911,3.733967226370148,17.800549845156848
2013-07-29,18.13216723286816,3.72248527714906,17.752931408207296
2013-07-30,18.213342828014667,3.7224406073257343,17.83240920885564
2013-07-31,18.258926708577615,3.725135654325438,17.877039698667517
2013-08-01,18.572798258582328,3.7681907722181314,18.18434659842525
2013-08-02,18.62277420273637,3.7745929283401294,18.233277291443507
2013-08-05,18.612095513990006,3.7690744734788963,18.222821948383334
2013-08-06,18.47992339302995,3.7476585923205894,18.093414218609723
2013-08-07,18.351839008313867,3.7355161784814706,17.96800872972776
2013-08-08,18.493558824813228,3.749206845275605,18.106764464173917
2013-08-09,18.513464110516555,3.7383866343201393,18.126253429128482
2013-08-12,18.521558902089257,3.733994030024813,18.13417891744483
2013-08-13,18.54242335497002,3.745013046407416,18.15460698851349
2013-08-14,18.453509829210486,3.725804874492392,18.06755309673106
2013-08-15,18.17439222609742,3.6736957675177413,17.79427326210063
2013-08-16,18.113268895606637,3.6615505293103277,17.73442833128194
2013-08-19,17.93378872810895,3.638145898326976,17.558702006800218
2013-08-20,18.106689048818147,3.656031023563151,17.727986102550414
2013-08-21,17.94187852779777,3.633509872458002,17.566622607638347
2013-08-22,18.144944183766015,3.6666293149454567,17.765441128087012
2013-08-23,18.19071704672098,3.6789931889954524,17.81025664770807
2013-08-26,18.127861255803197,3.6653036553392004,17.74871549102002
2013-08-27,17.757902083283515,3.6063509113467247,17.386494046157452
2013-08-28,17.78363937483136,3.619157063432917,17.41169304005674
2013-08-29,17.842687915356738,3.624897046535522,17.469506575319176
2013-08-30,17.730057250657566,3.6134169975891437,17.35923159058151
2013-09-03,17.817154603605648,3.6297568692522413,17.444507294961788
2013-09-04,18.010187294347652,3.659785847831565,17.633502690507914
2013-09-05,18.08685862161892,3.664422796500767,17.708570430427937
2013-09-06,18.108085994867242,3.6661890482886808,17.729353831353706
2013-09-09,18.384320079581467,3.701384463152252,17.999810456618615
2013-09-10,18.552065228540926,3.7286747707990737,18.16404720147605
2013-09-11,18.615513503727517,3.7403790809046122,18.226168450573876
2013-09-12,18.51016988446891,3.7304446340657296,18.123028102099696
2013-09-13,18.564223527113878,3.738834404047743,18.17595120819702
2013-09-16,18.688906907442636,3.7604710387439675,18.29802682498859
2013-09-17,18.78878339124951,3.7772540209898824,18.395814383615452
2013-09-18,18.998456814996445,3.820994622552945,18.60110246981596
2013-09-19,18.956998215977112,3.814567709597811,18.560510980932268
2013-09-20,18.76897095510292,3.7880259474744293,18.37641632626119
2013-09-23,18.667946749210735,3.7704949633895177,18.277505050254373
2013-09-24,18.702116523886538,3.761619218245699,18.310960161177547
2013-09-25,18.659734686887003,3.750748138704969,18.269464743914767
2013-09-26,18.690171152520804,3.76516976529829,18.299264628273065
2013-09-27,18.571838893236944,3.747838688868622,18.18340729828791
2013-09-30,18.512683674264306,3.727892691366463,18.12213967323114
2013-10-01,18.675380726870333,3.75740268991132,18.281404465069397
2013-10-02,18.685854846206816,3.753851944369354,18.291657622143212
2013-10-03,18.53196424453902,3.719237675590324,18.141013500151413
2013-10-04,18.684932102657225,3.7474183394582714,18.290754344812783
2013-10-07,18.493851580115198,3.7150219079136546,18.10370486137379
2013-10-08,18.25033080451999,3.6717530477521843,17.865321405667444
2013-10-09,18.26214433820737,3.674415068711805,17.876885720776137
2013-10-10,18.644487747917267,3.753628108763094,18.25116320511161
2013-10-11,18.7861895053964,3.7778127346678545,18.389875619052404
2013-10-14,18.844307810970886,3.792901318730118,18.446767859514356
2013-10-15,18.6596894435099,3.7653876125640497,18.266044205384027
2013-10-16,18.898608510440578,3.8179750159611188,18.499923030177797
2013-10-17,19.06868505718351,3.843490542992787,18.666411638174765
2013-10-18,19.176876860958735,3.869407199724187,18.772321025166494
2013-10-21,19.155397697057452,3.869674188820968,18.75129498620141
2013-10-22,19.28506104553974,3.8920834720484305,18.87822295369872
2013-10-23,19.181717773090764,3.8734442843007906,18.777059813304728
2013-10-24,19.254737124721053,3.886311866213238,18.84853874701182
2013-10-25,19.359782207237412,3.9040645388181,18.951367796048807
2013-10-28,19.379936667644888,3.910275905499359,18.97109707749551
2013-10-29,19.54225664243133,3.9311333171792926,19.129992746356542
2013-10-30,19.414108368776528,3.911607377992863,19.004547891633283
2013-10-31,19.402641088295415,3.9005140594688754,18.993322525165237
2013-11-01,19.499445528617244,3.9098323875569463,19.088084776785188
2013-11-04,19.64788190288991,3.9235910877287594,19.23338973388856
2013-11-05,19.566997099283565,3.911165074753922,19.15421127796138
2013-11-06,19.555321430736726,3.931135483625616,19.142781919587048
2013-11-07,19.235992723933578,3.881434137706137,18.83018977853493
2013-11-08,19.502485610543587,3.93379856565793,19.09106072507322
2013-11-11,19.549593657098757,3.934463377615527,19.13717497919363
2013-11-12,19.499623182077464,3.9264764169589674,19.088258682463923
2013-11-13,19.700851315081096,3.9579824637286465,19.285241702140592
2013-11-14,19.791258807925647,3.9777288382401883,19.373741956434507
2013-11-15,19.88700823350988,3.995035936415371,19.46747144993205
2013-11-18,19.76034592517036,3.9810573056738536,19.343481212565568
2013-11-19,19.66675734050021,3.9724024870913186,19.251866974832446
2013-11-20,19.62079401854714,3.9599768121116967,19.206873296177555
2013-11-21,19.781537884409403,3.9919298650086263,19.36422610574458
2013-11-22,19.837833386928843,4.0118974981934,19.419333997046717
2013-11-25,19.788722192237255,4.007905660182697,19.371258853249103
2013-11-26,19.812756006985857,4.009015850050568,19.394785650088373
2013-11-27,19.886221987636556,4.018777803645442,19.466701790719778
2013-11-29,19.86447868380187,4.016113353961625,19.445417184123407
2013-12-02,19.809048450536206,4.005683507581387,19.39115630833496
2013-12-03,19.76811290949284,3.9883749491451277,19.35108434440796
2013-12-04,19.751816913139038,3.987932239525773,19.335132128768436
2013-12-05,19.629419134033036,3.970405277333057,19.215316456028575
2013-12-06,19.807377519990148,4.0147824971178085,19.389520627778168
2013-12-09,19.82332895468686,4.024988074225482,19.405135550641255
2013-12-10,19.79422075495865,4.010566541955532,19.376641418164727
2013-12-11,19.525402196831006,3.9655238691228294,19.11349386252866
2013-12-12,19.479993025780026,3.952433674830855,19.069042644395687
2013-12-13,19.508441564646304,3.9519910022592737,19.09689103223104
2013-12-16,19.688534207870482,3.976532866383304,19.273184436907265
2013-12-17,19.672496922590405,3.9639749755912654,19.257485474566717
2013-12-18,19.909177363318065,4.0316519203495345,19.489172899267388
2013-12-19,19.914223865511886,4.026991330729611,19.49411294033474
2013-12-20,20.04612742780398,4.050295529560543,19.623233862039722
2013-12-23,20.2012819932672,4.071936258574985,19.775115283217612
2013-12-24,20.286462091563486,4.080857870917524,19.85849842019902
2013-12-26,20.34779261791235,4.101494769170754,19.91853511635196
2013-12-27,20.37138238560573,4.1012732884532195,19.94162723376295
2013-12-30,20.392441610217443,4.10071551528599,19.962242192487373
2013-12-31,20.45094574904845,4.120124201819839,20.015981428785665
2014-01-02,20.244858913834193,4.080636931469598,19.814277785492905
2014-01-03,20.256676276675112,4.079857529815687,19.825843808798794
2014-01-06,20.146747079328076,4.068144258847586,19.71825265875713
2014-01-07,20.29247972329473,4.093130800885429,19.860885763895574
2014-01-08,20.34261762303496,4.094023103400022,19.909957297427237
2014-01-09,20.35841796620839,4.096700594509645,19.92542158839004
2014-01-10,20.46211742738417,4.107855910228495,20.026915500433983
2014-01-13,20.169453429124943,4.053089975233329,19.740476074799933
2014-01-14,20.38824436709625,4.097374036302728,19.954613621540226
2014-01-15,20.458830233747495,4.1194588823583995,20.02369822101856
2014-01-16,20.44293540653891,4.114103585811334,20.008141455569923
2014-01-17,20.360671065478755,4.096589846846535,19.92762676724614
2014-01-21,20.409050733860838,4.108748525511976,19.974977464653932
2014-01-22,20.462538214743724,4.11142742955061,20.02732733820803
2014-01-23,20.26521889607116,4.077742504620302,19.834204738082096
2014-01-24,19.78167227685671,3.990739790541723,19.360942510070025
2014-01-27,19.709552369132485,3.971109341512048,19.290356496524883
2014-01-28,19.89584437196596,3.9947572976407524,19.472686317101484
2014-01-29,19.724578854940702,3.956387653796913,19.305063389035755
2014-01-30,19.95557607576562,3.99832536292716,19.53114760728505
2014-01-31,19.82702282278278,3.9749031729511324,19.405328510413508
2014-02-03,19.31811492300243,3.8854479770438672,18.90724440242355
2014-02-04,19.4906152265231,3.912552862131726,19.076075854724003
2014-02-05,19.438002352312672,3.9077560723227527,19.024581986125764
2014-02-06,19.740234267891395,3.959287651648473,19.320385832248206
2014-02-07,19.947010468794595,4.008366981378308,19.522764179341806
2014-02-10,19.990928728880466,4.0157303515231,19.565748356653238
2014-02-11,20.18613542487229,4.059678504490169,19.756803266763146
2014-02-12,20.233402671041773,4.061688045349891,19.803065201694043
2014-02-13,20.381038282737755,4.0826585407280325,19.9475608009781
2014-02-14,20.485186747275883,4.105190733214311,20.049494166682166
2014-02-18,20.573760459111416,4.110100541331235,20.136184033886035
2014-02-19,20.459240693152275,4.08288345554654,20.024099950499647
2014-02-20,20.613357889056537,4.10697655081772,20.1749392793468
2014-02-21,20.624481914917244,4.102290490573237,20.18582671202466
2014-02-24,20.74597306292549,4.125045895924447,20.304733905468662
2014-02-25,20.72214712860351,4.123482503529892,20.281414716969294
2014-02-26,20.756270901436032,4.123705171585082,20.314812722698573
2014-02-27,20.840833834991752,4.145346376325561,20.39757711552348
2014-02-28,20.90029323424266,4.155829957311289,20.455771892712626
2014-03-03,20.750476115657708,4.126606161051476,20.309141184279493
2014-03-04,21.05441802034585,4.184609737251216,20.60661865032531
2014-03-05,21.039608316024847,4.188400993673166,20.59212392864873
2014-03-06,21.10316302480888,4.197992431948677,20.65432691360324
2014-03-07,21.11800622087727,4.199776578732255,20.668854414702405
2014-03-10,21.049337566723988,4.197546497368949,20.601646251171115
2014-03-11,20.924278189612362,4.176798025032454,20.479246720094253
2014-03-12,20.94150798266188,4.177913230105138,20.496110058442166
2014-03-13,20.7122710836907,4.131066289055969,20.271748722350267
2014-03-14,20.742140953961332,4.1194662549163,20.300983300347472
2014-03-17,20.899470901725103,4.156722707725763,20.454967050110135
2014-03-18,21.068591339468973,4.18639339441351,20.620490521867765
2014-03-19,20.980007136460458,4.16408410401468,20.53379038662416
2014-03-20,21.06412261150686,4.188331565752358,20.616116837784997
2014-03-21,21.061127571519584,4.172214865887343,20.6131854983008
2014-03-24,20.925228422172307,4.154962757416898,20.480176742475926
2014-03-25,20.9512008444277,4.174682210663598,20.50559676597526
2014-03-26,20.784207818864378,4.144657896204506,20.342155459180553
2014-03-27,20.7566539685875,4.135920957359307,20.31518764252301
2014-03-28,20.907019403574285,4.156311047679089,20.46235500539994
2014-03-31,21.11538906196811,4.1903678604037715,20.663779529204994
2014-04-01,21.300833413262577,4.218154189686109,20.84525765299613
2014-04-02,21.4055099277249,4.232272351758988,20.94769537793632
2014-04-03,21.383141417122665,4.22666882316526,20.925805278250024
2014-04-04,21.157057465267428,4.1767011443378,20.70455674134086
2014-04-07,20.841708052669755,4.130540243290579,20.395951926271685
2014-04-08,20.98174247187966,4.147570460713666,20.532991331823798
2014-04-09,21.172732667512022,4.192160990736799,20.719896687117245
2014-04-10,20.735177884096256,4.103987268618631,20.29170019261186
2014-04-11,20.468956827810167,4.067129358959168,20.03117299147986
2014-04-14,20.639954986179756,4.0991742711784065,20.198513893135978
2014-04-15,20.748081312028738,4.127405284384013,20.30432764594388
2014-04-16,20.954304222100262,4.17054079701111,20.5061399230032
2014-04-17,20.998244786525852,4.176479647106055,20.549140699972753
2014-04-21,21.024073866634755,4.191043031635513,20.574417355555394
2014-04-22,21.13705420733575,4.210091322214297,20.684981307018873
2014-04-23,21.097704186316598,4.200231288337672,20.646472892306598
2014-04-24,21.131469814389188,4.208745157159132,20.67951635137379
2014-04-25,20.92176297037736,4.174237655615585,20.474294653695907
2014-04-28,20.901785420917307,4.1873447618542174,20.454744378000544
2014-04-29,20.97384001171728,4.206949910029219,20.52525788708098
2014-04-30,21.12902491139095,4.219499241610836,20.677123739218846
2014-05-01,21.118955913749073,4.219836801550166,20.66727009424263
2014-05-02,21.12308780330064,4.213899491170385,20.671313612194457
2014-05-05,21.11799701552914,4.221964894796485,20.666331704646794
2014-05-06,20.954816256064724,4.185216912352176,20.506641005740626
2014-05-07,21.0620361310308,4.209863654749018,20.611567694562016
2014-05-08,21.034563006782072,4.205270693501687,20.58468215715668
2014-05-09,21.052763334856923,4.211658499685116,20.602493222138452
2014-05-12,21.31148484783655,4.2525537037170595,20.855681277920123
2014-05-13,21.306687691499555,4.256474558231887,20.850986721706928
2014-05-14,21.15396556294316,4.236307381774984,20.701530967685116
2014-05-15,20.97501075038307,4.199112602963,20.526403586343513
2014-05-16,21.06220098238375,4.213679324582678,20.611729020124287
2014-05-19,21.15438613902741,4.229139314024572,20.701942548615737
2014-05-20,20.941540733950212,4.202474590649647,20.49364941646401
2014-05-21,21.075090683768767,4.23787623660128,20.624343040488075
2014-05-22,21.146039853562375,4.248182751608694,20.693774770971135
2014-05-23,21.256053615483147,4.265213716259893,20.80143559194097
2014-05-27,21.370340604278585,4.291431984973743,20.913278245306024
2014-05-28,21.36761238844253,4.288294948192727,20.910608379722248
2014-05-29,21.48053854038304,4.310478297959728,21.021119301398006
2014-05-30,21.478017297801053,4.317422478497741,21.01865198238717
2014-06-02,21.509100837373303,4.322240721983744,21.049070716648867
2014-06-03,21.496907799256427,4.320109857307806,21.037138459530652
2014-06-04,21.560088933621866,4.32884943954914,21.098968294969684
2014-06-05,21.712205433138564,4.357082195593879,21.247831372961898
2014-06-06,21.84710798659962,4.3778088355983185,21.379848671552267
2014-06-09,21.90975815608524,4.3824011570668615,21.441158898227187
2014-06-10,21.866689272825543,4.3828481619848825,21.399011159171295
2014-06-11,21.782899369095524,4.367608998925661,21.31701332847213
2014-06-12,21.64570690372707,4.336686327213267,21.18275509391524
2014-06-13,21.737820644028467,4.349908883824941,21.272898733495467
2014-06-16,21.785299075212617,4.3534932087452125,21.319361710403093
2014-06-17,21.905525630508073,4.3655915663723155,21.437016896622495
2014-06-18,22.08333337903263,4.397521503088763,21.61102174698604
2014-06-19,22.107655879403644,4.402561062731303,21.634824045100974
2014-06-20,22.177280630207708,4.411449833516958,21.70295968286585
2014-06-23,22.181108244409295,4.410099929867902,21.706705433216573
2014-06-24,22.03203002232186,4.383533487890377,21.560815650898085
2014-06-25,22.13935609079575,4.403347059255641,21.665846261992783
2014-06-26,22.16784897398777,4.4001942627612145,21.693729748046668
2014-06-27,22.221232551663732,4.4087482404080225,21.74597157396513
2014-06-30,22.25911450529799,4.406495370057174,21.780223339076173
2014-07-01,22.36571052431718,4.435988043568967,21.884526010269216
2014-07-02,22.353503778609372,4.440490571433189,21.872581885191995
2014-07-03,22.50487685432576,4.462328904063497,22.020698262231218
2014-07-07,22.358022031739182,4.446795537148453,21.87700293088302
2014-07-08,22.219456625350947,4.418202641844588,21.741418674039053
2014-07-09,22.309930002935484,4.438013862490619,21.829945572517573
2014-07-10,22.182005623906146,4.420452641636744,21.704773407869755
2014-07-11,22.181455768145064,4.4265307640189935,21.70423538191736
2014-07-14,22.219819549968538,4.448818346415829,21.74177379055657
2014-07-15,22.14898417845973,4.440485709652992,21.67246239852431
2014-07-16,22.236987677289466,4.456919947264418,21.758572556171217
2014-07-17,21.969726813800968,4.406262595143811,21.497061645879235
2014-07-18,22.207160513185872,4.451290192603585,21.72938710516897
2014-07-21,22.139385637106585,4.442961828653224,21.663070363888277
2014-07-22,22.23392375178967,4.4623242563024945,21.755574549145184
2014-07-23,22.224706521312175,4.472230616151487,21.746555621715697
2014-07-24,22.287482099154673,4.472454227682295,21.807980621588182
2014-07-25,22.208778244877344,4.4515141969882865,21.73097003235749
2014-07-28,22.21266215821801,4.453317060238067,21.73477038569002
2014-07-29,22.13058927772629,4.434181156830224,21.65446325277305
2014-07-30,22.15679327011702,4.434855152366062,21.680103482374722
2014-07-31,21.75930453231419,4.347275632817137,21.291166470435076
2014-08-01,21.716493132404878,4.333990358483248,21.249276131479245
2014-08-04,21.8657045627402,4.365286102861855,21.395277369609037
2014-08-05,21.72085864897989,4.322960288808506,21.253547726648577
2014-08-06,21.732401595681402,4.324313375378903,21.26484233394709
2014-08-07,21.598015262022663,4.300897218451227,21.133347239651645
2014-08-08,21.901403186113093,4.350654298371489,21.43020795904351
2014-08-11,21.975316134745874,4.363149377516412,21.502530716019677
2014-08-12,21.92971390155479,4.357184952317347,21.45790958684467
2014-08-13,22.043858311976777,4.386678737259583,21.569598250439356
2014-08-14,22.16944927482488,4.407392634256922,21.69248720092074
2014-08-15,22.14825317603768,4.406493526159534,21.671747123170032
2014-08-18,22.369270490342004,4.443415535415224,21.888009385813266
2014-08-19,22.488966295878136,4.466605721094557,22.005130009668587
2014-08-20,22.55428897069152,4.478540491581321,22.069047307286294
2014-08-21,22.59805103729741,4.491599915654772,22.111867859929063
2014-08-22,22.58379558296969,4.484619969385845,22.097919102938565
2014-08-25,22.68398261679146,4.5073614772506,22.195950674311227
2014-08-26,22.696925954825144,4.510286754849336,22.20861554438318
2014-08-27,22.70031342480073,4.508487150434151,22.211930135024474
2014-08-28,22.67736014509199,4.506011990988562,22.189470681019618
2014-08-29,22.765648183099557,4.518845113138897,22.27585925615884
2014-09-02,22.776805500049925,4.516594728272554,22.286776530293277
2014-09-03,22.76343316523786,4.51411963436146,22.273691893044912
2014-09-04,22.744058303626698,4.507592217370174,22.254733869671853
2014-09-05,22.837591030642105,4.527853844387253,22.346254297558776
2014-09-08,22.760888937135586,4.516144814345668,22.271202402446345
2014-09-09,22.576349277069056,4.4875531015260455,22.090632999732264
2014-09-10,22.62750981833123,4.504439763847087,22.140692853396825
2014-09-11,22.715585728897285,4.509619869575512,22.226873864886066
2014-09-12,22.56451551840888,4.4832791799173215,22.079053837115612
2014-09-15,22.52503409201525,4.479925687090743,22.04042182934219
2014-09-16,22.66741180169859,4.513672967291598,22.17973637011925
2014-09-17,22.707984271199646,4.51975288477854,22.21943594787829
2014-09-18,22.77103427276313,4.543843167654409,22.281129467414072
2014-09-19,22.70092021960014,4.539771884176191,22.212523875006767
2014-09-22,22.47784730606019,4.504711225914698,21.994250238081896
2014-09-23,22.32530797551703,4.4789262588575625,21.844992697471625
2014-09-24,22.466685155639837,4.513987293611899,21.983328234466633
2014-09-25,22.13855387078798,4.4411495946421775,21.662256492510743
2014-09-26,22.259341130857365,4.47643452817161,21.780445088925937
2014-09-29,22.218851879600425,4.4682918937648655,21.74082693902163
2014-09-30,22.093124483979786,4.456531349500477,21.614892680653778
2014-10-01,21.78440125609617,4.396136436652046,21.312852132085474
2014-10-02,21.824567421843224,4.396813441663291,21.3521488536807
2014-10-03,22.021997048426364,4.445217960842562,21.54530488254711
2014-10-06,21.951026856371968,4.440017055828377,21.475870924217958
2014-10-07,21.57926019718997,4.3714809525546094,21.11215159396701
2014-10-08,21.9412534976252,4.447933782933838,21.466309121377694
2014-10-09,21.41237281726124,4.359717912216911,20.948876688711714
2014-10-10,21.122139782143623,4.309956091966867,20.66492609082337
2014-10-13,20.765818407086417,4.239152133288035,20.316317713259153
2014-10-14,20.92982472136306,4.245714340790365,20.47677391693509
2014-10-15,20.877010700194262,4.216987837560578,20.425103117704083
2014-10-16,20.977533816592103,4.213369661995951,20.52345029238459
2014-10-17,21.179457968085146,4.263133771073785,20.721003556854683
2014-10-20,21.403452191571052,4.304528799990912,20.94014916051272
2014-10-21,21.874085036290285,4.389805820047532,21.400594600811292
2014-10-22,21.644651875513546,4.358589910861174,21.176127792091293
2014-10-23,21.936738483052277,4.409258518574935,21.46189183963397
2014-10-24,22.102051998125816,4.443187762875369,21.62362694819984
2014-10-27,22.017501159497854,4.437082822889178,21.54090631245057
2014-10-28,22.349165253977045,4.487976162867717,21.865391145430735
2014-10-29,22.297201623452427,4.4811903429094615,21.81455232913287
2014-10-30,22.429585711000396,4.509919254197854,21.944070806569155
2014-10-31,22.697769426728723,4.5614901808696064,22.206449368658483
2014-11-03,22.69488204750786,4.56397619301818,22.20362449017499
2014-11-04,22.54153708442955,4.5481437596046,22.053598860144277
2014-11-05,22.74256158904858,4.576869835590263,22.2502719516607
2014-11-06,22.846290412778757,4.595191045542131,22.35175544234779
2014-11-07,22.889981622736386,4.599487549169712,22.394500904403493
2014-11-10,22.922184675655352,4.61396213648695,22.426006884163744
2014-11-11,22.91906596621049,4.618373084289431,22.422955682872516
2014-11-12,22.947286194834195,4.613509937431674,22.45056505127883
2014-11-13,22.86536095437631,4.618713976641097,22.370413179522636
2014-11-14,22.885004274459455,4.619845561565374,22.38963129671544
2014-11-17,22.90758252950869,4.6227837833425305,22.411720818736633
2014-11-18,23.01803371543902,4.64947573690755,22.519781158145232
2014-11-19,22.985856282624134,4.6420133283498135,22.488300243911613
2014-11-20,23.100739082471126,4.6501554197277395,22.600696269713506
2014-11-21,23.2300163909851,4.675038401378703,22.72717521802158
2014-11-24,23.31325740618348,4.688156559132972,22.808614383018213
2014-11-25,23.293517445344676,4.68476233378416,22.78930171697314
2014-11-26,23.27936948693506,4.6967506405963135,22.77546000785246
2014-11-28,23.195298642025,4.68679822598889,22.6932089757895
2014-12-01,22.968837022871444,4.654224978318267,22.471649386160564
2014-12-02,23.094000719774616,4.684198187178637,22.594103766845286
2014-12-03,23.28362012530097,4.702405665532201,22.779618636124816
2014-12-04,23.210856615487284,4.6972048048661215,22.708430178519787
2014-12-05,23.269010395131296,4.704894129131688,22.76532515083985
2014-12-08,23.043395120522728,4.673451321666701,22.54459358562747
2014-12-09,23.10193952647609,4.6702827216706115,22.60187072868852
2014-12-10,22.68788986253692,4.5954134193595095,22.19678365931564
2014-12-11,22.82225863476755,4.618707569982242,22.328243860587857
2014-12-12,22.444924745689733,4.54406463694376,21.959077809715115
2014-12-15,22.364857944929607,4.512851456952593,21.880744149531896
2014-12-16,22.247715350655863,4.476658388267833,21.766137245225703
2014-12-17,22.732600528073817,4.564423275969824,22.240526509629156
2014-12-18,23.22258327426819,4.6772968991612816,22.719902999905262
2014-12-19,23.390539455940157,4.6970865423416335,22.884223571426244
2014-12-22,23.456481255941,4.718693140436405,22.94873798319361
2014-12-23,23.597602031098685,4.725063376175994,23.086804032305686
2014-12-24,23.615401511294014,4.725516982260107,23.104218221705313
2014-12-26,23.672444046960788,4.740756774527896,23.16002600423799
2014-12-29,23.74794650013385,4.747123610876088,23.23389411753475
2014-12-30,23.61272824600497,4.721650545580126,23.10160282240443
2014-12-31,23.394563410024663,4.674797607216335,22.884571340249163
2015-01-02,23.36884353831036,4.672296590496474,22.859412151390114
2015-01-05,22.833034988565498,4.587914914072108,22.33528401245259
2015-01-06,22.55628855751801,4.544701343496463,22.06457054225585
2015-01-07,22.760836087931587,4.601332866937772,22.264659018804007
2015-01-08,23.201369452159792,4.682983518661583,22.695588932936158
2015-01-09,22.999305527066497,4.64545408874303,22.497929920111524
2015-01-12,22.73031113806725,4.609061601411817,22.23479950056533
2015-01-13,22.655898676066347,4.596096311127045,22.16200920029694
2015-01-14,22.55191542889271,4.568349677696771,22.06029274607511
2015-01-15,22.282742044855166,4.526499026299391,21.796987233510418
2015-01-16,22.627584895170084,4.585864061029308,22.13431264843247
2015-01-20,22.5790501588568,4.5955310624699575,22.086835949843355
2015-01-21,22.777643466543406,4.618844191549868,22.28110000332439
2015-01-22,23.083785308035125,4.687531023522406,22.580568075844607
2015-01-23,22.94896869315804,4.661829290920433,22.448690408929753
2015-01-26,23.114822480565397,4.672747295119769,22.610928650501215
2015-01-27,22.96167500850754,4.611109085549844,22.461119731716895
2015-01-28,22.60427040209619,4.551976222636753,22.111506401927226
2015-01-29,22.81834138559009,4.59405924281503,22.320910724110234
2015-01-30,22.582060563562273,4.536284353777388,22.08978072893745
2015-02-02,22.932565087996757,4.592461699214567,22.43264439576118
2015-02-03,23.42300971148414,4.65887328784691,22.9123975237819
2015-02-04,23.264057621712357,4.641132298366789,22.756910525614405
2015-02-05,23.542534834334973,4.687984528918801,23.029317047044294
2015-02-06,23.50543426391753,4.6750222516963404,22.993025254134935
2015-02-09,23.439380655255356,4.654096852097747,22.9284115875656
2015-02-10,23.6687324795859,4.703676945863145,23.152763634403087
2015-02-11,23.636996447320442,4.706405078491746,23.121719434872364
2015-02-12,23.925414169877666,4.7516665761316,23.403849767119734
2015-02-13,24.060947911987846,4.771224435758958,23.536428928182538
2015-02-17,24.12909339685644,4.778729571796407,23.603088868898645
2015-02-18,24.10944220930951,4.779183551105727,23.583866069333776
2015-02-19,24.1010486595839,4.775771214050238,23.575655495615116
2015-02-20,24.21004993513272,4.804406738249682,23.682280587212524
2015-02-23,24.16789123068537,4.803724512492851,23.641040925559995
2015-02-24,24.245677302737228,4.817395912455405,23.71713129253757
2015-02-25,24.27075646625485,4.813301125929818,23.741663740380847
2015-02-26,24.1283939476201,4.807616617300095,23.60240466737422
2015-02-27,24.085664084876093,4.791241875101571,23.56060629844612
2015-03-02,24.21802169511542,4.821493776300962,23.690078566034945
2015-03-03,24.138751933739513,4.801706365843024,23.612536853563654
2015-03-04,24.028511684908466,4.781467173510996,23.50469979780308
2015-03-05,24.032417760314686,4.786698098598817,23.508520722337032
2015-03-06,23.6824367726613,4.719373189842024,23.16616917940323
2015-03-09,23.730752543540056,4.738934991713919,23.213431685916184
2015-03-10,23.36216206140592,4.662059988278337,22.852876327993954
2015-03-11,23.37944097651791,4.651141443785789,22.869778569708505
2015-03-12,23.662495997873393,4.7102760561020816,23.14666310548273
2015-03-13,23.488429243255474,4.6813266994612786,22.976390936081497
2015-03-16,23.77172293773875,4.743934762739873,23.253508942005347
2015-03-17,23.70529532730139,4.72983578862501,23.188529426749053
2015-03-18,24.04260676576004,4.78669787447586,23.51848761156312
2015-03-19,23.87584800461179,4.764865745470376,23.35536412431422
2015-03-20,24.111274175047757,4.806734620775824,23.585658098956003
2015-03-23,24.113074168410133,4.797366294999932,23.587418853187284
2015-03-24,24.02545821024426,4.770409893788328,23.501712887658044
2015-03-25,23.703761438451394,4.700504307204754,23.187028976058848
2015-03-26,23.65602515467923,4.689312406449299,23.14033332406672
2015-03-27,23.732205599441013,4.700050931860067,23.214853065783128
2015-03-30,24.028299798698896,4.75739155322876,23.504492530627637
2015-03-31,23.870604618830907,4.71581195105354,23.34606661358629
2015-04-01,23.81898985920357,4.699136839994615,23.295586048232146
2015-04-02,23.984966772597154,4.715926855923916,23.45791574780528
2015-04-06,24.178630406319176,4.747797089616251,23.647323773521425
2015-04-07,24.09873096892672,4.735234418517126,23.569180064238033
2015-04-08,24.13721299522526,4.751111659522413,23.60681647788309
2015-04-09,24.246884563779467,4.772244604183969,23.714078098858657
2015-04-10,24.289943499536555,4.798286742989001,23.756190847930032
2015-04-13,24.177957428903483,4.776584092050461,23.646665584261974
2015-04-14,24.23509040697631,4.785721697418554,23.702543109495206
2015-04-15,24.451040458310256,4.80719523067487,23.913747826097676
2015-04-16,24.356240721970057,4.8058251800341285,23.821031240368512
2015-04-17,24.085663028295208,4.750538967163016,23.556399281456997
2015-04-20,24.279430784676645,4.793944641705984,23.745909141817947
2015-04-21,24.24308736818284,4.788235053637712,23.71036434368742
2015-04-22,24.338423304992965,4.811764440691288,23.80360534729746
2015-04-23,24.435528646868686,4.8238708400240675,23.898576874670376
2015-04-24,24.385146541763973,4.835062220372924,23.84930187721264
2015-04-27,24.2492093128828,4.814962866722834,23.71635176340519
2015-04-28,24.356486332724973,4.830269633676147,23.821271454017765
2015-04-29,24.32861984453603,4.810393074133569,23.79401731027343
2015-04-30,24.17576064416299,4.76219293553075,23.64451707216076
2015-05-01,24.41834253575416,4.81381986914484,23.88176841500566
2015-05-04,24.514776161591758,4.827524814312295,23.976082986778913
2015-05-05,24.224818105201688,4.772240000138791,23.692496533577465
2015-05-06,24.09278113920815,4.752592688058219,23.563360977408546
2015-05-07,24.086212263804303,4.771555532883571,23.556936447942164
2015-05-08,24.32673894599119,4.834377833029516,23.792177743013934
2015-05-11,24.256214765231462,4.811192156942306,23.723203276376985
2015-05-12,24.169532460947433,4.796912538620502,23.63842574843629
2015-05-13,24.168872649935903,4.797828748915379,23.63778043625952
2015-05-14,24.327938970215037,4.847860507109068,23.793351397637057
2015-05-15,24.363577028137502,4.853115587898775,23.828206336903254
2015-05-18,24.500763276361223,4.868194218030376,23.962378023822836
2015-05-19,24.41796006763785,4.866592582132644,23.881394351329288
2015-05-20,24.458837792454858,4.863166500954822,23.921373819877676
2015-05-21,24.540946846716228,4.877328041805603,24.00167859141463
2015-05-22,24.503657457607535,4.86567610511373,23.96520860768307
2015-05-26,24.18453490673886,4.813360355631547,23.653098527128186
2015-05-27,24.37961848892262,4.859048772127202,23.843895299040945
2015-05-28,24.311168298102753,4.853567765112242,23.776949248025012
2015-05-29,24.18480827258646,4.8234125485876,23.65336588597349
2015-06-01,24.20044080540485,4.8332378399490725,23.668654906019057
2015-06-02,24.2548950327845,4.828438434774003,23.721912544026008
2015-06-03,24.295224900461545,4.841233796626154,23.76135619416979
2015-06-04,24.05467802380364,4.800325371044663,23.526095148384808
2015-06-05,24.086755695467872,4.792121614985549,23.55746793811679
2015-06-08,23.93501488134908,4.762650067053388,23.409061510588675
2015-06-09,23.936255368018422,4.761964245443732,23.410274738526464
2015-06-10,24.167898081754405,4.819074482639338,23.636827283457226
2015-06-11,24.190820238822155,4.834611178771366,23.65924574391836
2015-06-12,24.03978723749451,4.797602230197872,23.511531575544794
2015-06-15,23.890608025248806,4.777044504641474,23.36563046067721
2015-06-16,24.018681100984562,4.803088951280779,23.490889229999524
2015-06-17,24.08868690451048,4.810855546115,23.559356710339944
2015-06-18,24.279012058629686,4.860883632939051,23.7454996169508
2015-06-19,24.20541693077367,4.839413109932359,23.673521684895977
2015-06-22,24.327295512394034,4.864205423294542,23.79272207930213
2015-06-23,24.32847427915435,4.867649280734234,23.793874943578
2015-06-24,24.124083526359648,4.832295544008262,23.59397551890311
2015-06-25,24.040776885707434,4.817605365554477,23.51249947700653
2015-06-26,24.069560380282358,4.816685202929656,23.5406504766334
2015-06-29,23.52841777820569,4.715679314224221,23.01139906313693
2015-06-30,23.582420783127766,4.725549231028891,23.061292492453404
2015-07-01,23.676708970718142,4.7634292336648185,23.15349708385653
2015-07-02,23.676517515186106,4.759065932486782,23.15330985914095
2015-07-06,23.490152495953264,4.745521630842924,22.971063165367887
2015-07-07,23.682099236181784,4.775366216379295,23.158768234329678
2015-07-08,23.225438283420715,4.695249897367099,22.712198651912583
2015-07-09,23.289214891282707,4.703743604431436,22.774565913594827
2015-07-10,23.50351079918564,4.762973143898436,22.98412627457443
2015-07-13,23.75028091721328,4.815542078487643,23.22544322513552
2015-07-14,23.823997300240055,4.836431900024122,23.29753061116346
2015-07-15,23.66503731762179,4.834826204633314,23.14208335290835
2015-07-16,23.831741480249903,4.873620850099292,23.305103658984258
2015-07-17,23.622033518771783,4.877753680580176,23.100029859219692
2015-07-20,23.520009637447668,4.8802803569867175,23.000260518740696
2015-07-21,23.3883150560844,4.860998369296262,22.871476146329602
2015-07-22,23.37831303418142,4.852272877223376,22.86169515078458
2015-07-23,23.281149257345845,4.824954580924608,22.76667851538981
2015-07-24,22.99840686620068,4.774910152011258,22.4901842130373
2015-07-27,22.8321242684335,4.747134499657009,22.327576156011297
2015-07-28,23.13593613840005,4.805443552716296,22.624674340307568
2015-07-29,23.374884201488204,4.838500198915432,22.858342089011444
2015-07-30,23.40756989613633,4.839646923462576,22.890305489695862
2015-07-31,23.400848415174828,4.832300339432759,22.883732541148238
2015-08-03,23.249986473236074,4.8160009903878525,22.736204371711203
2015-08-04,23.240479113671075,4.806590524452634,22.726907107372803
2015-08-05,23.252676941757713,4.822428240230706,22.738835385808056
2015-08-06,23.139376719551464,4.782942197799697,22.628038890919477
2015-08-07,23.060108855097,4.773758948779921,22.550522701031795
2015-08-10,23.49325806529229,4.8339035377755994,22.974100107314676
2015-08-11,23.239363424895014,4.79028722615425,22.7258160732745
2015-08-12,23.305647259907563,4.7960259902511835,22.790635156981118
2015-08-13,23.21479669397296,4.7900597339193105,22.701792222093697
2015-08-14,23.315026363937687,4.807505131470244,22.799806999996914
2015-08-17,23.41421091653739,4.834364662639769,22.896799755714
2015-08-18,23.35411963676186,4.820359508212101,22.838036383119913
2015-08-19,23.150473579049304,4.782254566299684,22.638890530154523
2015-08-20,22.65300367186117,4.682396308700779,22.15241379643146
2015-08-21,22.089054574172696,4.536853384237433,21.600926940512327
2015-08-24,21.26230706677119,4.351364133622885,20.792449038225314
2015-08-25,20.971605440192015,4.299021574459536,20.508171384958647
2015-08-26,21.604405327450692,4.464078208789335,21.126987554149586
2015-08-27,22.210955740997058,4.574497183283739,21.72013431490196
2015-08-28,22.296608469182964,4.574725908142904,21.803894274731217
2015-08-31,22.20858554648266,4.537766697531017,21.71781649734354
2015-09-01,21.551798613891076,4.402323437143112,21.075543352571565
2015-09-02,21.86287714539514,4.485883938303525,21.379747618499604
2015-09-03,21.97887020823406,4.48909583120335,21.493177447176834
2015-09-04,21.64601048590911,4.421144387606425,21.16767331483667
2015-09-08,22.233536336345217,4.532252167211363,21.742215920465945
2015-09-09,21.964653510078065,4.471646891231412,21.479274912001692
2015-09-10,22.02261423388049,4.495981593613493,21.535954810005983
2015-09-11,22.061928278935223,4.516411333974873,21.574400086697747
2015-09-14,21.9646039288007,4.499650931514492,21.479226426379707
2015-09-15,22.221856658021885,4.555892068507492,21.730794341633597
2015-09-16,22.483555458241536,4.595377985065246,21.986710077863176
2015-09-17,22.419725353126317,4.585047575354819,21.924290501118993
2015-09-18,21.974852246913287,4.5105176270174265,21.489248275439387
2015-09-21,22.05182341876455,4.533827982113853,21.56451852542232
2015-09-22,21.700842685932006,4.474978894906015,21.221293823704762
2015-09-23,21.56917541619007,4.46782340365306,21.09253615937819
2015-09-24,21.533311857589673,4.4516677542254515,21.057465119712266
2015-09-25,21.55766089227064,4.450514772277107,21.08127608534003
2015-09-28,20.96164556007592,4.338820203037269,20.498431599944237
2015-09-29,20.961528390189468,4.341358412856046,20.498317019297595
2015-09-30,21.336351374231445,4.422359478123115,20.85938806298542
2015-10-01,21.231143527559336,4.433897414001538,20.756532084354745
2015-10-02,21.689819642892797,4.500130973571893,21.20495472781188
2015-10-05,22.240933877506468,4.5802108042466045,21.74374908328569
2015-10-06,22.287647943221227,4.564519002031256,21.78941887975899
2015-10-07,22.631948753409667,4.601906977176894,22.126023019996133
2015-10-08,23.01398420160982,4.643448391459869,22.499518259554666
2015-10-09,22.954140697147267,4.64621588670118,22.44101252627634
2015-10-12,22.7977991516203,4.650601914498226,22.28816591668909
2015-10-13,22.580049317968147,4.621293821233057,22.075283770105827
2015-10-14,22.56374553672282,4.599139338654066,22.059344451619488
2015-10-15,22.85923403035474,4.669759123199099,22.348227449874727
2015-10-16,22.754848218048537,4.690992517932286,22.246175129448698
2015-10-19,22.652788758635445,4.6933004862511085,22.14639715747703
2015-10-20,22.76903519483393,4.686837811481541,22.260044963564983
2015-10-21,22.535175942634076,4.6582199798046355,22.031413516313513
2015-10-22,22.815234327991778,4.736915948143455,22.30521133853747
2015-10-23,22.926786396486783,4.788842020767003,22.414269717130544
2015-10-26,22.744570394892563,4.777071047079958,22.236127061815562
2015-10-27,22.470570691660924,4.767841745816999,21.96825248295225
2015-10-28,22.868043232154548,4.8220759456756666,22.35683972643713
2015-10-29,22.820731553250592,4.819308074082849,22.31058567611431
2015-10-30,22.889093502271457,4.798536856283551,22.377419428444163
2015-11-02,23.287437433384788,4.855308345830242,22.76685858305349
2015-11-03,23.389214659433083,4.869383884724804,22.866360630844074
2015-11-04,23.258787781645108,4.8546150434024335,22.738849379744767
2015-11-05,23.249850692930192,4.849770137589117,22.73011207511435
2015-11-06,23.271774415367656,4.847233707807158,22.75154570385841
2015-11-09,23.02519609509489,4.8019993228459015,22.510479516848566
2015-11-10,23.049219881716915,4.813077535283707,22.533966263907697
2015-11-11,22.84740066933316,4.7941525144149715,22.33665861763584
2015-11-12,22.41469110058496,4.727226145313739,21.913622051787613
2015-11-13,22.158919970691155,4.674148850154156,21.663568555752356
2015-11-16,22.54720388488308,4.74522863171845,22.043172580015206
2015-11-17,22.453356835963692,4.741769360045927,21.951423434266722
2015-11-18,22.822220683868437,4.817002272712416,22.312041517972624
2015-11-19,22.741317408264752,4.8128500167533375,22.232946794053582
2015-11-20,22.789794748829074,4.830407293614454,22.280340448261693
2015-11-23,22.80552455364558,4.824852325226797,22.295718621271103
2015-11-24,22.955015194864306,4.831312802490276,22.441867475040524
2015-11-25,22.988625491507023,4.8306219247595195,22.474726430552
2015-11-27,22.89714772535946,4.836162648107218,22.385293603460877
2015-11-30,22.903182082399198,4.816082900792277,22.391193065510148
2015-12-01,23.066967476331737,4.862009067334232,22.55131712004807
2015-12-02,22.742866133233203,4.812367954756749,22.234460898061045
2015-12-03,22.42490711852784,4.745004428126064,21.92360969583188
2015-12-04,22.615701104526188,4.837546249487807,22.110138579061175
2015-12-07,22.35088325955779,4.80823555676216,21.851240602677496
2015-12-08,22.09678723763359,4.775904980878491,21.602824768422973
2015-12-09,21.981788392483516,4.738772319652161,21.49039666411843
2015-12-10,22.050850956692795,4.751003091009182,21.55791536973958
2015-12-11,21.538229913171566,4.658923900102334,21.056753709598556
2015-12-14,21.425399447276842,4.6824794193412504,20.946445511531106
2015-12-15,21.681095151153905,4.731636088285494,21.196425267659954
2015-12-16,22.02277186280232,4.800850460984935,21.530463969748773
2015-12-17,21.60942650240859,4.727695101660447,21.126358735200522
2015-12-18,21.32089215262363,4.643977076800243,20.844274424434303
2015-12-21,21.512945601279537,4.682266667798461,21.03203461567239
2015-12-22,21.77418166304666,4.7247535555420646,21.287430877801235
2015-12-23,22.235051084426892,4.783260178820342,21.73799779706113
2015-12-24,22.215081197132655,4.775367799525288,21.718474326466808
2015-12-28,22.027441102901996,4.764456084103372,21.53502883135467
2015-12-29,22.22559881482272,4.815302359432923,21.728756828148896
2015-12-30,22.000283349897124,4.781171496309263,21.50847817614136
2015-12-31,21.888068910642826,4.733345437831681,21.3940558671704
2016-01-04,21.73260468388983,4.667159068574481,21.242100463243332
2016-01-05,21.705866591632756,4.675069903195714,21.21596584890779
2016-01-06,21.142479666142435,4.616098571436804,20.665294549032964
2016-01-07,20.690973742877752,4.505349134510892,20.22397910059769
2016-01-08,20.507278548608788,4.455966002647518,20.044429901224945
2016-01-11,20.329111053518016,4.460306113534097,19.870283641029648
2016-01-12,20.33213801057325,4.496309704482544,19.873242279757047
2016-01-13,19.809671818315408,4.384149258904228,19.362568133421703
2016-01-14,20.063459496177124,4.456123837287658,19.610627831183926
2016-01-15,19.680910501820982,4.360468682996441,19.236712955888287
2016-01-19,19.498684424998654,4.366272466813509,19.058599716026528
2016-01-20,19.406132865015593,4.310318685151294,18.968137041911476
2016-01-21,19.721372916507438,4.334465090425511,19.276262135117253
2016-01-22,20.101353415408635,4.423386641755591,19.647666485821514
2016-01-25,19.616476494482132,4.3565183058921715,19.173733222117324
2016-01-26,20.118165735043423,4.415954285139459,19.664099351918175
2016-01-27,20.038597810502743,4.3678954546542865,19.5863272729921
2016-01-28,20.04202183526204,4.390647822077581,19.58967401761767
2016-01-29,20.699110817505055,4.497700597275476,20.231932521700386
2016-02-01,20.69308889926901,4.496058936557471,20.2260465179741
2016-02-02,20.146442996860873,4.415030962402833,19.69173839680437
2016-02-03,20.493844707291608,4.441499073022437,20.03129926129396
2016-02-04,20.68124643292584,4.448463343568936,20.214471335732824
2016-02-05,20.381448691581873,4.363720116873948,19.921440020208873
2016-02-08,19.870247861202014,4.304980080380708,19.421776976879688
2016-02-09,19.67399582769957,4.305212549305049,19.229954345749572
2016-02-10,19.657213583574443,4.301497150874998,19.21355087635922
2016-02-11,19.3628889882367,4.2455432759364164,18.925869178104136
2016-02-12,19.84523213981228,4.333073641656398,19.397325859553863
2016-02-16,20.278750061066063,4.406207258580275,19.82105929463153
2016-02-17,20.85325538319035,4.478182654149183,20.382598049269546
2016-02-18,20.791913210515236,4.459840017997788,20.322640367548864
2016-02-19,20.624150875114143,4.457748353029347,20.15866442290841
2016-02-22,21.109500560503974,4.522292091432858,20.633059780796497
2016-02-23,20.786421794209087,4.465175542318061,20.317272892340192
2016-02-24,20.947840751500678,4.485608185599708,20.47504862872036
2016-02-25,21.11715976842296,4.539937871943692,20.640546120627846
2016-02-26,21.248061270774617,4.529473315148861,20.76849318008936
2016-02-29,21.144163499823886,4.493971303304725,20.666940378639918
2016-03-01,21.586834539282133,4.5996110867315085,21.099620346325104
2016-03-02,21.889039221736844,4.620272539733106,21.395004278372806
2016-03-03,22.331726555781845,4.638263881002827,21.827700172876423
2016-03-04,22.514638638674025,4.653472748268636,22.006483935672094
2016-03-07,22.75221054444592,4.657186219521755,22.238693850822845
2016-03-08,22.184370410768214,4.6063390603770165,21.683669851532738
2016-03-09,22.34831261844574,4.629094375335279,21.843911888615096
2016-03-10,22.388479533606805,4.632806909024297,21.883172237733866
2016-03-11,22.898396884978087,4.707566514115222,22.38158077013629
2016-03-14,22.819815465301016,4.701531413844126,22.304772930689346
2016-03-15,22.60623828816944,4.69386791763956,22.096016183889994
2016-03-16,22.90478304616636,4.72103133127894,22.38782279586256
2016-03-17,23.20260547619133,4.750981554044573,22.678923382783356
2016-03-18,23.315726739922408,4.769548389957779,22.78949150306422
2016-03-21,23.296706414763765,4.77631637912313,22.7709004660606
2016-03-22,23.294781232920272,4.773751497227541,22.769018735512205
2016-03-23,22.872707821653812,4.742230416091347,22.356471508182732
2016-03-24,22.900721005322424,4.740148576938683,22.383852435155795
2016-03-28,22.953362114703214,4.742950004747654,22.43530543631366
2016-03-29,23.193228189958145,4.786841264091589,22.66975774161263
2016-03-30,23.243654222468255,4.807826776193367,22.719045660116773
2016-03-31,23.284979321788178,4.796158180607546,22.75502279702026
2016-04-01,23.294762394128607,4.828829610133845,22.76458321066956
2016-04-04,23.109440550388328,4.813193859856232,22.58347921565119
2016-04-05,22.819110112833247,4.765100426808548,22.299756579099256
2016-04-06,23.060382920682535,4.817159148971432,22.535538117362194
2016-04-07,22.735280143729355,4.7595170225948396,22.217834545513956
2016-04-08,22.892604510228313,4.772334401936687,22.371578274324612
2016-04-11,22.946220540832513,4.761152822432949,22.42397402618782
2016-04-12,23.329169956088975,4.805488677515445,22.798207670712156
2016-04-13,23.70821791618644,4.854048140601739,23.16862865558762
2016-04-14,23.66911738547312,4.854261718719925,23.13041803682513
2016-04-15,23.667584184576402,4.84889290525902,23.128919730948407
2016-04-18,23.811880265019095,4.882946680132654,23.26993169211953
2016-04-19,23.991225986492378,4.898367025748513,23.445195578948645
2016-04-20,24.0962734068755,4.903035169524051,23.54785216337384
2016-04-21,23.93718800151659,4.8766666463823505,23.39238747622131
2016-04-22,24.228012006923922,4.8766666463823505,23.67659244722476
2016-04-25,24.054384683517586,4.868264149750633,23.506916810081297
2016-04-26,24.309331611628668,4.875478917220564,23.75606125126915
2016-04-27,24.543822342106626,4.885532154747873,23.98521506944425
2016-04-28,24.191522552314385,4.841132438525524,23.640933477550945
2016-04-29,24.06257781482495,4.815072622608941,23.5149234690996
2016-05-02,24.14534687873681,4.85332837459557,23.595808743257447
2016-05-03,23.76174232614617,4.811070444437966,23.22093487205445
2016-05-04,23.571398815782075,4.784253537780669,23.03492350147327
2016-05-05,23.587617282428702,4.783320608340802,23.05077284250881
2016-05-06,23.651568454528103,4.8008227784467215,23.113268512309826
2016-05-09,23.529685987886904,4.804773855593383,22.994160040335274
2016-05-10,23.899304486177655,4.864535632809253,23.355366174065285
2016-05-11,23.683349406836466,4.819027901964322,23.14432614325267
2016-05-12,23.546443414672204,4.820430239083794,23.01053607499905
2016-05-13,23.295148635266234,4.778425009980418,22.764960661118213
2016-05-16,23.510244301480164,4.825564172703874,22.97516083869182
2016-05-17,23.449176578811084,4.780541658972547,22.915482992201472
2016-05-18,23.33580457892845,4.78192323551199,22.804691292272427
2016-05-19,23.296142825058336,4.765353871500941,22.765932223560725
2016-05-20,23.509219319725702,4.795456611907212,22.974159185099325
2016-05-23,23.48309319818321,4.788920404545182,22.94862768330662
2016-05-24,23.81229456641693,4.850994390828896,23.270336564188426
2016-05-25,24.105105756415124,4.8838986857818885,23.556483492281114
2016-05-26,24.0535287819078,4.885300364704707,23.506080388439102
2016-05-27,24.178623894902717,4.906302270972573,23.628328388261544
2016-05-31,24.271713937496372,4.896965577750913,23.719299739883567
2016-06-01,24.326160681294283,4.906999460219724,23.77250729825084
2016-06-02,24.435482832597376,4.921936366576634,23.879341322483498
2016-06-03,24.324812914779663,4.907234542649669,23.771190206346162
2016-06-06,24.61336804750238,4.93220255200267,24.05317794327145
2016-06-07,24.721046459866095,4.939901720186346,24.158405639384977
2016-06-08,24.763765467928277,4.956005799794154,24.200152380444425
2016-06-09,24.636678832020117,4.949235895871635,24.07595818394878
2016-06-10,24.140564206963678,4.902327038050564,23.59113492312111
2016-06-13,23.905809433871813,4.864500682624966,23.361723071833087
2016-06-14,23.791568452586805,4.854951667784973,23.250082168159974
2016-06-15,23.815900825054143,4.848183865160081,23.273860745866568
2016-06-16,23.76750029415594,4.862650845813719,23.22656179108735
2016-06-17,23.886859737110367,4.84464444973167,23.343204662353557
2016-06-20,24.142380092358305,4.875843959987942,23.592909479713164
2016-06-21,24.182589254569276,4.889686480990348,23.632203497977702
2016-06-22,24.141188693564,4.881711402339853,23.591745196663997
2016-06-23,24.53513542703389,4.945285929932525,23.976725864975386
2016-06-24,23.399753247415664,4.765124218219153,22.86718451544247
2016-06-27,22.614314437978255,4.682315889554941,22.099621969329785
2016-06-28,23.135804351571796,4.7667614566230645,22.60924298759426
2016-06-29,23.5616327548064,4.847934637467898,23.025379712017084
2016-06-30,23.916483592671756,4.913968355164849,23.367143902925335
2016-07-01,24.037241777752847,4.924425279824639,23.48512838326552
2016-07-05,23.579582425503542,4.888984191085742,23.03798104653055
2016-07-06,23.763509164817684,4.918308318263874,23.21768315735699
2016-07-07,23.816590062307057,4.915165519248503,23.269544835321668
2016-07-08,24.32337921589967,4.988450637140498,23.76469350692944
2016-07-11,24.447988172702775,5.006044902537693,23.886440310297466
2016-07-12,24.86104620413253,5.042403806664824,24.290010777639708
2016-07-13,24.809867009895033,5.041697870131891,24.24000712254764
2016-07-14,24.94669509605089,5.069845669340837,24.373692393075686
2016-07-15,24.91703004919685,5.063041936452581,24.344708725136403
2016-07-18,24.989818037820662,5.0766311410100196,24.41582484042929
2016-07-19,24.86413217125152,5.0714885136641765,24.293025862924722
2016-07-20,25.03084840922796,5.092484476110746,24.45591278184215
2016-07-21,24.959272462609047,5.0732501622444754,24.385980869061104
2016-07-22,25.136188497243474,5.096120373975873,24.55883330466347
2016-07-25,25.08500067849837,5.082279311040154,24.508821223160822
2016-07-26,25.283964215248687,5.084627324081855,24.70321474997945
2016-07-27,25.098542950234407,5.0792325344910045,24.52205244133729
2016-07-28,25.127109497263326,5.085099048068342,24.54996284098479
2016-07-29,25.145450165466137,5.093311483030972,24.5678822408627
2016-08-01,24.939847097217882,5.089089127811539,24.367001686494238
2016-08-02,24.640788741595877,5.0564629774131395,24.074812426977324
2016-08-03,24.874164748161647,5.07125818808505,24.302828000746004
2016-08-04,24.84476499768089,5.0766489355389846,24.27410353556568
2016-08-05,25.10699393834856,5.118175923831694,24.530309318006477
2016-08-08,25.11346072841609,5.1151254909810895,24.536627571838093
2016-08-09,25.013490927840277,5.118174105773714,24.438953985880094
2016-08-10,24.948980122168283,5.105506624861924,24.375924934239194
2016-08-11,25.20884918511658,5.129201281107908,24.629825043187136
2016-08-12,25.16017620132864,5.124744005194625,24.58227003318951
2016-08-15,25.37790880807613,5.139523766905607,24.795001521684192
2016-08-16,25.259888859606093,5.1130141033159076,24.67969238317185
2016-08-17,25.272200963848245,5.122631682844245,24.69172168967336
2016-08-18,25.47200561840021,5.134126868340547,24.8869370145893
2016-08-19,25.497384513503636,5.126620774859034,24.91173297975204
2016-08-22,25.456031663661893,5.1263849503033905,24.871329966938557
2016-08-23,25.627305328906814,5.136704363208351,25.038669633200602
2016-08-24,25.444740009337817,5.110430120390541,24.86029767155657
2016-08-25,25.45847422606711,5.106909034037592,24.873716425925874
2016-08-26,25.41784531426903,5.0972927243265,24.83402072296324
2016-08-29,25.54448680323908,5.12241218287198,24.957753373098754
2016-08-30,25.512161231902255,5.113949957945876,24.92617029048359
2016-08-31,25.36926104508161,5.099405884265479,24.78655238987315
2016-09-01,25.320752377424437,5.099640456936155,24.73915792181549
2016-09-02,25.502619347873846,5.122629636116023,24.916847574778625
2016-09-06,25.474849888498348,5.13813071339491,24.889715954412306
2016-09-07,25.600131981521272,5.137642590977137,25.01212043267863
2016-09-08,25.653132137287113,5.125913352941936,25.063903223483095
2016-09-09,24.94024433523004,5.003224616839271,24.367389800313664
2016-09-12,25.374726844172763,5.075005880417065,24.791892644572894
2016-09-13,24.89301383803037,5.002047595880189,24.321244144310555
2016-09-14,24.798675271488662,5.000171828031734,24.229072448106383
2016-09-15,25.07379756371775,5.050138545109254,24.49787543365021
2016-09-16,24.933641059432208,5.030715712264764,24.360938195703785
2016-09-19,24.967440643790372,5.03166148681867,24.393961434613296
2016-09-20,24.822515173266726,5.03189797490855,24.252364769208736
2016-09-21,25.162652332184976,5.088486699534372,24.584689289591417
2016-09-22,25.376919260134823,5.120549254228138,24.7940347027514
2016-09-23,25.222953488482947,5.092493764864222,24.643605383642928
2016-09-26,25.02529846757307,5.051234380381292,24.45049031725617
2016-09-27,25.135761332956157,5.082592443414699,24.55841595194801
2016-09-28,25.407900390786327,5.107822432303809,24.82430422525056
2016-09-29,25.183473080271394,5.061611962758756,24.60503180419298
2016-09-30,25.45293119198379,5.099806886629734,24.864258717748605
2016-10-03,25.405538361164943,5.087546950874277,24.817961982886988
2016-10-04,25.221478626616996,5.0616106365187195,24.638159160775817
2016-10-05,25.458184151733544,5.084008263585314,24.869390187647554
2016-10-06,25.46692970563825,5.08754673333677,24.87793347538429
2016-10-07,25.295876937070208,5.070101535588158,24.7108367956352
2016-10-10,25.417782959295092,5.096506624385501,24.82992338935551
2016-10-11,25.023124950402124,5.0321377457195124,24.444392985641667
2016-10-12,25.03001591094834,5.038739910441897,24.45112457284247
2016-10-13,24.8700147867461,5.022232998495289,24.29482393629543
2016-10-14,24.8464631303369,5.024824470722512,24.27181697989529
2016-10-17,24.754156522548264,5.007378280160164,24.181645228747932
2016-10-18,24.916666027696028,5.0387344829505265,24.340396232693614
2016-10-19,25.096195034538173,5.052172787816556,24.515773113249868
2016-10-20,25.060031621152767,5.042740381221702,24.48044608314282
2016-10-21,25.038293091806388,5.045100383720114,24.459210320010694
2016-10-24,25.070138582738014,5.066557195652076,24.490319292079363
2016-10-25,24.862019608183278,5.049579162489446,24.287013669305708
2016-10-26,24.9316260202208,5.039439607531167,24.355010232226533
2016-10-27,24.75872074518268,5.025999422097882,24.186103890564578
2016-10-28,24.76425314742365,5.011147593805582,24.19150834004087
2016-10-31,24.788432139742177,5.01138311774249,24.215128123397353
2016-11-01,24.575166333311977,4.975075647054446,24.006794704085703
2016-11-02,24.344814664395145,4.945130666734825,23.781770582156003
2016-11-03,24.28983148676537,4.92249680367318,23.7280590491542
2016-11-04,24.250919895425486,4.917072212195532,23.690047400637322
2016-11-07,24.764514001738295,5.025528073979929,24.191763161346806
2016-11-08,24.826055822843085,5.048163052425135,24.251881650269343
2016-11-09,25.22383037168426,5.101663484454737,24.6404565149528
2016-11-10,25.52791563999461,5.114412541502389,24.937508934043386
2016-11-11,25.555830991147953,5.102623820594227,24.964778662155954
2016-11-14,25.9297762010779,5.1066344829172134,25.33007531014631
2016-11-15,26.144818492189046,5.146481551787416,25.540144127804894
2016-11-16,26.01473599891197,5.13681645943316,25.413070167517382
2016-11-17,26.190566243292007,5.163224832851106,25.584833830165664
2016-11-18,26.07492691168824,5.151669535675185,25.471868991764307
2016-11-21,26.309463148231778,5.190569792339069,25.700980901120417
2016-11-22,26.349681237239746,5.2007069751435075,25.740268830777115
2016-11-23,26.451234970892738,5.203536159737986,25.839473841322103
2016-11-25,26.51360420137449,5.222867296571413,25.900400603392388
2016-11-28,26.298149539825875,5.19834593461401,25.68992895255254
2016-11-29,26.25812423368498,5.208482709186507,25.650829347102864
2016-11-30,26.372563316596125,5.195987559167168,25.762621696025754
2016-12-01,26.36632410401998,5.176892304887229,25.756526783242688
2016-12-02,26.322441287099963,5.179485927931978,25.713658883080907
2016-12-05,26.582774496204422,5.210609458872921,25.96797113557439
2016-12-06,26.753368247277912,5.227111459029171,26.134619413932942
2016-12-07,27.165724452646902,5.295487304024731,26.53743869226393
2016-12-08,27.363429983285577,5.308455952432287,26.730571712058467
2016-12-09,27.404395781182437,5.340519026384978,26.77059005767861
2016-12-12,27.15490492212415,5.3343881105426885,26.52686939460258
2016-12-13,27.216844088951234,5.369989816792451,26.587376039481082
2016-12-14,26.909467415628157,5.325665920844646,26.28710833861553
2016-12-15,26.983341387079044,5.3475916874407625,26.35927376132491
2016-12-16,26.859524055273482,5.33719062160869,26.238320062572754
2016-12-19,26.904608151115735,5.348809685591933,26.28236145861561
2016-12-20,27.006565198708895,5.369445393358946,26.381960455302192
2016-12-21,26.963258554838564,5.354502226829228,26.339655402525857
2016-12-22,26.77185758673105,5.345255001483494,26.152681134063148
2016-12-23,26.818770449473764,5.353080454805665,26.198509001495264
2016-12-27,26.953127283704347,5.366361447414038,26.329758446268784
2016-12-28,26.630127365207066,5.322008470051161,26.014228832852087
2016-12-29,26.621543902336605,5.32082166216234,26.005843887326744
2016-12-30,26.48591041721697,5.301374058987136,25.869815680449477
2017-01-03,26.759951790467934,5.341929570538388,26.137482515500423
2017-01-04,27.13465004058114,5.3737087095535205,26.503464825095307
2017-01-05,26.988427173049384,5.369441984838136,26.36064328066939
2017-01-06,27.068399515420175,5.388653848259887,26.438755368344548
2017-01-09,26.892284078298896,5.370865901906781,26.26673659213336
2017-01-10,26.96243439279812,5.370865901906781,26.33525512434287
2017-01-11,27.09845984652216,5.386043968945569,26.468116459303907
2017-01-12,27.056909800016637,5.372524998583516,26.4275329178028
2017-01-13,27.132736357657254,5.384860315980264,26.50159565678159
2017-01-17,27.06382987036782,5.365889453087065,26.43429201883655
2017-01-18,27.13058880399841,5.377748068778388,26.499498057852836
2017-01-19,26.94320694072851,5.357823512183564,26.31647492637307
2017-01-20,27.065432464339317,5.377508155767326,26.435857334508178
2017-01-23,26.985120871064332,5.36351587954602,26.357413887320618
2017-01-24,27.311883269055603,5.397906743365669,26.676575391462894
2017-01-25,27.520705248222825,5.444631024136243,26.880539915467736
2017-01-26,27.380777519123775,5.438941384716021,26.743867076839408
2017-01-27,27.265401820160594,5.430402246742017,26.63117515803565
2017-01-30,27.090330681742696,5.396722892007722,26.46017638886011
2017-01-31,27.107689495056068,5.396247980393226,26.477131414901304
2017-02-01,27.040331904940803,5.398384894593462,26.411340644883886
2017-02-02,27.019572600201318,5.401942430238998,26.391064227014713
2017-02-03,27.227992232694927,5.439178019410636,26.594635763422676
2017-02-06,27.119264856969917,5.429452769111929,26.48843751971055
2017-02-07,27.051986674377197,5.429691665033769,26.422724310099404
2017-02-08,27.098061755915786,5.436804561114963,26.46772762877295
2017-02-09,27.321127671145085,5.469061122576058,26.68560475743003
2017-02-10,27.519191172815347,5.490642037765743,26.87906105930983
2017-02-13,27.60686664342763,5.520527602377302,26.96469709102283
2017-02-14,27.69775846164718,5.5425821101488,27.05347465415588
2017-02-15,27.821258659877195,5.571514388763776,27.17410208641633
2017-02-16,27.697838753097688,5.566773030018938,27.05355307792887
2017-02-17,27.767797524643246,5.575546264314248,27.12188452270854
2017-02-21,28.005870324455696,5.608748642318239,27.354419457421333
2017-02-22,27.867165312517866,5.60376807352386,27.218940894054548
2017-02-23,27.788078591982252,5.607561824509636,27.141693827565284
2017-02-24,27.862587825132653,5.614677820464939,27.21446988463597
2017-02-27,27.91567697374101,5.623453561898326,27.266324114582975
2017-02-28,27.716686669476125,5.6082758607347625,27.071962568672784
2017-03-01,28.072848523783016,5.686780506233328,27.419839661745524
2017-03-02,27.8692153251953,5.650970849385577,27.220943220924674
2017-03-03,27.837839458691402,5.654530961020689,27.190297195529123
2017-03-06,27.68440904832067,5.63769176781877,27.04043576454404
2017-03-07,27.51211741206668,5.620851982508295,26.87215184290561
2017-03-08,27.465400972086073,5.610414060376777,26.82652208457343
2017-03-09,27.45256279244506,5.617528065405335,26.813982536725025
2017-03-10,27.570662591473454,5.637211883746515,26.929335189687894
2017-03-13,27.606079118222233,5.640058675747807,26.963927884618894
2017-03-14,27.464138719956495,5.61847417119572,26.82528919397536
2017-03-15,27.79180946728887,5.667090828199076,27.14533791813981
2017-03-16,27.76687859249782,5.655943660540008,27.120986966051067
2017-03-17,27.74993259089461,5.646057071021384,27.10443514921371
2017-03-20,27.630580602720656,5.639863346414474,26.98785943455946
2017-03-21,27.22733570022584,5.567447501046512,26.593994502703463
2017-03-22,27.271048096213885,5.580547705016475,26.636690094788015
2017-03-23,27.286275390201997,5.574593260615222,26.651563183255785
2017-03-24,27.291135793510207,5.570546105908015,26.656310527626243
2017-03-27,27.280984714892575,5.564830725603353,26.646395575538165
2017-03-28,27.53940174469557,5.605325998793568,26.898801508518556
2017-03-29,27.680434686021453,5.6105669786024395,27.03655385078278
2017-03-30,27.790657188028757,5.62843102386231,27.144212442307474
2017-03-31,27.778629802782866,5.6153280364387586,27.124984602400893
2017-04-03,27.59958790319378,5.605562980983391,26.950155649208526
2017-04-04,27.576166888307203,5.609133724602278,26.927285742640734
2017-04-05,27.468131238859375,5.592457770039035,26.82179222663264
2017-04-06,27.681184195796043,5.608178168830614,27.02983193980178
2017-04-07,27.596605015960535,5.602463435276576,26.94724295081963
2017-04-10,27.680724044479266,5.605796901020565,27.02938261607809
2017-04-11,27.67935642189095,5.59912600270835,27.028047174340585
2017-04-12,27.45187407386048,5.574590632564482,26.805917600943598
2017-04-13,27.224968985274952,5.538383666405976,26.584351703785043
2017-04-17,27.454638317654354,5.5874537456903335,26.808616800683776
2017-04-18,27.383555245026454,5.570780783713194,26.73920634868481
2017-04-19,27.430238948618175,5.560536117851945,26.78479156113405
2017-04-20,27.700033588582116,5.605793321315142,27.048237796847918
2017-04-21,27.56966252234437,5.58792765800011,26.920934427696725
2017-04-24,27.87562827940019,5.649383686382795,27.21970065583407
2017-04-25,27.97925186662135,5.682257450053857,27.320885927669842
2017-04-26,28.013392998842953,5.678683310117774,27.354223701793103
2017-04-27,28.001754260189536,5.683447725414963,27.342858828543186
2017-04-28,27.805009533339778,5.6710634928212835,27.150743604563775
2017-05-01,27.75083892083808,5.685354572823194,27.097847653955565
2017-05-02,27.775451369124845,5.687497951497148,27.121880958893424
2017-05-03,27.63389161597606,5.680587641486079,26.98365217828972
2017-05-04,27.618291410384575,5.687256651377184,26.968419053421158
2017-05-05,27.845361332815568,5.7096473808136565,27.190145905801472
2017-05-08,27.794640212446343,5.708693869701061,27.140618279032275
2017-05-09,27.788262428894672,5.703453288728675,27.13439056795131
2017-05-10,27.866913715277455,5.713696690835231,27.21119114981005
2017-05-11,27.68894529822546,5.702023608495855,27.037410419568072
2017-05-12,27.497118120343167,5.692495527046058,26.850097032143264
2017-05-15,27.669564924120145,5.723940872337462,27.018486075461563
2017-05-16,27.54350131571923,5.7186977424984,26.89538880748707
2017-05-17,27.0518583015772,5.617225169755509,26.41531440197607
2017-05-18,27.100395898274886,5.639851352739283,26.462709884489417
2017-05-19,27.338041581869053,5.6765329459375,26.69476364502706
2017-05-22,27.49281997369365,5.705352703704024,26.845900023056995
2017-05-23,27.456234806876203,5.717978649237321,26.810175723707268
2017-05-24,27.476473565898615,5.731318693425991,26.829938254499893
2017-05-25,27.581502263377274,5.758708665461874,26.932495573638565
2017-05-26,27.581936544422767,5.757516612768124,26.932919635831535
2017-05-30,27.52401249652042,5.752513330831628,26.876358570054904
2017-05-31,27.522396338454897,5.751086707525582,26.87478044100557
2017-06-01,27.90702638196414,5.796819349023825,27.250359945174054
2017-06-02,27.866102662408583,5.816111163817377,27.210399181425153
2017-06-05,27.772868500827247,5.811824689889644,27.119358866792414
2017-06-06,27.686779356320635,5.7932442863560665,27.035295443371094
2017-06-07,27.679324835562216,5.803961788285824,27.028016331254122
2017-06-08,27.715376956719656,5.80681733748566,27.063220127777633
2017-06-09,27.911723135498313,5.798002588767357,27.254946181723533
2017-06-12,28.021713186855404,5.79681399823666,27.36234811157608
2017-06-13,28.1972607330877,5.8251604186880375,27.533764935312387
2017-06-14,28.08979324768329,5.817774115277141,27.428826214160587
2017-06-15,28.01579700039191,5.806580717879347,27.356571135970494
2017-06-16,28.0216896001775,5.807846552475845,27.362325079904622
2017-06-19,28.188694757286328,5.856196875025206,27.525400521251434
2017-06-20,27.88022754761767,5.816702683300036,27.224191700945628
2017-06-21,27.754052689151365,5.815265957737261,27.100985800675993
2017-06-22,27.798166147856865,5.812631642258406,27.14406124740036
2017-06-23,27.90836715430824,5.819571924439262,27.25166916846719
2017-06-26,28.035067731590807,5.8234012027655435,27.37538841712359
2017-06-27,27.886318333332216,5.776487882676064,27.23013916739363
2017-06-28,28.11800658632565,5.828187449226015,27.456375678683862
2017-06-29,27.986920290800285,5.776963509734768,27.32837390995171
2017-06-30,28.088912585364326,5.787737546680423,27.423045643288173
2017-07-03,28.26477364855435,5.797553549559592,27.594737799333075
2017-07-05,28.12354290776684,5.810957493366175,27.456855030141437
2017-07-06,27.735673257364216,5.757822098046834,27.07818009588358
2017-07-07,27.900503258172673,5.795161574352668,27.23910268844806
2017-07-10,27.91742312253706,5.801385577883523,27.255621455820513
2017-07-11,27.912761720553455,5.797075148399156,27.251070555568678
2017-07-12,28.105206505993976,5.840640168139375,27.438953305351518
2017-07-13,28.228490378938695,5.850452443621848,27.55931464951428
2017-07-14,28.364445501505855,5.877738953818901,27.69204686263459
2017-07-17,28.417589047118813,5.877021869666535,27.743930604041854
2017-07-18,28.30620675924924,5.880130814235589,27.63518870971545
2017-07-19,28.57489507465741,5.91196584246386,27.89750758428433
2017-07-20,28.52703175698739,5.914596667263757,27.850778899394335
2017-07-21,28.532251085211378,5.9093326762298926,27.855874499862256
2017-07-24,28.452735269779723,5.907896708389568,27.778243661383964
2017-07-25,28.640773765442834,5.9222588052876635,27.961824575511326
2017-07-26,28.52735134870014,5.922495695639875,27.8510909149663
2017-07-27,28.54586606286813,5.91698777464293,27.869166725133674
2017-07-28,28.484833309910833,5.910047147983274,27.80958079545425
2017-07-31,28.411761868764607,5.906696151250368,27.738241562948033
2017-08-01,28.388282386819412,5.919862176971505,27.715318678229472
2017-08-02,28.244120841786184,5.922733310127337,27.57457458151735
2017-08-03,28.19500880054815,5.91124320750569,27.526626774908138
2017-08-04,28.23158650666793,5.922013492629765,27.562337381411723
2017-08-07,28.257134946537132,5.9330225157125644,27.587280177987385
2017-08-08,28.222130034042767,5.918421347301395,27.553105080957362
2017-08-09,28.14347299230129,5.918184610447502,27.47631265834979
2017-08-10,27.673736215820263,5.834649434671036,27.017711314398788
2017-08-11,27.712796188034524,5.843267211886045,27.05584534317622
2017-08-14,27.93108890847271,5.901191519757472,27.268963284925697
2017-08-15,27.81118607553847,5.9004715743920615,27.151902830900582
2017-08-16,27.88086263414559,5.910761996817801,27.219927658887176
2017-08-17,27.448514550372344,5.818607306525414,26.797828683034336
2017-08-18,27.374707639694048,5.809512823305315,26.72577141580587
2017-08-21,27.328687194693217,5.8140616718459635,26.680841917024214
2017-08-22,27.608508187724073,5.8748593147484565,26.954029561455613
2017-08-23,27.519315252435135,5.853797944105083,26.86695100588484
2017-08-24,27.50576371344004,5.840152741097374,26.853720715418085
2017-08-25,27.61761853409905,5.853795337900578,26.962923940819984
2017-08-28,27.57177347665486,5.854035343509431,26.918165671912625
2017-08-29,27.517270393504838,5.860738213977749,26.86495462173828
2017-08-30,27.62708830846265,5.888506391635575,26.972169227685967
2017-08-31,27.757850796325606,5.923931646087655,27.099831901069905
2017-09-01,27.926720641811915,5.932308085435223,27.264698571022773
2017-09-05,27.74098984707175,5.889702248765627,27.083370652184886
2017-09-06,27.86892142795707,5.909809692242914,27.20826952718313
2017-09-07,27.814892656593564,5.9090886954604604,27.155521544909014
2017-09-08,27.791527659659504,5.902145516243294,27.132710431255866
2017-09-11,28.055046890548002,5.965097800319546,27.389982757999636
2017-09-12,28.239617376104228,5.985206145004423,27.570177873578785
2017-09-13,28.287976289022563,5.988079043954026,27.617390405291772
2017-09-14,28.238268901000133,5.986162858659961,27.568861365002103
2017-09-15,28.310338626732676,5.9941723445648485,27.6392226284457
2017-09-18,28.33491006469724,6.006921949141738,27.66321158361709
2017-09-19,28.297447184501888,6.012934878012829,27.626636786696633
2017-09-20,28.323331916506774,6.015099534568913,27.651907903372187
2017-09-21,28.262804554775684,5.9989850829158025,27.59281538427323
2017-09-22,28.355782300747823,6.000190878917468,27.68358902899354
2017-09-25,28.425543542660687,5.987920488570081,27.751696532810044
2017-09-26,28.45932654127976,5.991531204624688,27.784678682271423
2017-09-27,28.627243046033307,6.014862227135497,27.9486146110876
2017-09-28,28.59035374070408,6.02208006180806,27.912599792047594
2017-09-29,28.682065107659458,6.043247673225315,27.99810309722669
2017-10-02,28.810830501867656,6.06946932487944,28.123797909258663
2017-10-03,28.852071922591147,6.0824579892346815,28.16405587342403
2017-10-04,28.899952591831806,6.089671784409913,28.21079476439062
2017-10-05,28.931931827037847,6.125753089732542,28.242011412177618
2017-10-06,28.838498421295643,6.118775856963336,28.15080605032951
2017-10-09,28.65970843362942,6.10867375802349,27.976279547839464
2017-10-10,28.695366657724076,6.124788439397156,28.01108745412932
2017-10-11,28.62273593330239,6.134410482035449,27.94018870598298
2017-10-12,28.5785195040357,6.125270210417216,27.89702667631206
2017-10-13,28.602886448609294,6.132724664263294,27.920812558666594
2017-10-16,28.62573573346236,6.140905718965421,27.94311697191622
2017-10-17,28.624149775580012,6.145235057497291,27.941568833310058
2017-10-18,28.661888673922924,6.1512512426185815,27.97840779740189
2017-10-19,28.751350775646852,6.15293668545906,28.065736556260738
2017-10-20,29.030461101013795,6.184685838756029,28.33819112450024
2017-10-23,28.836228758979935,6.160633595529107,28.148590511132024
2017-10-24,28.84460318773291,6.171457828756451,28.156765240487307
2017-10-25,28.631667570393866,6.140909112504107,27.94890735630246
2017-10-26,28.73860332370335,6.148849307986575,28.05329308427221
2017-10-27,28.664637607297742,6.199122299928673,27.981091178802313
2017-10-30,28.55337512428343,6.176030569361439,27.87248189775523
2017-10-31,28.465156261784777,6.185652824988503,27.786366731427908
2017-11-01,28.396039292905034,6.193830258023138,27.71889794864679
2017-11-02,28.285446185920403,6.196233464163251,27.6109420814672
2017-11-03,28.287884915700445,6.216922687700092,27.613322656490375
2017-11-06,28.505354252680736,6.226546484020652,27.825606147738487
2017-11-07,28.345088432693824,6.222219034214257,27.66916207949889
2017-11-08,28.34955081365351,6.232803028791455,27.673518049046386
2017-11-09,28.368315482589633,6.210190419403,27.691835249481127
2017-11-10,28.427596227607307,6.208265260372985,27.74970236624747
2017-11-13,28.473321902473707,6.2140389470651325,27.79433765154839
2017-11-14,28.449821040277968,6.199603734591101,27.77139719868491
2017-11-15,28.334984347611684,6.168574717899472,27.65929893977129
2017-11-16,28.624911061096444,6.221013771576336,27.942311964960282
2017-11-17,28.831458370098094,6.202730212101673,28.143933878521143
2017-11-20,28.860720753495215,6.213312069843519,28.172498461445954
2017-11-21,28.92189549404386,6.253965770716505,28.232214408899463
2017-11-22,28.983528538306285,6.248431011009421,28.292377731204823
2017-11-24,28.9694630267818,6.262864886644853,28.278647630519966
2017-11-27,28.935448327358465,6.2597397170664175,28.24544405686858
2017-11-28,29.353253581371092,6.323244776496057,28.653286188615397
2017-11-29,29.705127960032954,6.319393920427171,28.99676965447006
2017-11-30,29.88552106322523,6.3747202142005115,29.172861044063104
2017-12-01,29.82150115308067,6.361492669756045,29.110367773868813
2017-12-04,30.093732053025718,6.35379526362564,29.376106965740224
2017-12-05,29.768392621589616,6.330940662062379,29.058525685984012
2017-12-06,29.607790942394075,6.33214354078817,28.901753767545554
2017-12-07,29.74937249479141,6.3521087893722745,29.039959119419883
2017-12-08,29.97321719772379,6.386746838600721,29.258465947535097
2017-12-11,30.01470362609396,6.405990106825424,29.29896307681374
2017-12-12,29.976018607248538,6.417296679363971,29.261200553721817
2017-12-13,29.937786591863038,6.416577942135882,29.2238802316195
2017-12-14,29.736289443789957,6.390359804664315,29.0271880511795
2017-12-15,30.07288888985631,6.443310326005763,29.3557608355331
2017-12-18,30.398654261568975,6.484167356782965,29.673757898453147
2017-12-19,30.35857840685248,6.459268154132919,29.63463770582234
2017-12-20,30.392172524594464,6.455883497620153,29.667430727122202
2017-12-21,30.52166034087692,6.4691826176252505,29.793830734112753
2017-12-22,30.57758523719017,6.467487691779433,29.848422026852752
2017-12-26,30.670993444134762,6.459752576500065,29.939602790802123
2017-12-27,30.613359837802665,6.4628984760048205,29.883343534507485
2017-12-28,30.68191213910381,6.476192658169962,29.950261114959854
2017-12-29,30.46403778612573,6.451770935656003,29.73227852705646
2018-01-02,30.831692508519637,6.497946260242494,30.09110202526593
2018-01-03,31.001341586168927,6.539045770338527,30.25667605927743
2018-01-04,31.116712553278933,6.566607848260505,30.369275766254304
2018-01-05,31.251216421318162,6.610367722961313,30.500548793670582
2018-01-08,31.345627497115437,6.62245808552661,30.592692074917515
2018-01-09,31.24496275334452,6.637444708174156,30.494445341484983
2018-01-10,31.190687676515807,6.627289417770649,30.441473975289924
2018-01-11,31.60308699506146,6.675642121362704,30.843967285252678
2018-01-12,31.830383371943427,6.7191606323518664,31.06580390563407
2018-01-16,31.464151238766675,6.696194541310487,30.708368825438356
2018-01-17,31.654360470611266,6.7600226676782595,30.894009149919487
2018-01-18,31.606763784401014,6.748659069573892,30.847555756534643
2018-01-19,31.844348285853084,6.779365468340454,31.079433376319592
2018-01-22,32.059859892683406,6.8344884889635305,31.289768301882553
2018-01-23,32.14873065917418,6.848991273537111,31.37650435442974
2018-01-24,32.20994148400641,6.846333864922978,31.436244868985295
2018-01-25,32.12626050174508,6.849236710481705,31.354573939823553
2018-01-26,32.4207047665029,6.928537173115663,31.64194552700231
2018-01-29,32.172034016754786,6.882600971657905,31.39924795536232
2018-01-30,31.740793287905117,6.81200613349161,30.97836581385549
2018-01-31,31.65749971468535,6.815391700539955,30.897072988003902
2018-02-01,31.604457728990045,6.807656230959842,30.845305093564154
2018-02-02,30.88468357375054,6.659453554811846,30.142820222372723
2018-02-05,29.74870645021502,6.3809352287889505,29.034129756767225
2018-02-06,30.18355019130403,6.506652414666551,29.45852836461342
2018-02-07,30.089555516748334,6.471353825316984,29.366791482471598
2018-02-08,29.110647850969002,6.228619814683169,28.411397598851977
2018-02-09,29.430209781165342,6.3221861415393406,28.723283514368017
2018-02-12,29.873265743866096,6.415027445027846,29.155697082739167
2018-02-13,30.04624946776084,6.43098161828363,29.324525663362454
2018-02-14,30.627628389433177,6.517774146203985,29.891939613879348
2018-02-15,30.95047250248241,6.600940944309548,30.207028872807847
2018-02-16,30.87878775484904,6.602875020006231,30.13706602357099
2018-02-20,30.692960145365635,6.561534419505973,29.9557020730019
2018-02-21,30.534054826674357,6.52889734730335,29.80061372824833
2018-02-22,30.4958293367053,6.537358798265455,29.76330643095009
2018-02-23,30.94728039288968,6.641557760151008,30.203913439057207
2018-02-26,31.149177656562383,6.718679528861881,30.400961043826833
2018-02-27,30.76373476718486,6.6347833775849825,30.024776658037197
2018-02-28,30.392533852208565,6.5675730219700466,29.66249214831274
2018-03-01,30.03587885770205,6.4720739426575795,29.31440415980708
2018-03-02,30.348714911573087,6.5054374838319795,29.619725757433084
2018-03-05,30.734249532289432,6.580627330270109,29.995999671135404
2018-03-06,30.892582631742844,6.597309220552344,30.150529541602726
2018-03-07,30.824182775407632,6.594894605377622,30.083772679165563
2018-03-08,30.84336796717753,6.626807300373044,30.102497034397178
2018-03-09,31.27375441572862,6.742127001014135,30.522545415784755
2018-03-12,31.227463889447474,6.733665631627862,30.47736680780712
2018-03-13,31.06380850153077,6.690145950650652,30.3176424925291
2018-03-14,30.813067662212365,6.655812121631913,30.07292455575846
2018-03-15,30.7006399109,6.648557286419334,29.9631973672729
2018-03-16,30.868684410008445,6.655731079731381,30.12720536540858
2018-03-19,30.524745457011903,6.565679038222615,29.791527973639624
2018-03-20,30.489585786704783,6.576847258266631,29.75721285369953
2018-03-21,30.575241582550582,6.564226288378017,29.840811160576088
2018-03-22,29.88424435386466,6.400140323847432,29.166411981814875
2018-03-23,29.374726143146546,6.263721332844624,28.66913261714125
2018-03-26,30.04322562394866,6.43509048478992,29.321574453576112
2018-03-27,29.684674300280115,6.325616725462674,28.97163568654854
2018-03-28,29.613152355372147,6.306924528038931,28.901831729445746
2018-03-29,30.002280048866087,6.387514409658213,29.277649029503603
2018-04-02,29.326316552192335,6.24963991112574,28.618011762598023
2018-04-03,29.719646013390665,6.329741545866639,29.001841321523937
2018-04-04,30.105567056477813,6.3974634506658665,29.37844139439182
2018-04-05,30.36180493563604,6.447952232218522,29.62849048005599
2018-04-06,29.72362245977141,6.304253168771299,29.00572172665748
2018-04-09,29.709001868900877,6.335320528387005,28.991454260071162
2018-04-10,30.168727604401628,6.436052124788358,29.440076455180968
2018-04-11,30.101634831229656,6.402314339550218,29.37460414233855
2018-04-12,30.230612636488853,6.454986179621697,29.50046680707015
2018-04-13,30.110127535834735,6.4360537051568665,29.382891726626617
2018-04-16,30.42629403061448,6.488970938720666,29.691422000124913
2018-04-17,30.595799740313346,6.5583899498231,29.856833717800292
2018-04-18,30.70090102894249,6.563243158385969,29.95939654422617
2018-04-19,30.466995809813632,6.526830285343244,29.731140728312514
2018-04-20,30.22404401609236,6.4714892913538185,29.494056835485893
2018-04-23,30.396318090426846,6.470518567960116,29.662170054782305
2018-04-24,30.161686020574482,6.383380094405397,29.433204943430283
2018-04-25,30.258957123240638,6.399159809998768,29.528126702707723
2018-04-26,30.498566482589865,6.464213668627215,29.761948889414356
2018-04-27,30.61068650621135,6.470283565262056,29.871360930613328
2018-04-30,30.32608639171316,6.420520614361625,29.593634629396767
2018-05-01,30.33055754719989,6.431929879493345,29.597997795158964
2018-05-02,30.09114451958937,6.388726606492789,29.364367198282483
2018-05-03,29.92131373817224,6.374645853052079,29.19863826019384
2018-05-04,30.31771281599962,6.45717201826569,29.58546329673593
2018-05-07,30.348656296065975,6.479016631203482,29.615659413419696
2018-05-08,30.335571854630977,6.479016631203482,29.602890994370963
2018-05-09,30.587257887862393,6.541642805960694,29.848498172711274
2018-05-10,30.87456670658874,6.602813707839234,30.12886775609128
2018-05-11,30.864578250599145,6.622958892461851,30.11912054660141
2018-05-14,30.933470496878655,6.626111420894662,30.18634887072013
2018-05-15,30.911951570262367,6.5804773915389605,30.165349680660675
2018-05-16,31.21543282738116,6.608148298970382,30.46150109710252
2018-05-17,31.275182269406546,6.602564413657752,30.519807438836494
2018-05-18,31.149267772392946,6.5860580026236075,30.39693409570103
2018-05-21,31.408100465434902,6.6355785727453345,30.649515323924398
2018-05-22,31.24995145299281,6.617131664313103,30.495186010515507
2018-05-23,31.27489084703213,6.635335393521628,30.519523055050215
2018-05-24,31.310144218213193,6.621739591300303,30.55392496806698
2018-05-25,31.27196304784288,6.605959985854234,30.516665969623624
2018-05-29,30.92866607785274,6.529984840056925,30.18166049057695
2018-05-30,31.376916694312644,6.617127487747484,30.61908471982209
2018-05-31,31.052243425663484,6.576590964757544,30.30225313257971
2018-06-01,31.315427479951506,6.641159934849534,30.559080625658794
2018-06-04,31.42548724524983,6.672712085700003,30.666482168989017
2018-06-05,31.609211110783715,6.677569820098394,30.845768638040152
2018-06-06,31.885842964365036,6.733400981364237,31.115719132014064
2018-06-07,31.9726232107633,6.73267377405825,31.200403415761983
2018-06-08,32.19004780365326,6.752575557734366,31.412576654284052
2018-06-11,32.30997002240994,6.761556483226153,31.529602447853044
2018-06-12,32.418875806937336,6.770292414202482,31.635877881969478
2018-06-13,32.23603709431666,6.748688411108761,31.45745518714776
2018-06-14,32.2852144929749,6.765681608527933,31.505444827126947
2018-06-15,32.28743786210465,6.757075661521885,31.507614496263365
2018-06-18,32.34066918914545,6.743176356886134,31.55956015199143
2018-06-19,32.22644454394897,6.7173297619101895,31.448094321156734
2018-06-20,32.391439190927684,6.728789526484008,31.609103929697188
2018-06-21,32.193230550278805,6.68660674494248,31.41568252952092
2018-06-22,32.28753840652747,6.69879642903851,31.507712612283807
2018-06-25,31.923081739547563,6.607605713250009,31.152058496499276
2018-06-26,31.9888950751857,6.622234952299144,31.216282273463403
2018-06-27,31.772603562677414,6.5673763579542985,31.005214748563166
2018-06-28,31.88797585309156,6.60492861596908,31.11780050607806
2018-06-29,31.811827075460016,6.614439713176076,31.037135106687064
2018-07-02,31.80672792305827,6.628581385282847,31.03216013050459
2018-07-03,31.819671055176315,6.605175864411414,31.044788067255848
2018-07-05,32.03366228383464,6.659060889113283,31.253568111852466
2018-07-06,32.282756902550496,6.715383226113404,31.496596697324573
2018-07-09,32.593472242260546,6.775848536681329,31.79974539593362
2018-07-10,32.66909169718922,6.800228039716308,31.873523341279146
2018-07-11,32.36923425403299,6.750491171833823,31.580968124192456
2018-07-12,32.4812171154974,6.811691124797669,31.69022394256027
2018-07-13,32.512858261641135,6.817051925712885,31.72109455321284
2018-07-16,32.39564045652678,6.8109574812912985,31.606731274246986
2018-07-17,32.493089254669265,6.838507804303123,31.701806967534225
2018-07-18,32.57813691025677,6.852896024723377,31.78478351492699
2018-07-19,32.62809326851469,6.827053753814146,31.833523319686094
2018-07-20,32.48669623585775,6.819250431373536,31.695569633597966
2018-07-23,32.50904378899496,6.83192741792546,31.71737297184627
2018-07-24,32.39959472978417,6.86630567669246,31.61058925175477
2018-07-25,32.61547922426713,6.92482719997491,31.821216456750356
2018-07-26,32.84183080522174,6.908491532610169,32.04205585032044
2018-07-27,32.62045288460316,6.861679593985203,31.82606899689078
2018-07-30,32.49239290894124,6.8258341797862245,31.701127579444023
2018-07-31,32.743101004286196,6.859478716458391,31.945730349637152
2018-08-01,32.411058727087195,6.848016527523189,31.621774074063552
2018-08-02,32.59083833773227,6.885324521565135,31.79717563310581
2018-08-03,32.74595763016835,6.914828137140042,31.9485174100359
2018-08-06,32.84639207207478,6.940184811918935,32.0465060397182
2018-08-07,32.874303677510554,6.963101302167891,32.07373793265222
2018-08-08,32.81740295190865,6.960176799620981,32.01822287204333
2018-08-09,32.842016049365824,6.950669198112698,32.042236583338834
2018-08-10,32.53570040270921,6.904099714485343,31.743380435025735
2018-08-13,32.33392839112094,6.878257669254024,31.546522041147302
2018-08-14,32.6554409922605,6.922147831441534,31.86020506276063
2018-08-15,32.35239862318066,6.87046015358416,31.564542480103217
2018-08-16,32.612618193639705,6.92604904668681,31.818425098872133
2018-08-17,32.81598333150473,6.950428739331147,32.016837822697596
2018-08-20,33.01867745981676,6.965302656833316,32.214595877613114
2018-08-21,33.215693010270066,6.98163629156359,32.40681364124656
2018-08-22,33.12778129409428,6.977489199606401,32.32104277980133
2018-08-23,33.00846936114227,6.968223093949324,32.204636369880625
2018-08-24,33.13864849237102,7.010157860528712,32.33164533652798
2018-08-27,33.327634396852446,7.065503056837586,32.51602899474216
2018-08-28,33.30158896570646,7.068915694814039,32.490617830414074
2018-08-29,33.450560091620304,7.106953530167834,32.635961162974546
2018-08-30,33.20509992912343,7.078184582277714,32.396478526260395
2018-08-31,33.218596952467884,7.078425240553512,32.40964686569859
2018-09-04,33.16139244328325,7.06623619228928,32.353835419343675
2018-09-05,33.214411369375235,7.047220950695829,32.405563211288
2018-09-06,33.095368234702626,7.026008815634235,32.28941905378354
2018-09-07,32.994678631457944,7.012357280505458,32.19118147653494
2018-09-10,33.14377111971605,7.024551769816256,32.33664321598433
2018-09-11,33.185644060380085,7.047711717001341,32.37749645316623
2018-09-12,33.27432078650876,7.0494172632368555,32.464013694792946
2018-09-13,33.402352316802244,7.091107516931638,32.58892735958207
2018-09-14,33.477789180733836,7.092327187424551,32.66252716044596
2018-09-17,33.37251751807227,7.0547804072943245,32.559819107583024
2018-09-18,33.54610418251254,7.093059645784303,32.729178533062544
2018-09-19,33.61123919590411,7.1006208473667085,32.79272735740429
2018-09-20,33.84053640943676,7.158164278713768,33.016440650548965
2018-09-21,33.889420151954134,7.15164319105586,33.06413396025523
2018-09-24,33.62876461677374,7.127885432375172,32.809825993519816
2018-09-25,33.51420194921096,7.121270754693928,32.69805319333154
2018-09-26,33.39897460728873,7.099963912595884,32.5856319051502
2018-09-27,33.39615782446461,7.119801211767677,32.58288371753837
2018-09-28,33.46148970492195,7.120534551292489,32.64080628157366
2018-10-01,33.40276568925489,7.145271288323679,32.58352254327132
2018-10-02,33.28470211258043,7.141105595162586,32.468354618318564
2018-10-03,33.35409153494022,7.14502606213433,32.5360421813413
2018-10-04,33.10430790254394,7.089180538432688,32.292384794020776
2018-10-05,32.8993562186993,7.04950239495908,32.09245979760105
2018-10-08,32.98514186591008,7.04950239495908,32.17614144826988
2018-10-09,32.77860485669453,7.039217170964835,31.974670008497494
2018-10-10,31.825883325578374,6.816334437680576,31.04531512287587
2018-10-11,31.18216466725301,6.666191039021785,30.417384441620456
2018-10-12,31.427788239619925,6.758771100171719,30.656983799405094
2018-10-15,31.50682240778565,6.720807082902055,30.734079559201547
2018-10-16,32.119610883225846,6.867764250576791,31.33183865764009
2018-10-17,32.00418962123216,6.868986712613394,31.21924824141134
2018-10-18,31.55685944501972,6.769791675496544,30.782889377702293
2018-10-19,31.451483863289745,6.76611567861675,30.680098259303588
2018-10-22,31.240078300997403,6.735742585335439,30.47387767359494
2018-10-23,31.024621839218295,6.701450919833497,30.26370554159897
2018-10-24,30.169279469972306,6.498403658413462,29.42934147636507
2018-10-25,30.568722789612316,6.614991518449058,29.818987966459066
2018-10-26,30.091931073640595,6.498653662614094,29.353890142813643
2018-10-29,30.092437495092955,6.462651121323212,29.354384143668653
2018-10-30,30.931131693477017,6.5584211482901,30.17250835452549
2018-10-31,31.089927622293942,6.6284716445749865,30.327409621519983
2018-11-01,31.65922692878952,6.699011839816554,30.882746175374095
2018-11-02,31.577749077728463,6.65933359268932,30.803266666954872
2018-11-05,31.791533772057996,6.696073136120187,31.011808033615807
2018-11-06,32.0197498920238,6.738445886925555,31.234426877780443
2018-11-07,32.404553907762995,6.882709274918744,31.609793110571555
2018-11-08,32.419522035090054,6.870217157584766,31.624394126509216
2018-11-09,32.13057543858666,6.803108876389478,31.342534294046363
2018-11-12,31.657952291987176,6.675992787034141,30.881502800577845
2018-11-13,31.659468729789328,6.6635020045296,30.882982045912534
2018-11-14,31.468195118159002,6.617943641324631,30.696399650476504
2018-11-15,31.701896092959462,6.6870151191091365,30.92436882679069
2018-11-16,31.75176162315834,6.70440804543394,30.97301134467327
2018-11-19,31.31074902902677,6.591002983345425,30.542815116719165
2018-11-20,30.7051973213893,6.469029882135635,29.952115295618174
2018-11-21,30.989641464137325,6.491076335973953,30.229583102438514
2018-11-23,30.937917350315917,6.447722437125983,30.17912758494005
2018-11-26,31.427472173077213,6.551814468150945,30.656675484775832
2018-11-27,31.37250372717431,6.573854772021805,30.603055206356114
2018-11-28,31.939699161220624,6.7252177781476075,31.156339487772186
2018-11-29,31.818882702554536,6.710523177302355,31.0384861985815
2018-11-30,31.914455873287142,6.751423816068013,31.131715321944178
2018-12-03,32.24167075593927,6.84081941881657,31.450904864647775
2018-12-04,31.223637761072546,6.619163188008075,30.457840357755646
2018-12-06,31.06122656565289,6.609121917451867,30.299412492935506
2018-12-07,30.43138397317323,6.455552360577956,29.68501755026238
2018-12-10,30.26952275465433,6.467798543405973,29.527126173495674
2018-12-11,30.199067981397583,6.469266733675326,29.458399388592632
2018-12-12,30.370822580976842,6.50183949167938,29.62594149930778
2018-12-13,30.052905528707793,6.499635368091701,29.315821746474537
2018-12-14,29.646440897482254,6.379619601019888,28.91932615093644
2018-12-17,29.00067765424261,6.25446422368708,28.289401030679628
2018-12-18,28.940524835490695,6.2476093308979195,28.23072353241263
2018-12-19,28.475412947015418,6.154045133558392,27.777019074396666
2018-12-20,27.990404892161,6.053869586874328,27.30390642749686
2018-12-21,27.459651979517666,5.930558317259285,26.786170870659905
2018-12-24,26.787769300260702,5.7738551748423435,26.130766925080465
2018-12-26,27.96551284907206,6.065579207551252,27.279624891809608
2018-12-27,28.165058113515222,6.1121446591276225,27.474276067789287
2018-12-28,28.08247571464924,6.104259992517348,27.393719101933222
2018-12-31,28.28457533800737,6.157727205791807,27.584475998246422
2019-01-02,28.467090412551876,6.16413124208583,27.762473462692206
2019-01-03,27.925574514628337,6.017036578255936,27.234361157294824
2019-01-04,28.94659870325192,6.218583235481196,28.230112972131888
2019-01-07,29.353818353006226,6.267616764292965,28.627253127867874
2019-01-08,29.70442794474105,6.326501023793498,28.969184436801765
2019-01-09,29.94998458826367,6.3560647630776845,29.20866306635564
2019-01-10,30.10695285879151,6.378488959561823,29.361746060854163
2019-01-11,30.18249803590874,6.380951056300214,29.435421345000073
2019-01-14,30.054685947475996,6.342020873905726,29.310772859260865
2019-01-15,30.21048943899543,6.41470677514156,29.462719905341686
2019-01-16,30.276670090235555,6.430230365537403,29.52726245419971
2019-01-17,30.59966863488489,6.479016523320735,29.842266144227725
2019-01-18,31.093655982649814,6.565252233246134,30.32402632535192
2019-01-22,30.58421564529815,6.476549110322745,29.827195646783007
2019-01-23,30.518635659641713,6.4900980510615405,29.7632388958441
2019-01-24,30.790855540801186,6.4935442931266545,30.028720795018984
2019-01-25,31.181617229255668,6.5484861713908,30.409810356640353
2019-01-28,31.084449016263424,6.498717676488229,30.315047249644863
2019-01-29,31.115774716002388,6.490093878131529,30.34559757618331
2019-01-30,31.381594780039226,6.592838554316229,30.60483806640284
2019-01-31,31.53166560469243,6.650736862500234,30.751194340492653
2019-02-01,31.62378344869104,6.65394251766796,30.84103208514409
2019-02-04,31.780734325208986,6.700753003279753,30.994098116168956
2019-02-05,31.953566345701212,6.728842559869502,31.162652201355826
2019-02-06,31.907911828824332,6.719973945375594,31.11812772432363
2019-02-07,31.63079326933792,6.655912433754328,30.847868398826552
2019-02-08,31.72207082289287,6.6640459587483765,30.93688665188945
2019-02-11,31.841697303571568,6.667744504255483,31.053552139901985
2019-02-12,32.369635239674956,6.753485030835703,31.56842256496502
2019-02-13,32.51542158448075,6.775413596730827,31.710600408581577
2019-02-14,32.468536631130505,6.760385729373278,31.664875950819216
2019-02-15,32.73562873298117,6.834053652666258,31.92535699339372
2019-02-19,32.84195407197578,6.845883399539023,32.02905056936062
2019-02-20,32.97251134562713,6.859677854589095,32.156376291539345
2019-02-21,32.852401315636776,6.8352848401381765,32.039239223019706
2019-02-22,33.03906913931575,6.877663606147033,32.22128664782228
2019-02-25,33.03620840345899,6.887024106314999,32.21849672085195
2019-02-26,32.924528709315986,6.8820998840789835,32.10958132064655
2019-02-27,32.96414998907642,6.879140581128829,32.148221895147344
2019-02-28,32.84856217739299,6.866324742226187,32.03549511106207
2019-03-01,33.12513930995991,6.909198073916647,32.305226411029814
2019-03-04,32.94885735336271,6.884069320521812,32.13330778249928
2019-03-05,32.81344156973746,6.8747069862459025,32.00124380810484
2019-03-06,32.47311246877992,6.8330668860302115,31.669338527411032
2019-03-07,32.185497737195064,6.775908281528569,31.38884283089322
2019-03-08,32.06336194280684,6.762356464965512,31.269730139662478
2019-03-11,32.444449532526626,6.860417396063977,31.641385055680594
2019-03-12,32.53189156748515,6.886288030064534,31.726662726839766
2019-03-13,32.681840329072564,6.931868370535531,31.87289995916673
2019-03-14,32.594554567157004,6.927431974778388,31.787774692982772
2019-03-15,32.66672886937017,6.961508012662322,31.858162538064327
2019-03-18,32.868047386988636,6.986750440716235,32.05449802307293
2019-03-19,32.76807754175432,6.988483154825532,31.957002629790164
2019-03-20,32.42730338933773,6.967447820529508,31.624663313543586
2019-03-21,32.83689184459263,7.04614514366239,32.02411364214568
2019-03-22,32.02383169717558,6.910535034227463,31.231178346015582
2019-03-25,32.06737627992389,6.905338311881724,31.273645113973757
2019-03-26,32.385043720533986,6.956810703658491,31.583449655361335
2019-03-27,32.3333434208651,6.920433540489061,31.53302904065254
2019-03-28,32.54785406287294,6.946661983607514,31.742230118806415
2019-03-29,32.74100749735633,6.9904676340761425,31.925921311788077
2019-04-01,33.238600600603284,7.073367589748652,32.411126852907564
2019-04-02,33.19260471089289,7.076833539867629,32.36627602919119
2019-04-03,33.3427256089379,7.087972475859381,32.51265967296355
2019-04-04,33.58639594712897,7.106776866837836,32.750263846987
2019-04-05,33.85020020912744,7.141173666873331,33.00750071152014
2019-04-08,33.88606969789527,7.146615241207488,33.042477230675516
2019-04-09,33.529403121495676,7.1099888380962994,32.694689855665786
2019-04-10,33.789574661311036,7.134241010023047,32.9483844345019
2019-04-11,33.8544545638732,7.13225769102226,33.01164915425991
2019-04-12,34.18168042565263,7.180514546559717,33.33072874016446
2019-04-15,34.06729212144904,7.175811309531721,33.2191881286152
2019-04-16,34.15192569502423,7.180511465939465,33.30171475246804
2019-04-17,34.00786335454762,7.162940754382311,33.161238838694786
2019-04-18,34.067351245221396,7.177044584727691,33.21924578050339
2019-04-22,33.89127861762695,7.183231197159725,33.04755647454074
2019-04-23,34.22433705918916,7.2478228120845865,33.372323438367374
2019-04-24,34.24927398874967,7.231739893264571,33.39663956397746
2019-04-25,33.95011471590545,7.22728514149032,33.10492785030197
2019-04-26,34.18954410943953,7.26094260839424,33.33839665783071
2019-04-29,34.23363840942088,7.272327766404202,33.38139323182487
2019-04-30,34.231905803506294,7.276036653565068,33.379703759071276
2019-05-01,33.8268705215825,7.221349962076873,32.98475181569437
2019-05-02,33.77513241145348,7.205759067508749,32.934301723926936
2019-05-03,34.071015825805965,7.276289037261524,33.22281913148822
2019-05-06,33.8471515557342,7.246347107873193,33.004527954241766
2019-05-07,33.294540054927836,7.12533311117171,32.46567369656028
2019-05-08,33.201361319243844,7.115436023480293,32.37481464209715
2019-05-09,33.14431966457836,7.093904714073242,32.31919303734078
2019-05-10,33.22594890577114,7.129537397452031,32.39879012155607
2019-05-13,32.238766397026666,6.950372122654062,31.436183485303534
2019-05-14,32.59716197883448,7.013231288131346,31.785656822194944
2019-05-15,32.666536855142965,7.054307783785931,31.85330461349214
2019-05-16,32.82125357284037,7.119637728171572,32.00416966415452
2019-05-17,32.596062088118025,7.073609270258943,31.784584313217696
2019-05-20,32.42741294202548,7.026838565763991,31.620133681456114
2019-05-21,32.850641596779816,7.090192542272918,32.032826074311544
2019-05-22,32.59498591794735,7.068418560975598,31.783534934264114
2019-05-23,32.137077015107664,6.982049554579037,31.337025656832527
2019-05-24,32.18830229970493,6.997884842968822,31.386975689841076
2019-05-28,31.851265387033095,6.932797516044369,31.058329298797744
2019-05-29,31.578309975357403,6.886271511914195,30.79216910212424
2019-05-30,31.59375372404469,6.905077919413233,30.80722837925216
2019-05-31,31.167585290103496,6.812031994449139,30.391669392905335
2019-06-03,31.43841010948669,6.794708997087255,30.65575203830363
2019-06-04,32.30119823098956,6.9422017452870275,31.497061081040634
2019-06-05,32.49158029836743,7.002335096804703,31.6827035938061
2019-06-06,32.59972383056926,7.047871281939224,31.788154896724397
2019-06-07,32.80662040585268,7.11839932985759,31.989900789324366
2019-06-10,32.89691999070434,7.1510656643823065,32.077952369309926
2019-06-11,32.924653643786556,7.1493351064915265,32.10499559411187
2019-06-12,32.82801182021693,7.136716530028568,32.0107596652095
2019-06-13,33.151644718108166,7.166162622431467,32.32633573393054
2019-06-14,33.01490926108268,7.158244012733681,32.19300430111251
2019-06-17,32.971348996080884,7.16096414545852,32.15052846731666
2019-06-18,33.36511014974946,7.235946601025615,32.53448695144932
2019-06-19,33.488258373860376,7.25227813250413,32.65456940501977
2019-06-20,33.8228244865426,7.321566397782075,32.980806506549015
2019-06-21,33.726564318057925,7.310964769638086,32.88694273144217
2019-06-24,33.511329302202036,7.302016148760049,32.677065983443164
2019-06-25,33.25833575886381,7.23039797437301,32.43037070512412
2019-06-26,33.24239054553678,7.223189267592559,32.41482244730039
2019-06-27,33.52533524009009,7.248802696735443,32.69072324401918
2019-06-28,33.91977397778007,7.286105035412844,33.070124505150886
2019-07-01,34.1464238426562,7.352255583029358,33.29109706397273
2019-07-02,34.00834948744484,7.371400856567567,33.156481305011624
2019-07-03,34.3427334569593,7.430335206415824,33.482489358945415
2019-07-05,34.37199024589701,7.4218794849509235,33.51101330056795
2019-07-08,34.15392473638636,7.381096257181118,33.29841006935182
2019-07-09,34.10709455289226,7.390300484213823,33.25275292553466
2019-07-10,34.05490179271071,7.4256113399273955,33.20186753111536
2019-07-11,34.12573753020619,7.443016972908184,33.27092891872731
2019-07-12,34.482303972428944,7.476339359895895,33.61856380115286
2019-07-15,34.406121130740715,7.4788289809027395,33.54428924786612
2019-07-16,34.41466435364851,7.4529671902867785,33.55261847333268
2019-07-17,34.012402922370754,7.403978836945023,33.16043320627611
2019-07-18,34.09298063119345,7.431084803467078,33.2389925405704
2019-07-19,34.007382889171055,7.389805127383818,33.15553891886006
2019-07-22,33.92682537452113,7.407954488776673,33.076999272898874
2019-07-23,34.27183585973387,7.460921363371426,33.413367661115196
2019-07-24,34.60245707451601,7.495987693779272,33.73570721278949
2019-07-25,34.335580140781246,7.460179360566088,33.47551522471953
2019-07-26,34.54811139783384,7.510162562281881,33.68272282983418
2019-07-29,34.401073095697235,7.496486556255966,33.53936766001876
2019-07-30,34.40847970649527,7.478082681760357,33.54658874413959
2019-07-31,34.07285494412059,7.396272457221899,33.21937097771186
2019-08-01,33.33108994582102,7.33186571666441,32.496186298963735
2019-08-02,32.99478220266656,7.276656767817927,32.168302659601935
2019-08-05,32.03002803210643,7.057825868839338,31.227714418707812
2019-08-06,32.36110763726505,7.156797760998071,31.550500878631855
2019-08-07,32.38647207934651,7.161027428474821,31.5752299719975
2019-08-08,32.97390891782956,7.301526786621497,32.14795222540261
2019-08-09,32.49620291034333,7.251788786151031,31.682212177878217
2019-08-12,31.98940010380913,7.1635127612572145,31.188104171067035
2019-08-13,32.429261495101684,7.274919711720287,31.616947564439386
2019-08-14,31.248937615880994,7.059814885684141,30.466189376374768
2019-08-15,31.08939235927594,7.078466916612119,30.310640536232427
2019-08-16,31.59258669826062,7.182909695966732,30.80123046325878
2019-08-19,31.98920910856941,7.2694493919837395,31.187917960027985
2019-08-20,31.681736544325368,7.213743601292968,30.888147213084636
2019-08-21,31.96893718508176,7.272427405489487,31.168153823800697
2019-08-22,32.00393245133781,7.270187497848596,31.202272500798255
2019-08-23,30.97174644182894,7.083438191591359,30.195941507281237
2019-08-26,31.208607735315628,7.161766851113976,30.42686971072936
2019-08-27,30.92843967378355,7.133664077990204,30.153719521600692
2019-08-28,31.25100813028014,7.183899340427411,30.468208026882714
2019-08-29,31.72753969342983,7.27565928670269,30.93280304848628
2019-08-30,31.80279257086721,7.272428893979394,31.006170932006246
2019-09-03,31.494698040502286,7.229907002236296,30.705793798444017
2019-09-04,31.924383149315016,7.311966446711678,31.12471581295256
2019-09-05,32.54260603728812,7.405961775384157,31.727452962398107
2019-09-06,32.61404403327456,7.4116791778747535,31.797101522651424
2019-09-09,33.07084816046501,7.415407252501224,32.24246325679953
2019-09-10,33.505075075483575,7.413664631796886,32.66581331074026
2019-09-11,33.82922703470892,7.466383200993594,32.98184565391544
2019-09-12,33.812326220607765,7.492246752401835,32.96536818484592
2019-09-13,33.8809558902852,7.48727190055824,33.03227876398093
2019-09-16,33.95640618582541,7.464143717657416,33.105839120518056
2019-09-17,33.78597400590668,7.483042929550525,32.93967606137475
2019-09-18,33.69832367235105,7.487517789222396,32.85422126307629
2019-09-19,33.49384981760063,7.487023613048308,32.65486923204343
2019-09-20,33.32831413836234,7.451804653972529,32.49348002213768
2019-09-23,33.38815004492387,7.450053479878846,32.55181711132837
2019-09-24,33.03902874585375,7.3915929102222355,32.21144088018919
2019-09-25,33.28739903949396,7.4353141822861994,32.4535897972027
2019-09-26,33.142804627125805,7.419826422844498,32.31261730066146
2019-09-27,33.11654733596273,7.379855817904634,32.28701772300798
2019-09-30,33.30199191040608,7.414083589188075,32.460594378586656
2019-10-01,32.7659821186221,7.325893064894683,31.938127239658122
2019-10-02,32.03111211770138,7.196481163903318,31.22182423036501
2019-10-03,32.263488131989426,7.255441934079177,31.44832910621179
2019-10-04,32.60213896667983,7.353622574331137,31.77842369666239
2019-10-07,32.41699470669559,7.3218916929228985,31.597957232643022
2019-10-08,31.70579244719617,7.208219324390271,30.904723983146912
2019-10-09,31.97884238939714,7.27666857509468,31.17087513238528
2019-10-10,32.23595208100875,7.325880684668046,31.42148877233396
2019-10-11,32.902072917296664,7.401828089726,32.070779611513764
2019-10-14,32.742695618102026,7.393582453234045,31.91542908845106
2019-10-15,33.077453878170225,7.4667789195210625,32.24172945283136
2019-10-16,33.04315449289922,7.454787272576311,32.208296664915466
2019-10-17,33.1531535690536,7.47677144024314,32.315516539410474
2019-10-18,33.02317963507772,7.444045611649196,32.18882648549626
2019-10-21,33.3426311969885,7.494508796850567,32.500206885884566
2019-10-22,33.523971284391216,7.4700242366112555,32.67696529233644
2019-10-23,33.60932513030797,7.491762007139794,32.760162615139556
2019-10-24,33.545955890295666,7.50400354625946,32.69839444218304
2019-10-25,33.737436097319694,7.534732440781392,32.88503677122019
2019-10-28,33.87964378616085,7.5772057275500755,33.0236514858417
2019-10-29,33.95318005551842,7.5749552974489935,33.09532981121495
2019-10-30,33.783926840991086,7.598187685346269,32.930352894554076
2019-10-31,33.60385615297257,7.577953711540192,32.754831815245424
2019-11-01,34.213526571996255,7.6481558747239,33.349098495442625
2019-11-04,34.45657455697056,7.6788861650285405,33.58600570735986
2019-11-05,34.6157619661189,7.670393316930019,33.74117113807773
2019-11-06,34.48496266596838,7.672142166606278,33.61367657142807
2019-11-07,34.71566984940391,7.699125090606232,33.838554780571634
2019-11-08,34.77300757364881,7.718111133079668,33.89444382811911
2019-11-11,34.724595545640824,7.703369540815486,33.84725496300741
2019-11-12,34.65569642366663,7.719608243807525,33.78009662432715
2019-11-13,34.47336811696957,7.722109396878519,33.60237496661512
2019-11-14,34.53888781576331,7.733352788160373,33.66623926554577
2019-11-15,34.8636106660615,7.789311328935502,33.98275777162631
2019-11-18,34.76114861256625,7.795059840696255,33.88288449177405
2019-11-19,34.62145938407959,7.792814863462135,33.746724606888996
2019-11-20,34.459798601794425,7.763833384984919,33.58914829449298
2019-11-21,34.38819856662216,7.751341377068478,33.51935728302822
2019-11-22,34.619932585192885,7.768580360291078,33.745236383617204
2019-11-25,34.95185398212013,7.828786858083333,34.068771560138046
2019-11-26,34.959554933010686,7.8465268891037505,34.07627794125363
2019-11-27,35.139728571193345,7.881506705975376,34.25189936962031
2019-11-29,34.92693153342679,7.852274197602913,34.04447879410371
2019-12-02,34.66890363002709,7.785569128294276,33.792970141613864
2019-12-03,34.25034398995009,7.733351316150807,33.38498569622875
2019-12-04,34.55109607637062,7.781066093771457,33.678139076124914
2019-12-05,34.66449916893984,7.795056450608058,33.788676962239066
2019-12-06,34.99311727061103,7.866256496227912,34.10899230351081
2019-12-09,34.906659756691944,7.841524985803771,34.024719197629935
2019-12-10,34.832420309266624,7.8327816854445995,33.952355460462286
2019-12-11,34.89811267787618,7.855018952649577,34.01638806658811
2019-12-12,35.42923689302003,7.922721361002464,34.53409306630142
2019-12-13,35.24278189338755,7.927467071097704,34.35234897936474
2019-12-16,35.49050485881871,7.981928769876144,34.593813055169974
2019-12-17,35.59061389639665,7.983676812276746,34.691392769656524
2019-12-18,35.71411348796617,7.984179783915919,34.81177205983964
2019-12-19,35.81053630325202,8.01690693685019,34.90575868695359
2019-12-20,36.0251567676922,8.051884701815668,35.1149566190256
2019-12-23,36.04891046912345,8.064187981640043,35.13811016699428
2019-12-24,36.05146191695671,8.064437971467473,35.14059715075839
2019-12-26,36.15178476311205,8.107364974789595,35.23838527180281
2019-12-27,36.0347386285019,8.105354348275847,35.12429638758882
2019-12-30,35.88385112190678,8.060669529753802,34.97722115672699
2019-12-31,36.0804925160258,8.080248896041574,35.160210048184865
2020-01-02,36.12619189478575,8.155815383717355,35.20474380158522
2020-01-03,35.91244789587593,8.094059549631847,34.996451636646796
2020-01-06,35.932346756670675,8.124938386813692,35.01584294969366
2020-01-07,35.96657542115581,8.102091060069972,35.049198565125785
2020-01-08,36.02564068634435,8.145275205420145,35.106757289681944
2020-01-09,36.14375580298723,8.200508316588099,35.22185971820852
2020-01-10,36.01157714693657,8.176907253652958,35.0930524601434
2020-01-13,36.23287875336047,8.23313984483633,35.308709465446455
2020-01-14,36.37803106329954,8.220584306572954,35.45015946655634
2020-01-15,36.40717302982783,8.239162827105808,35.47855812724249
2020-01-16,36.7851130178313,8.307696183501674,35.84685823727865
2020-01-17,36.78555707313367,8.333558041720915,35.847290966341205
2020-01-21,36.4925311573129,8.317240935075224,35.56173907856574
2020-01-22,36.413354572653645,8.31824732122837,35.48458200133684
2020-01-23,36.4958159680466,8.327788350905818,35.56494010569457
2020-01-24,36.05476133426792,8.253729329101212,35.135135175523644
2020-01-27,35.44600899567105,8.121430301685049,34.54190990059474
2020-01-28,35.75695275031135,8.206534769816406,34.844922608125486
2020-01-29,35.658616104389516,8.199756172096537,34.74909417328607
2020-01-30,35.731126522561475,8.22636438087499,34.81975511375063
2020-01-31,34.99470651023681,8.076990056447062,34.10211850428582
2020-02-03,35.17363304285346,8.136994015576407,34.276481270182146
2020-02-04,35.735835826698505,8.261009941367808,34.824344300624
2020-02-05,36.44835735213347,8.356408084170722,35.518691986898524
2020-02-06,36.350017308046425,8.384527397373956,35.42286024056875
2020-02-07,35.95124571492345,8.339837866345954,35.03425986408487
2020-02-10,36.02260955988733,8.402094756018228,35.103803476264204
2020-02-11,36.202636543083486,8.416655586230407,35.27923862423805
2020-02-12,36.50871122838823,8.470884098172489,35.57750645472752
2020-02-13,36.39631525249059,8.461845664839739,35.467977292414275
2020-02-14,36.35318931055521,8.475401541594813,35.42595133680124
2020-02-18,36.19366718700541,8.453560431822122,35.27049804389364
2020-02-19,36.36562090387824,8.493976904246663,35.43806584527911
2020-02-20,36.43535501690696,8.459083647124018,35.50602129407252
2020-02-21,36.053286674317526,8.371972003725935,35.13369812879867
2020-02-24,34.85632894889135,8.094315552222364,33.967270452511016
2020-02-25,33.567192514220565,7.849041602358922,32.71101521143691
2020-02-26,33.05210874649545,7.820172827345446,32.20906936195656
2020-02-27,31.848350560987814,7.468953225323707,31.036014680652766
2020-02-28,31.476832665964096,7.4375686838708965,30.673972859303156
2020-03-02,32.51538885152514,7.759667470863294,31.68603924434345
2020-03-03,31.629850431542778,7.537484912170065,30.823087696814316
2020-03-04,32.69520257682777,7.854308015483309,31.861266573858934
2020-03-05,31.391436656891763,7.593215108432613,30.59075499261447
2020-03-06,30.633664067726592,7.467691669475114,29.852310433079445
2020-03-09,27.855521141629627,6.884502288547455,27.14502785421603
2020-03-10,29.15927340971099,7.2407408594683424,28.415526131815124
2020-03-11,27.46279855756633,6.88776922405098,26.762322198515843
2020-03-12,24.594320155549887,6.228768128001454,23.967008273996015
2020-03-13,26.49440722142432,6.761240600191787,25.8186310121366
2020-03-16,23.33684540202229,6.021398608756401,22.741607139444383
2020-03-17,24.54203665148679,6.346505962440377,23.916058332442503
2020-03-18,22.793416891275534,6.025163326044133,22.212039518505133
2020-03-19,22.9938636704186,6.0379667981119765,22.40737362751215
2020-03-20,21.80271856551736,5.779276148613667,21.24661031288742
2020-03-23,20.99144991221459,5.631511616045912,20.456034179732832
2020-03-24,23.366387930801146,6.141743462994519,22.770396145491276
2020-03-25,24.028955231087266,6.233685362635547,23.41606375767178
2020-03-26,25.36681583007923,6.597670250959836,24.719800386401428
2020-03-27,24.3708611361934,6.401152044864746,23.74924888353742
2020-03-30,24.895886737685828,6.609035858673773,24.260882986673582
2020-03-31,24.45895161368922,6.510528179200241,23.82661262334126
2020-04-01,22.950142717391333,6.217521858495335,22.35681106918879
2020-04-02,23.139237311973137,6.360991175380114,22.54101698796359
2020-04-03,22.927038739998558,6.269049408931171,22.334304400542837
2020-04-06,25.0865728503979,6.690116381531442,24.43800792422858
2020-04-07,25.86130151560363,6.696933610124223,25.192707474953547
2020-04-08,27.269365450833984,6.921736277548873,26.564368634578
2020-04-09,28.1986340490476,7.027064338484334,27.469612786591426
2020-04-13,27.339496776175206,6.962907241073973,26.63268684984982
2020-04-14,27.720550180736485,7.168264264334967,27.0038888540357
2020-04-15,26.42148305090795,7.015952985246377,25.738406597763642
2020-04-16,25.977414416446713,7.0497979424472055,25.30581850083303
2020-04-17,27.542973370429603,7.240248233862417,26.830902949451676
2020-04-20,26.835052554947815,7.112689540478229,26.14128406042932
2020-04-21,26.20824636047375,6.896726947960688,25.530682730432574
2020-04-22,26.59075454977841,7.049799802570675,25.903301908709906
2020-04-23,27.138821015425396,7.04929221698489,26.437199173607638
2020-04-24,27.52381196876589,7.147552301197442,26.812236928848172
2020-04-27,28.541021756224133,7.2506057102761075,27.803148720377052
2020-04-28,29.398148737513832,7.217267425220258,28.63811633774513
2020-04-29,30.999934956213966,7.4062082691450986,30.19849146506722
2020-04-30,29.87346077792991,7.337249063951089,29.10114010266667
2020-05-01,28.38616422349986,7.143010069481112,27.652294730299946
2020-05-04,28.546486714761855,7.162710491252741,27.80847239295866
2020-05-05,28.404355515085637,7.228886773481426,27.67001572114935
2020-05-06,27.91794548781653,7.179882150043995,27.196180886406758
2020-05-07,28.459839694446224,7.266521787948577,27.724065464132178
2020-05-08,29.626349095616916,7.386753657451973,28.860417015996077
2020-05-11,28.926180102244384,7.388267941951751,28.178349540682643
2020-05-12,28.101637913160946,7.241004985332769,27.37512429860409
2020-05-13,26.90435581665089,7.1129405711621745,26.20879562005024
2020-05-14,27.34941281260161,7.198061130977273,26.64234652629148
2020-05-15,27.45572192873542,7.2311506179963745,26.745907225394905
2020-05-18,29.406526648547526,7.451411465820543,28.646277654057698
2020-05-19,28.780647292886627,7.3748780186551,28.03657920124532
2020-05-20,29.450956475650514,7.500162446436013,28.68955883372659
2020-05-21,29.51028666055184,7.448381324905819,28.74735515119931
2020-05-22,29.43160478732686,7.462525801041816,28.670707445957486
2020-05-26,30.919344613557374,7.554471581436453,30.119984630187737
2020-05-27,32.015733709458054,7.666874564096647,31.188028701948355
2020-05-28,31.139428074751066,7.652729180525888,30.334378258233965
2020-05-29,30.581700681848517,7.686829741754312,29.79106983071014
2020-06-01,31.287413480424895,7.717899907570484,30.478537786842917
2020-06-02,31.899621636772586,7.781804118805168,31.074918482816102
2020-06-03,33.29741686313041,7.8853643680182275,32.4365764112182
2020-06-04,33.81307046492851,7.8646495158234435,32.93889878430786
2020-06-05,35.645769497006036,8.066220482913998,34.724216919858875
2020-06-08,37.22057491437387,8.163724956111464,36.258308782396526
2020-06-09,35.67651208106275,8.102848059113741,34.754164713735264
2020-06-10,34.115136774611784,8.057634166943886,33.23315575251569
2020-06-11,31.11706177509448,7.593119614853738,30.312590196090028
2020-06-12,32.08213285671253,7.684054815361226,31.25271122739506
2020-06-15,32.41147607592315,7.755793151117439,31.57353991327641
2020-06-16,33.26350277560502,7.905076657690147,32.403539106974534
2020-06-17,32.53301763525628,7.872238969254102,31.69193925015754
2020-06-18,32.534579784332834,7.875269781257265,31.6934610128845
2020-06-19,32.04136942664156,7.830467371471692,31.213001657138765
2020-06-22,32.094427431217916,7.880699819659683,31.26468794940407
2020-06-23,32.2070996587081,7.916982561629397,31.374447253899994
2020-06-24,30.706823629485857,7.7150282534647925,29.912957966012577
2020-06-25,31.072747783615593,7.797741071370188,30.26942185733871
2020-06-26,30.239713202555404,7.612529125443004,29.457923777688393
2020-06-29,31.164594026176232,7.724418078528766,30.3588935925531
2020-06-30,31.56442432046562,7.8233678741147195,30.73904930341862
2020-07-01,31.252117638011615,7.8781705660728925,30.434909097588356
2020-07-02,31.51527436805725,7.921555651380255,30.691184568266106
2020-07-06,31.92753333618995,8.043840705970611,31.092663417319304
2020-07-07,31.198716668939543,7.96087653292923,30.382904505187394
2020-07-08,31.279417311421486,8.021769277529605,30.461494914531926
2020-07-09,30.480779783929968,7.97610134503263,29.683740880944022
2020-07-10,31.225883642178097,8.057545315866758,30.40936109192333
2020-07-13,31.188080080087033,7.9877750309766675,30.372546051447262
2020-07-14,31.725850665061856,8.091288607603094,30.89625452645821
2020-07-15,32.92694009275208,8.165623276041144,32.06593678521704
2020-07-16,32.937818868329735,8.13873387859314,32.07653109276558
2020-07-17,32.84405962452325,8.16232806810718,31.98522355017396
2020-07-20,32.496400697772295,8.228296003553622,31.6466555223946
2020-07-21,33.107664090821416,8.245805817449183,32.2419350492932
2020-07-22,33.2823730960248,8.292740944162103,32.41207560595831
2020-07-23,33.44497714605053,8.19379195921636,32.57042773872428
2020-07-24,33.171615618844015,8.141023938999007,32.30421431511966
2020-07-27,33.27478299194655,8.20038828556219,32.40468397476269
2020-07-28,32.962569366270685,8.148381423055154,32.10063439237799
2020-07-29,33.70850335151548,8.24859836617731,32.82706302344505
2020-07-30,33.34939114723113,8.21916736720679,32.47734120875642
2020-07-31,33.122447811278164,8.28411522774246,32.25633219170242
2020-08-03,33.18347840545967,8.341706396805726,32.31576690289868
2020-08-04,33.36307487485622,8.373930408616587,32.490667121937996
2020-08-05,33.85804598856137,8.425940890384505,32.97269528483046
2020-08-06,33.75011617287437,8.482268305236726,32.867587715244206
2020-08-07,34.25191821952305,8.488358573879886,33.356268189688656
2020-08-10,34.99705840506391,8.513730277657212,34.08192377804189
2020-08-11,35.0695787668064,8.443449434215152,34.15254781200081
2020-08-12,35.138364996630166,8.561168006226978,34.21953535748825
2020-08-13,34.93027380790706,8.54568941447172,34.016885524726376
2020-08-14,35.116151840031655,8.545945785154155,34.19790305052978
2020-08-17,34.977246799690455,8.573096254913589,34.062630224382495
2020-08-18,34.64267024733656,8.591614142824202,33.73680248128294
2020-08-19,34.505666635540685,8.555838661533482,33.603381363413575
2020-08-20,34.150040210996174,8.582481543125498,33.25705417915429
2020-08-21,34.021853317000065,8.612923605158963,33.13221923160091
2020-08-24,34.82346589305778,8.700198360050038,33.912870519503585
2020-08-25,34.78525574617006,8.730640354111852,33.87565952597656
2020-08-26,34.5885751531844,8.818173754302178,33.684121914410085
2020-08-27,34.78894259207451,8.837459100302835,33.87924996491127
2020-08-28,35.16064123511544,8.89454024863169,34.24122909681137
2020-08-31,34.69677130832047,8.862315329310897,33.78948885896145
2020-09-01,34.91152162051544,8.945789477397676,33.99862368643255
2020-09-02,35.503827910905336,9.075181376398756,34.57544181807879
2020-09-03,34.801721173540315,8.76286808451137,33.8916944005112
2020-09-04,34.86719073224992,8.691319266601335,33.95545200219008
2020-09-08,34.229650145382735,8.453846350279987,33.33458240122181
2020-09-09,34.52237800009336,8.620784454158965,33.61965574414351
2020-09-10,34.101650082254295,8.471093152896948,33.20992939911415
2020-09-11,34.335947098350736,8.475404939311774,33.43809980565515
2020-09-14,35.03176659654151,8.58703449776745,34.11572438844525
2020-09-15,34.94821007269314,8.630416196050172,34.03435277589433
2020-09-16,35.4042702828909,8.59616207416805,34.4784875126558
2020-09-17,35.287393775388225,8.520558828725742,34.36466719741543
2020-09-18,34.81732159095541,8.422862101195573,33.9068868841506
2020-09-21,33.61277066264462,8.329115646009267,32.73383363920939
2020-09-22,33.77823724224148,8.413939359748225,32.89497344954321
2020-09-23,33.089073777032304,8.218811692056304,32.22383085178502
2020-09-24,33.03832619974213,8.240714825215633,32.17441026788604
2020-09-25,33.35864005302455,8.373942461794895,32.48634826582485
2020-09-28,34.07826038080302,8.513025272142848,33.18715131265826
2020-09-29,33.647382494273984,8.466663336510758,32.767540409468666
2020-09-30,33.87782868698298,8.530857577928183,32.985339926781194
2020-10-01,33.89321389167676,8.585625683578483,33.00031981853745
2020-10-02,34.26886894705266,8.504113753338588,33.36607849248545
2020-10-05,35.01848211978331,8.65491720252654,34.09594360705856
2020-10-06,34.5596265339299,8.531878899575423,33.64917626501538
2020-10-07,35.293304891688905,8.680393315580332,34.36352635666993
2020-10-08,35.97040090164915,8.757327641536321,35.02278472467117
2020-10-09,35.87273503153335,8.835530577375241,34.92769179664497
2020-10-12,36.04931048037377,8.977676593304055,35.09961548327025
2020-10-13,35.58877035144326,8.919088275856152,34.65120797631177
2020-10-14,35.56740672262759,8.863049644218949,34.63040715802247
2020-10-15,35.85074963516104,8.852094914858695,34.90628559084987
2020-10-16,35.72618422158641,8.846748249530119,34.785001769863456
2020-10-19,35.314159659226384,8.712251135892513,34.38383171929142
2020-10-20,35.60383112941868,8.747152413942898,34.665871988154734
2020-10-21,35.49593478581231,8.730594054423303,34.56081810162633
2020-10-22,36.26237051712982,8.778481362811815,35.30706259572086
2020-10-23,36.48500250692299,8.808284307038562,35.52382949450164
2020-10-26,35.48891092618206,8.645507213044489,34.553979280884825
2020-10-27,34.95241626509151,8.615706149681126,34.03161821316456
2020-10-28,33.78210748752895,8.321229929191174,32.892140438367605
2020-10-29,34.28188965723234,8.405806910191474,33.37875618075564
2020-10-30,34.366717938186476,8.318176373152728,33.46134971732875
2020-11-02,35.35450676332309,8.411406493943025,34.42311590588991
2020-11-03,36.02095112625888,8.559918287000082,35.07200323739028
2020-11-04,35.62569073702469,8.751223900796246,34.687155719004615
2020-11-05,36.428244353055874,8.921899020533475,35.468566596273384
2020-11-06,36.08773450739326,8.919864827556793,35.13702725497217
2020-11-09,38.47532009277953,9.031951848979872,37.46171349345323
2020-11-10,38.770087236932405,9.01870197561742,37.748715194151515
2020-11-11,38.44906404184318,9.085701912594281,37.436149140635
2020-11-12,37.667081457222245,8.997561518340204,36.67476736469916
2020-11-13,38.81286071916529,9.122132757561625,37.790361837575425
2020-11-16,39.963745506253744,9.236004340774267,38.9109273339486
2020-11-17,40.035551784547124,9.186333109429583,38.980841923820044
2020-11-18,39.647419797669535,9.075775590457598,38.60293501479392
2020-11-19,39.89817574267852,9.113984605693425,38.847084961982254
2020-11-20,39.67758122458328,9.051572039113637,38.63230185906893
2020-11-23,40.674726576386306,9.105827161916084,39.60317808285333
2020-11-24,41.916197163506006,9.252558460803199,40.81194295688373
2020-11-25,41.46143147809059,9.23829101565664,40.36915776958428
2020-11-27,41.28521145532225,9.264019656135245,40.19758014556873
2020-11-30,40.49427274263578,9.223007841117534,39.427478184776966
2020-12-01,40.961120022859326,9.323879877875836,39.88202668534194
2020-12-02,41.22268360177816,9.343497321138887,40.136699546546225
2020-12-03,41.694094459672414,9.340946546370217,40.59569140037756
2020-12-04,42.61518975478289,9.421446823706836,41.49252105539772
2020-12-07,42.326381890192565,9.402085750484117,41.2113216410238
2020-12-08,42.489962557778796,9.429596253390033,41.37059288522411
2020-12-09,42.526280303911825,9.345022204593377,41.40595386460209
2020-12-10,42.7862132788717,9.341966382332476,41.659039079019244
2020-12-11,42.390797542016685,9.331008255766001,41.27404030554195
2020-12-14,41.84817849995431,9.289233331804937,40.74571619957445
2020-12-15,42.611291729824316,9.414814477217607,41.488725721302075
2020-12-16,42.37806665445096,9.429586321132362,41.26164480470262
2020-12-17,42.57903441715847,9.482316567840135,41.45731820598464
2020-12-18,42.35505387110622,9.444614877166403,41.239238277758375
2020-12-21,42.02363791922858,9.410840934365655,40.91655325768672
2020-12-22,41.69905529697961,9.39498366739125,40.60052154774068
2020-12-23,42.36267212501709,9.403429757708235,41.24665583386033
2020-12-24,42.33949751833663,9.440009099465719,41.224091746708005
2020-12-28,42.461587110035396,9.52110821763923,41.34296496969157
2020-12-29,42.135447023333086,9.502941943159973,41.02541682565249
2020-12-30,42.656587124073965,9.516502641312863,41.53282783865582
2020-12-31,42.79157883714308,9.564855991233372,41.6563367302602
2021-01-04,42.31686012729099,9.434640041768722,41.19421210277176
2021-01-05,42.94552502237568,9.499616407736383,41.80619878968066
2021-01-06,44.330998486857524,9.55641461423824,43.15491624147045
2021-01-07,44.747289673996086,9.69840382257659,43.56016340319081
2021-01-08,44.638010821033596,9.753665327557632,43.45378367100501
2021-01-11,44.72792413672376,9.687915869584566,43.54131162525923
2021-01-12,45.438557089122575,9.689960019833048,44.23309179231984
2021-01-13,45.08847199321824,9.71605508216646,43.89229430282454
2021-01-14,45.47580576781377,9.682029457268712,44.26935227965127
2021-01-15,44.98948123516632,9.611418416436852,43.79592972683434
2021-01-19,45.156192541411045,9.686887273842714,43.958218254119124
2021-01-20,45.356853756071786,9.820944106825422,44.15355601341104
2021-01-21,45.09302461736344,9.829900807850848,43.89672614781727
2021-01-22,44.942430881014616,9.795112788891863,43.75012759825941
2021-01-25,44.867918291961836,9.833744713731253,43.677591796015776
2021-01-26,44.65446727543702,9.818394238233118,43.46980354277989
2021-01-27,43.7064322798863,9.578422864656462,42.546919506249544
2021-01-28,43.9718539619065,9.660797301292506,42.805299665668834
2021-01-29,43.15179239996918,9.46738813932063,42.006993982823715
2021-02-01,43.69883000861313,9.62498228228776,42.539518919950105
2021-02-02,44.22797260606624,9.761079531759309,43.05462359280455
2021-02-03,44.6025261638063,9.768751740271272,43.41924040640981
2021-02-04,45.23915031820433,9.879783372551195,44.03897519691963
2021-02-05,45.560314874395154,9.918670199905556,44.35161939613054
2021-02-08,46.30239006984141,9.990302836089274,45.074007657108915
2021-02-09,46.335467341493185,9.983649294400438,45.106207403028314
2021-02-10,46.62768286054684,9.97929642330808,45.390670570555606
2021-02-11,46.592095584917395,9.995412987031722,45.35602740998012
2021-02-12,46.9236207468208,10.044790327187659,45.678757352508285
2021-02-16,47.04997023304311,10.036091538764314,45.80175484142552
2021-02-17,47.040974934165746,10.038389803726691,45.79299818394275
2021-02-18,46.62811808097146,9.99566641672203,45.3910942447703
2021-02-19,47.26737202901481,9.978014069830097,46.01338906163569
2021-02-22,47.659269309049414,9.901263185604964,46.394889476072976
2021-02-23,47.827002906536705,9.91328331911229,46.55817317365511
2021-02-24,48.596843114409964,10.022517788005587,47.30758985327126
2021-02-25,47.44859641602183,9.781015199385804,46.18980564391768
2021-02-26,47.18911980942924,9.730613628063368,45.937212839642314
2021-03-01,48.37377089909659,9.966483702407626,47.09043564749576
2021-03-02,48.236730824295066,9.88871523007774,46.957031186697556
2021-03-03,48.32112351719454,9.75772930814013,47.03918497789965
2021-03-04,47.800983828313214,9.636977407951896,46.532844370340555
2021-03-05,49.16636827359764,9.814268881325987,47.86200575593675
2021-03-08,49.73708591266332,9.765403636565866,48.41758250250407
2021-03-09,49.29536022760159,9.904834069688754,47.98757560910655
2021-03-10,49.99036154153362,9.966491661772565,48.66413883831828
2021-03-11,50.29305611021721,10.067541920731276,48.95880305081419
2021-03-12,50.77726681432555,10.081102899698502,49.4301678540503
2021-03-15,51.29674075120861,10.141226597392304,49.93586037172418
2021-03-16,50.62737107277298,10.128438510652993,49.28424878178826
2021-03-17,50.85982880802557,10.162976485974319,49.5105395137121
2021-03-18,50.46739298685701,10.015105178103394,49.128514845404624
2021-03-19,50.4747919937515,9.996627309049792,49.13571755984146
2021-03-22,50.21489804299938,10.076450378112554,48.88271848336684
2021-03-23,48.9988545187365,9.997138637186431,47.69893606865079
2021-03-24,48.705469667161,9.946323181493613,47.413334590488454
2021-03-25,49.43760625560873,10.002281195712694,48.12604791141997
2021-03-26,49.91412871897321,10.163467957181606,48.58992843961902
2021-03-29,49.38365274902647,10.158335405863228,48.07352576806737
2021-03-30,49.74502421041704,10.131385342031473,48.42531020064659
2021-03-31,49.61714984362953,10.172447846822728,48.290964971454876
2021-04-01,50.12857713698758,10.282300111120566,48.78872265376502
2021-04-05,50.52118062469909,10.42988196461548,49.17083249547296
2021-04-06,50.63423216202574,10.423717904374392,49.28086235100103
2021-04-07,50.37900127212244,10.435778145989755,49.03245336332649
2021-04-08,50.40094981124494,10.485316784848768,49.05381525406948
2021-04-09,50.70642919756061,10.56154503787462,49.35112967842806
2021-04-12,50.83990350624019,10.565400001813444,49.481036438194565
2021-04-13,50.58354728065784,10.59671584741882,49.2315321932142
2021-04-14,50.785088082506164,10.560528062799884,49.427686140650664
2021-04-15,51.068260063569255,10.673979815778543,49.7032894000381
2021-04-16,51.28260605561763,10.709652256322874,49.91190627598522
2021-04-19,51.030191784893,10.657035734787561,49.66623862388764
2021-04-20,50.51207530220223,10.579004919137446,49.1619705432823
2021-04-21,51.3455978715416,10.679103463682326,49.973214424193195
2021-04-22,51.08015474769024,10.581571211748516,49.71486615880079
2021-04-23,51.67144405652172,10.696296606826294,50.29035127615967
2021-04-26,51.80813478446057,10.71863047414135,50.4233884855847
2021-04-27,51.95371238625593,10.716315249958935,50.56507503733309
2021-04-28,52.045967937077485,10.713239667482197,50.65486474889829
2021-04-29,52.45341099419902,10.78151514388306,51.051417522713955
2021-04-30,51.96618331181183,10.710669807872605,50.57721263554417
2021-05-03,52.36960568795353,10.733772722648187,50.969852194574834
2021-05-04,52.346669595971484,10.66755607872217,50.9475291466372
2021-05-05,52.73096097331983,10.67089502377481,51.3215490470315
2021-05-06,52.91719056971911,10.756112791434676,51.502801032377455
2021-05-07,53.53728271448724,10.834395780330736,52.10631913320433
2021-05-10,53.34203714775432,10.7271135933139,51.91629215959456
2021-05-11,52.63280641165296,10.631374104493574,51.22601799548616
2021-05-12,51.40778145380415,10.405510561643608,50.0337359414973
2021-05-13,52.12569835532512,10.530511960020633,50.73246410409887
2021-05-14,53.012300439549264,10.692207971166749,51.59536877169504
2021-05-17,53.08462775270788,10.664996301880128,51.66576289463901
2021-05-18,52.498866777134815,10.57310669374313,51.09565834727605
2021-05-19,52.0515785054475,10.545384007992135,50.66032535599642
2021-05-20,52.2432097850418,10.658831249150115,50.846834646422984
2021-05-21,52.31937158188566,10.650101666357061,50.92096076360506
2021-05-24,52.53290570134158,10.758668802743905,51.12878746697988
2021-05-25,52.14758130742158,10.734795316670617,50.75376216084924
2021-05-26,52.487628784500416,10.756103885374207,51.08472072771569
2021-05-27,52.90906470432851,10.76175083991403,51.49489235801429
2021-05-28,52.875712070471955,10.781003612166636,51.46243118524744
2021-06-01,53.21643753405798,10.771505547984317,51.794049617155984
2021-06-02,53.190852652164345,10.788449126211297,51.76914857710799
2021-06-03,53.10468166410804,10.748413191503927,51.68528079794497
2021-06-04,53.30042751648647,10.846718178553422,51.87579468538722
2021-06-07,53.16351310012457,10.836196861920225,51.742539766363116
2021-06-08,53.33004017776082,10.838504971851814,51.90461584889255
2021-06-09,52.95593984500902,10.82233392243381,51.54051460322117
2021-06-10,52.858831694213215,10.872636130505281,51.446001993704115
2021-06-11,53.15275448242348,10.890597725392876,51.73206870883195
2021-06-14,52.74757539877465,10.914981773700031,51.33771939619881
2021-06-15,52.89990618464133,10.894963697127066,51.48597863050684
2021-06-16,52.5710343530808,10.834137114806005,51.16589700252054
2021-06-17,51.656007637838115,10.830540181283888,50.2753274475786
2021-06-18,50.75105065170359,10.684901907466164,49.394558474434774
2021-06-21,51.86414325847733,10.83786696317345,50.47789994513791
2021-06-22,51.91005614927696,10.895806199958576,50.5225856598219
2021-06-23,51.81918127367382,10.882676753487626,50.43413972029555
2021-06-24,52.20987501487858,10.94705866916126,50.814390859882295
2021-06-25,52.68164503221375,10.98594262155412,51.27355123998305
2021-06-28,52.231578804740494,11.008090281879173,50.83551454311025
2021-06-29,52.152297218193524,11.014012634450824,50.758352023076604
2021-06-30,52.38193533551443,11.023286433089032,50.97513108600001
2021-07-01,52.85642152289984,11.084322370069044,51.43687415535297
2021-07-02,52.85842031232588,11.169050930265852,51.43881926395487
2021-07-06,52.18502942109071,11.148712088521838,50.783513408358544
2021-07-07,52.1921752102203,11.188111637042674,50.790467285401455
2021-07-08,51.59917198464491,11.09695090342405,50.213390150612355
2021-07-09,52.5793063837321,11.215410854318101,51.167201405491525
2021-07-12,52.662065078551734,11.255584455998267,51.247737477515564
2021-07-13,52.01724173934328,11.21721416858777,50.620231944683944
2021-07-14,51.859013971543064,11.233950252127304,50.466253647521036
2021-07-15,51.650341475357564,11.195575078066037,50.26318539929831
2021-07-16,51.09499523376454,11.107756987153687,49.72275390737272
2021-07-19,50.08718203467065,10.9437176319674,48.74200721283083
2021-07-20,51.12840955242778,11.100541105633493,49.75527082877121
2021-07-21,51.73181419775188,11.190411086424703,50.34247003583149
2021-07-22,51.48465571668032,11.213843807239677,50.10194940804373
2021-07-23,51.89665091367531,11.329211832328559,50.50287978679169
2021-07-26,52.209729747131654,11.357025047376927,50.8075503659421
2021-07-27,52.05029386887009,11.305259727210984,50.65239640413943
2021-07-28,52.08174857390861,11.300624570722828,50.6830063406059
2021-07-29,52.473665763774626,11.347488260817615,51.064397940597686
2021-07-30,52.30619067994826,11.292384857823086,50.90142067950552
2021-08-02,52.28773995184507,11.268693434391372,50.88346547648242
2021-08-03,52.74464606460711,11.360364255480146,51.328100613440554
2021-08-04,52.209451672726026,11.30448262370744,50.80727975968846
2021-08-05,52.72885923788368,11.376073912163378,51.312737768282155
2021-08-06,53.02568431632344,11.394867186266271,51.60159111411909
2021-08-09,52.88016694891545,11.38559176437665,51.459981858344186
2021-08-10,53.300168415412415,11.399755440531536,51.86870348487178
2021-08-11,53.75134052108011,11.428083832801256,52.30775861106073
2021-08-12,53.7346225031621,11.46233380004816,52.291489583400576
2021-08-13,53.59951276731185,11.483195247564247,52.16000844487737
2021-08-16,53.497360773717546,11.510238172372262,52.06059991346646
2021-08-17,52.889856448462375,11.434788561152361,51.469411130218134
2021-08-18,52.308284867930745,11.30963480035055,50.90345862457649
2021-08-19,52.006159232093275,11.327142115021493,50.60944707665239
2021-08-20,52.45201585016545,11.417272184830718,51.04332947153175
2021-08-23,52.897466004480236,11.517709928240674,51.47681631891597
2021-08-24,53.298464883203614,11.535988533896791,51.86704570386204
2021-08-25,53.67854784877004,11.560191037840905,52.23692090738789
2021-08-26,53.17207443046751,11.491951230144531,51.744049677560696
2021-08-27,53.845253725850526,11.594700766093254,52.39914962006444
2021-08-30,53.606225229191246,11.64569426006253,52.16654063239624
2021-08-31,53.600384548368176,11.628435341169117,52.160856812799274
2021-09-01,53.64642028952701,11.634610040335279,52.20565618733898
2021-09-02,54.104409957724165,11.67040973542939,52.651345779043616
2021-09-03,53.83220802309133,11.66757382586368,52.38645428141383
2021-09-07,53.32931795541027,11.625850581862391,51.89707016534995
2021-09-08,53.18195764834249,11.611690295853682,51.75366746513387
2021-09-09,53.212448244147545,11.561992261387429,51.78333918512855
2021-09-10,52.75837557511065,11.470825952406388,51.34146139503792
2021-09-13,52.97911712790852,11.500179796018596,51.55627456522581
2021-09-14,52.47764979494801,11.438113325659485,51.068274973968286
2021-09-15,53.00182255566767,11.533655886268718,51.57837020084855
2021-09-16,52.876222652092125,11.515375041688984,51.45614349219136
2021-09-17,52.4149622908062,11.403560750034183,51.0072710473166
2021-09-20,51.54784099033137,11.213417778088113,50.16343773577417
2021-09-21,51.28940489680626,11.20282109828782,49.911942374626946
2021-09-22,51.938250671200585,11.312104618101618,50.543362313437825
2021-09-23,52.81553775777237,11.449546689211553,51.39708839193444
2021-09-24,52.968629146606865,11.468404092608685,51.54606825615654
2021-09-27,53.31425805449006,11.435592988499732,51.882414723189676
2021-09-28,52.606551726524366,11.205142918595486,51.1937150291563
2021-09-29,52.679783137216,11.224001174127483,51.26497968815962
2021-09-30,51.69288927643308,11.086821431777297,50.2972173523201
2021-10-01,52.457927382442136,11.21857721767254,51.041599963533244
2021-10-04,52.22238040050494,11.073902445873435,50.81241258567509
2021-10-05,52.61653007491999,11.189126400822747,51.19592049403332
2021-10-06,52.49190644473948,11.235628410144567,51.07466161486907
2021-10-07,53.011162978045036,11.332771653378677,51.5798985842638
2021-10-08,52.81722637649136,11.312100677882913,51.391198135566604
2021-10-11,52.476284144336105,11.23020106897504,51.05946110567079
2021-10-12,52.50228161258251,11.202552313943224,51.084756660423146
2021-10-13,52.54794420027847,11.242859097168791,51.129186390127934
2021-10-14,53.43409565837341,11.431975230042267,51.99141237746882
2021-10-15,53.495441260604665,11.51904115339427,52.0511016912647
2021-10-18,53.52804756825539,11.55314903424947,52.08282765137104
2021-10-19,53.769914692582596,11.642281579048705,52.318164532186735
2021-10-20,54.240231078965465,11.688012461091207,52.77578270446094
2021-10-21,54.28934982802539,11.718494797589733,52.823575281585605
2021-10-22,54.39542578830346,11.70635443697943,52.92678726498689
2021-10-25,54.504877032613116,11.76913561582495,53.03328340210716
2021-10-26,54.270781613668156,11.779727837879191,52.80550839605378
2021-10-27,53.475421292224084,11.727543643557386,52.03162224805463
2021-10-28,54.12939324792952,11.840702712174071,52.667937417488126
2021-10-29,53.91381981775597,11.864727497977073,52.45818431943929
2021-11-01,54.5778442523116,11.885134829273593,53.10428055781151
2021-11-02,54.79775682482579,11.933186429388346,53.31825564438688
2021-11-03,55.31648720025226,12.006038532539762,53.82298066179797
2021-11-04,55.0372673464849,12.062622992143622,53.55129954916139
2021-11-05,55.46437992135736,12.104480293926361,53.96688038267578
2021-11-08,55.49483380904711,12.114817520097374,53.996512036657535
2021-11-09,55.52190119690754,12.074778048193451,54.02284862394123
2021-11-10,55.20408754575406,11.977636458795736,53.71361571950601
2021-11-11,55.463645808294615,11.981517213008386,53.9661660901533
2021-11-12,55.70280797026124,12.07194172341496,54.198871040703814
2021-11-15,55.83762527307267,12.07607032748437,54.3300483704541
2021-11-16,55.96739029911033,12.123867413840552,54.456309831376565
2021-11-17,55.56149131693375,12.094418539892333,54.06136983836423
2021-11-18,55.23788472210017,12.135491185253807,53.74650039568423
2021-11-19,54.81804328320049,12.113792927014574,53.33799438254726
2021-11-22,54.99543501712435,12.079692599925027,53.51059666349076
2021-11-23,55.142694240639145,12.095710272312527,53.65387999077102
2021-11-24,54.99082452095696,12.1280058187396,53.50611064750137
2021-11-26,53.53479217150062,11.857514904964251,52.089390155037
2021-11-29,53.843185686530894,12.002971040303448,52.38945726044824
2021-11-30,52.393870770072986,11.769417229801224,50.97927283498073
2021-12-01,51.609351224550124,11.638694312629822,50.21593476952079
2021-12-02,52.93513844561928,11.81695255472206,51.50592666114143
2021-12-03,52.7319648008145,11.714133250543425,51.30823856291267
2021-12-06,53.59664698430796,11.852863730629611,52.149574931078796
2021-12-07,54.418117170341304,12.098040216897685,52.94886599555038
2021-12-08,54.593849944207356,12.13007582739203,53.11985410719956
2021-12-09,54.157559506324056,12.04817355540548,52.695343206568566
2021-12-10,54.40128397216718,12.161595061256067,52.93248728197584
2021-12-13,53.863096079006674,12.05386765220346,52.40883008622644
2021-12-14,53.56965020251392,11.970937042756299,52.123307043547
2021-12-15,54.12506655772183,12.157982934049366,52.66372754489551
2021-12-16,54.02673900452312,12.050761682553984,52.56805476699164
2021-12-17,53.432155266936235,11.923047710242278,51.98952437524591
2021-12-20,52.57228551261702,11.796269943939272,51.152870504025834
2021-12-21,53.7298157686796,12.00575990187369,52.27914825123639
2021-12-22,54.0685081793805,12.125805495132527,52.60869620328655
2021-12-23,54.508846373351986,12.20125225692324,53.03714557341702
2021-12-27,55.219503352449145,12.373924378863217,53.728615310181944
2021-12-28,55.357029208566225,12.363814882645686,53.86242806418946
2021-12-29,55.52707797492425,12.37962820188059,54.027885632565386
2021-12-30,55.44764523853821,12.34539852990239,53.95059752461043
2021-12-31,55.49449102759181,12.314288125607035,53.98695674368348
2022-01-03,55.732454030155864,12.3855878538543,54.2184553679277
2022-01-04,56.376650183501894,12.38143868192326,54.845151625901245
2022-01-05,55.4995061225764,12.14369029635297,53.99183560122379
2022-01-06,55.71586748497902,12.132287371164693,54.202319404151666
2022-01-07,55.88580130149953,12.084316306899108,54.367636887597385
2022-01-10,55.41084658551538,12.069283417413326,53.90558454272058
2022-01-11,55.969015111030686,12.179210450779125,54.44859015435325
2022-01-12,55.98459301575806,12.212143035838032,54.46374487787803
2022-01-13,55.927640601624844,12.04387191694722,54.40833960320439
2022-01-14,55.98367179742884,12.048797860561253,54.46284868488357
2022-01-18,54.99917942088912,11.835413650450713,53.505100512721555
2022-01-19,54.41283245714267,11.712514715104433,52.9346819435553
2022-01-20,53.57363329653185,11.582880602237658,52.118280027900184
2022-01-21,52.75280459719246,11.355497073135131,51.31974953118517
2022-01-24,53.31323378378808,11.403723869204734,51.86495439196301
2022-01-25,52.865645251417206,11.264495804485612,51.42952481528556
2022-01-26,52.337856832970786,11.236233184512159,50.91607402064151
2022-01-27,52.080958235271844,11.180748665047037,50.666154195724296
2022-01-28,52.95562945494867,11.45842255814348,51.51706455506357
2022-01-31,53.80141835370632,11.664800206838203,52.33987719548967
2022-02-01,54.2339664745864,11.743619261835807,52.7606749406191
2022-02-02,54.58005326000285,11.85769677934528,53.09736011364906
2022-02-03,54.065533280901604,11.57898161654677,52.59681731487492
2022-02-04,54.08623768460281,11.633425988107772,52.616959273586936
2022-02-07,54.20138999872105,11.596094324111935,52.7289834202386
2022-02-08,54.85453391194366,11.691506988210726,53.36438436792943
2022-02-09,55.91841447603398,11.86262388449018,54.39936410971012
2022-02-10,55.16006386875655,11.649499983781428,53.661614457924436
2022-02-11,54.417201377602474,11.419783493601242,52.938932180209676
2022-02-14,53.87949255674285,11.38245222136066,52.41583047560961
2022-02-15,54.78166107275265,11.566017028334544,53.29349115412843
2022-02-16,54.90905818534895,11.578982533423305,53.41742746347469
2022-02-17,53.99543899764244,11.33164388752685,52.52862717621035
2022-02-18,53.77144493919615,11.258271493355114,52.31071802306272
2022-02-22,53.14994212540921,11.137447723688426,51.706098629268986
2022-02-23,52.366223806116054,10.939880538517919,50.94367039144851
2022-02-24,52.81572444870307,11.104514800742075,51.38096013495722
2022-02-25,54.463289825158974,11.34952481530565,52.98376861313376
2022-02-28,54.215464623366266,11.320481381303283,52.74267570100082
2022-03-01,53.010670501665345,11.148070449866035,51.57061038552705
2022-03-02,54.29483707374787,11.353150353861771,52.819891960958266
2022-03-03,54.033314847282476,11.296634371400247,52.56547411035254
2022-03-04,53.36288328713377,11.204849217132619,51.9132551428995
2022-03-07,51.625683166611246,10.874541467060766,50.223246891176956
2022-03-08,51.44309193693799,10.792090693657512,50.045615839236234
2022-03-09,52.49064564549618,11.081437437245162,51.06471225229275
2022-03-10,52.39077979090903,11.031393665778563,50.967559301217186
2022-03-11,51.82731555899619,10.891129495318188,50.419401843573944
2022-03-14,51.59685711125902,10.811537120966403,50.19520390934985
2022-03-15,52.426603674420214,11.049282822256453,51.0024100118679
2022-03-16,53.533944256781325,11.294289619557167,52.079669159820604
2022-03-17,54.18838273096158,11.435592476987447,52.71632950110396
2022-03-18,54.573873606733464,11.560457711243671,53.0913483336045
2022-03-21,54.535874338896804,11.55708205759199,53.05438133397982
2022-03-22,54.90871379395832,11.692311474747873,53.41709242764021
2022-03-23,54.265202499812865,11.54173788757607,52.79106242434082
2022-03-24,54.88295322187112,11.715718044493393,53.39203165376495
2022-03-25,55.41619328680241,11.7729376114227,53.910785998320186
2022-03-28,55.2307539844569,11.856678516652748,53.730384242958046
2022-03-29,56.03070145032255,12.003357486582258,54.50860075485357
2022-03-30,55.56498976871526,11.929236754102613,54.055540352921746
2022-03-31,54.74799076129099,11.74563387122022,53.24986988724989
2022-04-01,54.83842964387569,11.778920997611257,53.33783400544704
2022-04-04,55.13322949989944,11.879831013797792,53.62456697514616
2022-04-05,54.41031430679771,11.729776868262514,52.9214335918586
2022-04-06,53.96493998160985,11.612490829356757,52.48824646411938
2022-04-07,54.045788674932524,11.671006170645885,52.56688281844259
2022-04-08,54.261180448363326,11.63979790014558,52.77638062375897
2022-04-11,53.93713468399263,11.44085047443629,52.46120202906883
2022-04-12,53.77697984377938,11.398462123428505,52.30542965670267
2022-04-13,54.442919345718366,11.529020108590256,52.953146428367326
2022-04-14,54.112091135253344,11.38546075019809,52.631370982048125
2022-04-18,53.98941799257119,11.39014017456642,52.512054660195005
2022-04-19,55.04049800349612,11.574011207404446,53.53437297808317
2022-04-20,55.42518566750313,11.565423291088551,53.9085340709518
2022-04-21,54.64197569774328,11.392473951193614,53.146755813810714
2022-04-22,53.141696942058616,11.079875858446812,51.68753059980891
2022-04-25,53.34821947319716,11.144116978674086,51.88840186026972
2022-04-26,51.971232096700945,10.821372206854706,50.549094287239065
2022-04-27,52.03063549076287,10.851801905500382,50.60687217023844
2022-04-28,52.90731942893396,11.125907569831416,51.45956657948899
2022-04-29,51.57795617881773,10.714738529680726,50.166579948979944
2022-05-02,51.863939659867064,10.779230540890875,50.44473779448295
2022-05-03,52.347283430173334,10.828642533690319,50.914855373625606
2022-05-04,53.751382670716914,11.158407184768791,52.28053292321335
2022-05-05,52.03584770050779,10.761803918200554,50.61194175337533
2022-05-06,51.091313629299485,10.697566710612815,49.69325385823022
2022-05-09,49.8366111872688,10.355062717239125,48.4728850217434
2022-05-10,49.64064363250777,10.378993267178664,48.28227991189291
2022-05-11,48.8151445810192,10.214112580136264,47.4793697690262
2022-05-12,49.19649131716968,10.203449046602602,47.850281354996156
2022-05-13,50.332996772059694,10.447393106408777,48.95568753990829
2022-05-16,50.11560003413028,10.40499758518297,48.74423963382659
2022-05-17,51.28945855621379,10.619028385510184,49.88597675874739
2022-05-18,49.3424250822752,10.190954113233497,47.99222179693685
2022-05-19,49.12950620097062,10.128534519289941,47.78512921566861
2022-05-20,49.16949887178311,10.13296068887487,47.824027529334515
2022-05-23,49.68309702495396,10.322548383363719,48.32357161214703
2022-05-24,49.16263727736357,10.24374604900512,47.81735369519046
2022-05-25,49.87415290091152,10.33424954534808,48.50939944609065
2022-05-26,51.117012975532,10.54073818551368,49.71824996902878
2022-05-27,52.21337272022913,10.799502767229855,50.78460898865544
2022-05-31,51.81504849081761,10.738906757202928,50.39718448057466
2022-06-01,51.219400757519594,10.652039740443913,49.81783601763198
2022-06-02,52.15226526068734,10.854897185260928,50.725173670126054
2022-06-03,51.60680480341058,10.676746612656425,50.19463916146675
2022-06-06,51.85215292108322,10.709257306091963,50.433273587342065
2022-06-07,52.27280681495149,10.811980502171998,50.84241673222412
2022-06-08,51.55113668207741,10.694432650152384,50.14049433940774
2022-06-09,50.530211927443446,10.44008695843381,49.14750611110967
2022-06-10,49.07755214338606,10.137366196987063,47.734596825931156
2022-06-13,47.03551878873092,9.752470677219858,45.74844155468248
2022-06-14,46.770856624125166,9.723086483069395,45.49102159034473
2022-06-15,47.22630568605154,9.861698803972033,45.934007770305136
2022-06-16,45.3911477026033,9.535316020355774,44.14906694449018
2022-06-17,45.636597465068924,9.555778808535457,44.38780023375627
2022-06-21,46.269388629852784,9.79633598426153,45.00327573745946
2022-06-22,46.22807014004455,9.778575227122065,44.96308788443263
2022-06-23,46.68481895449075,9.874434600073544,45.407338250559604
2022-06-24,48.12920723085376,10.188382373748283,46.81220236910507
2022-06-27,48.165430779931626,10.149462753080565,46.847434699066945
2022-06-28,47.44724074291831,9.942078780646868,46.14889717296802
2022-06-29,47.134929415292774,9.933985928519423,45.84513191457007
2022-06-30,46.80783887554567,9.85328222683613,45.5156829700765
2022-07-01,47.47040180072471,9.957500392949377,46.15995548456613
2022-07-05,47.47168923319808,9.976310111191658,46.16120737676438
2022-07-06,47.3610131015053,10.010000110437153,46.053586520012644
2022-07-07,48.174851005971085,10.15991988209117,46.844957985531146
2022-07-08,47.95759566364162,10.151558268028209,46.63370009534496
2022-07-11,47.394830771947575,10.035586866374254,46.08647063522952
2022-07-12,47.305458404071445,9.946781958193709,45.999565440282346
2022-07-13,47.06618385038166,9.894541459349275,45.766896191067374
2022-07-14,46.55486721394414,9.870517512685975,45.26969472907947
2022-07-15,47.4758020351959,10.05909374976584,46.16520664262126
2022-07-18,47.35907638586072,9.976035812674024,46.05170326845907
2022-07-19,48.88368640502917,10.245578324296662,47.534225597036944
2022-07-20,49.37020361862948,10.310873394957405,48.00731223777241
2022-07-21,49.76307279499631,10.415869018738256,48.38933604638641
2022-07-22,49.39594236216842,10.319230585982403,48.03234044926663
2022-07-25,49.521113380183785,10.331768451144372,48.154056053103375
2022-07-26,48.980177514318946,10.209533298598883,47.62805301666091
2022-07-27,50.063159648647066,10.4746340402303,48.68113883887535
2022-07-28,50.80993630048395,10.60600690036287,49.407300314196526
2022-07-29,51.178672400183444,10.76063187496326,49.765857252878725
2022-08-01,51.171313453780364,10.728769643981494,49.75870145420219
2022-08-02,50.75666375395921,10.657991950640149,49.355498385355595
2022-08-03,51.30931130056284,10.824896104587173,49.89288979520644
2022-08-04,51.137001671383175,10.817578474820472,49.72533686726023
2022-08-05,51.13237388212946,10.799296767198026,49.72083683065128
2022-08-08,51.41925747197083,10.78675878365131,49.999800842624936
2022-08-09,50.95425985179466,10.74392456452143,49.54763973520763
2022-08-10,52.17896263641157,10.969589956074639,50.73853393191266
2022-08-11,52.557282614241025,10.969589956074639,51.10641018054517
2022-08-12,53.38623322974715,11.155294144441026,51.91247716247838
2022-08-15,53.40000753479787,11.201265111610267,51.925871220330286
2022-08-16,53.61656646711511,11.223208389963911,52.13645192528228
2022-08-17,52.899370561680755,11.143546056811948,51.43905460373574
2022-08-18,53.11169274930149,11.175929201653044,51.64551552163785
2022-08-19,52.291861719536676,11.025747065041232,50.84831637431077
2022-08-22,51.01907954249023,10.796157933905878,49.6106700430106
2022-08-23,51.05176799995785,10.77004202786376,49.642456117792484
2022-08-24,51.31624514598526,10.804516932394952,49.899632228046606
2022-08-25,52.196475957812716,10.957055102446505,50.755563788530644
2022-08-26,50.410875382012314,10.586169744283794,49.0192556898934
2022-08-29,50.132844991863756,10.51617398993459,48.74890048020947
2022-08-30,49.66502860014392,10.400727431873086,48.29399841497339
2022-08-31,49.21769208993031,10.321588296843965,47.85901087295165
2022-09-01,49.20325165506425,10.353977440919461,47.844969074161035
2022-09-02,48.9052916309028,10.244805102782406,47.55523439887415
2022-09-06,48.63647735994714,10.206151453129607,47.29384089238941
2022-09-07,49.85466812114677,10.38950496398508,48.47840283363306
2022-09-08,50.32044730124612,10.457410768429689,48.93132392558593
2022-09-09,51.14839568869151,10.619866644717245,49.73641634651028
2022-09-12,51.66314568415167,10.734008971414665,50.2369563877736
2022-09-13,49.48431844212523,10.26726205931064,48.11827685936552
2022-09-14,49.39637183495836,10.30644193132897,48.03275806622612
2022-09-15,49.17068281242478,10.189432896082593,47.81329931217475
2022-09-16,48.442631379291186,10.112023774371053,47.10534613568809
2022-09-19,48.97127155283079,10.1904425187413,47.619392909093904
2022-09-20,48.109717237790804,10.073466429068668,46.78162227052364
2022-09-21,47.31109905138612,9.897744880679994,46.005050374453425
2022-09-22,46.31429348759487,9.814603823682283,45.035762171574355
2022-09-23,45.48778051645359,9.650160136616487,44.23206554150453
2022-09-26,44.784259007162966,9.55469110238494,43.54796512694282
2022-09-27,44.69251088263267,9.53029797600055,43.45874975939888
2022-09-28,45.84310475433246,9.717816118976337,44.57758086012204
2022-09-29,44.868332249864196,9.51482065806704,43.62971748195393
2022-09-30,44.40461593614329,9.36768347141069,43.1720278321667
2022-10-03,45.792673151646866,9.614999682739402,44.52155520622471
2022-10-04,47.57805790245134,9.912939677908449,46.25738105513422
2022-10-05,47.38057507897155,9.889862354338279,46.0653799811039
2022-10-06,46.867791010897726,9.787838534290925,45.56682982833127
2022-10-07,45.69985511408156,9.514816566215414,44.43131362172686
2022-10-10,45.34074343891206,9.44217094173236,44.082170207051924
2022-10-11,45.082367164368605,9.38237367315837,43.83096596892041
2022-10-12,44.86231803122624,9.351430604784293,43.61702498327761
2022-10-13,45.882528453714635,9.598224209875156,44.60891629515557
2022-10-14,44.88879327468678,9.379490278356311,43.64276532408337
2022-10-17,45.88102945916747,9.620515040039233,44.60745890986023
2022-10-18,46.56413693401531,9.733556091759693,45.27160461396677
2022-10-19,45.868501857759966,9.664584113293484,44.5952790509597
2022-10-20,45.247811858748406,9.583546575503519,43.99181823168336
2022-10-21,46.23256391742001,9.816445924381405,44.94923543682014
2022-10-24,46.66204536646511,9.93656977315806,45.36679529362059
2022-10-25,47.721066565066295,10.095246855865621,46.39642006791463
2022-10-26,47.784593343171146,10.01918926605353,46.45818346288182
2022-10-27,47.71955758475877,9.965686795372804,46.39495297404473
2022-10-28,48.560215046881204,10.202780449921518,47.21227537593784
2022-10-31,48.30332014188157,10.129085766731734,46.962511387335034
2022-11-01,48.5247688758866,10.084760887416515,47.17781312356921
2022-11-02,47.24309133940205,9.83167372818591,45.93171252996094
2022-11-03,46.80251958055952,9.73043698380678,45.50337020937502
2022-11-04,47.56626739594514,9.870487163314712,46.24591783077547
2022-11-07,47.98400573490128,9.96490824351898,46.65206054399952
2022-11-08,48.286350026204545,10.018668923492765,46.946012329953795
2022-11-09,47.38751418216296,9.812264306330967,46.07212646792274
2022-11-10,50.24625622193274,10.351487479021078,48.85151523875252
2022-11-11,51.145119654053595,10.451679526330523,49.725427923069915
2022-11-14,50.40010712500366,10.362767088600028,49.00109553191244
2022-11-15,50.90561292337263,10.451151129098697,49.492569445973295
2022-11-16,50.11258886768138,10.371419297134803,48.72155823729367
2022-11-17,49.80649735800603,10.33968275408557,48.4239632486579
2022-11-18,50.17745978228713,10.386624913789118,48.784628458076256
2022-11-21,50.0740133559302,10.348859145602582,48.68405350874573
2022-11-22,50.80146675523899,10.488123743124955,49.39131417837356
2022-11-23,51.06914729424835,10.554219898954129,49.651564412197466
2022-11-25,51.24892855142473,10.551855753696763,49.826355281905286
2022-11-28,50.3811064646224,10.383479791435024,48.9826222939052
2022-11-29,50.63514757971477,10.365640973153338,49.229611708407816
2022-11-30,51.83256651667585,10.692169029448642,50.39379256175848
2022-12-01,51.95255102015237,10.684299593042969,50.51044652248557
2022-12-02,51.9296136903539,10.671969911312598,50.48814588955409
2022-12-05,50.842602211374604,10.479991844577995,49.43130779209447
2022-12-06,50.27207369969482,10.328922762138404,48.87661607219074
2022-12-07,50.09908292984478,10.311353264520008,48.70842719873188
2022-12-08,50.424637837781376,10.392132405994257,49.02494531852707
2022-12-09,50.07134455530476,10.31450317692148,48.68145878897502
2022-12-12,50.88541178526237,10.463207369223156,49.472929053227006
2022-12-13,51.35208880554431,10.542413849008176,49.926652002598196
2022-12-14,51.01145674818945,10.475005654857616,49.59547524651952
2022-12-15,49.83685390710809,10.21876606652849,48.453477157405786
2022-12-16,49.27561505493221,10.098685346480714,47.90781723363848
2022-12-19,48.73834859731984,10.013048494742558,47.3854642761287
2022-12-20,48.76203162739406,10.026746345083366,47.40848991010745
2022-12-21,49.5727559445906,10.176666256435054,48.196710054530215
2022-12-22,49.07443395733225,10.03148593562075,47.7122205425787
2022-12-23,49.457693242667325,10.089187042722441,48.08484127545964
2022-12-27,49.49285392839333,10.049395289025945,48.119025967090394
2022-12-28,48.69912856787838,9.924501404373931,47.34733292048183
2022-12-29,49.67530468162812,10.103142429652662,48.29641223269803
2022-12-30,49.465424289686396,10.076530752492957,48.08545262827489
2023-01-03,49.54593382085843,10.034108558024961,48.16371612854582
2023-01-04,50.63013162013233,10.111571876092913,49.217667300810085
2023-01-05,50.16592747290221,9.996168506271065,48.76641338250223
2023-01-06,51.30532941312588,10.225400642456872,49.87402862704818
2023-01-09,51.37913195406598,10.2196028402926,49.94577224670135
2023-01-10,51.8090268429346,10.291272915011572,50.36367405611003
2023-01-11,52.49975109261739,10.421436934840639,51.035128686576975
2023-01-12,52.72301826075402,10.459381386720393,51.25216721381188
2023-01-13,52.88873801843632,10.499963786500869,51.413263771094684
2023-01-17,52.67780555531306,10.480727852844,51.208215838949634
2023-01-18,51.96001172716398,10.315258121503298,50.510446809047124
2023-01-19,51.28063583670269,10.240163042378754,49.85002394465902
2023-01-20,52.362488048732786,10.430927039695227,50.90169496617323
2023-01-23,53.187909303047924,10.556087733244532,51.70408886438981
2023-01-24,52.90809230194647,10.54476105110676,51.432078114572924
2023-01-25,53.15511550385951,10.548715336500926,51.67220993683551
2023-01-26,53.576689191431754,10.664645718049073,52.082022687341066
2023-01-27,53.753832926235376,10.689153073909148,52.254224519036924
2023-01-30,53.10924826034628,10.55503627029081,51.62762228400898
2023-01-31,54.13913290866545,10.710226968572895,52.62877551741338
2023-02-01,54.883251912037096,10.82405526079489,53.352135310647476
2023-02-02,55.78918464360511,10.98162103322628,54.23279460092473
2023-02-03,54.89367337176096,10.864897383264116,53.36226603559456
2023-02-06,54.33699104033996,10.79850199535499,52.82111386191106
2023-02-07,54.83182086294194,10.939735602952238,53.30213906962858
2023-02-08,54.084072893497655,10.820109594133955,52.57525155013557
2023-02-09,53.597778034187606,10.726310064062407,52.10252319984822
2023-02-10,53.56196901797907,10.751345271751928,52.06771317289937
2023-02-13,54.20175836534809,10.877555313897023,52.689653867773785
2023-02-14,54.142672308045924,10.87255163845263,52.63221617568499
2023-02-15,54.50552418894284,10.907854813622686,52.9849453229732
2023-02-16,53.80467123550567,10.757664560693915,52.30364455630984
2023-02-17,53.72175318660295,10.730791914621301,52.22303973041792
2023-02-21,52.27942632728248,10.515521498022084,50.82095047586756
2023-02-22,52.38690295829038,10.50103110939781,50.92542875586191
2023-02-23,52.506787340838095,10.556886093868696,51.04196863964231
2023-02-24,52.04973186396541,10.444117436613992,50.59766396021724
2023-02-27,51.99454036891562,10.479690100603099,50.54401218104401
2023-02-28,51.872202205570396,10.44095716599127,50.42508697131131
2023-03-01,51.73984571262321,10.400905654302528,50.29642292034951
2023-03-02,52.14496422240714,10.481793497576039,50.69023955471148
2023-03-03,52.81907167918365,10.649900501690164,51.34554096260727
2023-03-06,52.354015691405,10.657280882737835,50.893458968144536
2023-03-07,51.57315526049413,10.493915424086346,50.13438274876426
2023-03-08,51.612295810685154,10.511041494058455,50.17243136755364
2023-03-09,50.3745894718973,10.317112778493078,48.96925419125052
2023-03-10,49.07014743878073,10.168247158212202,47.701203093125564
2023-03-13,48.24492957030177,10.15375740601175,46.89900690674763
2023-03-14,48.869389331295864,10.321599015933122,47.506045675478155
2023-03-15,48.121255187729844,10.257047735687477,46.77878275523393
2023-03-16,48.65474444616463,10.437007638210114,47.29738888936767
2023-03-17,47.844843980833524,10.315437373240242,46.510082785790644
2023-03-20,48.33406461791868,10.41463061902132,46.985655291376894
2023-03-21,49.13390427747112,10.55138513367969,47.763181262535795
2023-03-22,47.9567960556712,10.37151567130585,46.61891165501689
2023-03-23,47.70400698743914,10.39954987816539,46.373174820855134
2023-03-24,48.013967981680864,10.467791724465911,46.67448861567741
2023-03-27,48.4623728233499,10.487366494990663,47.11038399274107
2023-03-28,48.62260630439482,10.46382235720941,47.26614732789674
2023-03-29,49.33883729116722,10.615914015171448,47.96239711610539
2023-03-30,49.52071902978206,10.678070191730276,48.139204772194454
2023-03-31,50.353890027099645,10.828577591082714,48.93796175749731
2023-04-03,50.31600522104653,10.86984530028233,48.901142254797094
2023-04-04,49.597560993253374,10.809539398556364,48.20290034884479
2023-04-05,49.42371412518933,10.781240024410943,48.03394197489595
2023-04-06,49.51147947538872,10.82329764174617,48.119239403741666
2023-04-10,49.958023908186554,10.8344023451266,48.55322721210209
2023-04-11,50.42774670059274,10.83731679935744,49.009741615240095
2023-04-12,49.96199233422614,10.79314389608326,48.55708404782338
2023-04-13,50.47384301167457,10.936509226454932,49.05454171921759
2023-04-14,50.120948416727025,10.909791334414702,48.711570358262605
2023-04-17,50.457691837946825,10.948935665722582,49.038844709079854
2023-04-18,50.31302028456094,10.956074371776634,48.89824125335509
2023-04-19,50.52482917905063,10.954222795207803,49.10409417897526
2023-04-20,50.11423614874346,10.894445601414354,48.70504683617307
2023-04-21,50.11327560327031,10.902910585646653,48.70411330079761
2023-04-24,50.28620744393203,10.914282321387482,48.87218237749463
2023-04-25,48.657577789387766,10.741029003817777,47.28934904111651
2023-04-26,47.99759005058753,10.695530004957606,46.64791985452451
2023-04-27,48.906715014585174,10.908456616296302,47.53148064192264
2023-04-28,49.184990680166145,11.001560293516391,47.80193132354656
2023-05-01,49.05891717017615,10.990448717619941,47.679402942775894
2023-05-02,48.10562714958337,10.86692706448261,46.752918999897496
2023-05-03,47.95432185574867,10.792336477112002,46.60586834145968
2023-05-04,47.12691120839467,10.715894357844618,45.801724101637014
2023-05-05,47.9386669906129,10.914277710091396,46.590653683944254
2023-05-08,47.82089364482004,10.91719182223999,46.476192070564196
2023-05-09,47.59593758289379,10.869319936099469,46.25756166981979
2023-05-10,47.38012945786783,10.920101398840925,46.04782197018995
2023-05-11,47.07317640965512,10.901056742001348,45.74950030076791
2023-05-12,47.125413751075875,10.886776357669326,45.80026875213054
2023-05-15,47.63880594610772,10.924335736103284,46.29922459434142
2023-05-16,46.869727609289356,10.851328400378906,45.55177238726307
2023-05-17,47.69722616175104,10.983052675831104,46.356002060342114
2023-05-18,48.15323312682916,11.088852422257386,46.7991863189195
2023-05-19,47.87996090728957,11.072718141983001,46.53359838873145
2023-05-22,48.13593479232754,11.077213665548646,46.7823744056422
2023-05-23,47.70154072809062,10.952894096580193,46.360195303057154
2023-05-24,47.104694171592634,10.873540378850471,45.78013179770981
2023-05-25,47.0346048668601,10.967705238531314,45.71201337204767
2023-05-26,47.37892713975216,11.109747989075533,46.04665346070767
2023-05-30,47.26811355098635,11.11398080305937,45.938955899182396
2023-05-31,46.52722825251026,11.052353779506406,45.21890395515183
2023-06-01,46.8805827899844,11.157362192765497,45.56232232526068
2023-06-02,48.17450961228357,11.31870880743508,46.81986451937115
2023-06-05,47.965854566462106,11.297022161360033,46.617076757642614
2023-06-06,48.54786525028566,11.321615778605315,47.182721568243814
2023-06-07,49.14218278637667,11.282465631242898,47.76032716807689
2023-06-08,48.96043087403723,11.350713265846286,47.58368603606838
2023-06-09,48.68596307021583,11.371076445445215,47.31693614087964
2023-06-12,48.99530101035277,11.474234850958293,47.617575640159934
2023-06-13,49.585344063320534,11.549884481330663,48.191026953372734
2023-06-14,49.30285171505533,11.563640393747928,47.91647816024579
2023-06-15,49.91436822971375,11.707006407349613,48.51079911126516
2023-06-16,49.89764611847259,11.667284534609477,48.49454721811483
2023-06-20,49.46389201752151,11.606754662443924,48.072990083341786
2023-06-21,49.39823718011321,11.547281651553561,48.00918142981865
2023-06-22,49.0716350557565,11.588967338315669,47.69176320725261
2023-06-23,48.639733390470724,11.501354745238002,47.27200641850446
2023-06-26,49.02561910443512,11.454360209748959,47.64704120335607
2023-06-27,49.77795079080555,11.579934360728437,48.378217668108526
2023-06-28,49.69661783196888,11.585770647646244,48.29917175473358
2023-06-29,50.132034633448974,11.631430169768619,48.72234483566011
2023-06-30,50.51331447985268,11.768692677202058,49.083369175576635
2023-07-03,50.75121378458174,11.782238442473517,49.31453395897816
2023-07-05,50.40822295543877,11.764718253909558,48.98125261199038
2023-07-06,50.014262748810694,11.672588745263193,48.59844474318333
2023-07-07,50.384742903558944,11.643115458681404,48.95843724011177
2023-07-10,50.829547874122355,11.672584183907327,49.3906505447842
2023-07-11,51.612950249983584,11.746926872574633,50.151876142893734
2023-07-12,51.89445310673433,11.84144264619137,50.42541013653787
2023-07-13,52.186141209591845,11.935428176474192,50.70884104943882
2023-07-14,51.66891990628555,11.927992404720248,50.20626139421192
2023-07-17,51.75059681802766,11.969406394349436,50.28562617265573
2023-07-18,52.17402155310537,12.058351053265847,50.697064479642705
2023-07-19,52.62050631622329,12.08516882600831,51.13091002482324
2023-07-20,52.588570396580494,12.00499581601657,51.09987815629651
2023-07-21,52.57017761635266,12.00499581601657,51.08200604413389
2023-07-24,52.7348684044225,12.058622132326716,51.24203471843269
2023-07-25,52.76352476915694,12.091542170747967,51.26987987062618
2023-07-26,53.05446253036104,12.093404268242262,51.552581682759154
2023-07-27,52.562098831467594,12.013224997943816,51.0741559557941
2023-07-28,52.89169484956464,12.130834470673685,51.39442167586495
2023-07-31,53.04129106466334,12.153931579505846,51.53978307866674
2023-08-01,52.740427831139726,12.1191470273253,51.2474367673138
2023-08-02,52.220348377351975,11.950557573028178,50.74207987094384
2023-08-03,51.923460452502816,11.916307275023879,50.45359633409426
2023-08-04,51.790439879054475,11.862409817218944,50.32434134495446
2023-08-07,52.128141617111446,11.965956792513449,50.65248332595419
2023-08-08,51.97859015906772,11.913916846422808,50.50716541321195
2023-08-09,51.78599637428953,11.83427231230447,50.32002362818889
2023-08-10,51.68124374044396,11.838520816064587,50.218236361760226
2023-08-11,51.727182633357636,11.831618958428821,50.262874803399185
2023-08-14,51.6067200516278,11.896929495079348,50.14582231076881
2023-08-15,50.815852895232155,11.758342163391168,49.37734324725997
2023-08-16,50.43692195673679,11.672059448596205,49.009139193779475
2023-08-17,50.080177824056825,11.583118355597902,48.66249387569143
2023-08-18,50.13393286811659,11.588689835526944,48.714727206641925
2023-08-21,50.060076533695934,11.664085851596882,48.64296161838758
2023-08-22,49.76449972104988,11.632487843024906,48.35575207840315
2023-08-23,50.168507027038686,11.762050492620519,48.74832263041844
2023-08-24,49.73531576805611,11.599040234843292,48.32739427306919
2023-08-25,49.86964260609578,11.680813468498938,48.45791854868996
2023-08-28,50.31125598149505,11.75488150670269,48.88703060678391
2023-08-29,50.927647465243275,11.924798318882079,49.48597310471804
2023-08-30,51.08609476902563,11.973916563157553,49.63993503706212
2023-08-31,51.00404721257027,11.956398723225654,49.5602101062212
2023-09-01,51.18628400912277,11.97869740684447,49.737288091593356
2023-09-05,50.40951064082757,11.926925476652087,48.982503845214175
2023-09-06,50.081971616418336,11.846752683598032,48.664236888867464
2023-09-07,49.65477956381259,11.810383152859385,48.249137910650866
2023-09-08,49.75321532681136,11.828169589887592,48.344787126013216
2023-09-11,49.62879304229792,11.905963461280283,48.223887022994276
2023-09-12,49.65551647182015,11.8406473457317,48.24985395805649
2023-09-13,49.348838967129254,11.854453540536824,47.95185796758176
2023-09-14,50.041725047257906,11.956662638963332,48.62512963105842
2023-09-15,49.70190407059563,11.813110947319938,48.29492840346385
2023-09-18,49.48033917945581,11.820033430335068,48.07963563441582
2023-09-19,49.40645809549926,11.795518681000553,48.007845997242484
2023-09-20,49.180277401564325,11.687082477766115,47.788068090860456
2023-09-21,48.35966187127646,11.493918378573596,46.990682778906866
2023-09-22,48.088431536879234,11.468068556140185,46.72713051012543
2023-09-25,48.23932672343963,11.516291784418755,46.87375411273444
2023-09-26,47.522137751657226,11.347105941813858,46.1768675307881
2023-09-27,47.56717852386743,11.351633437084642,46.22063327598045
2023-09-28,47.93032305472392,11.417438856119421,46.57349780794915
2023-09-29,47.95887988665408,11.38972873201562,46.5952934955878
2023-10-02,47.29288325596725,11.385195619980276,45.948232752149536
2023-10-03,46.62650375967178,11.23279339141122,45.30080002889347
2023-10-04,46.8448259246553,11.314590592887477,45.51291476923018
2023-10-05,46.61990554883945,11.310324992233959,45.2943894210768
2023-10-06,46.93751670617586,11.444612480866752,45.60297012872762
2023-10-09,47.23025795531055,11.51788088996926,45.887388039528126
2023-10-10,47.71426317457168,11.57783146000155,46.35763182541651
2023-10-11,47.711020642817424,11.625254257661718,46.35448148664477
2023-10-12,46.87976635814918,11.554386707707012,45.546861762099056
2023-10-13,46.79751850897786,11.496834307515924,45.4669524172483
2023-10-16,47.5445623106235,11.617803998099605,46.19275596549644
2023-10-17,47.893778301464074,11.617269579115693,46.53204290516275
2023-10-18,47.00669145881263,11.462469461973976,45.67017807664493
2023-10-19,46.356426949145536,11.361760205281072,45.038402152158966
2023-10-20,45.642010833799645,11.222146895878579,44.34429860655499
2023-10-23,45.22494440027314,11.202698915308021,43.939090375602724
2023-10-24,45.496059278232835,11.287156062430528,44.202496805014896
2023-10-25,44.964762071634816,11.125162798622524,43.68630565682028
2023-10-26,44.96372980446068,10.99193897410902,43.68530273948651
2023-10-27,44.25701593551587,10.942112514739383,42.99868244687934
2023-10-30,44.58238390507975,11.072936411965609,43.31479942191557
2023-10-31,44.87070814634289,11.142474452632753,43.594925911009966
2023-11-01,44.86372516169964,11.26130894267008,43.58814146942801
2023-11-02,45.963037690044544,11.477120667247409,44.65619789657281
2023-11-03,47.02052670482795,11.581826439094707,45.68361995331491
2023-11-06,46.62038079032649,11.608464639904625,45.29485115030449
2023-11-07,46.5361387239017,11.641502330269793,45.213004288596814
2023-11-08,46.43943463322576,11.65002390997555,45.119049727983246
2023-11-09,45.95737230498089,11.559165373501651,44.65069359204299
2023-11-10,46.37537102339892,11.739546149155146,45.05680760078337
2023-11-13,46.193661355432425,11.728358361675001,44.880264376048004
2023-11-14,47.86733411892585,11.955900242249857,46.506350594384614
2023-11-15,48.25242029920083,11.9812108830627,46.88048784766108
2023-11-16,47.890600177827174,11.995863903972685,46.52895514323051
2023-11-17,48.16003697303476,12.010786758669227,46.790731201822375
2023-11-20,48.367878271367154,12.103245795137463,46.9926630717741
2023-11-21,48.18376464629697,12.076872822549857,46.8137842402218
2023-11-22,48.47405356205714,12.12350162851772,47.095819543388366
2023-11-24,48.65169163154749,12.13095758201926,47.26840693499246
2023-11-27,48.501877777533586,12.109109727414042,47.12285264944658
2023-11-28,48.490906548087146,12.121097746044182,47.11219335846074
2023-11-29,48.80300362557299,12.112576614328713,47.4154167648234
2023-11-30,49.12786065777102,12.160263828459327,47.731037329672844
2023-12-01,50.17519353869426,12.232203949268492,48.748592015886054
2023-12-04,50.28293467436377,12.167997110738781,48.85326981173811
2023-12-05,49.602801879718676,12.165600015307966,48.1924748295083
2023-12-06,49.801739994542324,12.116572647246276,48.38575665488816
2023-12-07,50.12875634860976,12.209022096544766,48.70347514688884
2023-12-08,50.26353323581298,12.261508682537812,48.83442000278409
2023-12-11,50.635655753678215,12.309205951312883,49.195962181776316
2023-12-12,50.6144839541501,12.365422094892528,49.17539234746883
2023-12-13,52.041681929892825,12.535941265581096,50.56201164952942
2023-12-14,53.13884524520459,12.576169101102346,51.62797997094073
2023-12-15,52.6780930436897,12.555544183776538,51.18032806353456
2023-12-18,52.61055057203081,12.626169119810282,51.11470598691809
2023-12-19,53.217610191887935,12.702948854227849,51.704505440604514
2023-12-20,52.143212523522344,12.526924091954813,50.6606554840003
2023-12-21,52.92006504357802,12.645704386194728,51.415420217045195
2023-12-22,53.05635319317915,12.67112225201098,51.54783336651081
2023-12-26,53.39540090883189,12.724632401281223,51.8772411395277
2023-12-27,53.441654922883046,12.74763853666274,51.92218004062706
2023-12-28,53.5740901770233,12.752457144029599,52.050849841723604
2023-12-29,53.29749272989024,12.715538780597633,51.7730437479785
2024-01-02,53.4085440401354,12.64438262558141,51.88091869760752
2024-01-03,52.43370378139329,12.541115952678286,50.933961443559454
2024-01-04,52.28270792950822,12.500721018194708,50.78728447162328
2024-01-05,52.57397114813177,12.517847005989637,51.07021679334425
2024-01-08,53.249728463771135,12.696551789847144,51.7266456659541
2024-01-09,52.986385913363904,12.677291120781945,51.47083540763604
2024-01-10,53.10259795519742,12.748981202069967,51.58372347830721
2024-01-11,52.85046089609478,12.743358901359853,51.338798204663235
2024-01-12,52.5309371354606,12.752190049078497,51.02841366703268
2024-01-16,52.04308884986577,12.70537675940833,50.55451913018309
2024-01-17,51.45789724000912,12.634747570002778,49.986065545103536
2024-01-18,51.74407208858115,12.747108380142814,50.26405503758827
2024-01-19,52.02803782169749,12.906013833209675,50.53989860115079
2024-01-22,52.44097919319407,12.93329714645308,50.941028759377794
2024-01-23,52.55026967239254,12.971010640932137,51.04719324237614
2024-01-24,52.30082753006782,12.985187955562676,50.80488580377645
2024-01-25,52.92227431601164,13.05581439285298,51.40855757120398
2024-01-26,53.04079159107906,13.039233508574057,51.523684939353444
2024-01-29,53.3870792350363,13.142491198728456,51.86006784259513
2024-01-30,53.28236541553242,13.132332053031838,51.75834911474297
2024-01-31,52.43660970169995,12.918051790922517,50.93678424687454
2024-02-01,53.05166882165776,13.08712325276211,51.534251052424885
2024-02-02,52.84653808259045,13.224891399243937,51.334987593980166
2024-02-05,52.29290695045816,13.17673956965929,50.79719177365167
2024-02-06,52.67026284316064,13.214991644630013,51.163754291713275
2024-02-07,52.72879864584802,13.325204674946228,51.22061581592641
2024-02-08,52.98555930876053,13.331094415412554,51.47003244610632
2024-02-09,53.13575173739089,13.408134810039224,51.615928974813656
2024-02-12,53.78795111524371,13.402248638857618,52.24947372884372
2024-02-13,52.659585040179415,13.217659468354631,51.15338190208362
2024-02-14,53.2862369898071,13.337781557603037,51.762109951773546
2024-02-15,54.06005651616975,13.429812250350498,52.51379619702437
2024-02-16,53.942200811328114,13.362931785343752,52.39931147644587
2024-02-20,53.76895536645198,13.289368845865436,52.231021308610686
2024-02-21,53.76576663109331,13.301409014039791,52.22792377950061
2024-02-22,54.127085417799314,13.576694974994359,52.5789078951306
2024-02-23,54.27600335256731,13.586062894527107,52.72356638386431
2024-02-26,53.93695701928097,13.536297146144454,52.3942176706934
2024-02-27,54.18980257367249,13.56144758624199,52.6398311747908
2024-02-28,54.06391539743994,13.543519352532977,52.51754470410391
2024-02-29,54.378286471977,13.592208304605332,52.822923936061265
2024-03-01,54.57640200868852,13.719811956168966,53.01537284545561
2024-03-04,54.57468177134711,13.705104317751953,53.01370181144308
2024-03-05,54.4044602386263,13.56813550520034,52.848349063893316
2024-03-06,54.75201973752441,13.63688524780519,53.185967443667174
2024-03-07,55.26888395244782,13.772244970774905,53.688047977672994
2024-03-08,55.304338732622455,13.689583956460314,53.722488657544375
2024-03-11,55.48005207170039,13.677810914257758,53.89317613129272
2024-03-12,55.43997138166163,13.824943126262427,53.85424185479042
2024-03-13,55.47517399881007,13.803265615440448,53.88843758416377
2024-03-14,54.80414647797326,13.775976559318723,53.236603221739834
2024-03-15,54.78947477167412,13.681666223793627,53.222351164969886
2024-03-18,54.89183863396679,13.762976366161633,53.32178715059022
2024-03-19,55.25031315141567,13.839457225828394,53.6700083505719
2024-03-20,55.799143332065746,13.967458365710081,54.20314053930377
2024-03-21,56.286526655048334,14.013620815608752,54.6765834126992
2024-03-22,55.834178162180685,13.987050990542357,54.237173280795645
2024-03-25,55.732776842936616,13.94840476865549,54.138672306951875
2024-03-26,55.67167845994443,13.922642065047782,54.07932149899518
2024-03-27,56.78154836529171,14.039647948962445,55.15744619531666
2024-03-28,57.11703543012922,14.036966376204193,55.472476658601856
2024-04-01,56.69723375904797,14.012542054709598,55.064762248620234
2024-04-02,56.03150779651463,13.923450312325755,54.41820439351528
2024-04-03,56.103011498136645,13.938752184219,54.487649304116154
2024-04-04,55.531065399892476,13.768615775058421,53.93217112941924
2024-04-05,55.73452221245657,13.912456504060458,54.1297698528299
2024-04-08,55.92062838222344,13.920233567246228,54.31051750684712
2024-04-09,56.3486331021935,13.936339277483533,54.72619877705861
2024-04-10,55.26634594576683,13.79679471229809,53.67507368678279
2024-04-11,54.98300045168326,13.900919121991802,53.39988649983397
2024-04-12,53.94893612002184,13.709044735350949,52.3955957646863
2024-04-15,53.525769891743245,13.537297822906472,51.984613672494035
2024-04-16,53.192969736385,13.51260579167749,51.661395761916864
2024-04-17,53.01158640250532,13.432638190602344,51.485234960167816
2024-04-18,52.9627517724156,13.404993821206084,51.43780641529703
2024-04-19,53.29315324743079,13.287995035134598,51.758694710229115
2024-04-22,53.71036812286799,13.410364181413152,52.1638968056289
2024-04-23,54.15071881815183,13.569504973153983,52.591568576087134
2024-04-24,54.24720734100623,13.563059458291734,52.68527892522476
2024-04-25,53.93783975707704,13.511533395409684,52.3848188969827
2024-04-26,53.97793957365435,13.639541662797795,52.42376412798689
2024-04-29,54.45842063199282,13.687839279825763,52.89041079640835
2024-04-30,53.55016317716154,13.471010217794044,52.00830460718285
2024-05-01,53.50227749982437,13.427269847616866,51.96179769206787
2024-05-02,53.77858617946772,13.552855102501626,52.23015067409257
2024-05-03,54.10985342256952,13.720842741497133,52.55187980923301
2024-05-06,54.51514845971061,13.862537884488574,52.94550527173031
2024-05-07,54.63875771623946,13.877828263775166,53.06555547296968
2024-05-08,54.54880020711913,13.879174413116752,52.97818809146319
2024-05-09,55.04298020020721,13.95914621608513,53.4581392640912
2024-05-10,55.08700054081448,13.977125596411447,53.500892136302646
2024-05-13,55.2099334651862,13.978998531241368,53.620285478874244
2024-05-14,55.505033529386964,14.043134176502704,53.90688878907849
2024-05-15,55.853116046666486,14.217030307010338,54.24494903974881
2024-05-16,55.73868119529332,14.18777165863851,54.13380908694977
2024-05-17,55.76025182075165,14.208173674283634,54.15475863393233
2024-05-20,55.69847426699583,14.224541490356408,54.09475982827062
2024-05-21,55.57057416271401,14.259434290632253,53.97054232475394
2024-05-22,55.395101258879215,14.218381379309523,53.800121775282314
2024-05-23,54.590359950842384,14.114530321715048,53.01855121423848
2024-05-24,54.95290083335052,14.207912054323513,53.37065353347252
2024-05-28,54.564344990044134,14.217843384849486,52.993285296727414
2024-05-29,53.89355240622822,14.118275827625386,52.341806702499376
2024-05-30,54.25316028706795,14.024615185784919,52.69106046936436
2024-05-31,55.00500335726897,14.152351380897047,53.42125588039323
2024-06-03,54.764698663281976,14.163885547272479,53.187870228848844
2024-06-04,54.38223177500489,14.179720771314328,52.816415629133274
2024-06-05,54.71758115847685,14.348246752681398,53.14210936843596
2024-06-06,54.61515395949853,14.347974135993097,53.04263133422533
2024-06-07,54.3426915472067,14.330526999443729,52.778013874786375
2024-06-10,54.397129754144174,14.37480832787201,52.830884653896916
2024-06-11,54.15929590087318,14.409422866325526,52.59989870067212
2024-06-12,54.50882524511926,14.527767456326657,52.93936412012489
2024-06-13,54.19257317897702,14.557026379983698,52.632217833116236
2024-06-14,53.7231583054326,14.565877052022728,52.17631872316071
2024-06-17,54.06468242658475,14.681806867479777,52.50800941222203
2024-06-18,54.06682543305583,14.719113338730041,52.51009071555915
2024-06-20,54.14481476149686,14.679121507788713,52.585834513692
2024-06-21,54.297902337833385,14.659510201454307,52.734514271685356
2024-06-24,54.65859845793966,14.611852133789379,53.084824944372826
2024-06-25,54.122294645473616,14.668122376356601,52.563962814626365
2024-06-26,53.96273388569251,14.686428193082293,52.40899625419603
2024-06-27,53.90843874732527,14.709574003914591,52.3562644243125
2024-06-28,53.97821829321183,14.651691830209186,52.41491484059999
2024-07-01,53.38811844918036,14.681845011995755,51.841905318419265
2024-07-02,53.56227104408571,14.780653828926484,52.01101415008997
2024-07-03,54.41088878919087,14.846619886964984,52.83505444353376
2024-07-05,53.52594873822575,14.932240343853111,51.97574380162982
2024-07-08,53.68188553361741,14.94947214920992,52.12716439514718
2024-07-09,53.565350850953024,14.964003036138951,52.014004760372835
2024-07-10,54.09258985954819,15.112071846181546,52.525974006672186
2024-07-11,55.170549450946716,14.981760450651922,53.57271400608906
2024-07-12,55.7003411504052,15.076265395574634,54.08716201286715
2024-07-15,55.68058758298957,15.117725125412464,54.06798054325536
2024-07-16,57.05208166312575,15.20737323540616,55.39975376007841
2024-07-17,57.08763300169315,14.994150655272533,55.434275469805016
2024-07-18,56.36486035222719,14.878920607486762,54.73243557829385
2024-07-19,55.84495239264711,14.780109695732442,54.22758506102947
2024-07-22,56.32181700067136,14.932492626695444,54.69063883735665
2024-07-23,56.1166733122463,14.909063545764159,54.49143646834779
2024-07-24,55.565122508790424,14.571179438626507,53.955859539217485
2024-07-25,55.85189682366935,14.495263593751261,54.234328369203666
2024-07-26,56.75415670543987,14.657610546001276,55.11045722937091
2024-07-29,56.917185326736465,14.666229221002325,55.268764257132126
2024-07-30,57.45532543727519,14.591930103768727,55.79131889042843
2024-07-31,57.74005367778372,14.829121927605486,56.06780090393059
2024-08-01,57.061157192945196,14.619126731988665,55.40856644670753
2024-08-02,55.90883173699178,14.3469478304925,54.28961434802277
2024-08-05,54.631019115350384,13.929107321877236,53.048809411080256
2024-08-06,55.02431883800397,14.057533691384945,53.43071848702901
2024-08-07,54.57245338202703,13.963573136191728,52.991939843655054
2024-08-08,55.58370828146814,14.286369056381073,53.97390703546599
2024-08-09,55.611039395429216,14.349371943919714,54.000446592644245
2024-08-12,55.18183212940618,14.356905364190274,53.58366991847979
2024-08-13,55.9460834122323,14.593019029809746,54.32578714970353
2024-08-14,55.88288589646519,14.639060004848796,54.26441994434167
2024-08-15,56.75540984106188,14.889973493331903,55.11167407199724
2024-08-16,56.91179458381344,14.923356813903954,55.26352963953687
2024-08-19,57.38621876098449,15.066039028401688,55.72421366414959
2024-08-20,56.96275050795168,15.041541648941507,55.31300979113841
2024-08-21,57.40530768851997,15.093239427588918,55.742749743012666
2024-08-22,57.15874871208226,14.974772591321772,55.50333154504684
2024-08-23,58.082406530895106,15.133879550104567,56.40023862063691
2024-08-26,58.0655964730393,15.097800381257116,56.38391541140849
2024-08-27,57.99966355089222,15.118529661180583,56.31989202181167
2024-08-28,57.946169904756914,15.03076659649743,56.26794764507315
2024-08-29,58.22091833501523,15.032119365491114,56.534738881055645
2024-08-30,58.54525427896245,15.175615976954093,56.849681489746246
2024-09-03,57.81608141591129,14.863316975764354,56.14162674601074
2024-09-04,57.68568534843074,14.832891765914963,56.01500717632769
2024-09-05,57.396320411560076,14.796818173140258,55.73402275328607
2024-09-06,56.73648985293413,14.547787723286307,55.093302039761674
2024-09-09,57.12130026050411,14.71066475463622,55.46696766601471
2024-09-10,57.045235393849744,14.774744410307415,55.3931057707148
2024-09-11,57.00785358167523,14.92631851321276,55.35680660109284
2024-09-12,57.258663857975,15.052042894049551,55.60035297385365
2024-09-13,58.04094171156432,15.130659714085171,56.35997469487525
2024-09-16,58.44664316144786,15.153007698482874,56.75392632237883
2024-09-17,58.723588842361465,15.159205278631555,57.02285117280102
2024-09-18,58.79116727344999,15.114243075775134,57.08847241452722
2024-09-19,59.39502745201186,15.37215251962016,57.67484374792357
2024-09-20,58.902337162036424,15.345650928676335,57.196422629027545
2024-09-23,59.14737746536413,15.383999710347098,57.434366137308366
2024-09-24,59.358653983485866,15.4280133335184,57.63952371855744
2024-09-25,58.7369312915409,15.393979136104658,57.03580720135515
2024-09-26,59.64602032776211,15.455016263379314,57.918567431735866
2024-09-27,59.97104940245682,15.432606489797415,58.23418309689726
2024-09-30,60.04567646322599,15.494444944002035,58.290188626208206
2024-10-01,59.619925374421186,15.355645706193664,57.87688474263144
2024-10-02,59.50655060216699,15.362125788681677,57.76682458094437
2024-10-03,59.23914098825702,15.334043822739966,57.50723292083844
2024-10-04,59.69552109062051,15.473384278957205,57.95027035198984
2024-10-07,59.23172772412155,15.333504885075431,57.50003638995987
2024-10-08,59.19932600314795,15.478529174278474,57.46858196162111
2024-10-09,59.53656987274699,15.585733467339526,57.795966211909295
2024-10-10,59.33485862861516,15.558458433771682,57.60015217231437
2024-10-11,59.90142204073762,15.651622482873108,58.150151607853346
2024-10-14,60.296943487901636,15.779621451538045,58.53410963978628
2024-10-15,60.157772185919235,15.657013792859594,58.399007132466195
2024-10-16,60.571531793732035,15.725059174803361,58.80067011647948
2024-10-17,60.466696128489,15.726411529892395,58.69889941354617
2024-10-18,60.69888787648227,15.78691103504789,58.92430283282922
2024-10-21,60.131355350660314,15.760988927128341,58.373362616476896
2024-10-22,59.74866650918988,15.752619842008038,58.001862017793194
2024-10-23,59.48843986062075,15.608688154511611,57.749243322757756
2024-10-24,59.541773036372234,15.642449746989818,57.80101725649791
2024-10-25,59.269618733367295,15.637053101827107,57.53681962242998
2024-10-28,59.70046058359744,15.685387232964853,57.95506543457199
2024-10-29,59.529762670358934,15.710766189507789,57.78935802403322
2024-10-30,59.40378888693288,15.663241121784527,57.66706719427867
2024-10-31,58.84205494355607,15.356194606074183,57.12175603374522
2024-11-01,58.946128157551584,15.421013103506423,57.222786576359695
2024-11-04,59.13862867295175,15.387796241281471,57.40965917092841
2024-11-05,59.758636979323676,15.573865473431047,58.01154099251752
2024-11-06,61.17185606653073,15.961125212293384,59.38344338442256
2024-11-07,61.15767199569344,16.084536632434837,59.369673997294434
2024-11-08,61.27826173728215,16.154214845126546,59.48673819238093
2024-11-11,61.661830822968156,16.16960981187395,59.85909330057117
2024-11-12,61.173172589993364,16.11938700379827,59.38472141817101
2024-11-13,61.12484751171807,16.127221025882115,59.33780916579981
2024-11-14,60.71514854726344,16.023522994685692,58.94008810868674
2024-11-15,60.12453154974708,15.818277688646763,58.366738315348016
2024-11-18,60.317604823591516,15.883085172337148,58.55416692326729
2024-11-19,60.011597692871796,15.94113784864204,58.25710617849341
2024-11-20,60.301050063967935,15.94654189437273,58.53809615651176
2024-11-21,61.18236144008058,16.032142931261724,59.39364162419402
2024-11-22,61.688807325596514,16.081826542205704,59.88528112156514
2024-11-25,62.56421264614654,16.136376097836866,60.73509320238159
2024-11-26,62.35744513962526,16.22062411744367,60.53437072464791
2024-11-27,62.37480009637908,16.171475626367815,60.55121829407116
2024-11-29,62.58100228653135,16.271932832958814,60.751391982954054
2024-12-02,62.57150112967702,16.30109213659548,60.74216860072526
2024-12-03,62.292865271193754,16.30865584334686,60.471678905118914
2024-12-04,62.21907691250087,16.409932596134045,60.40004781359044
2024-12-05,61.807361407077586,16.38292184708081,60.00036917084661
2024-12-06,61.71439211539899,16.41398386690287,59.91011791767419
2024-12-09,61.75838806853557,16.32945184998832,59.9528276106642
2024-12-10,61.436632406350654,16.278683584186705,59.64047875650823
2024-12-11,61.4284458624946,16.404534086976053,59.6325315534176
2024-12-12,61.261952933479556,16.320001522825866,59.47090619071295
2024-12-13,60.97495638012467,16.316753842522825,59.19230023245758
2024-12-16,60.681866700338134,16.386426381430397,58.90777928564777
2024-12-17,60.2160193354552,16.318914304738904,58.455551375671966
2024-12-18,58.498971382703935,15.832545382800465,56.788702820682126
2024-12-19,58.22307140963374,15.827684791367945,56.52086902448741
2024-12-20,59.065761165745776,16.01714217832062,57.338922008988725
2024-12-23,59.082355205184676,16.113052825684402,57.35503090717987
2024-12-24,59.48743764307383,16.292149407841883,57.74827040591689
2024-12-26,59.601007410893246,16.293240981852207,57.858519862303304
2024-12-27,59.21759354855415,16.12172203403625,57.486315439369825
2024-12-30,58.68193146746383,15.937740942183828,56.966313907439634
2024-12-31,58.780707708821524,15.879759440636162,57.05069429722978
