,inverse_return,spy_return
1996-01-02,0.0,0.010673
1996-01-03,0.006865758807513259,0.002766
1996-01-04,-0.005101092506252424,-0.009529
1996-01-05,-0.0009934793765967865,-0.002025
1996-01-08,0.003502856306502669,0.003805
1996-01-09,-0.01572218979014271,-0.017185
1996-01-10,-0.016473717028250987,-0.013114
1996-01-11,0.0047105677359623715,0.005993
1996-01-12,-0.0005352425852164815,-0.001554
1996-01-15,-0.0027152816876949335,-0.002075
1996-01-16,0.0021308384846261165,0.012217
1996-01-17,-0.006313427059337401,-0.003082
1996-01-18,0.0036673925807684028,0.003349
1996-01-19,0.004549002088382898,0.006675
1996-01-22,0.0075411396211183075,0.000255
1996-01-23,0.0016181126092939238,0.002295
1996-01-24,0.011906083207827283,0.00814
1996-01-25,-0.004494227854354966,-0.003533
1996-01-26,-0.0008484643953774469,0.00861
1996-01-29,0.003941300288571668,0.004017
1996-01-30,0.00544438647918565,0.008502
1996-01-31,0.01021082495315241,0.010414
1996-02-01,0.0036915852874921233,0.003681
1996-02-02,0.0002407241960301826,-0.004156
1996-02-05,0.006687651563920996,0.008102
1996-02-06,0.007032121103060439,0.009498
1996-02-07,-0.0003167081201514185,0.00579
1996-02-08,0.006725172217274763,0.010794
1996-02-09,0.0017122521407075685,-0.000237
1996-02-12,0.004114711247871232,0.007596
1996-02-13,-0.0022969948236650703,-0.00212
1996-02-14,-0.004728666817109941,-0.008735
1996-02-15,-0.001948448146900652,-0.006192
1996-02-16,-0.001269869843737101,-0.004074
1996-02-20,-0.011910012676138913,-0.009865
1996-02-21,0.012385242987294102,0.012394
1996-02-22,0.011370017216208974,0.015843
1996-02-23,-0.0023972696989342877,-0.002836
1996-02-26,-0.009398628597904383,-0.014218
1996-02-27,-0.004962108603243469,-0.003125
1996-02-28,-5.907865490717837e-05,-0.004582
1996-02-29,-0.0009713947443818758,-0.00969
1996-03-01,0.008270621694318001,0.0159
1996-03-04,0.011491979486765091,0.005779
1996-03-05,0.006041115046338724,0.009337
1996-03-06,-0.0014697645373793024,-0.008776
1996-03-07,0.0013437317795095582,0.005025
1996-03-08,-0.028867070688185573,-0.032381
1996-03-11,0.012422247387088841,0.011565
1996-03-12,-0.004597246414369437,-0.007784
1996-03-13,0.011929295969150574,0.006864
1996-03-14,0.00791052299208846,0.004383
1996-03-15,-0.0012811513798533418,-0.000662
1996-03-18,0.011912672982002171,0.01925
1996-03-19,0.0029760606174679067,-0.002152
1996-03-20,-0.004480817810032871,-0.001198
1996-03-21,-0.0010204711306662344,-0.002399
1996-03-22,0.005308062613090878,0.002645
1996-03-25,-0.0042473226578772375,-0.001918
1996-03-26,0.0035582634617714846,0.004805
1996-03-27,0.0001305984189906334,-0.009087
1996-03-28,0.0024272139572895555,0.003861
1996-03-29,-0.0035855750500014085,-0.004808
1996-04-01,0.007006227988692969,0.011594
1996-04-02,-0.0005570271048078563,0.00191
1996-04-03,0.006243210517706644,0.0
1996-04-04,0.0037131075610154387,-0.000715
1996-04-08,-0.014037194391080718,-0.017172
1996-04-09,0.008604302277828,-0.003883
1996-04-10,-0.007492298626118374,-0.017783
1996-04-11,-0.0012929009570370258,-0.00124
1996-04-12,0.00489708606377014,0.012665
1996-04-15,0.010837893764882303,0.008337
1996-04-16,0.008013522252322897,0.002918
1996-04-17,-0.003326305819353791,-0.002425
1996-04-18,0.007026147080534256,0.001458
1996-04-19,0.0066185249090620546,0.002427
1996-04-22,0.0016033952549508344,0.007748
1996-04-23,0.011829690244929872,0.003124
1996-04-24,-4.982553455413765e-05,-0.003593
1996-04-25,0.006170103161496664,0.004567
1996-04-26,0.0012308642588379497,0.002154
1996-04-29,0.0013031433724010665,0.0
1996-04-30,-0.0035252833576848064,-0.000716
1996-05-01,0.0016059033384891574,0.002151
1996-05-02,-0.01055160731691116,-0.017167
1996-05-03,-0.0019659710916965036,-0.001456
1996-05-06,-0.0009643910442671726,-0.000972
1996-05-07,-0.005628920079024498,-0.004134
1996-05-08,0.003076869477690637,0.012454
1996-05-09,0.006944283773235074,-0.000724
1996-05-10,0.007419873873070204,0.009896
1996-05-13,0.008624436156854822,0.015057
1996-05-14,0.003710252085625994,0.006122
1996-05-15,0.0011536880521683976,-0.00117
1996-05-16,-0.00027028874534342564,0.002109
1996-05-17,0.0031658608896954986,0.005378
1996-05-20,0.002095679128084306,0.006744
1996-05-21,-0.0005125187537419816,-0.001386
1996-05-22,0.006112619393810755,0.009484
1996-05-23,-0.0045563865524480135,-0.004125
1996-05-24,0.002240400802535203,0.003912
1996-05-28,-0.010706555393650875,-0.010085
1996-05-29,-0.006296959373778883,-0.006715
1996-05-30,0.009340277862649078,0.005128
1996-05-31,0.0003628323528805287,-0.007421
1996-06-03,-0.0029202151907836,0.002804
1996-06-04,0.007881394918833298,0.00699
1996-06-05,0.005545793775235655,0.008792
1996-06-06,-0.007359790872408106,-0.007339
1996-06-07,-0.004124713230105022,0.0
1996-06-10,-0.0032795075301132104,-0.003235
1996-06-11,-0.002126227553797758,-0.000927
1996-06-12,-0.00588956618490333,-0.001856
1996-06-13,-0.004843462596346424,0.0
1996-06-14,-0.006408809031521409,-0.004184
1996-06-17,-0.00034561261018723074,-0.0007
1996-06-18,0.00013880652254802812,-0.008176
1996-06-19,-0.003691151422495633,0.004475
1996-06-20,-0.004740993335899193,-0.000703
1996-06-21,0.003193074014768786,0.008555
1996-06-24,0.002958604881146494,0.001871
1996-06-25,-0.008482276368026457,-0.001167
1996-06-26,-0.009874613867603995,-0.006777
1996-06-27,0.0004733984764727435,0.007059
1996-06-28,0.01114074156369482,0.003505
1996-07-01,0.010021945982436383,0.008615
1996-07-02,-0.0023022311430920704,-0.003693
1996-07-03,-0.007281961481066819,-0.002085
1996-07-05,-0.015861255881223165,-0.02554
1996-07-08,-0.004647617056449606,-0.004051
1996-07-09,-0.001304365041276037,0.004067
1996-07-10,-0.007605132852248615,0.004051
1996-07-11,-0.016735266933036227,-0.020171
1996-07-12,0.0012674815001532853,0.000727
1996-07-15,-0.03379412475537442,-0.029526
1996-07-16,-0.0050281655955696225,0.002494
1996-07-17,0.014196263572856268,0.01194
1996-07-18,0.017095058024192526,0.013766
1996-07-19,-0.0071137677198635585,-0.007274
1996-07-22,-0.009559036826817182,-0.007328
1996-07-23,-0.009182181242966454,-0.012795
1996-07-24,-0.00784041635133805,0.001994
1996-07-25,0.0031382388336945147,0.008955
1996-07-26,0.00855778704884651,0.005424
1996-07-29,-0.003165899170135093,-0.011035
1996-07-30,0.0032754507960913383,0.00967
1996-07-31,0.0051562425973848145,0.007367
1996-08-01,0.0066963926337643255,0.016577
1996-08-02,0.011602610233714079,0.021583
1996-08-05,0.003968788097863201,-0.005869
1996-08-06,0.006654386679256922,0.00307
1996-08-07,0.006801610057587047,0.002589
1996-08-08,0.005074170098529473,-0.001644
1996-08-09,-0.00036052028224710955,-0.003293
1996-08-12,0.0027841072479280384,0.007315
1996-08-13,-0.0031135091256197967,-0.007964
1996-08-14,0.0033737158437169255,0.003542
1996-08-15,0.0004927314269448705,-0.001882
1996-08-16,0.003762415750722422,0.008487
1996-08-19,0.00677957408708147,0.000468
1996-08-20,-0.004728832828493758,-0.000701
1996-08-21,-0.0015610258125674725,-0.003507
1996-08-22,0.004442322230216159,0.009385
1996-08-23,-0.000926452311829725,-0.005346
1996-08-26,-0.006159133940851981,-0.004908
1996-08-27,0.002675888519131138,0.003758
1996-08-28,0.0029567576230095133,-0.001638
1996-08-29,-0.00844715662070296,-0.009843
1996-08-30,-0.004733304671687897,-0.010414
1996-09-03,-0.00047537560087473207,0.006458
1996-09-04,0.002382027428335708,0.000951
1996-09-05,-0.007537400219599587,-0.012108
1996-09-06,0.011458859117620382,0.014179
1996-09-09,0.006699879827608819,0.011848
1996-09-10,0.0006468832097937554,-0.000468
1996-09-11,0.0004702072024171174,0.005623
1996-09-12,0.002396711376689613,0.00699
1996-09-13,0.003877081584009612,0.015271
1996-09-16,0.0020479198364171352,0.003646
1996-09-17,-0.00034251153877186776,-0.002271
1996-09-18,0.000975568234594858,-0.002503
1996-09-19,-0.0018315902922877673,0.003879
1996-09-20,0.0044889801159755495,0.003528
1996-09-23,-0.002210712152482399,-0.000228
1996-09-24,0.004474588311976942,-0.000228
1996-09-25,0.004773618627569313,0.000683
1996-09-26,-0.0009557904345226577,-0.000455
1996-09-27,0.002831675438644339,0.000911
1996-09-30,0.004363257600385835,-0.00091
1996-10-01,-0.002369320713931888,0.005464
1996-10-02,-0.0006438270274890447,0.006793
1996-10-03,-0.0028978509989172267,-0.0009
1996-10-04,0.010267759878561012,0.013507
1996-10-07,-0.00037418710207184414,0.001111
1996-10-08,0.011335985219482656,-0.003994
1996-10-09,-0.001466727369022377,-0.007797
1996-10-10,-0.0017088806338158393,-0.002021
1996-10-11,0.003515820026076283,0.012374
1996-10-14,0.002840169787684756,0.001333
1996-10-15,-0.0032989980455846225,-0.001332
1996-10-16,-0.0013372403029784747,0.004889
1996-10-17,0.0035436444375574047,0.002654
1996-10-18,0.0033049942147952453,0.005293
1996-10-21,-0.0015710373154370293,-0.001316
1996-10-22,-0.005807481849311476,-0.00703
1996-10-23,0.00023801556506475037,0.003319
1996-10-24,-0.00732828283821612,-0.0086
1996-10-25,0.0017767340054605032,0.00089
1996-10-28,-0.006160040464068084,-0.006667
1996-10-29,0.0012046593774279403,0.008054
1996-10-30,0.002962371269932361,-0.003329
1996-10-31,0.003595766432845311,0.009575
1996-11-01,-0.005836547199677382,-0.003529
1996-11-04,0.0030340757184626173,0.00664
1996-11-05,-0.0002758445053114582,0.005717
1996-11-06,0.009980965505913455,0.019239
1996-11-07,0.003693070366786342,0.00236
1996-11-08,0.005483581864596882,0.005564
1996-11-11,0.0022418659104202297,-0.001064
1996-11-12,0.004390044946337192,-0.002983
1996-11-13,0.0024177626666389562,0.004487
1996-11-14,0.005518094568605755,0.006594
1996-11-15,0.002336953369902331,0.001268
1996-11-18,0.0016916367390502956,0.000211
1996-11-19,0.001033408193431094,0.007175
1996-11-20,-0.0017972152327605697,0.001676
1996-11-21,-0.0012320555912792926,-0.001464
1996-11-22,0.009655106304451403,0.00775
1996-11-25,0.005006733363588638,0.012679
1996-11-26,-0.0030433209487668194,-0.003284
1996-11-27,-0.0006690569411979459,-0.001853
1996-11-29,0.007573233239425002,0.003714
1996-12-02,0.00740991122254994,0.000411
1996-12-03,0.012222503060861572,-0.017054
1996-12-04,-0.0056713684708221915,0.002717
1996-12-05,0.002472822068966073,-0.00271
1996-12-06,-0.012591530983606103,-0.005853
1996-12-09,0.01737840671566406,0.014718
1996-12-10,-0.0019546498222129333,-0.004766
1996-12-11,-0.010189328927319196,-0.009161
1996-12-12,-0.007770531613132236,-0.0166
1996-12-13,0.0022826071469428527,0.002564
1996-12-16,-0.009298350582062806,-0.012788
1996-12-17,-0.0026924047323716423,0.007988
1996-12-18,0.0021060216031510517,0.007925
1996-12-19,0.010232067699571117,0.020612
1996-12-20,0.00495977799354341,0.002714
1996-12-23,-0.0074669193823629285,-0.002505
1996-12-24,0.00027411173772711914,0.007325
1996-12-26,0.006008989317363205,0.007688
1996-12-27,-0.0011410958234431099,0.001237
1996-12-30,-0.0036021971077791932,-0.008649
1996-12-31,-0.005358203694380083,-0.01828
1997-01-02,0.006146512352954249,0.002539
1997-01-03,0.008577694720992433,0.014352
1997-01-06,-0.003976023723211367,-0.008739
1997-01-07,0.0076410883266096775,0.012175
1997-01-08,-0.005027168760187254,-0.00871
1997-01-09,0.006995038908833847,0.008368
1997-01-10,-0.0019647820956602596,0.010788
1997-01-13,0.004746358707639391,-0.001437
1997-01-14,0.0034270854354836555,0.012539
1997-01-15,-0.0016140962871371905,-0.002436
1997-01-16,0.002373972276318057,0.00407
1997-01-17,0.0038917781576582092,0.00608
1997-01-20,-0.0020675817713560435,0.001209
1997-01-21,0.00964425612074148,0.008048
1997-01-22,0.009777104248909343,0.007186
1997-01-23,-0.005625678941877967,-0.013872
1997-01-24,-0.007634604750619255,-0.012862
1997-01-27,-0.0021566656040664257,-0.00285
1997-01-28,0.0022778840702857767,0.002858
1997-01-29,0.0015721674925176917,0.009772
1997-01-30,0.01137380120736383,0.012903
1997-01-31,-0.006852172637202199,-0.001194
1997-02-03,0.0020040292536776115,0.002989
1997-02-04,-0.0004167641736504092,0.006159
1997-02-05,-0.013081381078709894,-0.01876
1997-02-06,0.005593827848095669,0.006641
1997-02-07,0.007825119749487477,0.013595
1997-02-10,-0.00543541963842945,-0.009467
1997-02-11,0.00023941051892427295,0.011549
1997-02-12,0.01166370193484727,0.014173
1997-02-13,0.008936525375358167,0.01087
1997-02-14,0.0026044413179695867,-0.002304
1997-02-18,0.0022365436358132997,0.008468
1997-02-19,-0.0035138349482534874,-0.006679
1997-02-20,-0.0011345234620899903,-0.012104
1997-02-21,-0.0010892349733775436,0.000389
1997-02-24,0.0022097715114609605,0.011859
1997-02-25,0.000360699795362722,0.000768
1997-02-26,-0.004892578846725293,-0.009791
1997-02-27,-0.001997551201864351,-0.014928
1997-02-28,0.004015312364408339,-0.002952
1997-03-03,-0.001217523843323259,0.006711
1997-03-04,-0.0022500267926443083,-0.00549
1997-03-05,0.008178528391975495,0.016956
1997-03-06,0.001767677992728142,-0.005816
1997-03-07,0.0033056944096117057,0.00897
1997-03-10,0.006218540131791728,0.010437
1997-03-11,0.0016629964575171766,-0.005356
1997-03-12,-0.006578576569753805,-0.008846
1997-03-13,-0.002762001600218407,-0.015522
1997-03-14,0.0013991480129714267,0.005124
1997-03-17,-0.006782510569276995,0.002745
1997-03-18,-0.007757101532043405,-0.010755
1997-03-19,-0.005028808495262319,-0.00336
1997-03-20,-0.0023481105101145166,-0.005157
1997-03-21,-0.002031637197937546,0.004616
1997-03-24,0.000345858696496253,0.013944
1997-03-25,-0.0007632200268582456,-0.009823
1997-03-26,0.0021414606000995733,0.004365
1997-03-27,-0.013614759951349361,-0.026472
1997-03-31,-0.012128785813294216,-0.015828
1997-04-01,-0.006920826801943398,0.001031
1997-04-02,-0.008406166275716746,-0.01792
1997-04-03,-0.004753416797603834,0.005453
1997-04-04,0.007480583286969687,0.012516
1997-04-07,0.006177016771811284,0.003914
1997-04-08,0.002687406716475453,0.007182
1997-04-09,-0.0022842707063479707,-0.00815
1997-04-10,0.0010779365964311914,-0.003698
1997-04-11,-0.022924382500833396,-0.031753
1997-04-14,-0.0006159508795140793,0.013416
1997-04-15,0.014274780342356618,0.01702
1997-04-16,0.008521595944835482,0.01157
1997-04-17,-0.0009498196116629377,-0.004085
1997-04-18,0.001204685404094344,0.004922
1997-04-21,-0.010229072737932936,-0.006531
1997-04-22,0.0023417828518693114,0.02198
1997-04-23,0.0017740555592113108,0.001005
1997-04-24,-0.0020745956892887682,-0.00502
1997-04-25,-0.004734015279378085,-0.011504
1997-04-28,0.008194942240872357,0.0098
1997-04-29,0.01509250207892779,0.031541
1997-04-30,0.009399267955367522,0.004704
1997-05-01,-0.0011890368284526638,-0.001171
1997-05-02,0.01622230245491702,0.017969
1997-05-05,0.017623550790236562,0.023791
1997-05-06,0.005104511037443787,-0.00075
1997-05-07,-0.006458610516147423,-0.021755
1997-05-08,0.004539311665131867,0.006902
1997-05-09,0.0040893799703630935,0.006855
1997-05-12,0.013224365923807564,0.016642
1997-05-13,-0.005602293264779721,-0.004092
1997-05-14,0.00021120999642406784,0.001868
1997-05-15,0.007441934439433574,0.006711
1997-05-16,0.00032348248829233505,-0.013704
1997-05-19,0.00233913519849121,0.003004
1997-05-20,0.0031136949013305074,0.011981
1997-05-21,-0.0015094840758951677,-0.00222
1997-05-22,0.004898972153027432,-0.003337
1997-05-23,0.009729390824307103,0.009301
1997-05-27,-3.22695309298123e-05,0.004055
1997-05-28,0.0015748029108587597,-0.000184
1997-05-29,0.002713771417681745,-0.005875
1997-05-30,0.007329966483287012,0.006464
1997-06-02,-0.0014043163512536103,-0.004404
1997-06-03,0.0004927029068880298,-0.003317
1997-06-04,-0.0034499953113351156,-0.001109
1997-06-05,0.006534820857822649,0.003702
1997-06-06,0.008501810081783422,0.01955
1997-06-09,0.006410520325326837,0.005065
1997-06-10,0.0003104436027191441,0.00306
1997-06-11,0.003804145137009118,0.002333
1997-06-12,0.006584743062494965,0.019334
1997-06-13,0.008003151141739972,0.00843
1997-06-16,-0.0007140529941509103,0.000348
1997-06-17,0.0015153928565063259,-0.001393
1997-06-18,0.0010841544101429794,-0.003487
1997-06-19,0.013221343344457036,0.010322
1997-06-20,0.00048275050159768054,-0.003394
1997-06-23,-0.011720064548118126,-0.024246
1997-06-24,0.01734030537522936,0.025384
1997-06-25,-0.005914298498361428,-0.006974
1997-06-26,-0.0038765302806584726,-0.004916
1997-06-27,0.005350293799944892,0.003881
1997-06-30,-0.0013824792005872665,-0.006678
1997-07-01,0.005409367491709851,0.011677
1997-07-02,0.004585608745442335,0.016439
1997-07-03,0.0043879143383832395,0.013765
1997-07-07,-0.003784272135093165,-0.010183
1997-07-08,0.007097091829077628,0.01046
1997-07-09,-0.009567393803769033,-0.01103
1997-07-10,0.00964068605041631,0.004461
1997-07-11,0.01321377889213313,0.003416
1997-07-14,-0.003038622171726591,0.003064
1997-07-15,0.005515484972701221,0.005092
1997-07-16,0.009048751986445494,0.013171
1997-07-17,0.0015623749427811904,-0.005
1997-07-18,-0.0065854397348052195,-0.021273
1997-07-21,-0.0015203955802564541,0.000171
1997-07-22,0.015784433402364774,0.026523
1997-07-23,0.0017884707260706332,-0.000833
1997-07-24,0.00020717182243394397,0.004671
1997-07-25,0.0030999394468612415,-0.000664
1997-07-28,0.003176221247666014,-0.000665
1997-07-29,0.004450272183683224,0.003326
1997-07-30,0.007996971162275782,0.011932
1997-07-31,0.005203617055095377,-0.000983
1997-08-01,-0.003043797529362886,-0.003934
1997-08-04,0.008452061524580426,0.002633
1997-08-05,0.00494551693232056,0.000657
1997-08-06,0.013346458303537048,0.008202
1997-08-07,-0.006529703027820952,-0.007485
1997-08-08,-0.016587826247410842,-0.020328
1997-08-11,0.0041303597343353765,0.007363
1997-08-12,-0.00442257724370312,-0.015947
1997-08-13,0.0030035816938063244,-0.003038
1997-08-14,0.002060200317167849,0.003725
1997-08-15,-0.016881472371138632,-0.030702
1997-08-18,0.0031643627976405387,0.022276
1997-08-19,0.01538670808992929,0.011576
1997-08-20,0.01379637176238347,0.015146
1997-08-21,-0.013124154143159473,-0.017573
1997-08-22,-0.003909223708518884,-0.000337
1997-08-25,0.005918805293400998,-0.003714
1997-08-26,-0.003051098105810523,-0.014741
1997-08-27,0.006773202305804209,0.006019
1997-08-28,0.0010415887869972614,-0.015214
1997-08-29,0.004114318731920774,0.003992
1997-09-02,0.009414396859530627,0.032504
1997-09-03,-0.001792631674586273,-0.005358
1997-09-04,-0.002689883595996363,0.006397
1997-09-05,-0.00026956535657730207,-0.002844
1997-09-08,0.008651030693143049,0.004362
1997-09-09,0.006078932605391951,0.000501
1997-09-10,-0.0089694313721676,-0.020701
1997-09-11,-0.004752862480197185,-0.005114
1997-09-12,0.013861653992690287,0.016107
1997-09-15,0.00259585755454285,-0.001686
1997-09-16,0.01563296279052546,0.025
1997-09-17,0.0025886437105690913,0.0
1997-09-18,0.006572502333414518,0.004285
1997-09-19,0.0030700774700180094,0.001689
1997-09-22,0.002598617090164851,0.00559
1997-09-23,-0.0009272127446821061,-0.004578
1997-09-24,-0.005688637851780173,-0.008213
1997-09-25,-0.0007851374105374886,-0.006956
1997-09-26,0.003528685471327558,0.008339
1997-09-29,0.006804772377492465,0.009593
1997-09-30,0.0004520806481941054,-0.010485
1997-10-01,-0.00097190945645781,0.013245
1997-10-02,0.005051099082790108,0.005556
1997-10-03,0.0018145376889979164,0.005037
1997-10-06,0.0073337459620571605,0.006629
1997-10-07,0.002704933873190385,0.009316
1997-10-08,-0.007821335404787568,-0.007002
1997-10-09,-0.0008652849193396278,-0.003526
1997-10-10,0.0031152541516457546,-0.002895
1997-10-13,0.009070870526892344,0.000968
1997-10-14,-0.0029576520204053136,0.000322
1997-10-15,-0.0035100605749644126,-0.002255
1997-10-16,-0.008623435177834815,-0.015822
1997-10-17,-0.015694509516488403,-0.010171
1997-10-20,0.008095785851944905,0.014253
1997-10-21,0.011148938448283815,0.019444
1997-10-22,-0.0012975403611436619,-0.006572
1997-10-23,-0.01701383397623687,-0.019684
1997-10-24,-0.006782633279979599,-0.009875
1997-10-27,-0.06173809812835636,-0.072473
1997-10-28,0.025824152151790996,0.055556
1997-10-29,0.0026836162904365726,-0.000679
1997-10-30,-0.0062149540759056775,-0.022086
1997-10-31,0.014763759272525078,0.023628
1997-11-03,0.01604379921422612,0.021046
1997-11-04,0.002931396346501478,0.0
1997-11-05,0.0038809691604697666,0.003324
1997-11-06,0.004977953411786141,-0.00381
1997-11-07,-0.018357844756574863,-0.01081
1997-11-10,-0.0005659487885690735,-0.006052
1997-11-11,0.000726130934821852,0.000338
1997-11-12,-0.016178044202111944,-0.020629
1997-11-13,0.003202982376060297,0.014503
1997-11-14,0.0048708880391520075,0.013615
1997-11-17,0.014025461587781602,0.018469
1997-11-18,-0.0069267107498027615,-0.006264
1997-11-19,0.003911872706441291,0.004977
1997-11-20,0.010214596246561382,0.015187
1997-11-21,-0.0016657470652136632,0.006829
1997-11-24,-0.010266898306910107,-0.018088
1997-11-25,0.0018188763103118414,0.002632
1997-11-26,-0.002232415394262805,0.002953
1997-11-28,0.0034256449987659734,0.000981
1997-12-01,0.011955079261109492,0.025817
1997-12-02,-0.0046178958181063035,-0.006053
1997-12-03,-0.002180672049996645,0.002885
1997-12-04,-0.005056120973797072,-0.000959
1997-12-05,0.006232686148111407,0.012796
1997-12-08,0.0021293225483481827,-0.002843
1997-12-09,-0.007101881688842049,-0.006018
1997-12-10,-0.009577854817177258,-0.008604
1997-12-11,-0.014835268996288942,-0.017036
1997-12-12,-0.0010123967944814924,0.001962
1997-12-15,0.004993525440890772,0.010118
1997-12-16,0.009370142810540966,0.006139
1997-12-17,0.001795948487088237,-0.005138
1997-12-18,-0.010120806292614932,-0.009684
1997-12-19,-0.013456532365889663,-0.00745
1997-12-22,0.005984525208053294,0.006429
1997-12-23,-0.009968935682816036,-0.017854
1997-12-24,-0.003028757722749885,-0.003002
1997-12-26,0.0008997522300176441,0.004015
1997-12-29,0.008577183751332804,0.01966
1997-12-30,0.01636666082708268,0.015686
1997-12-31,0.012857363022937428,-0.000644
1998-01-02,0.005033680928931009,0.005151
1998-01-05,0.011503292821922015,0.002242
1998-01-06,-0.009918522570774515,-0.01598
1998-01-07,-0.003201280724509945,0.002598
1998-01-08,-0.008175823327167916,-0.008746
1998-01-09,-0.02718113423257649,-0.034641
1998-01-12,-0.0011591336107210123,0.01828
1998-01-13,0.015439821752393203,0.013963
1998-01-14,-0.0008155750087936763,0.00459
1998-01-15,-0.007908621051547935,-0.008322
1998-01-16,0.015369326481523858,0.014316
1998-01-20,0.005408981486883647,0.016223
1998-01-21,-0.005638765030067185,-0.009579
1998-01-22,-0.00474380749430758,-0.008865
1998-01-23,-0.006260268798382392,-0.001464
1998-01-26,-0.007730952306729516,-0.000651
1998-01-27,0.0015535174537276558,0.010104
1998-01-28,0.007390070585802222,0.009035
1998-01-29,0.002463040332174407,0.005437
1998-01-30,-0.004543561196189411,0.000636
1998-02-02,0.01437356589275472,0.016529
1998-02-03,0.0044576210790392996,0.007505
1998-02-04,0.005561243012037929,-0.001241
1998-02-05,-0.00017127774393375545,-0.000622
1998-02-06,0.01060417892638836,0.011194
1998-02-09,0.003073353808597457,-0.003383
1998-02-10,0.010524584924548174,0.009565
1998-02-11,-0.0038895178024630937,-0.000917
1998-02-12,0.00033809433014216186,0.004283
1998-02-13,0.0006600809884402954,-0.005787
1998-02-17,0.004375891466835735,0.004902
1998-02-18,0.01418487102427859,0.009146
1998-02-19,-0.0025387052845160228,-0.005287
1998-02-20,-0.0023827279801608764,0.007441
1998-02-23,0.004568084822084162,0.003919
1998-02-24,-0.0035609200848989767,-0.007808
1998-02-25,0.008061085093007205,0.012409
1998-02-26,0.013796608592774307,0.00568
1998-02-27,-0.003248586394009838,0.0
1998-03-02,0.0014055040743783283,-0.002081
1998-03-03,-0.0008927778078520164,0.00566
1998-03-04,0.0037950525188178924,-0.006517
1998-03-05,-0.007705555326346192,-0.009243
1998-03-06,0.0102309341011769,0.020163
1998-03-09,0.00136771217140366,-0.00354
1998-03-10,0.012663060625820774,0.009473
1998-03-11,0.005424492269813637,0.004692
1998-03-12,0.002549014676241155,0.004086
1998-03-13,-0.0006332015958649335,-0.003779
1998-03-16,0.009420557996471558,0.010797
1998-03-17,0.0008652190704651366,0.002887
1998-03-18,-0.003469763128853649,0.003742
1998-03-19,-0.0014368647184096095,0.002581
1998-03-20,0.0018131729946434063,0.00859
1998-03-23,0.0005231502055938177,-0.002275
1998-03-24,-0.002519855924248779,0.008552
1998-03-25,-0.0027294168945099073,-0.003674
1998-03-26,-0.0015109812326830605,-0.000567
1998-03-27,0.00019387041831125004,-0.004258
1998-03-30,-0.0029366639105566517,-0.00057
1998-03-31,0.005297972467356691,0.003423
1998-04-01,0.007649345676119245,0.008101
1998-04-02,0.002445464088224785,0.010856
1998-04-03,0.0027913757674144484,0.005021
1998-04-06,-0.012195718667531963,-0.008049
1998-04-07,-0.010273420829125985,-0.006715
1998-04-08,-0.003585139850950538,-0.005634
1998-04-09,0.013302340973624082,0.007932
1998-04-13,0.001621576903194527,-0.002811
1998-04-14,0.004969402451100103,0.008455
1998-04-15,0.0010768438570174991,0.002795
1998-04-16,-0.0009272350638021268,-0.011706
1998-04-17,0.011808077951138222,0.013254
1998-04-20,0.006893298256805001,-0.000278
1998-04-21,0.005388398266379197,0.004733
1998-04-22,0.004856817443990676,0.002771
1998-04-23,-0.013574198224585153,-0.009671
1998-04-24,-0.008881557583860557,-0.010603
1998-04-27,-0.02166691033322141,-0.018895
1998-04-28,0.006056456918013961,-0.001437
1998-04-29,0.0013364379589214312,0.006908
1998-04-30,0.01189120723125267,0.018582
1998-05-01,0.004408760647409457,0.011227
1998-05-04,-0.0002453591454965986,-0.002498
1998-05-05,-0.004352023775636901,-0.006956
1998-05-06,-0.004215925547897731,-0.011768
1998-05-07,-0.004204941620822208,-0.007939
1998-05-08,0.003979926268392908,0.01629
1998-05-11,-0.003167401398237643,-0.003375
1998-05-12,6.229594320353574e-05,0.010722
1998-05-13,0.001493320478290028,0.002513
1998-05-14,-0.0024811980679565267,-0.005013
1998-05-15,-0.01003612256121338,-0.005598
1998-05-18,-0.012371139875362001,-0.00394
1998-05-19,0.0047373604063630165,0.006782
1998-05-20,0.0013598004605970774,0.009543
1998-05-21,0.0015516765084856196,-0.006394
1998-05-22,-0.005350459717170594,-0.003917
1998-05-26,-0.01784256902853483,-0.016011
1998-05-27,0.00014493036755132302,0.001427
1998-05-28,0.013798445766828829,0.004561
1998-05-29,-0.008055209681250246,-0.009932
1998-06-01,-0.005854662386899323,0.004586
1998-06-02,-0.0013911794611858998,0.000856
1998-06-03,-0.008031410220047214,-0.015964
1998-06-04,-0.0020482404432362682,0.01854
1998-06-05,0.008426222587546014,0.01934
1998-06-08,0.014511409454014506,-0.001116
1998-06-09,-0.0031342427050625845,0.003073
1998-06-10,-0.010537985582620544,-0.006405
1998-06-11,-0.02013609952002189,-0.018778
1998-06-12,-0.003923492168538231,0.009426
1998-06-15,-0.012490167941768071,-0.026316
1998-06-16,0.0049341298340555145,0.015403
1998-06-17,0.011121427063343025,0.020893
1998-06-18,-0.006928851704597798,-0.004486
1998-06-19,-0.010870317663515445,-0.004995
1998-06-22,-0.002746787796585791,0.004827
1998-06-23,0.006258050871242081,0.011868
1998-06-24,0.005067728722994414,0.013404
1998-06-25,-0.002995153174012302,-0.001653
1998-06-26,0.009118185761543642,0.00414
1998-06-29,-0.0038950445075885114,0.003573
1998-06-30,-0.005965392230099587,-0.006847
1998-07-01,0.017832882838532352,0.011583
1998-07-02,-0.0031514626690455905,0.001908
1998-07-06,0.00777202424116376,0.010068
1998-07-07,-0.005656853158158029,-0.001886
1998-07-08,0.002989293149870309,0.007287
1998-07-09,-0.004496286234242912,-0.006699
1998-07-10,0.0010058889670817024,0.005395
1998-07-13,-0.003076582021558293,0.000268
1998-07-14,0.007226183933041475,0.011266
1998-07-15,0.00014655047450680807,-0.001857
1998-07-16,0.0037853868421821243,0.006909
1998-07-17,-0.0018359310925339916,0.00132
1998-07-20,-0.005314272183673071,0.0
1998-07-21,-0.00956381677920798,-0.017396
1998-07-22,-0.008365610487976825,0.0
1998-07-23,-0.021544331361185103,-0.01985
1998-07-24,-0.006210958718841734,-0.000821
1998-07-27,-0.0018913895751671882,0.007121
1998-07-28,-0.005990012665845671,-0.016862
1998-07-29,-0.0010321729068078077,-0.003873
1998-07-30,0.0032964497894420225,0.014996
1998-07-31,-0.018739343406264573,-0.021341
1998-08-03,-0.006437143898220583,-0.004193
1998-08-04,-0.024211318523945514,-0.038742
1998-08-05,-0.0011548963103091138,0.013727
1998-08-06,0.00842898658898268,0.004322
1998-08-07,0.009976233510711046,0.001721
1998-08-10,-0.005805823782787041,-0.005727
1998-08-11,-0.017669037982058922,-0.014977
1998-08-12,0.01583503280759702,0.016959
1998-08-13,-0.008129373449768723,-0.012076
1998-08-14,-0.009989177057297502,-0.011641
1998-08-17,0.006489995869914261,0.021201
1998-08-18,0.011474179456326273,0.018454
1998-08-19,-0.004228858979211206,-0.002548
1998-08-20,-0.0060526727980747775,-0.005961
1998-08-21,-0.017027950841587085,-0.007995
1998-08-24,-0.0016200679551823338,0.006333
1998-08-25,-0.0030018732125943752,0.002288
1998-08-26,-0.017545774486852687,-0.005708
1998-08-27,-0.0374779945480905,-0.047072
1998-08-28,-0.015782030476219795,-0.003614
1998-08-31,-0.05106109201512652,-0.071342
1998-09-01,0.026407168409353487,0.042318
1998-09-02,0.006181226776154433,-0.007183
1998-09-03,-0.012409302811557525,-0.007864
1998-09-04,0.0033912447160619552,-0.008244
1998-09-08,0.03797331056039948,0.053708
1998-09-09,-0.013362083485548843,-0.024272
1998-09-10,-0.018893339927393515,-0.019901
1998-09-11,0.016362071407365807,0.03236
1998-09-14,0.016975647592191202,0.01721
1998-09-15,0.0031207480792906665,0.006042
1998-09-16,0.00684656416287653,0.009009
1998-09-17,-0.015020179068036231,-0.028571
1998-09-18,0.002456380069088498,0.004434
1998-09-21,-0.003937942386877902,-0.000612
1998-09-22,0.0022545679145058064,0.00827
1998-09-23,0.024278380637886492,0.040097
1998-09-24,-0.012192439669307035,-0.024533
1998-09-25,-0.003459331543444656,-0.001198
1998-09-28,-0.0013865698405725595,0.008993
1998-09-29,-0.0030357924009438613,-0.002377
1998-09-30,-0.022951836474737957,-0.030375
1998-10-01,-0.027677920222281552,-0.02887
1998-10-02,0.01639338402240069,0.019292
1998-10-05,-0.019001594848852516,-0.020168
1998-10-06,-0.007108151585700586,-0.00095
1998-10-07,-0.016088549783720624,-0.014897
1998-10-08,-0.02640884569642785,-0.00547
1998-10-09,0.015714325997130914,0.020058
1998-10-12,0.014574637256765754,0.014589
1998-10-13,-0.008749063094031399,-0.003439
1998-10-14,0.008495185328094049,0.00941
1998-10-15,0.03571264286961028,0.05376
1998-10-16,0.024686656037953458,0.000295
1998-10-19,0.017977519969838564,0.003538
1998-10-20,0.01240593390496514,0.005875
1998-10-21,0.016930115778098106,-0.003505
1998-10-22,0.009071245436555127,0.014947
1998-10-23,-0.00402402320991706,-0.012706
1998-10-26,0.007373901030190705,0.007312
1998-10-27,-0.003046633770647652,-0.005807
1998-10-28,-0.002532730749218638,-0.001752
1998-10-29,0.010407374802902596,0.024283
1998-10-30,0.013876477730084987,0.005427
1998-11-02,0.0261255444638644,0.017046
1998-11-03,0.003931448985796067,-0.007263
1998-11-04,0.013843423640260704,0.010692
1998-11-05,0.013068158641368956,0.013641
1998-11-06,0.006687504747308366,0.003021
1998-11-09,-0.011016325235365908,-0.007119
1998-11-10,-0.010602460302330427,-0.002758
1998-11-11,-0.007167001627980733,-0.006637
1998-11-12,-0.0005039269491760074,-0.001114
1998-11-13,0.0029268151685430416,0.009755
1998-11-16,0.0017159004608860737,0.007452
1998-11-17,-0.0013942409467571951,0.0
1998-11-18,0.007700417410335699,0.006027
1998-11-19,0.002689154373421762,0.008715
1998-11-20,0.008361861194563957,0.007559
1998-11-23,0.01006411399460667,0.02358
1998-11-24,-0.003323768228617788,-0.006283
1998-11-25,0.0024235571827771894,0.0
1998-11-27,0.001930125459600181,0.007376
1998-11-30,-0.011382663796245949,-0.028243
1998-12-01,0.027562565504136806,0.012917
1998-12-02,0.000688696662667394,-0.002922
1998-12-03,-0.023956630545036422,-0.01652
1998-12-04,0.015005159367422503,0.02628
1998-12-07,0.00669617326988183,0.004752
1998-12-08,-0.009992522854142876,-0.004467
1998-12-09,0.0006163824923091812,0.001847
1998-12-10,-0.017871546390809213,-0.014621
1998-12-11,0.004180601162524876,0.002005
1998-12-14,-0.014526381902619106,-0.028815
1998-12-15,-0.00012198497838658162,0.025824
1998-12-16,-0.002992898401531276,-0.001339
1998-12-17,0.007656750688256724,0.015956
1998-12-18,0.0016912498950120967,0.004233
1998-12-21,0.003904380794207423,0.013977
1998-12-22,-0.011887661430328557,0.004421
1998-12-23,0.017075889423917544,0.020974
1998-12-24,0.006832935357318594,-0.004311
1998-12-28,-0.006384079541697447,-0.002547
1998-12-29,0.01168703175719097,0.015833
1998-12-30,0.0006013909255264678,-0.008044
1998-12-31,0.013884966474457196,0.0
1999-01-04,0.010502330590106645,-0.002281
1999-01-05,0.006931504187916378,0.01143
1999-01-06,0.01719800204179743,0.024109
1999-01-07,0.0030788350726743082,-0.004904
1999-01-08,0.0052557198664137175,0.007393
1999-01-11,0.006931896982866102,-0.00954
1999-01-12,-0.010999493410245684,-0.018029
1999-01-13,-0.0032246852697816555,-0.007042
1999-01-14,-0.015185573922476147,-0.017477
1999-01-15,0.010496972370624748,0.026038
1999-01-19,0.016156253884630756,0.006533
1999-01-20,-0.0027684628566497778,0.007988
1999-01-21,-0.00932601276515834,-0.026498
1999-01-22,-0.01780589614834124,-0.002289
1999-01-25,-0.0024011054859732436,0.010199
1999-01-26,0.006533585931078251,0.018173
1999-01-27,-0.0068954134314776015,-0.011651
1999-01-28,0.0012322977487571117,0.016805
1999-01-29,0.0032412208052508534,0.007647
1999-02-01,0.0025374270036907336,-0.005875
1999-02-02,-0.010237299956550275,-0.006156
1999-02-03,0.007321340973826289,0.010159
1999-02-04,-0.007915926954210726,-0.014962
1999-02-05,-0.0029990796675555646,-0.011454
1999-02-08,0.0061760032900019845,0.002015
1999-02-09,-0.015396546966494486,-0.022373
1999-02-10,-0.0011895194032073022,0.006428
1999-02-11,-0.0047770165767922505,0.022994
1999-02-12,-0.014465205900701905,-0.011988
1999-02-16,-0.000686696134177508,-0.006067
1999-02-17,-0.009857364513432915,-0.001017
1999-02-18,0.008323446725917763,0.007892
1999-02-19,0.0003918612503063831,0.004294
1999-02-22,0.012784336076330496,0.02666
1999-02-23,0.00027761958697790617,-0.00049
1999-02-24,-0.005979763432185012,-0.017647
1999-02-25,-0.004135796125230862,-0.009481
1999-02-26,0.006062818754706844,-0.00403
1999-03-01,-0.005895100607732625,0.002782
1999-03-02,-0.0003281728607618742,-0.008827
1999-03-03,-0.0005295738710720624,0.005344
1999-03-04,0.006660560068331615,0.012655
1999-03-05,0.006338703419883198,0.02012
1999-03-08,-0.0012231857327302544,0.006493
1999-03-09,-0.005609783538696704,-0.002434
1999-03-10,0.003990557839760278,0.008785
1999-03-11,0.0003155028516076374,0.011127
1999-03-12,0.0066071315088075105,-0.009569
1999-03-15,0.0008085393192510042,0.014251
1999-03-16,-0.005136402088575538,-0.00381
1999-03-17,0.0008881652649324816,-0.004303
1999-03-18,0.006768630779953615,0.016086
1999-03-19,-0.006515594071697349,-0.016958
1999-03-22,-0.003440322179470373,0.001928
1999-03-23,-0.017579266255965637,-0.02886
1999-03-24,0.05045971652513767,0.005696
1999-03-25,0.026216880759942315,0.020438
1999-03-26,-0.010919509788213764,-0.007239
1999-03-29,0.008150164532830125,0.020175
1999-03-30,0.013492229517425373,-0.005242
1999-03-31,-0.005642016881999366,-0.016048
1999-04-01,0.006818808444729168,0.007546
1999-04-05,0.017271545347955327,0.023677
1999-04-06,0.0016914924732104489,-0.00236
1999-04-07,0.0026735139990676435,0.008044
1999-04-08,0.005434485515263229,0.012673
1999-04-09,0.010271308721947045,0.000232
1999-04-12,0.023254015958354513,0.010658
1999-04-13,-0.004718733722901924,-0.006419
1999-04-14,0.013115735190743525,-0.016844
1999-04-15,0.034278570138040546,-0.003755
1999-04-16,0.022088767074942672,-0.008481
1999-04-19,0.024576487723814926,-0.015443
1999-04-20,-0.00796991600121423,0.012548
1999-04-21,0.011371423027334921,0.028599
1999-04-22,0.011864982942296022,0.0095
1999-04-23,-0.006294671737776487,-0.002525
1999-04-26,0.005255341672524937,0.005752
1999-04-27,0.012261338038831634,0.004804
1999-04-28,0.022164660346208453,-0.013661
1999-04-29,0.01454509625122779,-0.007618
1999-04-30,-0.008617496581926358,-0.008141
1999-05-03,0.012920006872477085,0.018293
1999-05-04,-0.0017761913281080254,-0.014279
1999-05-05,0.004360118888088308,0.007944
1999-05-06,0.0044645229640256955,-0.006143
1999-05-07,-0.00014392735718567182,0.00758
1999-05-10,0.0038915717443922084,-0.004977
1999-05-11,0.004215604243777679,0.01012
1999-05-12,-0.0030004123948916338,0.00783
1999-05-13,0.014038983701933449,0.004342
1999-05-14,0.015726985378836583,-0.025939
1999-05-17,-0.0011962008598586276,0.003037
1999-05-18,-0.009606335578737113,-0.001863
1999-05-19,0.018052246162304247,0.007233
1999-05-20,0.007999435028128466,-0.006023
1999-05-21,0.009391449952865477,-0.005593
1999-05-24,-0.016664118688823285,-0.016639
1999-05-25,-0.01782149354247026,-0.016206
1999-05-26,0.001784958087933227,0.011143
1999-05-27,-0.010837963875015882,-0.014375
1999-05-28,0.013133442591692128,0.012761
1999-06-01,-0.018546653964973774,-0.00348
1999-06-02,0.012281741508940796,0.000963
1999-06-03,0.0065734331994657495,0.005534
1999-06-04,0.006407820831967948,0.020101
1999-06-07,0.0025926534197268586,0.00258
1999-06-08,-0.008474631426100427,-0.009827
1999-06-09,0.002589339148625183,-0.000945
1999-06-10,-0.008899679344110163,-0.009224
1999-06-11,0.0027128608295120234,-0.008355
1999-06-14,0.004752717352273121,0.000963
1999-06-15,0.004816978722546003,0.006734
1999-06-16,-0.0003441136705690926,0.019111
1999-06-17,0.0022249000290008947,0.009376
1999-06-18,0.0019071864534501996,0.001152
1999-06-21,-0.0010877170823217971,0.002327
1999-06-22,0.0010853041287276837,-0.006964
1999-06-23,-0.00028049297626825897,-0.004909
1999-06-24,-0.009583887375351851,-0.007517
1999-06-25,0.0038120299590687647,-0.002485
1999-06-28,0.01121084000428444,0.01222
1999-06-29,0.006727336614258015,0.009376
1999-06-30,0.0033487175768386964,0.018114
1999-07-01,0.006027682235602898,0.007527
1999-07-02,0.0019351772764621114,0.009962
1999-07-06,-0.002359986918542209,-0.000224
1999-07-07,0.003962549813459616,0.001345
1999-07-08,-0.0003338554218638026,0.000784
1999-07-09,0.015016724489747212,0.005929
1999-07-12,-0.00292119636654685,-0.004448
1999-07-13,-0.0030292154235379023,-0.003575
1999-07-14,0.0011236114001126464,0.005605
1999-07-15,0.0002687738060727876,0.006355
1999-07-16,0.0005118613823442968,0.005428
1999-07-19,-0.005951057522984779,-0.006611
1999-07-20,-0.009861398426306296,-0.020519
1999-07-21,-0.0005864239077988736,-0.001132
1999-07-22,-0.013111332790528334,-0.01315
1999-07-23,-0.006839086334260938,-0.001953
1999-07-26,2.928676491301474e-05,-0.007366
1999-07-27,0.0060635768988923896,0.008349
1999-07-28,-0.0029878136399786167,0.00322
1999-07-29,-0.012278321513505419,-0.013984
1999-07-30,0.0006820796804008249,-0.012323
1999-08-02,0.0004460843060916961,0.002354
1999-08-03,-0.006576662287669029,-0.004697
1999-08-04,-0.00979960130250739,-0.013686
1999-08-05,0.0019948317042195393,0.009091
1999-08-06,-0.0118899926372819,-0.010906
1999-08-09,0.013169750193816441,-0.002157
1999-08-10,-0.016007398277639806,-0.01105
1999-08-11,0.01544521183452339,0.012145
1999-08-12,-0.005047504197505364,-0.0006
1999-08-13,0.01168288094847379,0.023172
1999-08-16,0.0029394416614861806,0.004459
1999-08-17,0.004611588303038348,0.006542
1999-08-18,-0.01158481607720906,-0.007196
1999-08-19,0.003858557250902293,-0.008183
1999-08-20,0.009685758662119244,0.010137
1999-08-23,0.008184835098403316,0.019137
1999-08-24,-0.006162825997014014,0.003664
1999-08-25,0.0006915424308791273,0.010267
1999-08-26,-0.005797466353324206,-0.011969
1999-08-27,-0.0095628408005538,-0.012114
1999-08-30,-0.01443815690699326,-0.01851
1999-08-31,-0.004932512859587648,-0.003772
1999-09-01,0.003651323486600848,0.012305
1999-09-02,-0.006933017081437956,-0.011805
1999-09-03,0.021556005166630633,0.029214
1999-09-07,-0.001418514755109528,-0.003677
1999-09-08,-0.005181330153466971,-0.004844
1999-09-09,0.0048954499632483574,-0.000464
1999-09-10,0.00032724498094670643,0.008349
1999-09-13,-0.0022391105610136703,-0.006785
1999-09-14,-0.006975870187726262,-0.0066
1999-09-15,-0.0028022673960159004,-0.015851
1999-09-16,-0.009681587170176878,0.003908
1999-09-17,0.0041089785923955876,0.012601
1999-09-20,-0.0028990745530149764,-0.001402
1999-09-21,-0.019559917355897443,-0.021058
1999-09-22,-0.0019022968292293921,-0.001195
1999-09-23,-0.01975930647514907,-0.020818
1999-09-24,-0.009331883348621966,-0.000978
1999-09-27,0.015018593424823283,0.006605
1999-09-28,-0.010025221762083975,-0.001944
1999-09-29,0.0042205795757098,-0.011931
1999-09-30,0.006248995022400878,0.015279
1999-10-01,-0.006174523867589547,-0.002184
1999-10-04,0.010138540282811965,0.017757
1999-10-05,-0.006660616602819609,-0.000956
1999-10-06,0.007730553780551904,0.015311
1999-10-07,-0.005437778961591789,-0.005655
1999-10-08,0.003587766738958445,0.015166
1999-10-11,0.003371256467848908,-0.001634
1999-10-12,-0.014699435481345021,-0.015431
1999-10-13,-0.012300769649109507,-0.025885
1999-10-14,-0.004491308621859479,-0.000244
1999-10-15,-0.016237684699522283,-0.025604
1999-10-18,-0.00023357408446651702,0.007257
1999-10-19,-0.00538576874814795,0.009689
1999-10-20,0.00568199301078616,0.009843
1999-10-21,-0.0061540795703088425,0.005848
1999-10-22,0.010207994042386263,0.008479
1999-10-25,-0.0004974372475468391,-0.005044
1999-10-26,-0.016083660009325235,-0.012554
1999-10-27,0.006323557850144824,0.018093
1999-10-28,0.01529219528294573,0.034102
1999-10-29,0.01819025663267539,0.018114
1999-11-01,0.0016341603676676177,-0.010493
1999-11-02,0.0040741565409578425,-0.007146
1999-11-03,-0.0036097324693043276,0.006733
1999-11-04,0.003938724550493177,0.007611
1999-11-05,0.0009009051055526926,0.009842
1999-11-08,0.005799287770192667,0.000907
1999-11-09,-0.0045539756635568805,-0.009398
1999-11-10,0.002512020706079826,0.007429
1999-11-11,-0.0017829071340705741,0.005673
1999-11-12,0.0030007947247702284,0.009025
1999-11-15,0.01053708677680389,0.002348
1999-11-16,0.0124385539536948,0.008366
1999-11-17,-0.006225729444414069,0.002212
1999-11-18,0.007780675175793827,0.007506
1999-11-19,-0.006023401096360591,-0.000876
1999-11-22,-0.0033015291057698695,-0.000219
1999-11-23,-0.013542651219559958,-0.008774
1999-11-24,0.0015636522241902545,0.005975
1999-11-26,-0.0016382630429427043,-0.004839
1999-11-29,-0.00973200280939095,-0.003095
1999-11-30,0.003496347587501093,-0.010976
1999-12-01,-0.0035388332688596836,0.007286
1999-12-02,0.005279139122182679,0.006009
1999-12-03,0.005755336150687027,0.018363
1999-12-06,-0.00766836844465819,-0.007386
1999-12-07,-0.012463873981153943,-0.008098
1999-12-08,-0.003450315372474548,-0.006399
1999-12-09,-0.00847967488159738,0.004886
1999-12-10,0.0013998019836025369,0.003315
1999-12-13,-7.180542471346365e-05,0.001762
1999-12-14,-0.0014382521109461582,-0.009675
1999-12-15,-0.0029330336733178583,0.005218
1999-12-16,-0.0009160498613531923,0.004528
1999-12-17,0.0051000525456237145,0.006403
1999-12-20,-0.0041417514468447825,-0.007227
1999-12-21,0.00731689160290606,0.015222
1999-12-22,0.0034603974748193137,0.002608
1999-12-23,0.014481486522442874,0.01593
1999-12-27,0.001590367735813706,-0.001387
1999-12-28,0.0014861739624360624,-0.000641
1999-12-29,0.019474582162431656,0.004275
1999-12-30,0.0037517386466650125,-0.001171
1999-12-31,0.007805459289853092,0.001598
2000-01-03,-0.0229523863007544,-0.009787
2000-01-04,-0.023779534292593267,-0.039106
2000-01-05,0.012916265690621929,0.001789
2000-01-06,0.028118407366640022,-0.016071
2000-01-07,0.009860290400082164,0.058076
2000-01-10,0.0071187314274447485,0.003431
2000-01-11,-0.010946421965821636,-0.013248
2000-01-12,-0.006444084239938643,-0.008662
2000-01-13,0.013025890960926944,0.013543
2000-01-14,-0.0024390114429821085,0.013578
2000-01-18,-0.0051613734143316995,-0.007867
2000-01-19,-0.0005968811910907079,0.003
2000-01-20,-0.013041163622448792,-0.010256
2000-01-21,-0.012120403973404826,-0.002159
2000-01-24,-0.018969640567704452,-0.028343
2000-01-25,-0.01219507950444203,0.011356
2000-01-26,0.007420671164211291,-0.007926
2000-01-27,-0.0015996742416916428,-0.003995
2000-01-28,-0.01608052897134931,-0.031194
2000-01-31,0.007356703801412758,0.027599
2000-02-01,0.0037707063056205453,0.0094
2000-02-02,0.005517702258269713,0.000887
2000-02-03,0.015274619630622396,0.015064
2000-02-04,0.0034630912688943098,-0.004147
2000-02-07,-0.017507050564441573,-0.001534
2000-02-08,0.0012264862240867532,0.013608
2000-02-09,-0.010566245797091934,-0.021005
2000-02-10,0.0028576208157852436,0.001991
2000-02-11,-0.016011555487841063,-0.020309
2000-02-14,0.003130702534147473,0.005858
2000-02-15,0.006947950087985851,0.011425
2000-02-16,-0.0062018225347334425,-0.013511
2000-02-17,0.013441523380830715,-0.006511
2000-02-18,-0.02365634045524353,-0.021469
2000-02-22,0.0017196767004058345,-0.00254
2000-02-23,-0.01587210418977353,0.011808
2000-02-24,-0.019398005838256436,-0.020137
2000-02-25,-0.010545127543256837,-0.00362
2000-02-28,0.0072361130312088824,0.020977
2000-02-29,0.011485783481691724,0.009642
2000-03-01,-0.0025884293400842808,0.007276
2000-03-02,-0.002226111497814849,0.000677
2000-03-03,0.020908307539868054,0.018723
2000-03-06,-0.012597933499793578,-0.0093
2000-03-07,-0.018212241678734732,-0.019781
2000-03-08,0.0019224236226135648,-0.001254
2000-03-09,0.008900182683447576,0.029224
2000-03-10,-0.004872484246428626,-0.00488
2000-03-13,0.0013626459543400402,-0.011369
2000-03-14,-0.009656905231777766,-0.014205
2000-03-15,0.027324547228700494,0.02333
2000-03-16,0.05351978320817989,0.046714
2000-03-17,-0.00877378714309618,0.006591
2000-03-20,-0.010056377538469012,-0.001063
2000-03-21,0.009582726348613667,0.016393
2000-03-22,-0.0016232248684670153,0.006075
2000-03-23,0.009497366981748958,0.016032
2000-03-24,-0.0022794814097684846,0.006967
2000-03-27,-0.008149569089479752,-0.010582
2000-03-28,0.0028522501875284816,-0.005759
2000-03-29,0.002509721972065143,0.001034
2000-03-30,0.00310759958288699,-0.016739
2000-03-31,0.009632589039791205,0.011349
2000-04-03,0.006441588589304784,0.005819
2000-04-04,0.001101226167282669,-0.036364
2000-04-05,0.004055476159101423,0.023585
2000-04-06,0.007173729947249493,0.008693
2000-04-07,-0.0008303691512060377,0.006334
2000-04-10,0.002047053841732889,-0.003921
2000-04-11,0.007759988584717506,-0.0029
2000-04-12,0.0043199172357091895,-0.027426
2000-04-13,-0.0032216482070050144,-0.013886
2000-04-14,-0.0480746870694556,-0.040728
2000-04-17,0.012861291504258576,0.017164
2000-04-18,0.006939402158075568,0.026421
2000-04-19,0.005499186956758123,-0.009301
2000-04-20,0.0069423329173474236,0.004803
2000-04-24,0.0025291415190113633,-0.010865
2000-04-25,0.02626623980164209,0.04152
2000-04-26,-0.011106046927735829,-0.011285
2000-04-27,-0.004941299615544111,-0.003307
2000-04-28,0.0023099185698007667,-0.006207
2000-05-01,0.015133951887351062,0.013569
2000-05-02,-0.004229021421821341,-0.019975
2000-05-03,-0.01646050088827555,-0.017346
2000-05-04,0.013119218075480736,0.001324
2000-05-05,0.006079214325565291,0.01212
2000-05-08,0.0003853511555799293,-0.007511
2000-05-09,-0.003673433396598727,-0.008007
2000-05-10,-0.010523938659227138,-0.022556
2000-05-11,0.026554508437442878,0.022851
2000-05-12,0.003766079137739192,0.010838
2000-05-15,0.008908874221367321,0.017287
2000-05-16,0.004179102466853201,0.008819
2000-05-17,-0.012030587590110267,-0.009595
2000-05-18,-0.002098980120455883,-0.009257
2000-05-19,-0.010034318018881728,-0.018688
2000-05-22,0.0023864936679970097,-0.007529
2000-05-23,-0.00424322232643288,-0.014726
2000-05-24,0.012124864329444627,0.016304
2000-05-25,-0.012212464541828418,-0.017157
2000-05-26,0.005338457805498879,0.001134
2000-05-30,0.01952221690601732,0.034194
2000-05-31,-0.0049950313424079115,0.000657
2000-06-01,0.0042762676728232965,0.017506
2000-06-02,0.010204518222388563,0.017419
2000-06-05,-0.005078746896499847,-0.004862
2000-06-06,-0.0038637750130904903,-0.00446
2000-06-07,-0.005325059451423504,0.006934
2000-06-08,-0.009156716608150709,-0.00392
2000-06-09,0.006492100840596861,-0.002127
2000-06-12,-0.004801958424067158,-0.011725
2000-06-13,0.003598317600219968,0.018766
2000-06-14,0.003943170952530748,0.001694
2000-06-15,-0.004848961269671315,0.002114
2000-06-16,-0.010423165850108088,-0.008195
2000-06-19,-0.0010433856831265477,0.01279
2000-06-20,-0.01087147180552371,-0.003578
2000-06-21,-0.003402210734242803,-0.000634
2000-06-22,-0.00826811165791894,-0.015007
2000-06-23,0.00140842594356756,-0.008584
2000-06-26,0.006045849575964137,0.012879
2000-06-27,0.00970787748642199,-0.007373
2000-06-28,0.003119957512231987,0.002799
2000-06-29,0.000441485757663544,-0.009446
2000-06-30,-0.021386383558666275,0.007586
2000-07-03,0.025181374521506043,0.013766
2000-07-05,-0.0015935563392737784,-0.018035
2000-07-06,0.003589331077312217,0.007779
2000-07-07,0.010758956554492785,0.016081
2000-07-10,0.009630690389660069,-0.001688
2000-07-11,0.008956796780099058,0.002114
2000-07-12,0.00715985741804055,0.006539
2000-07-13,0.005802907809462269,0.004401
2000-07-14,0.0024028097623024535,0.009806
2000-07-17,-0.001536170775051379,-0.001653
2000-07-18,-0.0025865187579818248,-0.008175
2000-07-19,-0.00909729660653962,-0.007199
2000-07-20,0.0011435964183894368,0.013031
2000-07-21,-0.0143503637155536,-0.019502
2000-07-24,-0.008166176309770857,-0.005713
2000-07-25,0.0030359999266720565,0.003192
2000-07-26,-0.010291794012821131,-0.009758
2000-07-27,0.005650400568357786,-0.003428
2000-07-28,-0.017992519388093067,-0.022571
2000-07-31,0.008835045167221363,0.005718
2000-08-01,0.008171773675591368,0.006779
2000-08-02,0.015794476782720702,0.004996
2000-08-03,0.0004496584919689003,0.006916
2000-08-04,0.004985981232543676,0.005366
2000-08-07,0.010130239400040925,0.011956
2000-08-08,0.010200101131457596,0.003797
2000-08-09,0.006511395052852516,-0.008407
2000-08-10,-0.007092165720173002,-0.004875
2000-08-11,0.01580429121700142,0.004153
2000-08-14,0.014494905373880464,0.013257
2000-08-15,-0.01222467105428361,-0.000837
2000-08-16,-0.0030441118581979822,-0.003562
2000-08-17,0.004319505396297891,0.010513
2000-08-18,-0.0021954701094304874,-0.003329
2000-08-21,-0.0020848851849751965,0.005846
2000-08-22,0.003233170753237957,-0.00166
2000-08-23,-0.004614113290710906,0.003534
2000-08-24,-0.0049836489255569395,0.003108
2000-08-25,0.00384229300769774,-0.000413
2000-08-28,-0.0007881270920570042,0.003409
2000-08-29,-0.001101355297145145,0.000206
2000-08-30,0.0031114878075464434,-0.009573
2000-08-31,0.008654350528191555,0.013303
2000-09-01,-0.0022759401811738925,0.000205
2000-09-05,0.003601436763922985,-0.007178
2000-09-06,0.009398119347001549,-0.009915
2000-09-07,-0.0023945304884372552,0.007094
2000-09-08,0.0024907547470269923,-0.006837
2000-09-11,0.004595586424738156,-0.00146
2000-09-12,-0.0016574556576086199,-0.00752
2000-09-13,0.000738824328463773,0.002842
2000-09-14,-0.0010376871672327192,-0.002833
2000-09-15,-0.008229756556946731,-0.013469
2000-09-18,-0.018776656416216845,-0.00984
2000-09-19,-0.008817510379452005,0.009073
2000-09-20,-0.001309638071172269,-0.007386
2000-09-21,-0.0007100602231310245,0.002049
2000-09-22,0.003246986291909461,0.000646
2000-09-25,0.0019319437993520266,-0.007744
2000-09-26,-0.00034764944821255914,-0.01214
2000-09-27,0.0044925263252593136,0.005267
2000-09-28,0.012686684516461377,0.020738
2000-09-29,0.004214507685527713,-0.017109
2000-10-02,-0.002598262579221166,0.001523
2000-10-03,-0.0030289752223944724,-0.009342
2000-10-04,0.0018551849918543753,0.008333
2000-10-05,-0.019472201306813538,0.00348
2000-10-06,-0.013026542875110183,-0.021673
2000-10-09,0.0060840799599791405,-0.007532
2000-10-10,-0.008281937098516772,-0.016518
2000-10-11,-0.012339069084752203,-0.008398
2000-10-12,-0.01573299964608096,-0.024949
2000-10-13,0.012325585598206668,0.033333
2000-10-16,0.0013521851486635995,0.004543
2000-10-17,-0.023938179707974783,-0.024876
2000-10-18,-0.0002880837523571037,-0.003711
2000-10-19,0.015344802118709295,0.037477
2000-10-20,0.0013245075514669018,0.004487
2000-10-23,-0.006067270052134925,0.004467
2000-10-24,0.01069639868552034,-0.006671
2000-10-25,-0.007517293284443849,-0.023506
2000-10-26,0.001532215736852777,0.002751
2000-10-27,0.011451219276482552,0.018976
2000-10-30,0.029032087547898256,0.008975
2000-10-31,0.022625940570237344,0.017234
2000-11-01,-0.002478898233883447,-0.003388
2000-11-02,0.014624135367266991,0.001645
2000-11-03,0.0003124830584496361,0.000547
2000-11-06,0.0007004595330522968,0.007004
2000-11-07,0.0022616095880100295,-0.000217
2000-11-08,0.002487564381391569,-0.022174
2000-11-09,-0.00821446158766796,-0.003779
2000-11-10,-0.01413747357820746,-0.024325
2000-11-13,0.005937625409690993,-0.007777
2000-11-14,0.010181394436254794,0.026279
2000-11-15,0.0015928961187994528,0.003145
2000-11-16,-0.01551419913850105,-0.015674
2000-11-17,0.0008400081123838177,-0.005346
2000-11-20,-0.007383925282567997,-0.014294
2000-11-21,9.267196823666807e-05,0.005104
2000-11-22,-0.005662407090285293,-0.023892
2000-11-24,0.008793994887944852,0.020456
2000-11-27,0.003092513205513199,0.008806
2000-11-28,-0.003191318243611889,-0.01723
2000-11-29,0.0007652528721882385,-0.00187
2000-11-30,-0.01154833558061149,-0.008665
2000-12-01,0.01638601123696896,-0.000472
2000-12-04,0.008073377479557732,0.008509
2000-12-05,0.008457301812116881,0.03281
2000-12-06,-0.0160334270793613,-0.015997
2000-12-07,-0.017869893310181448,-0.013721
2000-12-08,0.019900973880399277,0.002338
2000-12-11,0.0046307298846848845,0.034756
2000-12-12,0.0033987448230105295,-0.004283
2000-12-13,-0.012988199591636851,-0.013697
2000-12-14,-0.011614011950122734,-0.01274
2000-12-15,-0.012990705007577997,-0.022515
2000-12-18,0.026431482646101595,0.013362
2000-12-19,0.004124161876770709,-0.020367
2000-12-20,-0.017459801909154575,-0.028963
2000-12-21,0.010947309861247112,0.006931
2000-12-22,0.02958636188364226,0.02999
2000-12-26,0.00796740446643555,0.01074
2000-12-27,0.023957775330096954,0.00732
2000-12-28,0.012816876647076501,0.003047
2000-12-29,-0.00032831787297045266,-0.01893
2001-01-02,-0.012302837581667008,-0.018104
2001-01-03,0.04343637067030632,0.048035
2001-01-04,0.009932053243114294,-0.010764
2001-01-05,-0.008185734642466516,-0.032643
2001-01-08,-0.002032984933629517,0.007741
2001-01-09,0.0076000850294209825,-0.00264
2001-01-10,0.011941452621672653,0.017569
2001-01-11,0.011960007735172641,0.000946
2001-01-12,-0.0006309980758784678,-0.00189
2001-01-16,0.021932528830276354,0.006392
2001-01-17,-0.007405024402231742,0.004587
2001-01-18,0.0072985854806452075,0.009952
2001-01-19,-0.02526302921659956,-0.005681
2001-01-22,0.0034192024493283047,0.006646
2001-01-23,0.01720865523880616,0.007876
2001-01-24,-0.00927224756746926,0.002988
2001-01-25,-0.009314097249524872,-0.002521
2001-01-26,-0.0018549841528338743,-0.001149
2001-01-29,0.01500538694291936,0.005336
2001-01-30,-0.0012227944919102375,0.008785
2001-01-31,0.0009667241631667921,-0.00566
2001-02-01,0.014989010545966144,0.006641
2001-02-02,-0.013748352693624039,-0.022693
2001-02-05,0.003072737283358618,0.007344
2001-02-06,0.0076790972207915415,-0.002946
2001-02-07,0.006420301541320626,-0.00517
2001-02-08,-0.008848770175166928,-0.011657
2001-02-09,-0.009284397150604065,-0.009615
2001-02-12,0.013101520179714624,0.011453
2001-02-13,0.004959001145356933,-0.008174
2001-02-14,-0.002757051152215668,-0.001512
2001-02-15,0.01663643183237072,0.009693
2001-02-16,-0.01260955345049036,-0.022049
2001-02-20,-0.007639118620685746,-0.015414
2001-02-21,-0.016445302513610982,-0.021575
2001-02-22,-0.0012264511861523589,0.001512
2001-02-23,-0.003767919407337927,-0.006756
2001-02-26,0.021387044030756534,0.021287
2001-02-27,-0.008295073770047635,-0.009246
2001-02-28,-0.01126651079714539,-0.019693
2001-03-01,0.0026964634004760586,0.005244
2001-03-02,0.007608319088499614,-0.007945
2001-03-05,0.015443008408808736,0.009142
2001-03-06,0.009023259644813203,0.010742
2001-03-07,0.013554302104345967,0.007138
2001-03-08,0.0018785041465889227,0.001103
2001-03-09,-0.011262507325734744,-0.029578
2001-03-12,-0.030953990085820293,-0.042802
2001-03-13,-0.0024597310499312234,0.01643
2001-03-14,-0.021021496681514297,-0.019747
2001-03-15,-0.0009227643940720381,0.000255
2001-03-16,-0.016717368806773093,-0.020008
2001-03-19,0.02043626985269993,0.020346
2001-03-20,-0.007648585695909797,-0.026843
2001-03-21,-0.018400971443626343,-0.016988
2001-03-22,-0.013852883529092619,-0.010155
2001-03-23,0.013296855143076476,0.030238
2001-03-26,0.012156792743491877,0.012753
2001-03-27,0.006292549190601154,0.020442
2001-03-28,-0.019782647690142634,-0.027639
2001-03-29,0.0051101346433139305,0.003825
2001-03-30,0.013807803375155192,0.010478
2001-04-02,-0.017463092163609483,-0.021339
2001-04-03,-0.02961501776435324,-0.033363
2001-04-04,0.0029692704137633955,0.004167
2001-04-05,0.03992349586497205,0.037889
2001-04-06,-0.027410430824430888,-0.015211
2001-04-09,0.015338729840492208,0.011121
2001-04-10,0.028499745198890047,0.018244
2001-04-11,-0.006822142178624698,0.000686
2001-04-12,0.012362383990806759,0.018162
2001-04-16,-0.00414950041395483,-0.010518
2001-04-17,0.009256163109025424,0.014116
2001-04-18,0.03806221269263969,0.039745
2001-04-19,0.016644201342795033,0.013307
2001-04-20,-0.010099838245011865,-0.009152
2001-04-23,-0.012638575250134867,-0.018153
2001-04-24,-0.002060305156570253,-0.005399
2001-04-25,0.017201295426972327,0.013078
2001-04-26,0.002686610683402717,0.004465
2001-04-27,0.01481466169840646,0.016651
2001-04-30,0.006937028229475534,-0.006917
2001-05-01,0.006307493456705528,0.017132
2001-05-02,0.0006730121239639608,-0.00181
2001-05-03,-0.017754624703297535,-0.012695
2001-05-04,0.016070084904148782,0.017011
2001-05-07,-0.006205049080792528,-0.008638
2001-05-08,0.002016514240277545,-0.000475
2001-05-09,-0.0031442862230804847,-0.0042
2001-05-10,0.0031146335715863515,0.002945
2001-05-11,-0.0026470050690986856,-0.006904
2001-05-14,0.0011183207978715623,0.001998
2001-05-15,0.002284374062058904,0.004625
2001-05-16,0.023791941131649362,0.023575
2001-05-17,0.008305033324552537,0.001551
2001-05-18,0.004807680210295724,0.004568
2001-05-21,0.016433733563357898,0.014722
2001-05-22,-0.0005231054910686071,-0.001291
2001-05-23,-0.017808571067355616,-0.016961
2001-05-24,0.00182655363808812,0.00294
2001-05-25,-0.0062466440901481944,-0.011803
2001-05-29,-0.010580556718408343,-0.007963
2001-05-30,-0.0161280423408137,-0.014007
2001-05-31,0.0064603166014095175,0.005188
2001-06-01,0.007236295171490931,0.006193
2001-06-04,0.00361635055608335,0.004813
2001-06-05,0.01681535407032106,0.011465
2001-06-06,-0.00963266030095251,-0.008307
2001-06-07,-0.002957704105288342,0.003601
2001-06-08,-0.008268440180310947,-0.009283
2001-06-11,-0.013831124526256693,-0.007087
2001-06-12,0.0002778062839911521,-0.001745
2001-06-13,-0.006170734353619777,-0.00858
2001-06-14,-0.02050778740415419,-0.022436
2001-06-15,-0.0034383973694556377,0.00161
2001-06-18,-0.004314068654825107,-0.004842
2001-06-19,0.00047232779843474706,0.004371
2001-06-20,0.006438751926123502,0.005255
2001-06-21,0.0038574232073995598,0.011353
2001-06-22,-0.014741015768298928,-0.007834
2001-06-25,-0.00586762796288936,-0.009198
2001-06-26,0.00809339303669636,-0.001397
2001-06-27,0.006415585032863328,-0.000576
2001-06-28,0.012275347605522431,0.005515
2001-06-29,0.02472781189539493,0.003684
2001-07-02,0.0020684263000592482,0.01248
2001-07-03,-0.004007838454138488,-0.000242
2001-07-05,-0.003477331039657989,-0.0195
2001-07-06,-0.022017624553117603,-0.021614
2001-07-09,0.004573084453455342,0.00546
2001-07-10,-0.014040805721909414,-0.01203
2001-07-11,0.0023323973910007955,0.001015
2001-07-12,0.019771344227810943,0.023737
2001-07-13,0.002164235211986195,0.008664
2001-07-16,-0.01054946455876899,-0.012516
2001-07-17,0.009570632979245607,0.009361
2001-07-18,-0.0017368037737089494,-0.006812
2001-07-19,0.008966987424972995,0.00876
2001-07-20,-0.0003549545926147908,-0.00598
2001-07-23,-0.011252774513286509,-0.019697
2001-07-24,-0.018752958689633125,-0.009668
2001-07-25,0.015191233761106282,0.011036
2001-07-26,0.009815881900033838,0.010495
2001-07-27,0.0017671380629913638,0.003822
2001-07-30,0.00030624886892081476,0.000331
2001-07-31,0.007472006265382012,0.004137
2001-08-01,0.0034031082325932985,0.006263
2001-08-02,0.004556802950526766,0.004095
2001-08-03,-0.0050352968607193,-0.005464
2001-08-06,-0.011675517051293497,-0.013449
2001-08-07,-0.000802954518729347,0.003907
2001-08-08,-0.014008967590326365,-0.018548
2001-08-09,0.0016043140465220609,0.002953
2001-08-10,0.006501077579482392,0.003449
2001-08-13,0.004847046490841278,0.000251
2001-08-14,0.005421758250197424,-0.000419
2001-08-15,-0.0031491528221211326,-0.008636
2001-08-16,0.008076183611810773,0.003468
2001-08-17,-0.011237639772425216,-0.016014
2001-08-20,0.005684058716213108,0.009251
2001-08-21,-0.00783469457476407,-0.017059
2001-08-22,0.007297058434014806,0.010361
2001-08-23,-0.00022085928844061342,-0.003589
2001-08-24,0.017547755595097386,0.020755
2001-08-27,0.002665108264673848,-0.005965
2001-08-28,-0.010549496809836974,-0.014623
2001-08-29,-0.00415709870359647,-0.008921
2001-08-30,-0.010799207873417293,-0.019214
2001-08-31,0.006110199244352204,0.007324
2001-09-04,0.003218813424159954,-0.006395
2001-09-05,-0.002936651332651067,0.002469
2001-09-06,-0.020306613307248523,-0.02577
2001-09-07,-0.021341213147475422,-0.018507
2001-09-10,-0.007912622359708486,0.012233
2001-09-17,-0.059909507995731616,-0.052249
2001-09-18,-0.00846404774956972,-0.002397
2001-09-19,-0.02150616424445811,-0.020183
2001-09-20,-0.03547983293904059,-0.03178
2001-09-21,-0.02162570956988811,-0.010749
2001-09-24,0.04178108351257524,0.035156
2001-09-25,0.0021431867947597286,0.010427
2001-09-26,-0.01265523615487509,-0.003538
2001-09-27,0.008827698589443064,0.008679
2001-09-28,0.024523678073933356,0.021218
2001-10-01,-0.017219935092559084,-0.001628
2001-10-02,0.01320610013435861,0.012564
2001-10-03,0.040931684808598025,0.016765
2001-10-04,0.008123271579852775,0.000838
2001-10-05,0.002936940796895584,-0.001955
2001-10-08,-0.015171841460051298,-0.006528
2001-10-09,-0.003507861891967231,-0.005351
2001-10-10,0.03981373534060543,0.022273
2001-10-11,0.040502603848411776,0.01551
2001-10-12,0.000305639236791144,-0.004545
2001-10-15,-0.003696682784308052,-0.001826
2001-10-16,0.024609978477725405,0.006313
2001-10-17,-0.0177175969291112,-0.021275
2001-10-18,-0.021100542453311732,-0.002137
2001-10-19,0.007412530583376241,-0.000652
2001-10-22,0.014725605636204247,0.019749
2001-10-23,0.0009069655471271958,-0.005116
2001-10-24,0.011311590161731968,-0.002663
2001-10-25,0.03633963576659081,0.017953
2001-10-26,-0.005231445773097621,-0.002261
2001-10-29,-0.03217870041606812,-0.026015
2001-10-30,-0.03164467003224056,-0.012006
2001-10-31,0.01466165632975901,-0.003391
2001-11-01,0.01896705275106101,0.025614
2001-11-02,0.0033533515350007053,0.00682
2001-11-05,0.02703027827166618,0.013089
2001-11-06,0.023559243264366387,0.01554
2001-11-07,-0.00215122487099961,-0.001335
2001-11-08,-0.002534853815335973,0.003118
2001-11-09,0.008379437723590073,0.001066
2001-11-12,0.002327308687385784,-0.006121
2001-11-13,0.02573963175824214,0.022494
2001-11-14,0.020093854443904286,0.00096
2001-11-15,0.00969059420565722,0.001831
2001-11-16,0.017305494276546624,-0.00444
2001-11-19,0.021001748591037647,0.01233
2001-11-20,-0.03065870944172963,-0.008379
2001-11-21,0.008052933742268554,-0.00662
2001-11-23,0.021301254023887845,0.014381
2001-11-26,0.009822963118338043,0.002161
2001-11-27,-0.008509868661102855,-0.004313
2001-11-28,-0.029888023780799224,-0.018106
2001-11-29,0.008146988398846484,0.013499
2001-11-30,-0.007641850382159831,-0.007139
2001-12-03,-0.024801339283949,-0.005962
2001-12-04,0.03768511375753253,0.016936
2001-12-05,0.04869014592093343,0.018302
2001-12-06,0.0005476363099985325,-0.000511
2001-12-07,-0.010866534762523777,-0.006647
2001-12-10,-0.01219677223731283,-0.018703
2001-12-11,0.006899764714144878,-0.002011
2001-12-12,0.00719511207475656,0.001139
2001-12-13,-0.032601222919788175,-0.019426
2001-12-14,-0.003969396237419854,0.009548
2001-12-17,0.00950218194075542,0.010342
2001-12-18,0.014447332038308483,0.005949
2001-12-19,-0.010613311614302953,0.007045
2001-12-20,-0.019916880091968795,-0.009845
2001-12-21,0.004217706758930123,0.006042
2001-12-24,0.017906965536905472,-0.001914
2001-12-26,0.012367390416065518,0.005491
2001-12-27,0.008223285414558194,0.006068
2001-12-28,0.001249663697775107,-0.000517
2001-12-31,-0.007529994038959786,-0.014655
2002-01-02,-0.0007063517885026046,0.010761
2002-01-03,0.01105797945918384,0.011339
2002-01-04,0.010414347740696831,0.006676
2002-01-07,-0.0018472752915323508,-0.007057
2002-01-08,-0.0020224267885762385,-0.002312
2002-01-09,-0.001878325269201425,-0.008153
2002-01-10,-0.00411954206000948,0.004413
2002-01-11,-0.010612585809729074,-0.009821
2002-01-14,-0.012964956471125106,-0.006264
2002-01-15,0.003582133850121059,0.008142
2002-01-16,-0.022758892444675848,-0.020235
2002-01-17,0.012073629288762587,0.007534
2002-01-18,-0.010090661901210772,-0.004575
2002-01-22,-0.013039931608045476,-0.006893
2002-01-23,0.01435071015042847,0.007653
2002-01-24,0.010565513127641394,0.003091
2002-01-25,0.007554933092416337,-0.000264
2002-01-28,0.0033143649164516726,0.00273
2002-01-29,-0.018106598876332057,-0.031442
2002-01-30,0.008432976252965628,0.014418
2002-01-31,0.013089244023566822,0.01171
2002-02-01,-0.0040059640788594674,-0.004683
2002-02-04,-0.02555692687905243,-0.024856
2002-02-05,-0.0067503112128627155,-0.00619
2002-02-06,-0.008914388504744032,-0.004305
2002-02-07,-0.005708822037910849,-0.006256
2002-02-08,0.01613701560246654,0.019163
2002-02-11,0.021206265944143068,0.012263
2002-02-12,-0.0016949589472986817,-0.003141
2002-02-13,0.011930213610642783,0.010622
2002-02-14,-0.003989175003158252,-0.00187
2002-02-15,-0.0034491383024752974,-0.010441
2002-02-19,-0.02089909222465983,-0.019208
2002-02-20,0.012274718271630458,0.016826
2002-02-21,-0.010664144105226325,-0.020707
2002-02-22,0.00863454781863706,0.012373
2002-02-25,0.015949786197045415,0.016509
2002-02-26,0.008852774616502896,-0.002064
2002-02-27,0.0022874446691039233,0.003866
2002-02-28,-0.0004365806813355688,-0.004478
2002-03-01,0.016843600658648237,0.023302
2002-03-04,0.030105978278003206,0.017672
2002-03-05,-0.0003103075356801462,-0.003197
2002-03-06,0.019456152038082694,0.011874
2002-03-07,-0.0031305672946426878,-0.002141
2002-03-08,0.00956442575434267,0.004206
2002-03-11,0.003179991869043679,0.002137
2002-03-12,-0.0022286014890573105,-0.000597
2002-03-13,-0.009303903777096324,-0.009644
2002-03-14,0.0022815742425095183,-0.001379
2002-03-15,0.008786429000892547,0.009501
2002-03-18,0.001429679231349049,0.000171
2002-03-19,0.007549292245728993,0.006686
2002-03-20,-0.010796803748941751,-0.018817
2002-03-21,0.0023072576760696404,0.000434
2002-03-22,-0.0017081146878872356,-0.002168
2002-03-25,-0.01426082719522626,-0.012431
2002-03-26,0.010652825660360146,0.005809
2002-03-27,0.014328511074506,0.002625
2002-03-28,0.005723348740916164,-0.000436
2002-04-01,-0.0026681464921421037,0.000437
2002-04-02,-0.012717833431644397,-0.005499
2002-04-03,-0.010926290621990062,-0.007021
2002-04-04,0.0016238241981092947,-0.004154
2002-04-05,-0.0004764967058463035,0.000178
2002-04-08,0.004662458288105288,0.00213
2002-04-09,-0.0037652643830369636,-0.006995
2002-04-10,0.01295060209176427,0.011325
2002-04-11,-0.015514102739248293,-0.024866
2002-04-12,0.01217217340879791,0.007505
2002-04-15,-0.0019546371025786443,-0.007629
2002-04-16,0.023200755361461316,0.023786
2002-04-17,0.0013052912415716354,-0.00212
2002-04-18,-0.005345269546771815,-0.004338
2002-04-19,0.001671097988202447,0.003645
2002-04-22,-0.017257552568094796,-0.016655
2002-04-23,-0.001531221009383946,-0.004324
2002-04-24,-0.005250525093689722,-0.010043
2002-04-25,-0.002585831365022058,0.000548
2002-04-26,-0.011911596662642333,-0.019001
2002-04-29,-0.009647858826989746,-0.004935
2002-04-30,0.013850110744999797,0.009358
2002-05-01,0.0017439283629619078,0.012238
2002-05-02,0.0007149155071374107,-0.003847
2002-05-03,-0.01327785313443609,-0.01085
2002-05-06,-0.020958447949957434,-0.019613
2002-05-07,-0.0016953903711533552,-0.003508
2002-05-08,0.03438309864543581,0.037203
2002-05-09,-0.013759973611337477,-0.011559
2002-05-10,-0.0164027931378772,-0.01884
2002-05-13,0.015806511549598688,0.020337
2002-05-14,0.02666265013231674,0.021786
2002-05-15,0.0011629579115024122,-0.003901
2002-05-16,-0.001777545929191641,0.005192
2002-05-17,0.00040845048465562925,0.004893
2002-05-20,-0.007696489345648664,-0.010821
2002-05-21,-0.013067542410128741,-0.009116
2002-05-22,0.0023581830913826964,0.002208
2002-05-23,0.008059986360168045,0.010648
2002-05-24,-0.008159328780269343,-0.012807
2002-05-28,-0.00765445818228637,-0.005428
2002-05-29,-0.008144798270803971,-0.007401
2002-05-30,-0.005388027668257221,-0.002796
2002-05-31,0.0023131694493151735,0.002056
2002-06-03,-0.02665803169483738,-0.026581
2002-06-04,-0.0029671611478996273,0.002491
2002-06-05,0.006635180125999579,0.009366
2002-06-06,-0.020650962105079967,-0.020358
2002-06-07,0.003457417051704401,-0.00116
2002-06-10,0.0022797304600980883,0.003871
2002-06-11,-0.017044797271673212,-0.017158
2002-06-12,-0.0012584563345596552,0.006081
2002-06-13,-0.013316775687533785,-0.010041
2002-06-14,-0.003281461481020706,-0.001477
2002-06-17,0.024093814466177726,0.026825
2002-06-18,-0.0023971307174132355,0.008164
2002-06-19,-0.01210064699002122,-0.02334
2002-06-20,-0.009819748022600333,-0.012778
2002-06-21,-0.013048563326415692,-0.015578
2002-06-24,-0.0012939958325309407,0.005238
2002-06-25,-0.021301481725588475,-0.022445
2002-06-26,-0.010693709731289821,0.00164
2002-06-27,0.012661535860303257,0.017499
2002-06-28,0.013360474881556514,-0.004727
2002-07-01,-0.03226136037952843,-0.019503
2002-07-02,-0.041047933059101864,-0.021231
2002-07-03,0.005686009614838187,0.005686
2002-07-05,0.04273225146848598,0.039786
2002-07-08,-0.02455858240819101,-0.012486
2002-07-09,-0.020329177106361934,-0.025186
2002-07-10,-0.029974650360033536,-0.036402
2002-07-11,0.023161297093502065,0.008142
2002-07-12,0.0055790046409046725,-0.010983
2002-07-15,0.0007933587266797121,0.005335
2002-07-16,-0.020452434336994816,-0.019277
2002-07-17,0.0025918326331081645,0.001988
2002-07-18,-0.027839940209412814,-0.0324
2002-07-19,-0.04314507193037805,-0.035194
2002-07-22,-0.027159483626756135,-0.029631
2002-07-23,-0.04429274852788431,-0.027372
2002-07-24,0.04621866959677003,0.059662
2002-07-25,-0.024811633947668006,-0.008499
2002-07-26,0.004093049077872353,0.019048
2002-07-29,0.060381903154666454,0.048715
2002-07-30,0.009487688162962199,0.013033
2002-07-31,-0.01645503861565983,0.002419
2002-08-01,-0.022087144085324757,-0.026108
2002-08-02,-0.03120499693994091,-0.022415
2002-08-05,-0.03862328062582665,-0.034797
2002-08-06,0.04383092014924474,0.033664
2002-08-07,0.01344202355276335,0.017439
2002-08-08,0.021292604017912976,0.03235
2002-08-09,0.010003878114888554,0.003738
2002-08-12,-0.0005800351279684766,-0.007339
2002-08-13,-0.03179669464840091,-0.018208
2002-08-14,0.03937769502371905,0.036529
2002-08-15,0.004374713072535672,0.01388
2002-08-16,0.00345540221712633,-0.002995
2002-08-19,0.029062610968621214,0.023386
2002-08-20,-0.00541890008828675,-0.010587
2002-08-21,0.03452758271497608,0.014408
2002-08-22,0.01413311390405838,0.009713
2002-08-23,-0.025448803087920288,-0.021514
2002-08-26,0.020413624620576935,0.006977
2002-08-27,-0.011472462026938276,-0.011547
2002-08-28,-0.02598309709136606,-0.021878
2002-08-29,0.0069391390868624395,0.000434
2002-08-30,-0.005715773325124497,-0.003907
2002-09-03,-0.04431732618309747,-0.038135
2002-09-04,0.02655906419108533,0.014273
2002-09-05,-0.023142491144878475,-0.008488
2002-09-06,0.029146663751332295,0.013742
2002-09-09,0.002812022399597709,0.007333
2002-09-10,0.009076325046251254,0.011471
2002-09-11,0.00383862158090428,-0.006216
2002-09-12,-0.02919466844705065,-0.018435
2002-09-13,0.005946722109139806,0.002459
2002-09-16,-0.00988166836374877,0.002453
2002-09-17,-0.02258963140189954,-0.022917
2002-09-18,-0.016340699920480373,-0.010019
2002-09-19,-0.053953617206412584,-0.025877
2002-09-20,0.0029855506164649065,0.000332
2002-09-23,-0.009765762012433591,-0.00818
2002-09-24,-0.015860142840458693,-0.016137
2002-09-25,0.03332735999189382,0.024784
2002-09-26,0.011924042348481483,0.016361
2002-09-27,-0.02901450418635737,-0.03476
2002-09-30,-0.011239175942631624,-0.011601
2002-10-01,0.028784684591174402,0.04805
2002-10-02,-0.03950939689043705,-0.029981
2002-10-03,-0.015155300256805025,-0.010102
2002-10-04,-0.02789639236117411,-0.018345
2002-10-07,-0.03117001285250856,-0.020668
2002-10-08,0.0014374014848341759,0.015671
2002-10-09,-0.0403500757337809,-0.028244
2002-10-10,0.038648380263105735,0.032394
2002-10-11,0.05598366203522681,0.04378
2002-10-14,0.008128973515965867,0.005585
2002-10-15,0.0688513856578495,0.048092
2002-10-16,-0.04820762068477444,-0.024239
2002-10-17,0.03937795605733093,0.019873
2002-10-18,0.005963637714793704,0.004192
2002-10-21,0.031402154399892655,0.017261
2002-10-22,-0.008104881195613743,-0.007209
2002-10-23,0.01840230784714533,0.007596
2002-10-24,0.0015780437567771038,-0.020399
2002-10-25,0.020174820828007603,0.020824
2002-10-28,-0.0038453372027598873,-0.006541
2002-10-29,-0.014094962276373376,-0.011606
2002-10-30,0.023617701052601688,0.00971
2002-10-31,0.0019141381310728799,-0.010176
2002-11-01,0.0453848105826904,0.01977
2002-11-04,0.026308370688815023,0.009527
2002-11-05,0.0001262062659289071,0.007901
2002-11-06,0.0316615523708872,0.012956
2002-11-07,-0.045686907543057396,-0.024506
2002-11-08,-0.02349159354372168,-0.01223
2002-11-11,-0.031716180964745606,-0.015505
2002-11-12,0.025455689649862463,0.007931
2002-11-13,0.010573071105861294,0.001012
2002-11-14,0.040511580101936,0.018866
2002-11-15,0.0019576756626789988,0.007385
2002-11-18,-0.004324788809014223,-0.010066
2002-11-19,-0.0062961393085542985,-0.001326
2002-11-20,0.03888916493899988,0.022244
2002-11-21,0.04849629533112111,0.018621
2002-11-22,0.004485099139483773,-0.007121
2002-11-25,0.02983704424271173,0.000642
2002-11-26,-0.02350566355461308,-0.019042
2002-11-27,0.039662862320755325,0.028135
2002-11-29,0.0021640999804463765,-0.003182
2002-12-02,0.006199445452742624,0.001596
2002-12-03,-0.03203027890251156,-0.013386
2002-12-04,-0.026626808358165024,-0.004523
2002-12-05,-0.013091171390036441,-0.011033
2002-12-06,0.00604729435773639,0.006562
2002-12-09,-0.040696461653255266,-0.027491
2002-12-10,0.02180744040206884,0.013408
2002-12-11,-0.0005580141306975023,0.000882
2002-12-12,0.005512501805817428,-0.00011
2002-12-13,-0.018445483900690854,-0.015754
2002-12-16,0.029175174668945057,0.025856
2002-12-17,-0.0010951881010348925,-0.008729
2002-12-18,-0.02692076584096318,-0.011558
2002-12-19,-0.013206963069989783,-0.007127
2002-12-20,0.010931390485001071,0.014197
2002-12-23,0.007040218738742384,0.000333
2002-12-24,-0.005163419257245107,-0.007387
2002-12-26,0.003128122008376348,0.000392
2002-12-27,-0.01640540641995142,-0.022486
2002-12-30,-0.004455514427376796,0.008354
2002-12-31,0.012491064816749676,0.001362
2003-01-02,0.0397152547462961,0.032189
2003-01-03,-0.0015456228335864804,0.003075
2003-01-06,0.02327371250325755,0.017625
2003-01-07,0.012913336051441779,-0.002474
2003-01-08,-0.008126954009326821,-0.014451
2003-01-09,0.018463419560270346,0.015538
2003-01-10,0.0014724661601495971,0.002694
2003-01-13,-0.003823500029966703,-0.000322
2003-01-14,0.014634573091795321,0.003225
2003-01-15,-0.006732093156745466,-0.009965
2003-01-16,-0.00019623512948760844,-0.004113
2003-01-17,-0.023636355297262716,-0.014779
2003-01-21,-0.02112405892562738,-0.015553
2003-01-22,-0.018068173521690947,-0.012101
2003-01-23,0.02092017491757759,0.006125
2003-01-24,-0.03639268120934608,-0.026265
2003-01-27,-0.025015433303598598,-0.013661
2003-01-28,0.022832845206140286,0.007394
2003-01-29,0.009565816390746874,0.007573
2003-01-30,-0.024414598848595266,-0.023705
2003-01-31,-0.009057767911409423,0.019306
2003-02-03,-0.004955446455526,0.001975
2003-02-04,-0.013600496508713904,-0.009857
2003-02-05,0.0007048823107813646,-0.006208
2003-02-06,-0.009297650202205807,-0.004714
2003-02-07,-0.014064098237524416,-0.012197
2003-02-10,0.00887036973672938,0.007073
2003-02-11,-0.005921350613363271,-0.006904
2003-02-12,-0.018034296218768796,-0.015942
2003-02-13,-0.0034010236107951384,0.003045
2003-02-14,0.01375331413510118,0.021858
2003-02-18,0.02737579156049715,0.017588
2003-02-19,-0.009143192061469952,-0.005255
2003-02-20,3.752354536368334e-05,-0.009979
2003-02-21,0.010520702762177626,0.010079
2003-02-24,-0.019123822439706614,-0.016201
2003-02-25,0.00644647237145229,0.007995
2003-02-26,-0.017183318005098543,-0.014561
2003-02-27,0.011424403043036508,0.013215
2003-02-28,0.005479591624392684,0.00664
2003-03-03,-0.0063763611225219705,-0.009541
2003-03-04,-0.01575707106641293,-0.015935
2003-03-05,0.0066423931963415575,0.008459
2003-03-06,-0.00024166550159892243,-0.008388
2003-03-07,0.008166798499572955,0.006888
2003-03-10,-0.026223735360495735,-0.024004
2003-03-11,-0.019931178022075335,-0.009838
2003-03-12,0.0062044728242357725,0.006706
2003-03-13,0.03887239519967682,0.034542
2003-03-14,-0.0032865602941384024,0.00322
2003-03-17,0.04003196658433029,0.031499
2003-03-18,0.014290319735497967,0.005877
2003-03-19,-0.00329741037484943,0.007676
2003-03-20,0.008323308795276343,0.00216
2003-03-21,0.02862085945333278,0.021264
2003-03-24,-0.044021193974430224,-0.033233
2003-03-25,0.022533690762912048,0.009574
2003-03-26,-0.015410586421938273,-0.005027
2003-03-27,0.0032154401035510744,0.000804
2003-03-28,-0.007058217324005478,-0.005049
2003-03-31,-0.011804275312832575,-0.022719
2003-04-01,0.015239861142574758,0.015341
2003-04-02,0.029718429553640017,0.024175
2003-04-03,-0.004089795333261171,-0.004766
2003-04-04,-0.0004546014548072045,0.005929
2003-04-07,0.008566004338678525,-0.001927
2003-04-08,-0.008452664621117004,0.00159
2003-04-09,-0.01053194598995992,-0.013154
2003-04-10,0.006548704020535594,0.005515
2003-04-11,-0.000763881135699142,-0.004114
2003-04-14,0.024159731584066826,0.020654
2003-04-15,0.010727747472541103,0.009331
2003-04-16,-0.01053567176231965,-0.017042
2003-04-17,0.027487033366385,0.014844
2003-04-21,0.011291531183800297,0.001005
2003-04-22,0.025152313924304958,0.018851
2003-04-23,0.011451704301995937,0.009196
2003-04-24,-0.0024835852634905245,-0.008896
2003-04-25,-0.013655054572760148,-0.012369
2003-04-28,0.029680701823749395,0.017289
2003-04-29,0.013635804075970884,0.0
2003-04-30,0.0010282948141978447,0.001307
2003-05-01,-0.0009395226479482414,-0.000109
2003-05-02,0.02519123847068914,0.014255
2003-05-05,0.011869589073829581,-0.001931
2003-05-06,0.007504051339235269,0.009459
2003-05-07,-0.010137527837394219,-0.005537
2003-05-08,-0.008060053481570606,-0.010065
2003-05-09,0.02324038941421561,0.013845
2003-05-12,0.015352761663044496,0.012269
2003-05-13,0.000870695384658246,-0.001792
2003-05-14,0.0038237166025812306,-0.002112
2003-05-15,0.027864260914028865,0.006349
2003-05-16,0.008787456382444239,-0.002523
2003-05-19,-0.03362599185135966,-0.023401
2003-05-20,-0.005253074028872308,-0.002051
2003-05-21,0.005381299435771437,0.002055
2003-05-22,0.01233220757464007,0.00993
2003-05-23,0.014831253640114261,0.002031
2003-05-27,0.020655160199695245,0.017492
2003-05-28,0.004699218283431885,0.00283
2003-05-29,0.0019752912677037564,-0.002613
2003-05-30,0.021885833636630367,0.016034
2003-06-02,0.00754334565303317,0.004126
2003-06-03,-0.0064450339150726975,0.004109
2003-06-04,0.027715208682685673,0.014425
2003-06-05,0.015862615298854802,0.004941
2003-06-06,-0.008067117778950047,-0.003914
2003-06-09,-0.02209802136146576,-0.010175
2003-06-10,0.008697899297772774,0.010178
2003-06-11,0.01833788769598452,0.010579
2003-06-12,0.006445034908309243,0.003091
2003-06-13,-0.020105916687156097,-0.010436
2003-06-16,0.018121685011159353,0.021093
2003-06-17,0.0028019978352829653,0.0
2003-06-18,0.0007744436025814476,-0.000885
2003-06-19,-0.013962393940512342,-0.01526
2003-06-20,-0.006467226282314742,-0.002197
2003-06-23,-0.02779400949489451,-0.010258
2003-06-24,-0.0035121000735279955,0.001016
2003-06-25,-0.004086206318633316,-0.010049
2003-06-26,0.011872131705732475,0.013022
2003-06-27,-0.0058788941742737195,-0.011539
2003-06-30,0.0028680548789118405,-0.000307
2003-07-01,0.003963918862197625,0.009218
2003-07-02,0.016633792433077933,0.012585
2003-07-03,-0.008317281307839895,-0.010324
2003-07-07,0.018592116754103303,0.01985
2003-07-08,0.00968942465701098,0.004469
2003-07-09,0.0041125681557120965,-0.005635
2003-07-10,-0.018301904629239238,-0.012726
2003-07-11,0.008032031685248431,0.009466
2003-07-14,0.005455990772585444,0.004888
2003-07-15,-0.004993090004453771,-0.002184
2003-07-16,-0.006584082793749166,-0.00587
2003-07-17,-0.017177531117350358,-0.014211
2003-07-18,0.012696893382259223,0.010254
2003-07-21,-0.016576647494935832,-0.012361
2003-07-22,0.017846786516678904,0.009056
2003-07-23,-0.0007451439820434794,0.000706
2003-07-24,-0.002881444498956325,-0.007557
2003-07-25,0.01725319207949492,0.017667
2003-07-28,0.0035675217015943552,-0.003692
2003-07-29,-0.005981328138380983,-0.004606
2003-07-30,-0.0031843612628892296,-0.002414
2003-07-31,0.010644389771872603,0.002319
2003-08-01,-0.0058325067310559635,-0.008854
2003-08-04,-0.001781307565135284,0.0
2003-08-05,-0.0163667278023995,-0.021216
2003-08-06,-0.005027416687868455,0.005808
2003-08-07,0.004919864343133941,0.010518
2003-08-08,0.0009967488642864386,0.002857
2003-08-11,0.007120905231293743,0.003765
2003-08-12,0.011437354103862672,0.009123
2003-08-13,0.0005705755345736925,-0.005123
2003-08-14,0.009248855311856824,0.002726
2003-08-15,0.0012995478271447833,0.003122
2003-08-18,0.016718225765650345,0.008633
2003-08-19,0.010780409954514635,0.003782
2003-08-20,6.0589920531729604e-05,-0.004065
2003-08-21,0.011488213877107653,0.003186
2003-08-22,-0.01169576225632218,-0.009924
2003-08-25,-0.0025951426163417185,0.001604
2003-08-26,0.0038611191487178376,0.001801
2003-08-27,0.004636649946565648,0.0003
2003-08-28,0.009880162495199558,0.006191
2003-08-29,0.007692020769859111,0.006749
2003-09-02,0.014969321931398043,0.013407
2003-09-03,0.003717641810598428,0.005447
2003-09-04,0.00021009387159050556,0.000484
2003-09-05,-0.006242254612245442,-0.005609
2003-09-08,0.013286081363005525,0.008266
2003-09-09,-0.009503088524222934,-0.006559
2003-09-10,-0.02006699796660348,-0.010097
2003-09-11,0.009818314611535322,0.002942
2003-09-12,0.0044785724918112455,0.001858
2003-09-15,-0.004320779102250547,-0.003514
2003-09-16,0.016456141587444288,0.014595
2003-09-17,-0.002016892640605955,-0.001931
2003-09-18,0.009862604696132187,0.011801
2003-09-19,8.57081732693684e-06,-0.005066
2003-09-22,-0.015505509003245321,-0.010804
2003-09-23,0.007394069231289528,0.003803
2003-09-24,-0.020426517458740395,-0.017777
2003-09-25,-0.014547707017753328,-0.008209
2003-09-26,-0.012727912908432842,-0.003291
2003-09-29,0.013226246846245085,0.009805
2003-09-30,-0.01049677209134492,-0.00971
2003-10-01,0.021429402913288646,0.021311
2003-10-02,0.006649337677667248,0.003625
2003-10-03,0.016578110778248636,0.009175
2003-10-06,0.005636993210313826,0.004546
2003-10-07,0.006654475978659135,0.003851
2003-10-08,-0.002475788271578898,-0.002494
2003-10-09,0.008367401230361166,0.002692
2003-10-10,-0.001053692304401394,0.002781
2003-10-13,0.011069844068103553,0.003156
2003-10-14,0.006140257273423569,0.003527
2003-10-15,-0.004907400688380653,-0.00266
2003-10-16,0.0032761841451567466,0.004
2003-10-17,-0.015148517529572924,-0.01091
2003-10-20,0.004442530247655965,0.007481
2003-10-21,0.0021845936615525305,-0.001714
2003-10-22,-0.01657470503802262,-0.012588
2003-10-23,-0.00391544252997681,-0.001835
2003-10-24,-0.004469431576701599,0.002225
2003-10-27,0.010826193806581189,0.000483
2003-10-28,0.01584046152400873,0.013606
2003-10-29,0.008028308932935765,0.001333
2003-10-30,0.0010863908965535287,0.002092
2003-10-31,0.0034309458908541083,-0.000949
2003-11-03,0.011283936974459754,0.006553
2003-11-04,-0.0024686529206884066,-0.00217
2003-11-05,-0.000760022052318872,0.000756
2003-11-06,0.00800213347219734,0.005291
2003-11-07,0.0011481461048606088,-0.007425
2003-11-10,-0.013568034322835775,-0.004072
2003-11-11,-0.0012304680075039588,-0.000285
2003-11-12,0.015862020512896452,0.011222
2003-11-13,0.00212488548926174,0.000282
2003-11-14,-0.011627254685006541,-0.008462
2003-11-17,-0.013238120089347334,-0.005026
2003-11-18,-0.010123789374231315,-0.010388
2003-11-19,0.005280658279312016,0.008475
2003-11-20,-0.007426623271999067,-0.008976
2003-11-21,0.006668956890566563,0.004143
2003-11-24,0.020826389584965556,0.013243
2003-11-25,0.008789506402502258,0.003788
2003-11-26,0.006710242304856619,0.003585
2003-11-28,0.0011428802135641709,0.000752
2003-12-01,0.016120193983511784,0.010803
2003-12-02,-0.0050170988994331185,-0.002509
2003-12-03,-8.194090084436391e-05,-0.001584
2003-12-04,0.0011178266488125878,0.004106
2003-12-05,-0.010642870092641182,-0.00697
2003-12-08,0.008770284280707162,0.006738
2003-12-09,-0.009683963436101551,-0.007716
2003-12-10,-0.0062604719109772,-9.4e-05
2003-12-11,0.021698779480545237,0.011243
2003-12-12,0.004930602259678074,0.001946
2003-12-15,-0.008354336130609449,-0.004994
2003-12-16,0.0026697689780574465,0.005205
2003-12-17,0.003911583297084524,0.003143
2003-12-18,0.019250666734254376,0.011244
2003-12-19,0.004166720316449526,-0.002774
2003-12-22,0.010488523430555785,0.006979
2003-12-23,0.006282834086983243,0.000638
2003-12-24,-0.0014933360382299503,-0.001002
2003-12-26,0.003359701980575572,0.00073
2003-12-29,0.015092855878362836,0.013309
2003-12-30,-0.0009101798310324517,0.00018
2003-12-31,-0.001444072130996409,0.000899
2004-01-02,-0.0011696079465133209,-0.000449
2004-01-05,0.013966059111662118,0.010878
2004-01-06,-8.91325501666168e-05,0.000978
2004-01-07,0.001554523193630555,0.003376
2004-01-08,0.012375097202371718,0.003985
2004-01-09,-0.0053520545931773815,-0.008732
2004-01-12,0.005932638557961225,0.007385
2004-01-13,-0.006270536641155698,-0.005829
2004-01-14,0.009514159079044654,0.008351
2004-01-15,0.002498168630619435,0.002467
2004-01-16,0.013055358740785306,0.003955
2004-01-20,0.005861700123510764,-0.000263
2004-01-21,0.0036998771586398242,0.007881
2004-01-22,-0.008049664958826806,-0.002606
2004-01-23,-0.003077104452967928,-0.003223
2004-01-26,0.008171583706000218,0.012584
2004-01-27,-0.008774173349983226,-0.01027
2004-01-28,-0.016135072445070314,-0.011423
2004-01-29,-0.0037154698175157113,0.00097
2004-01-30,0.004612771645822401,0.0
2004-02-02,0.0011114813746759414,0.004318
2004-02-03,-0.0009520986856950682,-0.001667
2004-02-04,-0.01688997912795428,-0.008174
2004-02-05,0.003982147971240215,0.002924
2004-02-06,0.019174943683149124,0.011221
2004-02-09,0.0006581256773269546,0.000262
2004-02-10,0.007845950162300046,0.003232
2004-02-11,0.011699191207586382,0.010623
2004-02-12,-0.0047734242410309635,-0.003618
2004-02-13,-0.008502217416107015,-0.004496
2004-02-17,0.014668450847368845,0.009033
2004-02-18,-0.0034282413914152087,-0.00439
2004-02-19,-0.00755038788495339,-0.003718
2004-02-20,-0.0073775093090916975,-0.003037
2004-02-23,-0.010972158027109541,-0.002524
2004-02-24,0.00021790757478048619,-0.001745
2004-02-25,0.008075344605944095,0.004196
2004-02-26,0.007618061497259964,0.000609
2004-02-27,0.007282282663577011,0.000696
2004-03-01,0.015800605537574737,0.009911
2004-03-02,-0.004219182060363189,-0.005854
2004-03-03,0.0006937950613977274,0.001818
2004-03-04,0.004995875242773667,0.002593
2004-03-05,0.001525099042562371,0.003362
2004-03-08,-0.012481927403527961,-0.012201
2004-03-09,-0.011164301404799216,-0.004001
2004-03-10,-0.018943940607694353,-0.016769
2004-03-11,-0.015740102993418853,-0.012969
2004-03-12,0.01895041349297119,0.013139
2004-03-15,-0.01931901546652172,-0.012258
2004-03-16,0.004066606423485738,0.005306
2004-03-17,0.016627947415412774,0.011182
2004-03-18,-0.0030764018621719552,0.000265
2004-03-19,-0.007578206986243831,-0.014285
2004-03-22,-0.017906152798149423,-0.012696
2004-03-23,0.00037669525519693853,-0.001733
2004-03-24,-0.002446069326281772,0.000822
2004-03-25,0.020617602193773173,0.013236
2004-03-26,0.0014158032100825208,0.00027
2004-03-29,0.015439874299527031,0.01405
2004-03-30,0.008037535884691438,0.003375
2004-03-31,0.0021244285525486776,0.001151
2004-04-01,0.013116093887397429,0.006012
2004-04-02,0.020571564580525482,0.007558
2004-04-05,0.008973707930742968,0.005495
2004-04-06,-0.004848350965514759,-0.00321
2004-04-07,0.006108229947349196,-0.00235
2004-04-08,0.004144977849064738,-0.002268
2004-04-12,0.002289109730103208,0.003935
2004-04-13,-0.01988136403495312,-0.014022
2004-04-14,-0.006156773172328952,0.00159
2004-04-15,-0.011690693164086597,-0.003792
2004-04-16,0.0042363685179945786,0.007702
2004-04-19,-0.0004679305896608411,0.0
2004-04-20,-0.014469967495404816,-0.016779
2004-04-21,0.00884168725834774,0.006701
2004-04-22,0.014735157258225209,0.014023
2004-04-23,-0.001716556085406006,0.000963
2004-04-26,-0.006571091990944685,-0.001399
2004-04-27,0.0031953139346416947,0.000876
2004-04-28,-0.014649525802100452,-0.012948
2004-04-29,-0.007038644034474458,-0.008775
2004-04-30,-0.009447618761917126,-0.00778
2004-05-03,-0.001062189212040644,0.010725
2004-05-04,0.001843661779785925,-0.000803
2004-05-05,0.00819832891143776,0.006425
2004-05-06,-0.019521664271911536,-0.008601
2004-05-07,-0.018789726084079136,-0.016546
2004-05-10,-0.020648566195533114,-0.010276
2004-05-11,0.011191184685226835,0.008454
2004-05-12,0.00021626606004983097,0.006378
2004-05-13,0.003151645016184767,-0.004165
2004-05-14,-0.002046493374350849,0.000455
2004-05-17,-0.01751263112000726,-0.008542
2004-05-18,0.014392984331535302,0.005041
2004-05-19,0.005067886313777803,-0.003466
2004-05-20,-0.007252101248848389,0.003203
2004-05-21,-0.0020876400890589373,0.001733
2004-05-24,0.00710514397591965,0.004189
2004-05-25,0.02109694004782318,0.014329
2004-05-26,0.0093341290258205,0.003487
2004-05-27,0.007247029367037896,0.005613
2004-05-28,0.003522298730651299,-8.9e-05
2004-06-01,-0.0007558746126234955,-0.001329
2004-06-02,0.00178622259777095,0.003726
2004-06-03,-0.012897961341549646,-0.009193
2004-06-04,0.008065799711666785,0.00794
2004-06-07,0.014589519614663463,0.015224
2004-06-08,-0.005580586349194058,0.001395
2004-06-09,-0.010698419843535744,-0.009316
2004-06-10,0.005530987589577428,0.004921
2004-06-14,-0.011942279051403184,-0.009882
2004-06-15,0.012478807083673672,0.007066
2004-06-16,-0.0004050127900113606,-0.000175
2004-06-17,0.0010066775403025552,-0.001491
2004-06-18,0.007060036341041115,0.001878
2004-06-21,-0.0008851349428536023,-0.003784
2004-06-22,0.0075566247483903285,0.005035
2004-06-23,0.014078839702258782,0.008614
2004-06-24,-0.002761606562653592,-0.003137
2004-06-25,0.0010615631935160879,-0.004808
2004-06-28,-0.004572816797929372,-0.003426
2004-06-29,0.01057021206002386,0.004143
2004-06-30,0.005953112410018794,0.005355
2004-07-01,-0.010796378430805368,-0.013883
2004-07-02,-0.005887338551372732,-0.000531
2004-07-06,-0.0122855917707771,-0.00877
2004-07-07,0.0019570307545168694,0.002949
2004-07-08,-0.015429372872855389,-0.007129
2004-07-09,0.004190901711759412,0.002782
2004-07-12,-0.004440078373421455,0.000447
2004-07-13,0.00050945083943929,0.000716
2004-07-14,0.0005555867582234765,-0.00304
2004-07-15,4.966643724279553e-05,-0.006456
2004-07-16,-0.006906740317428724,-0.000812
2004-07-19,-0.0003748288861673043,-0.004245
2004-07-20,0.006746424803395495,0.0127
2004-07-21,-0.015347487955115636,-0.018452
2004-07-22,-0.001429264742552352,0.002738
2004-07-23,-0.013366595402034503,-0.008373
2004-07-26,-0.0036436371810779976,-0.001927
2004-07-27,0.00345568957766562,0.009379
2004-07-28,0.0011855674029955519,0.003006
2004-07-29,0.014242385511853755,0.004269
2004-07-30,0.0024163686958339013,0.002442
2004-08-02,0.0002784587753695007,0.002075
2004-08-03,-0.011730802059341605,-0.007743
2004-08-04,0.0012631188306770885,-9.1e-05
2004-08-05,-0.02192797916873371,-0.016334
2004-08-06,-0.016399452353976062,-0.014299
2004-08-09,0.012090090105834608,0.001404
2004-08-10,0.018703403729262023,0.011402
2004-08-11,-0.007053876228455869,-0.000554
2004-08-12,-0.011474511776997046,-0.01091
2004-08-13,-0.0013330854487097715,0.001963
2004-08-16,0.017715440975607368,0.010355
2004-08-17,0.010575043037949598,0.005633
2004-08-18,0.012479724183551769,0.010284
2004-08-19,-0.005018451743308697,-0.002908
2004-08-20,0.016291671524236054,0.007019
2004-08-23,-0.0029660556051081663,-0.002534
2004-08-24,0.0001601321118286506,0.001361
2004-08-25,0.009168707405769546,0.006797
2004-08-26,0.0008433558182077163,0.0
2004-08-27,0.00704686470976159,0.00315
2004-08-30,-0.008022318776927741,-0.008255
2004-08-31,0.0012014298581879562,0.005247
2004-09-01,0.0008280204312822174,0.00189
2004-09-02,0.008993981675490191,0.011319
2004-09-03,-0.004342256024865939,-0.004086
2004-09-07,0.007004102061389914,0.0066
2004-09-08,-0.01080781101768263,-0.002481
2004-09-09,0.005818613614737897,-0.000888
2004-09-10,0.0036818441697745717,0.005156
2004-09-13,0.008220657581047038,0.003273
2004-09-14,-0.0013810121021504528,0.002028
2004-09-15,-0.010833400901265592,-0.007566
2004-09-16,0.0033508396165027464,0.003014
2004-09-17,0.007614283274724594,0.004232
2004-09-20,-0.00772350201753338,-0.00601
2004-09-21,0.0078741953419573,0.004357
2004-09-22,-0.00560514735600162,-0.012482
2004-09-23,-0.008401494211990905,-0.005379
2004-09-24,-0.0027692073407089156,0.004597
2004-09-27,-0.008000284579497832,-0.00637
2004-09-28,0.005632071441764693,0.004786
2004-09-29,0.005754925835439127,0.005032
2004-09-30,0.008020241903152973,-0.000715
2004-10-01,0.01660709345856577,0.016911
2004-10-04,0.005694515427354114,0.001672
2004-10-05,-0.0015230707375541548,0.000527
2004-10-06,0.0068764352336587575,0.006321
2004-10-07,-0.00844294228814703,-0.010208
2004-10-08,-0.010623543471495083,-0.008286
2004-10-11,0.001476668106652587,0.004089
2004-10-12,-0.004689738480434585,-0.003895
2004-10-13,-0.007696103778644952,-0.008798
2004-10-14,-0.004281101975043059,-0.008069
2004-10-15,0.0016001761992410414,0.005604
2004-10-18,0.0037779378780632,0.003775
2004-10-19,-0.006840242703737987,-0.008417
2004-10-20,0.0038609568977571954,-0.001987
2004-10-21,0.011689828013034576,0.006515
2004-10-22,-0.007235748331773996,-0.011237
2004-10-25,0.0007169640151677111,-0.001182
2004-10-26,0.011480373107241442,0.015292
2004-10-27,0.015472677394263522,0.012014
2004-10-28,0.0006750476373373156,0.003012
2004-10-29,0.011497129655915247,-0.000177
2004-11-01,-0.0026736149933368272,0.002739
2004-11-02,-0.00084164108127292,0.000352
2004-11-03,0.01376194900570642,0.012594
2004-11-04,0.017937465551081055,0.013655
2004-11-05,0.009134920971088157,0.006263
2004-11-08,-0.0016599800830543322,-0.00145
2004-11-09,0.007265885916967065,-0.001964
2004-11-10,-0.00017885217682182407,0.00077
2004-11-11,0.007483829087046507,0.007609
2004-11-12,0.011173924003682875,0.007891
2004-11-15,0.005369111521642235,0.00245
2004-11-16,-0.005044864860978007,-0.007159
2004-11-17,0.009696995195904305,0.005938
2004-11-18,0.0024791487031994046,0.001349
2004-11-19,-0.005867529116739268,-0.011117
2004-11-22,0.019184049513523992,0.004769
2004-11-23,0.0040519370490398905,0.001526
2004-11-24,0.01006869437514062,0.00237
2004-11-26,0.005468286596179175,-0.000844
2004-11-29,-0.00015428588713569302,-0.004479
2004-11-30,-0.003934957304220585,0.000679
2004-12-01,0.01088806981586797,0.011367
2004-12-02,-0.005160217864615737,0.000839
2004-12-03,0.0009159762979913752,-0.00067
2004-12-06,0.00010287204162186538,-0.000335
2004-12-07,-0.008800428114071878,-0.009311
2004-12-08,0.0003712795435735697,0.005843
2004-12-09,0.006163523032970466,0.003536
2004-12-10,0.003807922294752262,0.001007
2004-12-13,0.018802615425830848,0.008715
2004-12-14,0.0043363428646022535,0.003489
2004-12-15,0.00608350588071759,0.000745
2004-12-16,-0.017014310724949085,-0.000579
2004-12-17,-0.006204904952339331,-0.006639
2004-12-20,-0.006893995503012693,0.000251
2004-12-21,0.008242114600504441,0.007701
2004-12-22,0.001242379627083583,0.002409
2004-12-23,0.004302876078598357,0.000746
2004-12-27,-0.004995534176827803,-0.00207
2004-12-28,0.011546661619464686,0.005476
2004-12-29,0.002141008922180172,0.001485
2004-12-30,0.003956674364626378,-0.001895
2004-12-31,0.006155194241500689,-0.002146
2005-01-03,-0.015460042689019215,-0.004716
2005-01-04,-0.016214927990561366,-0.013051
2005-01-05,-0.012072323462841258,-0.006064
2005-01-06,5.5311695178443856e-05,0.005084
2005-01-07,-0.001961140118579868,-0.001433
2005-01-10,0.0016256581842054758,0.004728
2005-01-11,-0.000719548700171108,-0.006891
2005-01-12,0.003237523850419347,0.0033
2005-01-13,-0.006929434039288617,-0.008012
2005-01-14,0.008983706099702836,0.005271
2005-01-18,0.005960672243000078,0.010403
2005-01-19,-0.008622366274879232,-0.010463
2005-01-20,-1.7695271289714545e-05,-0.00609
2005-01-21,-0.004337641488564466,-0.006128
2005-01-24,-0.005426591848128046,-0.001969
2005-01-25,0.015843324214051588,0.002831
2005-01-26,0.006585327719086515,0.002995
2005-01-27,0.006969927198792816,0.001706
2005-01-28,-0.0031101161690918313,0.0
2005-01-31,0.013393155037275553,0.006217
2005-02-01,0.00043220053498692,0.006347
2005-02-02,0.007206776531861916,0.003027
2005-02-03,-0.00391573347147055,-0.002599
2005-02-04,0.016114443452102122,0.010676
2005-02-07,-0.004707916234668253,-0.001331
2005-02-08,0.006340191260079691,0.001166
2005-02-09,-0.012617721565090908,-0.007487
2005-02-10,0.0025869299558987442,0.003604
2005-02-11,0.009487713235766776,0.008602
2005-02-14,0.006696257666218117,-0.000745
2005-02-15,0.004619690291585067,0.003729
2005-02-16,0.002354264924937513,0.00066
2005-02-17,-0.007109262899130558,-0.008085
2005-02-18,-0.0005641985417134852,0.001331
2005-02-22,-0.0180140051974066,-0.014868
2005-02-23,0.006773884260722808,0.007167
2005-02-24,0.005838304057970367,0.006614
2005-02-25,0.0030742151039306756,0.009897
2005-02-28,-0.0042041126554553335,-0.006588
2005-03-01,0.012039149875904376,0.004974
2005-03-02,-0.0021215168544654944,-0.000495
2005-03-03,-0.0029662745959296655,0.000413
2005-03-04,0.008264445565361623,0.012457
2005-03-07,0.007791121383063064,0.000489
2005-03-08,-0.010039340958086618,-0.003746
2005-03-09,-0.014714438938961896,-0.011118
2005-03-10,0.003975550955868223,0.002232
2005-03-11,-0.005733773571772103,-0.007011
2005-03-14,0.010583584683727896,0.00623
2005-03-15,-0.0028072482521734224,-0.008255
2005-03-16,-0.007481167743947116,-0.00849
2005-03-17,0.0034259725118034844,0.002015
2005-03-18,-0.0014531886428556361,-0.002957
2005-03-21,0.0009436696410253847,-0.003712
2005-03-22,-0.005182664316002599,-0.010161
2005-03-23,0.0023060881094865413,0.000855
2005-03-24,0.0017780622924492067,0.001197
2005-03-28,0.00947398670376576,0.001451
2005-03-29,-0.015386734255476103,-0.006649
2005-03-30,0.013762852617584425,0.01416
2005-03-31,0.0076423964387434375,-0.001862
2005-04-01,0.0009019096201808238,-0.004493
2005-04-04,0.0029239332180864006,0.001703
2005-04-05,0.0034549452755736256,0.004761
2005-04-06,0.003523483926659296,0.003469
2005-04-07,0.003910436977195876,0.005396
2005-04-08,-0.005587368157022893,-0.010399
2005-04-11,0.0019682233966873876,0.000763
2005-04-12,0.004421351799166441,0.005166
2005-04-13,-0.01818504637572106,-0.011794
2005-04-14,-0.01879033537952329,-0.013044
2005-04-15,-0.018772429395485273,-0.013993
2005-04-18,0.0048998770338141645,0.003066
2005-04-19,0.01454841812544479,0.007948
2005-04-20,-0.012485819465909272,-0.01395
2005-04-21,0.023360481400258554,0.01942
2005-04-22,-0.006881257903209478,-0.003793
2005-04-25,0.015196301025617531,0.006576
2005-04-26,-0.005009879306710797,-0.009714
2005-04-27,0.00854025941115285,0.003906
2005-04-28,-0.009931196903696649,-0.012538
2005-04-29,0.008620269572364414,0.013573
2005-05-02,0.009098783610271107,0.005616
2005-05-03,0.004904847418972941,0.001718
2005-05-04,0.008253816467923466,0.007719
2005-05-05,-0.0005075208965999425,-0.00034
2005-05-06,0.010692174625101,-0.00315
2005-05-09,0.016666422101742937,0.006235
2005-05-10,-0.004503797297933843,-0.010355
2005-05-11,-0.012571773387050228,0.005489
2005-05-12,-0.0073784549914202,-0.011003
2005-05-13,0.0034898342470340415,-0.001984
2005-05-16,0.020133295545533416,0.009333
2005-05-17,0.005152485475802234,0.006678
2005-05-18,0.0189508343874896,0.010291
2005-05-19,0.002714277384597386,0.004209
2005-05-20,0.004118855248495662,-0.001425
2005-05-23,0.009208975385850854,0.005541
2005-05-24,0.004333304028943377,-0.002338
2005-05-25,-0.006622476312466673,-0.000753
2005-05-26,0.004258875357420172,0.00536
2005-05-27,0.0019240519135330964,0.001666
2005-05-31,0.008027305784789007,-0.006403
2005-06-01,0.007353749523766819,0.008537
2005-06-02,0.007333197815701629,0.002158
2005-06-03,-0.01138296381799238,-0.005051
2005-06-06,0.0008394271291572495,-0.000916
2005-06-07,0.005225888195399232,0.00075
2005-06-08,-0.007895838522260659,-0.001831
2005-06-09,0.010105969585946476,0.004754
2005-06-10,-0.0018899658148132685,-0.002324
2005-06-13,0.015138759760888585,0.003161
2005-06-14,0.008083430181854569,0.002322
2005-06-15,0.012810452876972493,0.001903
2005-06-16,0.013099847606326863,0.00256
2005-06-17,0.00020068698042007154,0.003687
2005-06-20,-0.010013445822805016,0.00033
2005-06-21,0.007972115325857657,0.000577
2005-06-22,-0.0003061034842373038,0.000823
2005-06-23,-0.012557093835644486,-0.014066
2005-06-24,-0.016493992028592357,-0.007342
2005-06-27,0.005545893676104543,0.001429
2005-06-28,0.01735283974202619,0.008393
2005-06-29,0.0037006290695988818,-0.002663
2005-06-30,-0.004508986276015262,-0.005424
2005-07-01,0.002660370441849152,0.002937
2005-07-05,0.007582384478219507,0.008031
2005-07-06,0.0008103425351259258,-0.008382
2005-07-07,0.003634315459473903,0.003934
2005-07-08,0.0142446578024759,0.011421
2005-07-11,0.01162256366653575,0.00511
2005-07-12,0.0033185648057297693,0.002624
2005-07-13,0.0009031418522947818,0.00139
2005-07-14,0.0011062108111832521,0.003921
2005-07-15,0.0007818925497234506,-0.00057
2005-07-18,-0.0005277790458818144,-0.003989
2005-07-19,0.013624469621438325,0.005476
2005-07-20,0.010876007841818048,0.003414
2005-07-21,-0.01105688495791518,-0.005833
2005-07-22,0.0077602799599446074,0.006682
2005-07-25,-0.011783436623619872,-0.002833
2005-07-26,0.010516599335693221,0.001218
2005-07-27,-0.0017096734409101128,0.003648
2005-07-28,0.002437739689395043,0.006301
2005-07-29,-0.005209835760690841,-0.006663
2005-08-01,0.0007964284310471553,-0.000727
2005-08-02,0.004595826273568874,0.005985
2005-08-03,-0.0014490898895230953,0.002653
2005-08-04,-0.0114417460005519,-0.008018
2005-08-05,-0.010326980618256987,-0.00679
2005-08-08,-0.005874615421116733,-0.001872
2005-08-09,0.0027471967302865495,0.006033
2005-08-10,-0.002691245644589442,-0.000486
2005-08-11,0.004887270802057672,0.003973
2005-08-12,-0.010907720607020149,-0.006138
2005-08-15,0.003935356666143321,0.006176
2005-08-16,-0.018862167507826103,-0.013003
2005-08-17,-0.002339123522552238,-8.2e-05
2005-08-18,-0.005967224399877754,-8.2e-05
2005-08-19,0.005128943715813128,0.002292
2005-08-22,0.0028760200948485114,0.0
2005-08-23,0.0015479896964116066,-0.001878
2005-08-24,-0.0045309215688296815,-0.008917
2005-08-25,-0.0034324248043012947,0.003632
2005-08-26,-0.004860863494472921,-0.006826
2005-08-29,0.004922942247081796,0.007701
2005-08-30,-0.007952153140749414,-0.005259
2005-08-31,0.011953432061550057,0.012639
2005-09-01,0.0023005056491732577,-0.000734
2005-09-02,-0.004738043667226542,-0.001796
2005-09-06,0.01026189314410623,0.011695
2005-09-07,0.00854872475775591,0.001698
2005-09-08,-0.00423901054928976,-0.003309
2005-09-09,0.004905902805183409,0.008907
2005-09-12,0.004969064908437992,-0.002006
2005-09-13,-0.004695953464993027,-0.005549
2005-09-14,-0.007223889847658403,-0.003639
2005-09-15,-0.005612980623854187,-0.000487
2005-09-16,0.0036663295145441515,0.007078
2005-09-19,-0.012006227884229103,-0.00332
2005-09-20,-0.0052216074712460436,-0.008449
2005-09-21,-0.012345909122296732,-0.00934
2005-09-22,0.0020178821364766823,0.003556
2005-09-23,0.006541152105187405,0.000824
2005-09-26,0.0017162763173670216,0.001153
2005-09-27,0.0008989496861917385,-0.000247
2005-09-28,0.0041834972944979525,0.000987
2005-09-29,0.00696988774946656,0.008137
2005-09-30,0.006163259884454144,0.003098
2005-10-03,0.0011253829073660925,-0.003576
2005-10-04,-0.006581333518197644,-0.011256
2005-10-05,-0.021671011150965355,-0.013117
2005-10-06,-0.004139425299442689,-0.003594
2005-10-07,0.009566894074833923,0.00344
2005-10-10,-0.009513612192164247,-0.008444
2005-10-11,-0.01192318404770778,-0.001433
2005-10-12,-0.012331902217831673,-0.007853
2005-10-13,0.004921921616385539,-0.000596
2005-10-14,0.006887081193524447,0.01056
2005-10-17,0.003424120368663639,0.003708
2005-10-18,-0.0096578126017682,-0.01083
2005-10-19,0.008445323870781351,0.016636
2005-10-20,-0.008079313599455904,-0.017616
2005-10-21,0.0007242720403931204,0.003909
2005-10-24,0.01477493676859519,0.015491
2005-10-25,-0.005350135635569537,-0.002001
2005-10-26,1.1768518954518508e-05,-0.002923
2005-10-27,-0.016038431417022058,-0.010639
2005-10-28,0.015417628913645334,0.014395
2005-10-31,0.020218664377734608,0.002755
2005-11-01,-0.00399902448529229,0.002997
2005-11-02,0.023666258739642954,0.010457
2005-11-03,0.0075480584272721125,0.004271
2005-11-04,-0.0010492747799838295,-0.001309
2005-11-07,0.0026727705900314487,0.000983
2005-11-08,-0.009815660105093538,0.0
2005-11-09,0.004099764028730105,0.001309
2005-11-10,0.009382418968605779,0.007762
2005-11-11,-0.001492394304260275,0.003405
2005-11-14,0.0009819287740424358,-0.000566
2005-11-15,0.001658522093209706,-0.003638
2005-11-16,-0.00016910802340552335,0.002029
2005-11-17,0.012146130674659738,0.009313
2005-11-18,0.0049041501309343245,0.003931
2005-11-21,0.011184666282405343,0.005035
2005-11-22,0.0038779662568648103,0.004294
2005-11-23,0.0020512953113555697,0.00578
2005-11-25,0.004242680736817111,0.000787
2005-11-28,-0.016614976809198184,-0.007079
2005-11-29,0.006503014708783332,-0.001109
2005-11-30,0.00015502841090643071,-0.005393
2005-12-01,0.015895509937873312,0.010207
2005-12-02,0.004910407781378356,0.001263
2005-12-05,-0.0058675521515343205,-0.002128
2005-12-06,0.0021492872963856254,0.001896
2005-12-07,-0.011272158832306754,-0.005835
2005-12-08,0.0017258413149085206,-0.000635
2005-12-09,0.005388373427343887,0.002619
2005-12-12,0.0003083521469861134,0.00095
2005-12-13,0.0037500203255486,0.006801
2005-12-14,-8.46588211507226e-05,0.003927
2005-12-15,-0.00664817066108824,-0.002895
2005-12-16,-0.0025186028754376755,-0.003204
2005-12-19,-0.008952479037697933,-0.005144
2005-12-20,-0.0016322889417246093,0.000955
2005-12-21,0.009840110042445421,0.001589
2005-12-22,0.003835751154180162,0.005237
2005-12-23,0.0077603856441192665,0.000553
2005-12-27,-0.008672299288788467,-0.010177
2005-12-28,0.002822513548631557,0.002232
2005-12-29,-0.0018512484669907837,-0.004453
2005-12-30,-0.007798597224912562,-0.005432
2006-01-03,0.016283058720847857,0.017589
2006-01-04,0.009690433624070821,0.004736
2006-01-05,0.004289990761977387,0.000628
2006-01-06,0.010751772109534229,0.008322
2006-01-09,0.004143452698574925,0.002569
2006-01-10,-2.492735692091983e-05,0.001009
2006-01-11,0.0028521954979607435,0.003181
2006-01-12,-0.005119478241062803,-0.003944
2006-01-13,0.0024605270930297507,-0.000932
2006-01-17,-0.005415020037439721,-0.00272
2006-01-18,-0.00037039940140579965,-0.003974
2006-01-19,0.01501943800617375,0.003834
2006-01-20,-0.017140843445275732,-0.018237
2006-01-23,0.002940406937769081,0.003572
2006-01-24,0.013320519144178715,0.001028
2006-01-25,0.0037437798897788565,0.000869
2006-01-26,0.007561898030549218,0.005527
2006-01-27,0.005202948225961832,0.009265
2006-01-30,0.0010468038036054099,-0.000778
2006-01-31,-0.006324480800926366,-0.007319
2006-02-01,0.005786858807727473,0.00698
2006-02-02,-0.0064539759670313585,-0.011605
2006-02-03,-0.006661753616401135,-0.004965
2006-02-06,0.0026902295287405554,0.002613
2006-02-07,-0.008653828230296918,-0.008847
2006-02-08,0.005287780847171611,0.009085
2006-02-09,-0.001672034275490849,-0.001659
2006-02-10,-0.0012863638425940408,0.001819
2006-02-13,-0.003491425208401042,-0.001816
2006-02-14,0.0064798403566867675,0.0106
2006-02-15,0.0075944892570864704,0.003522
2006-02-16,0.011389970962054416,0.007488
2006-02-17,0.0008361278324963277,-0.00271
2006-02-21,-0.008101754080722359,-0.002484
2006-02-22,0.009228615432090656,0.006071
2006-02-23,-0.005914304066816719,-0.00147
2006-02-24,-0.0007318464545482225,0.002557
2006-02-27,0.006861085548932025,0.000386
2006-02-28,-0.014260703454447486,-0.009501
2006-03-01,0.013731530027414063,0.00889
2006-03-02,-0.0003893298520873837,-7.7e-05
2006-03-03,-0.005106745753634932,-0.004638
2006-03-06,-0.010613683835475325,-0.004582
2006-03-07,-0.00650659811936078,-0.00156
2006-03-08,-0.00783823550648401,0.00211
2006-03-09,-0.00466904411150208,-0.006706
2006-03-10,0.009073091702972576,0.009499
2006-03-13,0.004448956029481215,0.001866
2006-03-14,0.013009426378885677,0.010479
2006-03-15,0.012622592076429635,0.004455
2006-03-16,-0.003393702364055379,0.002065
2006-03-17,0.0032718656023995258,0.000835
2006-03-20,-0.0026172246904659544,-0.001608
2006-03-21,-0.008295728164678324,-0.006288
2006-03-22,0.002071311399871817,0.006096
2006-03-23,-0.0003009028124973555,-0.002071
2006-03-24,0.003532960672670224,0.000769
2006-03-27,0.0005112481476797962,-0.001459
2006-03-28,-0.003616078429663602,-0.006153
2006-03-29,0.010991128886993195,0.006268
2006-03-30,-0.0039036270259090677,-0.001769
2006-03-31,-0.003475053724765997,0.000231
2006-04-03,-0.00040134973673520584,-0.00077
2006-04-04,0.002203300697862107,0.006398
2006-04-05,0.00969478156815002,0.003447
2006-04-06,-0.00068303476309278,-0.001069
2006-04-07,-0.010948450681799546,-0.010163
2006-04-10,0.0004805048933421924,0.001544
2006-04-11,-0.013910386959699634,-0.008479
2006-04-12,0.00045697747772176835,0.001866
2006-04-13,0.00308119533505969,-0.001319
2006-04-17,-0.006084898744705117,-0.000388
2006-04-18,0.019540243423189864,0.015856
2006-04-19,0.0042004186262558155,0.001913
2006-04-20,-0.00037667559825173936,0.001375
2006-04-21,-0.0011036184407836088,0.000152
2006-04-24,-0.0049040862391031195,-0.00183
2006-04-25,-0.0005183584896903516,-0.004125
2006-04-26,0.004479231285060866,0.00023
2006-04-27,6.0528980051733216e-05,0.004831
2006-04-28,-0.00464523479390121,0.003358
2006-05-01,-0.0013770527689450686,-0.008139
2006-05-02,0.006241737433233742,0.007515
2006-05-03,-0.0004581925989632642,-0.00373
2006-05-04,0.0030509823390735867,0.003591
2006-05-05,0.00918632999460736,0.008831
2006-05-08,-0.00017421316126134428,-0.001207
2006-05-09,-0.003900015948477094,0.001964
2006-05-10,-0.0024637194610240103,-0.000528
2006-05-11,-0.015918149585367736,-0.012071
2006-05-12,-0.010962525256765823,-0.013058
2006-05-15,-0.004566160176138454,0.002012
2006-05-16,-0.003659871876225303,-0.001467
2006-05-17,-0.013847953574022317,-0.019024
2006-05-18,-0.007326045693321571,-0.005045
2006-05-19,0.007143318742704042,0.007052
2006-05-22,-0.007163163757891328,-0.007632
2006-05-23,-0.005390259400031548,-0.007611
2006-05-24,-0.0014089081965681291,0.007989
2006-05-25,0.008271308570032183,0.012364
2006-05-26,0.0072744719647279575,0.005089
2006-05-30,-0.014326962774781635,-0.01776
2006-05-31,0.011826673029716564,0.011182
2006-06-01,0.013640665021654877,0.009568
2006-06-02,-0.0022005178952196254,0.002097
2006-06-05,-0.020121060643162998,-0.014574
2006-06-06,-0.004538113104910706,-0.002439
2006-06-07,-0.006543284213166144,-0.007492
2006-06-08,-0.0038715966249088865,-0.000874
2006-06-09,-0.0030296672163915867,-0.003181
2006-06-12,-0.015248144293377341,-0.01085
2006-06-13,-0.012778798987957274,-0.011614
2006-06-14,0.00147867625941874,0.007752
2006-06-15,0.022611811676385363,0.021215
2006-06-16,-0.0048346861003618485,-0.007251
2006-06-19,-0.010029148394996992,-0.007862
2006-06-20,-0.0018196150204809163,0.003396
2006-06-21,0.01178730275929858,0.007414
2006-06-22,-0.0054094042192694815,-0.0044
2006-06-23,0.0004727953871747436,-0.000161
2006-06-26,0.003007411557525921,0.00442
2006-06-27,-0.014164479196846585,-0.008641
2006-06-28,0.0040720714268362304,0.006779
2006-06-29,0.028048868512148748,0.0202
2006-06-30,0.010752881687502679,-0.000314
2006-07-03,0.0012950298815888044,0.00448
2006-07-05,-0.012101247680599107,-0.005712
2006-07-06,0.009574441586349262,0.002912
2006-07-07,-0.013423585824916639,-0.006513
2006-07-10,-0.0017380004191011086,0.001896
2006-07-11,0.0035603938049277913,0.004415
2006-07-12,-0.013259429799213575,-0.010674
2006-07-13,-0.019572539585324567,-0.016263
2006-07-14,-0.007231982337168854,-0.003871
2006-07-17,-0.004109316358881627,-0.001457
2006-07-18,-0.004126996607454442,0.005108
2006-07-19,0.01810807649505731,0.013874
2006-07-20,-0.016008081933258405,-0.006842
2006-07-21,-0.01411693045267996,-0.00705
2006-07-24,0.01105974677414961,0.018233
2006-07-25,0.005343757948673668,0.003566
2006-07-26,0.0013575571232083956,0.001342
2006-07-27,-0.02361663458114271,-0.000946
2006-07-28,0.010320650001389051,0.010023
2006-07-31,-0.0037450530199808706,-0.001016
2006-08-01,-0.004516595307656422,-0.004928
2006-08-02,0.010069005775527762,0.00676
2006-08-03,-0.0001884864721332929,0.002655
2006-08-04,-0.003941834274484814,-0.001713
2006-08-07,-0.0027047745818746687,-0.00195
2006-08-08,-0.007164491040445608,-0.00422
2006-08-09,-0.005352022433812526,-0.003375
2006-08-10,0.004999723306485327,0.003071
2006-08-11,-0.0035914475620620325,-0.002826
2006-08-14,0.002456751725002757,0.000787
2006-08-15,0.015580188623317327,0.011958
2006-08-16,0.015005709910291855,0.009018
2006-08-17,0.007981128346312582,0.001849
2006-08-18,-0.00045718240743212465,0.005076
2006-08-21,-0.00634504360060553,-0.004285
2006-08-22,0.005052537647722274,-7.7e-05
2006-08-23,-0.0014009141300148323,-0.002767
2006-08-24,-0.008215768644533845,-0.000848
2006-08-25,-0.001719220125725747,0.001234
2006-08-28,0.005779502134558508,0.004776
2006-08-29,0.009505397916204405,0.00115
2006-08-30,0.011343550596010044,0.000613
2006-08-31,0.00361151913571226,-0.000153
2006-09-01,0.007303334653827178,0.005971
2006-09-05,-0.004781228931204608,0.001902
2006-09-06,-0.013347634815957929,-0.00881
2006-09-07,-0.0031865144761384924,-0.004597
2006-09-08,0.010043804297872492,0.002848
2006-09-11,0.0014090686376644981,0.000998
2006-09-12,0.015253011367355462,0.009815
2006-09-13,0.004549914392648886,0.004025
2006-09-14,7.210023337384505e-05,7.6e-05
2006-09-15,0.0009078864247672006,0.002339
2006-09-18,-0.0013735176396110662,0.001364
2006-09-19,-0.0016472658937818328,-0.002497
2006-09-20,0.006911269181342826,0.005311
2006-09-21,-0.008020648254301188,-0.00483
2006-09-22,-0.006482138662104012,-0.003033
2006-09-25,0.00917369772057083,0.007682
2006-09-26,0.004408395037384341,0.008303
2006-09-27,-0.000220194114594415,0.001198
2006-09-28,0.002446944664698763,-0.000374
2006-09-29,-0.006499523726708837,-0.000823
2006-10-02,-0.002070251831533369,-0.003743
2006-10-03,0.0025999955256088437,0.002104
2006-10-04,0.010912198335095,0.011698
2006-10-05,-0.00847264661918186,0.001927
2006-10-06,-0.0012460288860395847,-0.001258
2006-10-09,0.014131102950015937,0.000593
2006-10-10,-0.002256289698378403,0.001333
2006-10-11,0.003843127388557795,-0.001183
2006-10-12,0.009145958159573093,0.00866
2006-10-13,0.0057184632816144835,0.002568
2006-10-16,0.0039144018570806995,0.001537
2006-10-17,-0.007776344300588659,-0.003142
2006-10-18,-0.002901233025439098,0.00132
2006-10-19,0.0024799667006024403,0.001611
2006-10-20,-0.0035397449812975953,0.000219
2006-10-23,0.002254738774027551,0.004604
2006-10-24,-0.00013295448434604587,0.002983
2006-10-25,0.00434614297216217,0.003409
2006-10-26,0.0065643254596523225,0.003108
2006-10-27,-0.00775076961552612,-0.006269
2006-10-30,0.005543839646390084,-0.000725
2006-10-31,0.004227234995089694,-0.000145
2006-11-01,-0.001360243417571144,-0.006749
2006-11-02,0.003066024849584159,-0.000585
2006-11-03,-0.0014197594700626345,-0.001755
2006-11-06,0.011824444304959277,0.011279
2006-11-07,0.009026474907750553,0.003838
2006-11-08,0.003824895886153811,0.002164
2006-11-09,-0.002135784435450058,-0.005255
2006-11-10,0.002691073204493708,0.000434
2006-11-13,0.0063229925059837,0.002459
2006-11-14,0.010285620157423788,0.007505
2006-11-15,0.0009720830972126908,0.002865
2006-11-16,0.0025595260142331202,0.002571
2006-11-17,-0.003527468616804882,0.000285
2006-11-20,0.00020730273713014374,0.00057
2006-11-21,0.005266350624356681,0.000996
2006-11-22,0.007075177638467521,0.001991
2006-11-24,-0.0031337675026332375,-0.004045
2006-11-27,-0.016041862673355927,-0.013751
2006-11-28,0.00020313077919251966,0.004335
2006-11-29,0.008621042292417006,0.01043
2006-11-30,0.0014241453430008967,0.000427
2006-12-01,-0.002800739785466271,-0.002206
2006-12-04,0.009579906175483082,0.007631
2006-12-05,0.004617402593129325,0.004317
2006-12-06,-0.005463334101253201,-0.000846
2006-12-07,0.000730119910847578,-0.004373
2006-12-08,0.0008166512924028704,0.001842
2006-12-11,0.003939247508177974,0.002899
2006-12-12,-0.0009268431121255743,-0.000776
2006-12-13,-0.001852251418705077,0.001058
2006-12-14,0.006706880625547573,0.008811
2006-12-15,-0.0016190867683533723,8.8e-05
2006-12-18,-0.009073941571614893,-0.00274
2006-12-19,-0.003703264440100147,0.001902
2006-12-20,0.0012048346701031727,-0.000563
2006-12-21,-0.003749441085868229,-0.003658
2006-12-22,0.001649731629767354,-0.006143
2006-12-26,0.005206498049633558,0.005897
2006-12-27,0.013725899218329373,0.006569
2006-12-28,6.213239381976882e-05,-0.002105
2006-12-29,-0.0048553043742717876,-0.004149
2007-01-03,-0.0010798384103213098,-0.001765
2007-01-04,-0.0007169907511238186,0.002122
2007-01-05,-0.009131477470048019,-0.007976
2007-01-08,0.0004424373104752396,0.004625
2007-01-09,0.0029123733070557174,-0.00085
2007-01-10,0.005792000230367646,0.003332
2007-01-11,0.015697730370183686,0.00438
2007-01-12,0.008268378592572779,0.007597
2007-01-16,-0.0010361629514392414,-0.001955
2007-01-17,0.0010117534511905027,0.00042
2007-01-18,-0.005497684350303541,-0.003356
2007-01-19,0.004236029854696943,0.001964
2007-01-22,-0.005966198904755032,-0.003081
2007-01-23,0.004756295139300909,0.00295
2007-01-24,0.001429194010620781,0.008053
2007-01-25,-0.01248582310460582,-0.01174
2007-01-26,0.0029585720981275677,-0.000703
2007-01-29,0.0007624853643880264,-0.000774
2007-01-30,0.006840695541497846,0.005209
2007-01-31,0.006484648868995302,0.006723
2007-02-01,0.008407735405886903,0.005983
2007-02-02,0.00031933087834088494,0.001383
2007-02-05,-0.0041174985065050166,0.000276
2007-02-06,0.0006787860998021402,0.000276
2007-02-07,0.004373913224987261,0.002209
2007-02-08,0.001376054988145257,-0.001308
2007-02-09,-0.007090870434758476,-0.007447
2007-02-12,-0.0031816843431758343,-0.003404
2007-02-13,-0.001950354826765855,0.008435
2007-02-14,0.006254129631770388,0.006567
2007-02-15,0.004606386432987019,0.001305
2007-02-16,-0.0011108446163208838,-0.00048
2007-02-20,0.005555053851926156,0.002127
2007-02-21,0.0036303954406222494,-0.000411
2007-02-22,0.0009470818268820522,-0.000754
2007-02-23,-0.0006885747236976883,-0.003908
2007-02-26,0.001013454452500155,-0.000895
2007-02-27,-0.028765864900310842,-0.039058
2007-02-28,0.003838467941228463,0.010251
2007-03-01,-0.006709976646559804,-0.00298
2007-03-02,-0.010807273524832984,-0.013095
2007-03-05,-0.011956039633203549,-0.009519
2007-03-06,0.01348148936403444,0.01711
2007-03-07,-0.0016237613173767707,-0.001002
2007-03-08,0.004353536145594924,0.008455
2007-03-09,0.002528662240615724,0.000284
2007-03-12,0.007579019719666264,0.001492
2007-03-13,-0.01672005715345106,-0.019434
2007-03-14,0.005332201588953301,0.00745
2007-03-15,0.005002458498139809,0.001364
2007-03-16,-0.0034172816309880004,-0.002787
2007-03-19,0.008607064968002199,0.012055
2007-03-20,0.006220188763766161,0.005492
2007-03-21,0.011737644681265971,0.016457
2007-03-22,-0.0018696846447143274,-0.000768
2007-03-23,0.0042263377799009365,0.001467
2007-03-26,8.781286333614353e-05,-0.001325
2007-03-27,-0.0028319758550998074,-0.002374
2007-03-28,-0.002430663934217161,-0.00728
2007-03-29,0.002539666256645938,0.001058
2007-03-30,0.003747039118507153,0.000211
2007-04-02,0.007835094879789362,0.001127
2007-04-03,0.009291314446510903,0.010763
2007-04-04,-0.000380606364268605,0.001114
2007-04-05,0.0058681933487410975,0.002711
2007-04-09,0.0028476434608646203,0.001387
2007-04-10,0.0013298308002816445,0.001177
2007-04-11,-0.006007691091890807,-0.00408
2007-04-12,0.007987912894352757,0.004444
2007-04-13,0.0005102509306186682,0.004562
2007-04-16,0.006713930003541833,0.009496
2007-04-17,-5.7028928211738364e-05,0.002658
2007-04-18,0.0007128901462390577,0.001224
2007-04-19,-0.0018069649084031334,-0.000272
2007-04-20,0.008051286673185599,0.009441
2007-04-23,0.003719042256390804,-0.003768
2007-04-24,0.00531762660057354,0.000405
2007-04-25,0.004225342828417784,0.009182
2007-04-26,-0.010896242621588515,0.001137
2007-04-27,-0.0007614512324882799,-0.000802
2007-04-30,-0.00327806847445094,-0.008293
2007-05-01,0.0065569017558360105,0.002563
2007-05-02,0.006029678048197497,0.005852
2007-05-03,0.002265801037479558,0.005417
2007-05-04,-0.00028346322913929436,0.003791
2007-05-07,0.0008693869604332312,0.000199
2007-05-08,-0.0015643901249162695,-0.001325
2007-05-09,0.005466916165884758,0.00272
2007-05-10,-0.019627611949952307,-0.010453
2007-05-11,0.009530240222878681,0.008557
2007-05-14,-0.005448765353522693,-0.002187
2007-05-15,-0.00399757406612378,0.000266
2007-05-16,0.00462338753642968,0.006841
2007-05-17,-0.004036590801556367,-0.001979
2007-05-18,0.007825942971683429,0.008724
2007-05-21,0.0003018056198253569,-0.000524
2007-05-22,0.001250204682755228,-0.000787
2007-05-23,-0.0014991351262354318,0.000131
2007-05-24,-0.008791164278465859,-0.009053
2007-05-25,0.006566192702776301,0.004171
2007-05-29,0.005540939440519722,0.003626
2007-05-30,0.002948682884302682,0.008145
2007-05-31,0.0016938021888125174,-0.001042
2007-06-01,0.0053888167045059365,0.004957
2007-06-04,-0.0038462526471639796,0.00013
2007-06-05,-0.0060850984903509115,-0.003958
2007-06-06,-0.008048931747432656,-0.01075
2007-06-07,-0.01799940454931197,-0.018045
2007-06-08,0.013505522009337571,0.013011
2007-06-11,-0.003873292992968618,0.001721
2007-06-12,-0.010571156406289391,-0.010906
2007-06-13,0.01138872200731427,0.014968
2007-06-14,0.0024599720156246274,0.006386
2007-06-15,0.004122026675418289,0.005663
2007-06-18,0.0008792852735719158,-0.001176
2007-06-19,0.003393932428365114,0.002485
2007-06-20,-0.005951426367435149,-0.013897
2007-06-21,0.003992939691581464,0.005558
2007-06-22,-0.0048971386435241356,-0.009409
2007-06-25,-0.009617782979396429,-0.004782
2007-06-26,-0.0029869510208834736,-0.010278
2007-06-27,0.009004518067770141,0.014229
2007-06-28,0.0011617947890394202,-0.000133
2007-06-29,-0.0029494084335983423,0.000332
2007-07-02,0.009564327527236722,0.009041
2007-07-03,0.0028217016028291393,0.003623
2007-07-05,0.0003547919293643685,-0.00105
2007-07-06,0.0044420763325305705,0.005257
2007-07-09,0.0002936206462143565,0.000131
2007-07-10,-0.010442971969256587,-0.013595
2007-07-11,0.002925482630427086,0.00709
2007-07-12,0.014337150507136838,0.015791
2007-07-13,0.002113860937828858,0.00298
2007-07-16,-0.005754729936860275,-0.000129
2007-07-17,-0.0006167566006776618,-0.000517
2007-07-18,0.0006627420921010986,-0.001809
2007-07-19,0.002457758155594605,0.003884
2007-07-20,-0.012957715998307619,-0.010125
2007-07-23,0.002262420097770353,0.003062
2007-07-24,-0.019133423863330133,-0.017341
2007-07-25,-4.4218469927666945e-05,0.002049
2007-07-26,-0.024703613527397177,-0.023679
2007-07-27,-0.012995731133010177,-0.01966
2007-07-30,0.005029707328453716,0.015643
2007-07-31,-0.012293045363562388,-0.011263
2007-08-01,-0.0030879932585100227,0.004872
2007-08-02,0.0013587328456690995,0.00799
2007-08-03,-0.02987415148383397,-0.025745
2007-08-06,0.008751797672671072,0.016759
2007-08-07,0.004277730504687531,0.01067
2007-08-08,0.01591999721180004,0.013941
2007-08-09,-0.019203896893165012,-0.029634
2007-08-10,0.005529076108823155,-0.004677
2007-08-13,-0.0005593291178042524,0.003593
2007-08-14,-0.018752331758704433,-0.015286
2007-08-15,-0.017692374295231555,-0.013775
2007-08-16,-0.002841461503494285,0.007516
2007-08-17,0.020505606427633966,0.018367
2007-08-20,0.007867581627438572,-0.000484
2007-08-21,0.0024030246592744815,0.002005
2007-08-22,0.012569908558693155,0.011868
2007-08-23,0.00466022784410214,-0.000886
2007-08-24,0.010951234649286455,0.012353
2007-08-27,-0.010924774394173708,-0.009304
2007-08-28,-0.022616576616612254,-0.02198
2007-08-29,0.020526089634392744,0.019621
2007-08-30,-0.006049497447444584,-0.002661
2007-08-31,0.012213795910080573,0.009853
2007-09-04,0.006179095013159981,0.010096
2007-09-05,-0.011187826490257898,-0.008653
2007-09-06,0.004700306282460434,0.002301
2007-09-07,-0.014813333297176722,-0.013907
2007-09-10,-0.009917684677918061,-0.001917
2007-09-11,0.010663815476363785,0.011661
2007-09-12,6.136954171702885e-05,0.002576
2007-09-13,0.004226727881398996,0.007033
2007-09-14,-0.0008606527475421317,-6.7e-05
2007-09-17,-0.0026770198940809548,-0.005373
2007-09-18,0.024154008276336656,0.02944
2007-09-19,0.006897890142875218,0.005903
2007-09-20,-0.00982303675004967,-0.007042
2007-09-21,0.004883267932786474,0.002684
2007-09-24,-0.011765577736706292,-0.001842
2007-09-25,-0.0009522674845338615,-0.001978
2007-09-26,0.004793778347238442,0.005284
2007-09-27,0.0056335887099988,0.005914
2007-09-28,-0.002960459512837874,-0.003331
2007-10-01,0.0165528115417044,0.011273
2007-10-02,0.004565752058578902,-0.001361
2007-10-03,-0.0010658389797840145,-0.002012
2007-10-04,-0.0007373985633278012,0.001561
2007-10-05,0.012390373434004289,0.011882
2007-10-08,-0.004691543241161585,-0.005326
2007-10-09,0.005464081567826835,0.009418
2007-10-10,-0.0014640512848435022,-0.001662
2007-10-11,-0.006735325440886238,-0.004801
2007-10-12,0.003000143022701923,0.005532
2007-10-15,-0.00807844728717495,-0.008444
2007-10-16,-0.00823865316460645,-0.007935
2007-10-17,0.001348972426752521,0.003056
2007-10-18,0.002348543604789921,-0.00363
2007-10-19,-0.019161031737414885,-0.026157
2007-10-22,0.015019387261481292,0.005813
2007-10-23,0.002536432196252366,0.008104
2007-10-24,-0.0034172538640392467,-0.001845
2007-10-25,-0.0024519263938134286,0.002377
2007-10-26,0.008122239814097144,0.011723
2007-10-29,0.005586163870439564,0.00332
2007-10-30,-0.0024472783783889493,-0.006942
2007-10-31,0.00750840027528898,0.010388
2007-11-01,-0.023896451487960647,-0.023408
2007-11-02,-0.0008859776787211154,0.001126
2007-11-05,-0.003991431053298557,-0.007606
2007-11-06,0.009983318380299465,0.013462
2007-11-07,-0.02512819257499248,-0.027356
2007-11-08,0.004506789638776268,-0.005071
2007-11-09,-0.008867810823599704,-0.013727
2007-11-12,-0.0067419664802546376,-0.009921
2007-11-13,0.023916026510599316,0.03048
2007-11-14,-0.009069220024031233,-0.002769
2007-11-15,-0.01055182369959044,-0.014424
2007-11-16,-0.003780568777918617,0.001718
2007-11-19,-0.0182523293999587,-0.013924
2007-11-20,-0.002210436162490376,0.006121
2007-11-21,-0.012056324514003357,-0.020465
2007-11-23,0.020166663443423345,0.017293
2007-11-26,-0.01770246524728456,-0.022064
2007-11-27,0.010490367208810303,0.011494
2007-11-28,0.019562553210639776,0.031984
2007-11-29,-0.0035942015401972042,0.00034
2007-11-30,0.006959554910831463,0.010056
2007-12-03,-0.004333156557610592,-0.006592
2007-12-04,-0.002043988936542603,-0.008938
2007-12-05,0.0119572630126249,0.01674
2007-12-06,0.02371954064641,0.014314
2007-12-07,-0.001273373999047122,-0.000199
2007-12-10,0.009012668642051466,0.007753
2007-12-11,-0.03174400782982809,-0.02742
2007-12-12,0.003409780268786389,0.009871
2007-12-13,0.001811833505599828,-0.002075
2007-12-14,-0.01605710214801972,-0.01268
2007-12-17,-0.010058922119508889,-0.014269
2007-12-18,0.00688635319199658,0.005583
2007-12-19,-0.00625680866101347,0.0
2007-12-20,0.006733883803892024,0.006307
2007-12-21,0.014538132761211898,0.014342
2007-12-24,0.009787977140154759,0.007426
2007-12-26,-0.002831910896150526,0.002144
2007-12-27,-0.014043152087304374,-0.012571
2007-12-28,-0.00343861737176152,-0.002506
2007-12-31,-0.004034173792151163,-0.0074
2008-01-02,-0.017612132797363258,-0.008755
2008-01-03,-0.010406114093834172,-0.000483
2008-01-04,-0.031130788467185623,-0.024506
2008-01-07,-0.0004867992660334542,-0.000849
2008-01-08,-0.0279451975882593,-0.016148
2008-01-09,0.010489792079326226,0.01051
2008-01-10,0.016783980168122763,0.006554
2008-01-11,-0.014030441182803778,-0.008069
2008-01-14,0.009427642111035028,0.008063
2008-01-15,-0.025273237647544786,-0.022013
2008-01-16,0.006605921471450271,-0.008613
2008-01-17,-0.028999068035879868,-0.025916
2008-01-18,-0.006929838928644223,-0.010268
2008-01-22,0.00041240957047214037,-0.010147
2008-01-23,0.03514511714927899,0.024021
2008-01-24,0.012135432697904751,0.008442
2008-01-25,-0.0011306412134166543,-0.014446
2008-01-28,0.020996025705438615,0.016537
2008-01-29,0.015297409882628343,0.004954
2008-01-30,-0.005858281635093296,-0.007358
2008-01-31,0.026204714341484137,0.018234
2008-02-01,0.019109012188183467,0.016088
2008-02-04,-0.016892662778166926,-0.012609
2008-02-05,-0.031307383012380036,-0.026774
2008-02-06,-0.006986964955233169,-0.008052
2008-02-07,0.011976303319003598,0.006614
2008-02-08,-0.005977185776248367,-0.006421
2008-02-11,0.012156285056346191,0.00511
2008-02-12,0.0029688707528629328,0.009271
2008-02-13,0.013910449286910558,0.010223
2008-02-14,-0.01737727301047687,-0.0088
2008-02-15,0.001644059876857381,-0.000222
2008-02-19,-0.00555673804583837,0.002812
2008-02-20,0.016238930332344834,0.002952
2008-02-21,-0.01703163515616615,-0.008314
2008-02-22,0.008234164118888469,0.006158
2008-02-25,0.01542425398955719,0.012609
2008-02-26,0.010556000415840643,0.0075
2008-02-27,-0.0009228469540379935,-0.001012
2008-02-28,-0.022656396432195514,-0.009767
2008-02-29,-0.03252054371624953,-0.022284
2008-03-03,-0.0030432079425726025,-0.002391
2008-03-04,-0.0007277684220175487,-0.00382
2008-03-05,0.006467304870375434,0.006316
2008-03-06,-0.02744083947240475,-0.020698
2008-03-07,-0.0077258578171938135,-0.010301
2008-03-10,-0.020547975119263272,-0.013183
2008-03-11,0.04103102040987922,0.035938
2008-03-12,-0.01444094751066195,-0.009351
2008-03-13,0.005958869866178676,0.002208
2008-03-14,-0.021192572683853026,-0.015496
2008-03-17,-0.020261636088576923,-0.010107
2008-03-18,0.04056596219158477,0.041543
2008-03-19,-0.0031940381479365343,-0.02477
2008-03-20,0.02743456671598539,0.018431
2008-03-24,0.020314385774946177,0.019988
2008-03-25,0.0019388791695276956,0.000965
2008-03-26,-0.018308468720089843,-0.012236
2008-03-27,-0.01146007371789165,-0.003153
2008-03-28,-0.014893901291866034,-0.009565
2008-03-31,0.005663982669084261,0.003498
2008-04-01,0.04286640848345176,0.03516
2008-04-02,0.004786986004747255,0.000659
2008-04-03,0.005937420073631035,0.002487
2008-04-04,-0.0016384740077187694,-0.001095
2008-04-07,-0.0009751472787939396,0.000511
2008-04-08,-0.009107077869931545,-0.001022
2008-04-09,-0.014956229233292836,-0.007236
2008-04-10,0.007772392734388628,0.001399
2008-04-11,-0.024334722546156408,-0.019409
2008-04-14,-0.0009340130476396002,-0.003374
2008-04-15,0.0019641908423222486,0.002332
2008-04-16,0.023831058317182286,0.027094
2008-04-17,0.006583809727986979,0.001461
2008-04-18,0.01437629104010638,0.010434
2008-04-21,-0.0009570711133737117,0.000506
2008-04-22,-0.016125024997566666,-0.004403
2008-04-23,0.0012993118516784546,-0.001595
2008-04-24,0.01290650939512946,0.004357
2008-04-25,0.012294606651787963,0.009254
2008-04-28,0.0025088697460215583,0.000215
2008-04-29,0.00026812597862987427,-0.003939
2008-04-30,-0.010977383990768577,-0.005896
2008-05-01,0.026575067739014205,0.020686
2008-05-02,-0.001158109523042745,0.002764
2008-05-05,-0.006973320868700952,-0.004805
2008-05-06,0.00933448158936184,0.008663
2008-05-07,-0.013357367179116892,-0.017811
2008-05-08,-0.0038348828416768332,-0.00258
2008-05-09,-0.006195593622203391,-0.001868
2008-05-12,0.018633288962231345,0.011231
2008-05-13,0.004028152022006828,0.000142
2008-05-14,0.005438710944562552,0.002064
2008-05-15,0.01287488096551973,0.012503
2008-05-16,-0.006002927338985596,0.000912
2008-05-19,-0.0025218749422044806,0.002734
2008-05-20,-0.008981882870845186,-0.008109
2008-05-21,-0.016268497176653327,-0.016915
2008-05-22,0.005803361144981087,0.000143
2008-05-23,-0.011869233805442038,-0.013404
2008-05-27,0.009153736956747233,0.007411
2008-05-28,0.004551851298664944,0.004616
2008-05-29,0.009518701809084892,0.005025
2008-05-30,0.0016355162978396952,0.0025
2008-06-02,-0.009526481380312354,-0.010331
2008-06-03,-0.002546225728711682,-0.005832
2008-06-04,0.0010967071805534849,-0.000507
2008-06-05,0.013389084768931607,0.019997
2008-06-06,-0.03278478422439132,-0.031894
2008-06-09,-0.0024391244169797307,0.002421
2008-06-10,-0.004050356964476458,-0.004977
2008-06-11,-0.022555194464510726,-0.014712
2008-06-12,0.005319191884048879,0.003808
2008-06-13,0.01777824498018969,0.012644
2008-06-16,0.0032600969057202584,0.000588
2008-06-17,-0.0101854136146834,-0.004845
2008-06-18,-0.015168116606915564,-0.009737
2008-06-19,0.008615727375733512,0.001266
2008-06-20,-0.01839490592831344,-0.016149
2008-06-23,-0.00792408442288241,-0.000988
2008-06-24,-0.0017981420510047438,-0.001978
2008-06-25,0.01120435622842206,0.004726
2008-06-26,-0.026734903075106318,-0.02716
2008-06-27,-0.005255717116250724,-0.005459
2008-06-30,-0.005243103970846146,0.003529
2008-07-01,0.002655423926261242,0.003126
2008-07-02,-0.01580904942274259,-0.017137
2008-07-03,-0.008164263850958541,0.00103
2008-07-07,-0.013422946690274027,-0.010213
2008-07-08,0.03359198992334819,0.017757
2008-07-09,-0.029602166513467143,-0.019255
2008-07-10,-0.007110528280851124,0.004087
2008-07-11,-0.014271908413815893,-0.011652
2008-07-14,-0.016181072101535215,-0.009044
2008-07-15,-0.0007924799056142641,-0.014097
2008-07-16,0.04837404609511818,0.024548
2008-07-17,0.030993771884005997,0.010003
2008-07-18,-0.004674536028496963,0.00623
2008-07-21,-0.001951638773627047,0.000556
2008-07-22,0.03102632311961606,0.011345
2008-07-23,0.01374943793943482,0.005413
2008-07-24,-0.03810477055143526,-0.020754
2008-07-25,-0.003646856402324227,-0.000239
2008-07-28,-0.023856554696274998,-0.014664
2008-07-29,0.03822117084429958,0.021352
2008-07-30,0.00971760299880177,0.017818
2008-07-31,-0.0025486490873775944,-0.013227
2008-08-01,0.0015243255838880668,-0.005283
2008-08-04,-0.010520004421744217,-0.009274
2008-08-05,0.03337947119348881,0.026962
2008-08-06,0.004671894837087959,0.004441
2008-08-07,-0.018621064406818887,-0.014892
2008-08-08,0.03664980428252378,0.018581
2008-08-11,0.019060928527868757,0.010358
2008-08-12,-0.018747159959683155,-0.010405
2008-08-13,-0.0072006135072300035,-0.00603
2008-08-14,0.01986830688860466,0.007544
2008-08-15,0.012268172512914174,0.004863
2008-08-18,-0.017429961120063817,-0.013674
2008-08-19,-0.02049599795625053,-0.010904
2008-08-20,-0.002334566815488947,0.004646
2008-08-21,-0.0013608879890677906,0.001724
2008-08-22,0.01828273442381829,0.014476
2008-08-25,-0.020296801401784893,-0.020285
2008-08-26,0.0004421387688791835,0.002913
2008-08-27,0.01740870111418394,0.009734
2008-08-28,0.032794716652129866,0.012128
2008-08-29,-0.005961782162478336,-0.010754
2008-09-02,0.007923171897503975,-0.006212
2008-09-03,0.0070820852895984625,-0.000859
2008-09-04,-0.02984569709466044,-0.030106
2008-09-05,0.011168075921284729,0.003144
2008-09-08,0.0237006783844261,0.020656
2008-09-09,-0.03895913118708593,-0.029687
2008-09-10,0.0023087768748282092,0.004058
2008-09-11,0.007393442223044666,0.014468
2008-09-12,0.0006630322511098944,0.004621
2008-09-15,-0.04483176590310321,-0.047585
2008-09-16,0.016855788721984736,0.016738
2008-09-17,-0.05591433788267409,-0.044963
2008-09-18,0.07878039124561945,0.029672
2008-09-19,0.04213481388689398,0.039485
2008-09-22,-0.06158957637739867,-0.022639
2008-09-23,-0.01552517871995622,-0.022752
2008-09-24,0.006548145126896889,0.003205
2008-09-25,0.018104693174898066,0.01564
2008-09-26,0.001679425905341719,0.000497
2008-09-29,-0.0927230650410799,-0.078362
2008-09-30,0.039939421796538976,0.04139
2008-10-01,0.010277921006366821,0.000603
2008-10-02,-0.047332196248706805,-0.036274
2008-10-03,-0.017476709879382636,-0.0135
2008-10-06,-0.04375016518672792,-0.050933
2008-10-07,-0.06547573778888385,-0.044786
2008-10-08,-0.015493953932691706,-0.025192
2008-10-09,-0.07683051908966777,-0.069839
2008-10-10,0.0028495078358487013,-0.024256
2008-10-13,0.09743914430883079,0.145198
2008-10-14,-0.005049915844180288,-0.0148
2008-10-15,-0.09251862218369565,-0.098448
2008-10-16,0.033856302081107445,0.041657
2008-10-17,-0.007951844758929447,-0.005972
2008-10-20,0.0415904702358681,0.060079
2008-10-21,-0.02891502768247249,-0.029855
2008-10-22,-0.061871477333178805,-0.054454
2008-10-23,-0.01986620450170479,0.011584
2008-10-24,-0.04074739439053071,-0.050714
2008-10-27,-0.026858467410603132,-0.035501
2008-10-28,0.08856564345335903,0.116855
2008-10-29,-0.002543682349343404,-0.007253
2008-10-30,0.0352169343128322,0.034594
2008-10-31,0.036099353923997546,0.005504
2008-11-03,-0.0026717355752357928,0.002892
2008-11-04,0.0386015233202929,0.033982
2008-11-05,-0.05436756417934512,-0.042028
2008-11-06,-0.05045330704213462,-0.055411
2008-11-07,0.012394842283506225,0.033018
2008-11-10,-0.024358176158441398,-0.013105
2008-11-11,-0.026486674055548307,-0.030876
2008-11-12,-0.05959432816672167,-0.044001
2008-11-13,0.07290113899812109,0.06234
2008-11-14,-0.04938996230352031,-0.049907
2008-11-17,-0.024339395587737747,-0.013276
2008-11-18,-0.004442281263027026,0.018837
2008-11-19,-0.07629141144801617,-0.064079
2008-11-20,-0.07280427538691304,-0.074233
2008-11-21,0.04525701796756636,0.053943
2008-11-24,0.08934294639418873,0.069291
2008-11-25,0.01804940808457868,0.007409
2008-11-26,0.053852160715681344,0.038641
2008-11-28,0.01312601369670479,0.012589
2008-12-01,-0.09752378606343057,-0.088578
2008-12-02,0.03396814916556804,0.038485
2008-12-03,0.026696974960508095,0.024041
2008-12-04,-0.028708584100521215,-0.023133
2008-12-05,0.03971168112489432,0.030832
2008-12-08,0.03876250582492182,0.034914
2008-12-09,-0.014787890600552535,-0.016484
2008-12-10,0.018935106474701535,0.006816
2008-12-11,-0.03862325666784378,-0.024082
2008-12-12,0.01915242095721625,0.01194
2008-12-15,-0.026534543053963532,-0.013934
2008-12-16,0.05937891287947391,0.047066
2008-12-17,-0.0023642310480071174,-0.009687
2008-12-18,-0.018985674520600203,-0.018683
2008-12-19,0.015221737606149154,-0.004263
2008-12-22,-0.02767951288789601,-0.012813
2008-12-23,-0.01119069110424038,-0.010338
2008-12-24,0.013324374291619156,0.005803
2008-12-26,0.007425675688008013,0.00577
2008-12-29,-0.010010131128648627,-0.002868
2008-12-30,0.035617459595062004,0.023703
2008-12-31,0.02583776850369419,0.014274
2009-01-02,0.048487173685476385,0.030142
2009-01-05,0.014494129719173467,-0.001183
2009-01-06,0.038215562909246555,0.006677
2009-01-07,-0.03864680715556095,-0.029956
2009-01-08,0.01500057075450601,0.004103
2009-01-09,-0.03576588607713449,-0.021441
2009-01-12,-0.04256718999349283,-0.024021
2009-01-13,-0.000962972608337728,0.00184
2009-01-14,-0.044443650075775804,-0.031455
2009-01-15,0.004451063715883728,0.000356
2009-01-16,0.01569917441960014,0.00782
2009-01-20,-0.07197764696288782,-0.052786
2009-01-21,0.05208362196970432,0.043192
2009-01-22,-0.03156452432833745,-0.015467
2009-01-23,0.017633565800739222,0.00435
2009-01-26,0.0040307830648297766,0.006858
2009-01-27,0.012650256784634795,0.010158
2009-01-28,0.0495521749852816,0.033834
2009-01-29,-0.04851180935764978,-0.032498
2009-01-30,-0.03822012522921183,-0.020343
2009-02-02,0.002088252421783695,-0.003018
2009-02-03,0.012988559475160186,0.014047
2009-02-04,-0.007961705686065005,-0.004896
2009-02-05,0.025860208760775744,0.014881
2009-02-06,0.0336988671926036,0.028485
2009-02-09,-0.0024540027956181684,0.001391
2009-02-10,-0.06139965691876816,-0.045809
2009-02-11,0.008369184123664813,0.005896
2009-02-12,0.001496383732172202,0.000718
2009-02-13,-0.00828156850289099,-0.010758
2009-02-17,-0.060385914548617844,-0.042774
2009-02-18,-0.0103999914240933,-0.002398
2009-02-19,-0.025234245903342476,-0.010743
2009-02-20,-0.01462750512533096,-0.009734
2009-02-23,-0.03915619072476172,-0.035779
2009-02-24,0.05104199361558277,0.03791
2009-02-25,-0.015357036499104009,-0.007847
2009-02-26,-0.010066595901140939,-0.016287
2009-02-27,-0.021432558901009872,-0.022349
2009-03-02,-0.05626804575968447,-0.045043
2009-03-03,-0.013131675372597315,-0.007507
2009-03-04,0.03518932621528557,0.023691
2009-03-05,-0.05162725624984311,-0.040848
2009-03-06,-0.00246562817641209,0.001744
2009-03-09,-0.007847110947254569,-0.011753
2009-03-10,0.08063323680828462,0.059609
2009-03-11,0.007237652121073258,0.006512
2009-03-12,0.04617115316596617,0.039372
2009-03-13,0.01531098750945288,0.007815
2009-03-16,-0.00759677825695062,-0.003023
2009-03-17,0.03578015534184592,0.030583
2009-03-18,0.050255773091778255,0.022384
2009-03-19,-0.007901570991927226,-0.012386
2009-03-20,-0.028209680161882387,-0.021137
2009-03-23,0.08740216860198197,0.071829
2009-03-24,-0.015103519351586952,-0.019703
2009-03-25,0.00965961602087946,0.010546
2009-03-26,0.04158951152822496,0.020381
2009-03-27,-0.022657613560626063,-0.018048
2009-03-30,-0.05146634898153071,-0.034555
2009-03-31,0.010013994487937194,0.009265
2009-04-01,0.023345065157545846,0.019366
2009-04-02,0.06175714996686442,0.029238
2009-04-03,0.01864050926245362,0.009948
2009-04-06,-0.014089928067289446,-0.007833
2009-04-07,-0.03578493162314177,-0.023325
2009-04-08,0.019051295627875515,0.010778
2009-04-09,0.0750170731727123,0.039743
2009-04-13,0.012690932048887021,0.000233
2009-04-14,-0.029360700707499084,-0.017243
2009-04-15,0.02678634318754513,0.01067
2009-04-16,0.03217031823590742,0.014663
2009-04-17,0.0343853048644143,0.006705
2009-04-20,-0.08321420841166642,-0.041916
2009-04-21,0.04592053679008823,0.019537
2009-04-22,0.006122165021106222,-0.006113
2009-04-23,0.01003376057379777,0.009818
2009-04-24,0.03181642629916004,0.015111
2009-04-27,-0.024166893595342076,-0.009462
2009-04-28,-0.0013140324766661774,-0.003145
2009-04-29,0.03394458157115866,0.021269
2009-04-30,0.013955362115555744,0.000343
2009-05-01,0.01730439878851955,0.005376
2009-05-04,0.05198868630645388,0.03402
2009-05-05,0.0007549372571986139,-0.003411
2009-05-06,0.025074134080516976,0.017346
2009-05-07,-0.018496486261465984,-0.013903
2009-05-08,0.06358099626044424,0.023333
2009-05-11,-0.03312892200327427,-0.018714
2009-05-12,-0.02598659845178974,-0.002959
2009-05-13,-0.0672244200218966,-0.025173
2009-05-14,0.03416345103591973,0.00857
2009-05-15,-0.021633402881454114,-0.008162
2009-05-18,0.05692686353397013,0.028407
2009-05-19,0.0096036502805591,-0.001206
2009-05-20,-0.005902972646542003,-0.006694
2009-05-21,-0.025369970721619967,-0.014363
2009-05-22,-0.0014048910241314246,-0.00213
2009-05-26,0.035190334985701066,0.025612
2009-05-27,-0.01898648898947292,-0.017853
2009-05-28,0.012500194424628592,0.01394
2009-05-29,0.025132319043943488,0.017708
2009-06-01,0.055652144173417586,0.024208
2009-06-02,-0.0035227315355837356,0.000844
2009-06-03,-0.027599645964201194,-0.012652
2009-06-04,0.027077779024493168,0.009397
2009-06-05,0.001468804539435927,0.000212
2009-06-08,-0.007186912230863575,-0.004125
2009-06-09,0.01227164962429506,0.005098
2009-06-10,-0.0034805045290810803,-0.002536
2009-06-11,0.004638228793679571,0.004449
2009-06-12,-0.007049023869014291,0.002742
2009-06-15,-0.03027251515000306,-0.022928
2009-06-16,-0.023464386328774418,-0.013563
2009-06-17,-0.01381469399290506,-0.000982
2009-06-18,0.0028468298796168264,0.007307
2009-06-19,0.005759909005944503,0.003678
2009-06-22,-0.05270632191599641,-0.029987
2009-06-23,0.0005243552024140286,0.000784
2009-06-24,0.018751829426387,0.008595
2009-06-25,0.031192985971598086,0.021772
2009-06-26,0.0007146683846038997,-0.002606
2009-06-29,0.011099674881756732,0.009364
2009-06-30,-0.01060509813848466,-0.008091
2009-07-01,0.013234449281461641,0.004133
2009-07-02,-0.036386578356121434,-0.027293
2009-07-06,-0.006311995640196823,-0.000111
2009-07-07,-0.026912905884022096,-0.019377
2009-07-08,-0.009931590358393323,-0.000681
2009-07-09,0.007114185973280442,0.001932
2009-07-10,-0.003537278883034838,-0.002382
2009-07-13,0.013004137973714087,0.024352
2009-07-14,0.024880952387479047,0.005638
2009-07-15,0.0341896314537617,0.029246
2009-07-16,0.014521589633383755,0.009543
2009-07-17,-0.0008169154061786296,-0.000212
2009-07-20,0.020834566893698576,0.010634
2009-07-21,-0.002987913117055125,0.004615
2009-07-22,0.010410053958381762,-0.000209
2009-07-23,0.0312612861184959,0.022093
2009-07-24,0.00979936001940044,0.004086
2009-07-27,0.01102746561055225,0.002957
2009-07-28,-0.004461130566487299,-0.004677
2009-07-29,-0.01043276825737029,-0.002431
2009-07-30,0.01854035821719795,0.010425
2009-07-31,0.0008394947371387661,0.001419
2009-08-03,0.02438404932254658,0.016496
2009-08-04,0.011776963449760907,0.002589
2009-08-05,-0.0037189315563395946,-0.00288
2009-08-06,-0.006571786097105685,-0.005179
2009-08-07,0.029940949305904598,0.013135
2009-08-10,-0.003328634043740973,-0.002095
2009-08-11,-0.017675026074738427,-0.012476
2009-08-12,0.0168157032563927,0.010729
2009-08-13,0.00869971323360939,0.007639
2009-08-14,-0.01405046575711205,-0.007679
2009-08-17,-0.03106525065905964,-0.024606
2009-08-18,0.01409606289898973,0.007934
2009-08-19,0.008285248521431922,0.00878
2009-08-20,0.012145808143925269,0.010304
2009-08-21,0.02519848928063429,0.019606
2009-08-24,-0.0038496447171273438,-9.7e-05
2009-08-25,0.005129065774626772,0.001943
2009-08-26,0.0027994594952199287,9.7e-05
2009-08-27,0.007745524033919232,0.002229
2009-08-28,0.0029582236359081953,-0.000193
2009-08-31,-0.013434813271195004,-0.008899
2009-09-01,-0.030817396771200524,-0.022057
2009-09-02,-0.009508857883877944,-0.003792
2009-09-03,0.016651807147949425,0.008315
2009-09-04,0.018702941551184998,0.014009
2009-09-08,0.014274682173719416,0.008622
2009-09-09,0.016356488861790173,0.007674
2009-09-10,0.016926078804422345,0.010219
2009-09-11,-0.001743067802939562,-0.000191
2009-09-14,0.012105293218831853,0.004868
2009-09-15,0.013300877290225267,0.004179
2009-09-16,0.02267634747128167,0.015134
2009-09-17,-0.011118349877374563,-0.001491
2009-09-18,0.005885104972334976,0.000638
2009-09-21,-0.003954749866814008,-0.00253
2009-09-22,0.013037819712441005,0.005824
2009-09-23,-0.013145715366826993,-0.008312
2009-09-24,-0.019653929071950373,-0.011019
2009-09-25,-0.008511944269292268,-0.005333
2009-09-28,0.025584819207210396,0.017903
2009-09-29,0.0005156475758386251,-0.00301
2009-09-30,-0.007463341434610439,-0.003868
2009-10-01,-0.02967665640588628,-0.024529
2009-10-02,-0.0075755768657206814,-0.004951
2009-10-05,0.01892326358688828,0.014928
2009-10-06,0.013564121268488723,0.014324
2009-10-07,-0.001133185816757835,0.002749
2009-10-08,0.014208766232658186,0.007656
2009-10-09,0.006003081165291378,0.006097
2009-10-12,0.0035084792286402353,0.003916
2009-10-13,-0.0008446446221992359,-0.002043
2009-10-14,0.019321853648089787,0.017216
2009-10-15,0.0039265755909422256,0.003659
2009-10-16,-0.009965566886780628,-0.007474
2009-10-19,0.011237868531253286,0.008265
2009-10-20,-0.006298167547706374,-0.005274
2009-10-21,-0.013303240788953638,-0.008983
2009-10-22,0.014834552765133808,0.010164
2009-10-23,-0.01606099297469665,-0.011433
2009-10-26,-0.012512560410546495,-0.010825
2009-10-27,-0.008574353291825935,-0.004583
2009-10-28,-0.029897272312971738,-0.018887
2009-10-29,0.023165094923504777,0.021454
2009-10-30,-0.03415200803813289,-0.028973
2009-11-02,0.0009516242499798348,0.007339
2009-11-03,0.011303996918190075,0.003163
2009-11-04,-0.0018632074039005373,0.00258
2009-11-05,0.027568009599490562,0.018396
2009-11-06,-0.0016812846481091795,0.00262
2009-11-09,0.02509675973976409,0.022776
2009-11-10,-0.004466840955019245,0.000183
2009-11-11,0.005622607818070002,0.00511
2009-11-12,-0.018256365238769178,-0.010168
2009-11-13,0.010574253250575429,0.005411
2009-11-16,0.021666512189110292,0.014505
2009-11-17,-0.0018451411231045173,0.00116
2009-11-18,-0.0031838989316848726,-0.00062
2009-11-19,-0.018683636672415974,-0.013031
2009-11-20,-0.006841985982526098,-0.003551
2009-11-23,0.013278961212865571,0.012702
2009-11-24,-0.003418311631053445,0.001534
2009-11-25,0.008425706553356387,0.003514
2009-11-27,-0.021687130046636867,-0.016251
2009-11-30,-0.00037127314923522995,0.003377
2009-12-01,0.014312598890064285,0.01237
2009-12-02,0.004069370546839586,-0.000449
2009-12-03,-0.01199869574993971,-0.00782
2009-12-04,0.017475429516264924,0.005708
2009-12-07,-0.0006683553562677429,-0.001531
2009-12-08,-0.0066715015482423186,-0.011097
2009-12-09,0.0017465415318069833,0.00375
2009-12-10,0.002113708265220572,0.005626
2009-12-11,0.006078338376581733,0.004248
2009-12-14,0.013582583830174938,0.00684
2009-12-15,-0.005937018246397203,-0.004648
2009-12-16,0.0031897922817823916,0.001527
2009-12-17,-0.011952585836602879,-0.012016
2009-12-18,0.008356867859165356,0.005629
2009-12-21,0.008706083049805627,0.010162
2009-12-22,0.008532047256597999,0.003593
2009-12-23,0.008879526577019802,0.001969
2009-12-24,0.0052554884307368524,0.004734
2009-12-28,0.0006156135512870548,0.002134
2009-12-29,-0.001180872824915027,-0.001402
2009-12-30,0.0007238149697449394,-0.000373
2009-12-31,-0.009135522728416395,-0.009598
2010-01-04,0.016231619900122864,0.01696
2010-01-05,0.005761526220370373,0.002647
2010-01-06,0.006174729893744864,0.000704
2010-01-07,0.006609494252854534,0.004221
2010-01-08,0.005694793630320451,0.003328
2010-01-11,0.00024276365916490658,0.001397
2010-01-12,-0.012472916633288481,-0.009326
2010-01-13,0.010176983923504756,0.008446
2010-01-14,0.004061843864922286,0.002705
2010-01-15,-0.01974766593856299,-0.011224
2010-01-19,0.014791856311485828,0.012496
2010-01-20,-0.007978569063106913,-0.010169
2010-01-21,-0.016303014035108893,-0.019229
2010-01-22,-0.020135578890921164,-0.022292
2010-01-25,0.0036113506848158517,0.005128
2010-01-26,-0.0053326046951991295,-0.004191
2010-01-27,0.005895648683122046,0.004757
2010-01-28,-0.013364300142073378,-0.011472
2010-01-29,-0.010108710210217422,-0.010869
2010-02-01,0.01720857394693243,0.015551
2010-02-02,0.013710347587473548,0.012103
2010-02-03,-0.005830857381132609,-0.004983
2010-02-04,-0.0366284149410177,-0.030866
2010-02-05,0.0015764862480734017,0.002067
2010-02-08,-0.00697674679096524,-0.007219
2010-02-09,0.015290290090649424,0.01256
2010-02-10,-0.003265254940194021,-0.001959
2010-02-11,0.014038180576508534,0.010466
2010-02-12,0.0016398698994952053,-0.000832
2010-02-16,0.020656922782450366,0.015735
2010-02-17,0.006902289706339382,0.004739
2010-02-18,0.007288393929843577,0.005895
2010-02-19,0.00025749761888890576,0.002074
2010-02-22,0.00046677497980666884,0.00018
2010-02-23,-0.014827781250862107,-0.012145
2010-02-24,0.008097657580246954,0.009198
2010-02-25,0.0015730827713918614,-0.001354
2010-02-26,-0.0008866749944848502,0.000633
2010-03-01,0.018313394337241055,0.010385
2010-03-02,0.0036135616539097245,0.002771
2010-03-03,0.003771304137660476,0.000891
2010-03-04,0.004346784446987379,0.003036
2010-03-05,0.016137397632180025,0.014284
2010-03-08,0.002770949261733613,0.000175
2010-03-09,0.0024458918729281876,0.001663
2010-03-10,0.008001653695955804,0.004456
2010-03-11,-0.0008759840792991962,0.004175
2010-03-12,-0.0005649673698345777,8.7e-05
2010-03-15,-0.0005660132004734613,0.00026
2010-03-16,0.010245675074378017,0.007966
2010-03-17,0.007684070126038164,0.005927
2010-03-18,-0.0048938898756399575,-0.000534
2010-03-19,-0.010391485306615388,-0.005016
2010-03-22,0.008148452079235974,0.005368
2010-03-23,0.01114105461390379,0.007012
2010-03-24,-0.006939843670195838,-0.004855
2010-03-25,-0.006807628661821144,-0.001626
2010-03-26,0.001706684029017821,-0.000583
2010-03-29,0.0072517932330245765,0.00633
2010-03-30,0.000922011735268338,0.000682
2010-03-31,-0.007077586860452894,-0.003407
2010-04-01,0.012961446341812026,0.006838
2010-04-05,0.014258315388341375,0.008149
2010-04-06,0.0035459023940889625,0.002358
2010-04-07,-0.004593997357406514,-0.005712
2010-04-08,-0.0022695737268959167,0.003485
2010-04-09,0.004154773104205145,0.006546
2010-04-12,0.004451320648561116,0.001589
2010-04-13,0.00044905974607931066,0.000752
2010-04-14,0.01704155399265206,0.011349
2010-04-15,0.005581749356711939,0.000825
2010-04-16,-0.012494353874615994,-0.015912
2010-04-19,0.0012962839774585564,0.00377
2010-04-20,0.01619648239376746,0.008931
2010-04-21,0.0025793260296321967,-0.00182
2010-04-22,0.009694348753323173,0.002984
2010-04-23,0.005510448435481014,0.006549
2010-04-26,-0.005434028989378111,-0.003797
2010-04-27,-0.02713826887097096,-0.023651
2010-04-28,0.0052026729970125465,0.007596
2010-04-29,0.017988492369507024,0.012377
2010-04-30,-0.020252816376607495,-0.016921
2010-05-03,0.015363950886278264,0.012941
2010-05-04,-0.026820196976669354,-0.023515
2010-05-05,-0.007761629324456422,-0.005956
2010-05-06,-0.037437452344496046,-0.033196
2010-05-07,-0.01898437571545314,-0.014893
2010-05-10,0.04971193311576305,0.044041
2010-05-11,0.0022853655711540825,-0.002841
2010-05-12,0.025502082834274763,0.013986
2010-05-13,-0.01393354511852757,-0.012431
2010-05-14,-0.02114698937302933,-0.018105
2010-05-17,0.0024377406825977573,0.000527
2010-05-18,-0.015287801127723944,-0.013602
2010-05-19,-0.011899799773852296,-0.005694
2010-05-20,-0.043557481903141286,-0.03776
2010-05-21,0.01589718156260299,0.014646
2010-05-24,-0.013111440309901405,-0.012876
2010-05-25,-0.0005523201680341896,0.001003
2010-05-26,0.0022041860795996952,-0.00601
2010-05-27,0.03916165253550244,0.033498
2010-05-28,-0.010919988989676792,-0.012559
2010-06-01,-0.028978267006513632,-0.016815
2010-06-02,0.026983888766673524,0.026039
2010-06-03,0.011563823913020252,0.003444
2010-06-04,-0.04380956293272379,-0.035137
2010-06-07,-0.017862365299042973,-0.012451
2010-06-08,0.0062093410957770965,0.010712
2010-06-09,-0.0009193085534796178,-0.005346
2010-06-10,0.03502305011810879,0.029232
2010-06-11,0.008134064697248382,0.004856
2010-06-14,6.59717274919312e-05,-0.001559
2010-06-15,0.028381722742129606,0.022747
2010-06-16,-0.004772104547099217,-0.000357
2010-06-17,-0.0027525390996035594,0.001608
2010-06-18,-0.0009491763205832633,0.001073
2010-06-21,-0.006812353732544197,-0.002855
2010-06-22,-0.016784409432610427,-0.016516
2010-06-23,0.002588699156016077,-0.003103
2010-06-24,-0.01953321640419632,-0.016571
2010-06-25,0.008522806595563683,0.004166
2010-06-28,-0.004836254565499012,-0.003129
2010-06-29,-0.03898841272104438,-0.030875
2010-06-30,-0.009276859383620628,-0.0095
2010-07-01,-0.007234702688538552,-0.004456
2010-07-02,-0.00674454563921493,-0.00545
2010-07-06,0.0014906442479998118,0.006556
2010-07-07,0.034623175673972516,0.031472
2010-07-08,0.013236293069937692,0.009919
2010-07-09,0.012002522795327101,0.007465
2010-07-12,-0.0029977672843402806,0.000648
2010-07-13,0.02233526925901888,0.015088
2010-07-14,-0.004623801943483232,-8.2e-05
2010-07-15,-0.0012679517455106788,0.000264
2010-07-16,-0.034457687915245935,-0.027535
2010-07-19,0.008850061052145248,0.005907
2010-07-20,0.015920602225464518,0.011092
2010-07-21,-0.015323803805721115,-0.012998
2010-07-22,0.02948964382576736,0.022331
2010-07-23,0.012522870096956632,0.00867
2010-07-26,0.017631335533012167,0.010416
2010-07-27,-0.004154191705479301,-9e-05
2010-07-28,-0.014487378479192743,-0.006455
2010-07-29,-0.0038809125652727594,-0.004872
2010-07-30,0.002826403032293524,-0.000181
2010-08-02,0.02254343339540266,0.022581
2010-08-03,-0.010829174605380418,-0.004789
2010-08-04,0.011172721325155727,0.006683
2010-08-05,-0.0041775573762362714,-0.001062
2010-08-06,-0.006711173645241435,-0.004058
2010-08-09,0.008186078429747876,0.005338
2010-08-10,-0.015532895430165224,-0.005461
2010-08-11,-0.035827829051933435,-0.027364
2010-08-12,-0.00710202298122978,-0.00613
2010-08-13,-0.0079605819421127,-0.002946
2010-08-16,0.00126020239734451,-0.000462
2010-08-17,0.018187101257209536,0.012285
2010-08-18,0.0025678174627692014,0.001825
2010-08-19,-0.020000555479973606,-0.017397
2010-08-20,-0.003017338732531893,-0.003244
2010-08-23,-0.0068010049198197866,-0.003779
2010-08-24,-0.01630128666925018,-0.014876
2010-08-25,0.006929326384033361,0.003885
2010-08-26,-0.008376015467397737,-0.006702
2010-08-27,0.022534866383223818,0.01549
2010-08-30,-0.016509697160154622,-0.014496
2010-08-31,-0.001656275620113513,-9e-06
2010-09-01,0.03822832051416296,0.029912
2010-09-02,0.014962601476314435,0.009312
2010-09-03,0.01714713301392402,0.012972
2010-09-07,-0.019258410032272976,-0.011272
2010-09-08,0.008661996956950954,0.007023
2010-09-09,0.002717349173221856,0.004619
2010-09-10,0.006870713835763541,0.005067
2010-09-13,0.017825830911950065,0.011105
2010-09-14,0.003238990286275036,-0.000621
2010-09-15,0.002736703968269265,0.003817
2010-09-16,-0.0054286464608154965,-0.000265
2010-09-17,0.0012283795103363543,0.000373
2010-09-20,0.02271934997065869,0.01529
2010-09-21,-0.004490501527073588,-0.002014
2010-09-22,-0.012687587737738473,-0.004913
2010-09-23,-0.008846129485367574,-0.008129
2010-09-24,0.029495277387873883,0.02064
2010-09-27,-0.005630290529991468,-0.00479
2010-09-28,0.005641869147440687,0.0035
2010-09-29,-0.0004988971672824697,-0.001744
2010-09-30,-0.00012945815098101693,-0.00297
2010-10-01,0.0034100474723515574,0.004206
2010-10-04,-0.013872157878252965,-0.007504
2010-10-05,0.0246683744313597,0.020132
2010-10-06,0.0002905198278283277,-8.6e-05
2010-10-07,-0.002911745545875542,-0.001207
2010-10-08,0.010131447036945736,0.005587
2010-10-11,0.005128369469912352,0.000965
2010-10-12,0.004114071580528191,0.003086
2010-10-13,0.012482147745393895,0.007777
2010-10-14,-0.004776883888179578,-0.003901
2010-10-15,-0.0010401747575372509,0.002043
2010-10-18,0.006676072123954274,0.004928
2010-10-19,-0.01937038600930127,-0.013105
2010-10-20,0.008473440502147246,0.009766
2010-10-21,-0.0033035112494784586,0.002206
2010-10-22,0.001052633368729829,0.001837
2010-10-25,0.004432312091423471,0.002983
2010-10-26,-0.005519604110920415,0.000169
2010-10-27,-0.0049092895637694225,-0.002864
2010-10-28,-0.0027456744199281916,0.000169
2010-10-29,0.0073215649735005,0.00076
2010-11-01,-0.0037106006909181314,0.000338
2010-11-02,0.00865378634176999,0.007973
2010-11-03,0.0018062221025889644,0.003976
2010-11-04,0.024698328741299576,0.019258
2010-11-05,0.004001770220632722,0.003803
2010-11-08,-0.0026346574917537665,-0.001915
2010-11-09,-0.00985524077622706,-0.007184
2010-11-10,0.0062527142691031915,0.004029
2010-11-11,-0.003447900532062817,-0.003808
2010-11-12,-0.013012006811781773,-0.011814
2010-11-15,0.0017364244707079926,-0.001398
2010-11-16,-0.016911991654801155,-0.015579
2010-11-17,0.002221766118330124,0.000491
2010-11-18,0.017020014922459414,0.014714
2010-11-19,0.005375439392926908,0.002772
2010-11-22,0.001168296801707972,-0.000831
2010-11-23,-0.006787451826795063,-0.014498
2010-11-24,0.020716844382759905,0.014796
2010-11-26,-0.005722159500722668,-0.011647
2010-11-29,-0.002360804793836641,0.003047
2010-11-30,-0.006145917057835239,-0.005618
2010-12-01,0.02315843229980738,0.021246
2010-12-02,0.016634648544706088,0.012809
2010-12-03,0.0054969617075179555,0.002693
2010-12-06,0.004600789068176854,-0.001058
2010-12-07,0.003655231605736115,0.00057
2010-12-08,0.0008286241630848483,0.003664
2010-12-09,0.005362935045073496,0.003894
2010-12-10,0.011009945647959228,0.005818
2010-12-13,-0.006011986434552528,0.000643
2010-12-14,0.0010852085488814488,0.000883
2010-12-15,-0.004903253051497392,-0.004588
2010-12-16,0.010167989832308903,0.005818
2010-12-17,0.00595296900629721,0.001064
2010-12-20,0.0015242394925059986,0.002413
2010-12-21,0.007855156728512893,0.00634
2010-12-22,0.003441806680581967,0.00311
2010-12-23,-0.0014326864964350667,-0.001431
2010-12-27,0.00165685298512321,0.000398
2010-12-28,-0.002862241175755007,0.001433
2010-12-29,-4.382614552579276e-05,0.000715
2010-12-30,0.0009880906520147227,-0.001588
2010-12-31,-0.0027144755318522563,0.000239
2011-01-03,0.010894000183758376,0.010338
2011-01-04,-0.010225663049974578,-0.000551
2011-01-05,0.005777249870674376,0.005198
2011-01-06,-0.004831328293717153,-0.001959
2011-01-07,-0.0034801910941158407,-0.001962
2011-01-10,-0.0014759310491462604,-0.001258
2011-01-11,0.005781135927035247,0.003544
2011-01-12,0.0094682881489494,0.009025
2011-01-13,-0.0015897481469898873,-0.001633
2011-01-14,0.007789327275906798,0.007245
2011-01-18,0.0033289068664373485,0.001701
2011-01-19,-0.01593563370983284,-0.009805
2011-01-20,-0.0039666074922463474,-0.001326
2011-01-21,-0.0003014002501271822,0.002264
2011-01-24,0.00820799792669896,0.005687
2011-01-25,-0.0009281928555253888,0.000542
2011-01-26,0.008434570015488464,0.003871
2011-01-27,0.007320415535432759,0.002468
2011-01-28,-0.02459769333690428,-0.017463
2011-01-31,0.008490062553744578,0.007516
2011-02-01,0.018177133548340274,0.016009
2011-02-02,-0.000266653512203072,-0.00195
2011-02-03,0.005910882242547096,0.002261
2011-02-04,0.004860759477865698,0.002829
2011-02-07,0.010291535697097986,0.006252
2011-02-08,0.00427394940644296,0.004547
2011-02-09,-0.002039942884983691,-0.002271
2011-02-10,0.007248681312049075,0.000393
2011-02-11,0.00694255808022544,0.005963
2011-02-14,0.00011345299767432358,0.002404
2011-02-15,-0.004847762333241833,-0.003148
2011-02-16,0.009103514902240994,0.006315
2011-02-17,0.007394976924291701,0.002988
2011-02-18,0.000781975104443449,0.002086
2011-02-22,-0.02860547361345272,-0.02007
2011-02-23,-0.008037567224735278,-0.006144
2011-02-24,0.0026071171428724746,-0.000687
2011-02-25,0.017087345251655676,0.010693
2011-02-28,0.001063159586169763,0.006197
2011-03-01,-0.01834960892154016,-0.016673
2011-03-02,0.00496963325852532,0.002139
2011-03-03,0.018978214284389838,0.017224
2011-03-04,-0.008058621573991879,-0.007492
2011-03-07,-0.009895212516485452,-0.007851
2011-03-08,0.013647615669922626,0.00875
2011-03-09,-0.0014344495808301997,-0.001433
2011-03-10,-0.019487333045251607,-0.018525
2011-03-11,0.006387901057856447,0.006946
2011-03-14,-0.008120976995396276,-0.006038
2011-03-15,-0.0038910549572553606,-0.011457
2011-03-16,-0.014705662496629902,-0.018552
2011-03-17,0.008634541337711328,0.013275
2011-03-18,0.008836355211478991,0.003624
2011-03-21,0.017491097477199125,0.015498
2011-03-22,-0.006528527646634832,-0.003469
2011-03-23,0.004096032320770116,0.002862
2011-03-24,0.009145955782150326,0.009563
2011-03-25,0.0049630348506644805,0.003056
2011-03-28,-0.005366030606851053,-0.002437
2011-03-29,0.008194613640757225,0.006719
2011-03-30,0.010182481425275827,0.006901
2011-03-31,-0.004898632634813718,-0.001356
2011-04-01,0.0035607828410969605,0.004224
2011-04-04,0.003533900424627643,0.000826
2011-04-05,0.008502429472775436,-0.00015
2011-04-06,0.0016642914307994497,0.003152
2011-04-07,-0.000631647187098566,-0.002544
2011-04-08,-0.006009731245762108,-0.00345
2011-04-11,-0.004815996767245365,-0.003011
2011-04-12,-0.006873206409639469,-0.007474
2011-04-13,0.0017369306841124765,-7.6e-05
2011-04-14,0.0013816460283494775,0.000761
2011-04-15,0.0057835803645909425,0.003648
2011-04-18,-0.011469695501428033,-0.011209
2011-04-19,0.009469366843500244,0.005744
2011-04-20,0.014164851035597245,0.013632
2011-04-21,0.0035867426652367177,0.005109
2011-04-25,-0.0010309192838984143,-0.001046
2011-04-26,0.006772178554244695,0.008613
2011-04-27,0.0032760897661443036,0.006521
2011-04-28,0.0017427899972103078,0.003243
2011-04-29,0.0010808235625204099,0.002351
2011-05-02,-0.0027378901409252604,-0.001539
2011-05-03,-0.004646698425558781,-0.003597
2011-05-04,-0.005300376062460528,-0.006631
2011-05-05,-0.004393455943131197,-0.009048
2011-05-06,0.0037312351165675723,0.004416
2011-05-09,0.003958711575925245,0.003875
2011-05-10,0.01352439283846393,0.008536
2011-05-11,-0.010082089057762311,-0.010525
2011-05-12,0.005760482485078528,0.00476
2011-05-13,-0.006656700726286682,-0.007699
2011-05-16,-0.007804531163331622,-0.006341
2011-05-17,-0.0008747601782361309,-0.00015
2011-05-18,0.01036812782479187,0.008936
2011-05-19,0.0016738196474202017,0.002382
2011-05-20,-0.007872060047231722,-0.007945
2011-05-23,-0.012384276830245247,-0.011601
2011-05-24,-0.0033219591942190395,-0.000833
2011-05-25,0.0018121700299157052,0.003335
2011-05-26,0.005170642361588631,0.004608
2011-05-27,0.006607487633653617,0.003835
2011-05-31,0.007879487952105935,0.010411
2011-06-01,-0.023631829770978257,-0.022461
2011-06-02,-0.003190876373614721,-0.001062
2011-06-03,-0.013162975800335621,-0.009945
2011-06-06,-0.011120516065184655,-0.010543
2011-06-07,0.0017583042789832734,-0.000659
2011-06-08,-0.007778562866270571,-0.004187
2011-06-09,0.008301919210275118,0.007631
2011-06-10,-0.01263854312261664,-0.01391
2011-06-13,-0.0014342437809696802,0.000784
2011-06-14,0.015506769368568771,0.012686
2011-06-15,-0.014544402044269164,-0.017785
2011-06-16,-0.0009918685639939229,0.002204
2011-06-17,0.005308819573192486,0.002966
2011-06-20,0.005609812961896703,0.005116
2011-06-21,0.015529640626622527,0.013704
2011-06-22,-0.005679964044558655,-0.006025
2011-06-23,-0.0017454051386277456,-0.002868
2011-06-24,-0.009279113882956224,-0.011621
2011-06-27,0.005971449983817145,0.008911
2011-06-28,0.012976481295082384,0.013053
2011-06-29,0.006241250056327577,0.008564
2011-06-30,0.007650861354900871,0.009562
2011-07-01,0.017480006392079955,0.014776
2011-07-05,-0.00476674200534125,-0.000821
2011-07-06,0.0016356463035876096,0.001196
2011-07-07,0.013000997587708866,0.010376
2011-07-08,-0.010103989900180792,-0.007092
2011-07-11,-0.02333592438303992,-0.01808
2011-07-12,-0.004676884308829764,-0.004319
2011-07-13,0.0021860381927122675,0.003349
2011-07-14,-0.011919681292693926,-0.006902
2011-07-15,0.004177983138362753,0.005805
2011-07-18,-0.013357527007112284,-0.008201
2011-07-19,0.017907478598649187,0.016232
2011-07-20,0.0008453354990198645,-0.000603
2011-07-21,0.015969624854677504,0.013871
2011-07-22,0.00040812252336739615,0.000669
2011-07-25,-0.007525962857809406,-0.005573
2011-07-26,-0.004076096300716261,-0.003736
2011-07-27,-0.024167866263842225,-0.020476
2011-07-28,-0.006640388855527376,-0.00291
2011-07-29,-0.0046467601897667845,-0.006835
2011-08-01,-0.008993945941522405,-0.004253
2011-08-02,-0.03136402487364021,-0.025548
2011-08-03,0.005448822780919272,0.005419
2011-08-04,-0.05471427692177567,-0.046842
2011-08-05,-0.0069170360646340365,-0.001497
2011-08-08,-0.08039990262995178,-0.065123
2011-08-09,0.04917088000458116,0.046499
2011-08-10,-0.042944731325673474,-0.044178
2011-08-11,0.049961622804390704,0.044884
2011-08-12,0.004335897385053081,0.006733
2011-08-15,0.025643114449030346,0.021165
2011-08-16,-0.013020738316626939,-0.008539
2011-08-17,-0.003972064473914715,0.000669
2011-08-18,-0.05132971021405667,-0.043119
2011-08-19,-0.011461588396024196,-0.016331
2011-08-22,0.001419360951297217,0.000799
2011-08-23,0.035593572427492386,0.032911
2011-08-24,0.014252967914077081,0.014085
2011-08-25,-0.02052912100579373,-0.015244
2011-08-26,0.019922756174205282,0.014534
2011-08-29,0.03902093288498018,0.028736
2011-08-30,0.005719243532861282,0.002637
2011-08-31,0.004284890817164247,0.004438
2011-09-01,-0.017834577470775718,-0.010473
2011-09-02,-0.03119956506858334,-0.02555
2011-09-06,-0.009194089624441477,-0.007297
2011-09-07,0.03549392076583549,0.028208
2011-09-08,-0.016345356966422878,-0.010392
2011-09-09,-0.02609897563476222,-0.02621
2011-09-12,0.005278296803466732,0.00647
2011-09-13,0.014125052112926894,0.009171
2011-09-14,0.01809680864643749,0.013844
2011-09-15,0.01612407165169933,0.017257
2011-09-16,0.0026175345746317076,0.005896
2011-09-19,-0.013913683918859785,-0.009965
2011-09-20,-0.0061047745029310764,-0.001164
2011-09-21,-0.03242662276378315,-0.029458
2011-09-22,-0.030717648556841743,-0.032324
2011-09-23,0.011263561478831579,0.006025
2011-09-26,0.02849400080136975,0.02378
2011-09-27,0.011820714551375663,0.011184
2011-09-28,-0.027876847284711147,-0.020376
2011-09-29,0.010007495085265888,0.00786
2011-09-30,-0.028903911448032175,-0.024989
2011-10-03,-0.046820375988728784,-0.028458
2011-10-04,0.03677787154492524,0.021923
2011-10-05,0.02712806483937102,0.018515
2011-10-06,0.02721177474694651,0.018091
2011-10-07,-0.01603596002350531,-0.006696
2011-10-10,0.03811618403598213,0.033446
2011-10-11,0.005477205611852083,0.001003
2011-10-12,0.011766306960980652,0.008772
2011-10-13,-0.0031578087615994855,-0.001988
2011-10-14,0.01493644237277046,0.017094
2011-10-17,-0.027748931049648068,-0.019091
2011-10-18,0.034200535534492475,0.019546
2011-10-19,-0.019109127927337006,-0.011829
2011-10-20,0.008074421440470056,0.004376
2011-10-21,0.02698239917043075,0.018987
2011-10-24,0.027158653581370266,0.012261
2011-10-25,-0.032201055239909925,-0.019452
2011-10-26,0.015017270655282008,0.010167
2011-10-27,0.04627070045134879,0.034835
2011-10-28,0.005098425246483658,-0.000233
2011-10-31,-0.03254117878912582,-0.024106
2011-11-01,-0.03526471089804998,-0.027873
2011-11-02,0.021184852589813088,0.016295
2011-11-03,0.02445453320886827,0.018227
2011-11-04,-0.001447143158532731,-0.006091
2011-11-07,0.004194794283862617,0.006208
2011-11-08,0.014436998217399709,0.012831
2011-11-09,-0.0485497822349102,-0.036902
2011-11-10,0.009726844229330421,0.00941
2011-11-11,0.026361177805831335,0.018822
2011-11-14,-0.012156887372123747,-0.009474
2011-11-15,0.004685270832561407,0.004966
2011-11-16,-0.017029055209238576,-0.015886
2011-11-17,-0.023326653006704636,-0.015917
2011-11-18,0.0010601748877672392,-0.001032
2011-11-21,-0.020861288084053974,-0.019003
2011-11-22,-0.010360975378738568,-0.003936
2011-11-23,-0.029750486042870946,-0.022066
2011-11-25,-0.0035191430535823445,-0.001887
2011-11-28,0.03441496629543245,0.028967
2011-11-29,0.0033370646154783426,0.00284
2011-11-30,0.050383501592689436,0.04115
2011-12-01,-0.004873570327654082,-0.00016
2011-12-02,0.000419649976515984,-0.00088
2011-12-05,0.01761906863418721,0.010892
2011-12-06,-0.000615428259532748,0.000317
2011-12-07,-0.00021151042794428853,0.003722
2011-12-08,-0.027888890523170055,-0.021937
2011-12-09,0.02409949556193701,0.016942
2011-12-12,-0.017177066539026325,-0.014597
2011-12-13,-0.018062044485561864,-0.009339
2011-12-14,-0.01752950205942461,-0.010646
2011-12-15,0.007814932651402302,0.003655
2011-12-16,0.004545050896816182,0.001433
2011-12-19,-0.017499779829228183,-0.010692
2011-12-20,0.03782889079677129,0.03026
2011-12-21,0.005023639619514207,0.001937
2011-12-22,0.01592914618374113,0.008859
2011-12-23,0.008316921104225397,0.008941
2011-12-27,-0.0023975141486464683,0.000791
2011-12-28,-0.016110331891886983,-0.013124
2011-12-29,0.014829926212482506,0.010334
2011-12-30,-0.0022944438029292346,-0.004916
2012-01-03,0.01867578971778897,0.015896
2012-01-04,0.0008638691767635182,0.001608
2012-01-05,0.00443629475518168,0.002662
2012-01-06,-0.0011609911836305562,-0.002577
2012-01-09,0.003994965345910666,0.002427
2012-01-10,0.0148233289325495,0.008671
2012-01-11,0.00615899760977364,0.000542
2012-01-12,0.00599131184205172,0.002399
2012-01-13,-0.01119628146830915,-0.005173
2012-01-17,0.0010484202253460302,0.003881
2012-01-18,0.018463245535418886,0.011056
2012-01-19,0.00911997549901708,0.005276
2012-01-20,-0.0008752917452532863,0.000608
2012-01-23,0.00031252468639425535,0.000532
2012-01-24,0.003161774493091085,-0.00114
2012-01-25,0.01157640776148191,0.008367
2012-01-26,-0.009681197873659583,-0.00513
2012-01-27,0.003041939082807828,-0.000455
2012-01-30,-0.008565599571872992,-0.003414
2012-01-31,-0.005283805748984061,-0.000381
2012-02-01,0.0211872645874379,0.008757
2012-02-02,0.0017650037396680022,0.001585
2012-02-03,0.021910008935204436,0.014019
2012-02-06,-0.0020987646332204886,-0.000669
2012-02-07,0.0013957222967968458,0.002529
2012-02-08,0.0036713278092551783,0.002968
2012-02-09,0.004500169993792917,0.001257
2012-02-10,-0.011779232870203509,-0.00738
2012-02-13,0.007359061617355474,0.007435
2012-02-14,-0.003351588754684647,-0.001256
2012-02-15,0.006122672221196522,-0.00466
2012-02-16,0.013159917957654518,0.011066
2012-02-17,0.003302904950067276,0.002654
2012-02-21,-0.005210012168172361,0.00044
2012-02-22,-0.006690597970280282,-0.00321
2012-02-23,0.00846573945798009,0.004403
2012-02-24,-0.0005127331299924567,0.002188
2012-02-27,0.0003347676489304269,0.00168
2012-02-28,0.00036109377590612965,0.002909
2012-02-29,-0.0070881083770981445,-0.003918
2012-03-01,0.006915143817515673,0.005182
2012-03-02,-0.008744532272704976,-0.003035
2012-03-05,-0.0068267547054690104,-0.004093
2012-03-06,-0.01971780722816493,-0.014625
2012-03-07,0.00879402517668919,0.006976
2012-03-08,0.016464006179405806,0.009949
2012-03-09,0.010555588945573527,0.003868
2012-03-12,-0.0029988647237352162,7.3e-05
2012-03-13,0.022812529150811705,0.01804
2012-03-14,-0.0009686416425797266,-0.001085
2012-03-15,0.018115324083263024,0.005789
2012-03-16,0.0001262506039228374,0.001378
2012-03-19,0.009120756530298545,0.00392
2012-03-20,-0.00921564636905446,-0.002911
2012-03-21,0.00031316269428060633,-0.001638
2012-03-22,-0.010860538401011817,-0.007204
2012-03-23,0.006382853838820055,0.003233
2012-03-26,0.01211268646420478,0.014035
2012-03-27,-0.0033547993762790235,-0.003107
2012-03-28,-0.010557719089060946,-0.004959
2012-03-29,-0.003406005501686934,-0.001709
2012-03-30,0.00022446276455691643,0.004136
2012-04-02,0.006974900356807024,0.007315
2012-04-03,-0.005189891229766397,-0.004089
2012-04-04,-0.011805631090343913,-0.009911
2012-04-05,-0.00857925179049916,-0.000501
2012-04-09,-0.015699906830155458,-0.011231
2012-04-10,-0.02033961612415448,-0.016785
2012-04-11,0.0130700854778882,0.008094
2012-04-12,0.018613645389766377,0.013066
2012-04-13,-0.013427898100032792,-0.011888
2012-04-16,-4.8861146847518295e-05,-0.000656
2012-04-17,0.015622997067576935,0.014827
2012-04-18,-0.006700935398662911,-0.003394
2012-04-19,-0.004710498416244482,-0.006421
2012-04-20,0.0009640894501378865,0.00167
2012-04-23,-0.00992597904904396,-0.008409
2012-04-24,0.0010967652461809285,0.003801
2012-04-25,0.013714145996689978,0.013692
2012-04-26,0.006945585674418547,0.006969
2012-04-27,0.004011946011178583,0.001641
2012-04-30,-0.0031680438140182132,-0.003704
2012-05-01,0.005888515165114111,0.00622
2012-05-02,-0.004641209410929473,-0.002949
2012-05-03,-0.010468080930220763,-0.007661
2012-05-04,-0.016965046617848378,-0.016158
2012-05-07,-0.001663255226212255,0.00073
2012-05-08,-0.004973929903429357,-0.004012
2012-05-09,-0.01095010863259106,-0.005932
2012-05-10,0.0003565709207977642,0.002063
2012-05-11,-0.0019952851602013455,-0.003014
2012-05-14,-0.011336261670409227,-0.011061
2012-05-15,-0.010469500091836796,-0.005742
2012-05-16,-0.007628914889561437,-0.003832
2012-05-17,-0.021886020757701987,-0.014824
2012-05-18,-0.010293226482700563,-0.008559
2012-05-21,0.020117429447797434,0.017188
2012-05-22,-0.000618846175741063,0.001743
2012-05-23,0.00872397308088852,0.00053
2012-05-24,0.0017114518874428856,0.001966
2012-05-25,0.004023671112940812,-0.003244
2012-05-29,0.012214740677419473,0.012112
2012-05-30,-0.019959228702638596,-0.01451
2012-05-31,-0.002035846077590656,-0.002201
2012-06-01,-0.0301764784454322,-0.025177
2012-06-04,-0.004178016046419439,-0.000468
2012-06-05,0.012439252773726575,0.007572
2012-06-06,0.02495340872278736,0.022468
2012-06-07,-0.003899273655521076,0.000606
2012-06-08,0.009537931906276682,0.007952
2012-06-11,-0.03680909207033736,-0.01266
2012-06-12,0.014773486859107622,0.011452
2012-06-13,-0.010753183186902094,-0.006395
2012-06-14,0.01125673986967844,0.0106
2012-06-15,0.010952403502827932,0.010177
2012-06-18,0.004121586179917719,0.001938
2012-06-19,0.01223949349457609,0.009673
2012-06-20,-4.070465998629411e-05,-0.001621
2012-06-21,-0.02705513048558351,-0.022439
2012-06-22,0.008150128708062657,0.007702
2012-06-25,-0.01416779289235807,-0.016035
2012-06-26,0.006116884667217032,0.005026
2012-06-27,0.011748786273235947,0.009039
2012-06-28,0.0011815794798798406,-0.002876
2012-06-29,0.03441846012640592,0.024964
2012-07-02,0.0056133903661743255,0.002976
2012-07-03,0.013165334677387036,0.006608
2012-07-05,-0.008289920586883758,-0.004527
2012-07-06,-0.013969615066958313,-0.009504
2012-07-09,-0.00976281487075334,-0.001255
2012-07-10,-0.013354556593830513,-0.00872
2012-07-11,0.00678584207615368,0.000149
2012-07-12,-0.01761069001880381,-0.004845
2012-07-13,0.012887097529477953,0.016778
2012-07-16,-0.003406868147356566,-0.002357
2012-07-17,0.012008354338326777,0.006867
2012-07-18,0.008657378414745363,0.007407
2012-07-19,0.0030139571557521996,0.002621
2012-07-20,-0.013524445524844997,-0.009148
2012-07-23,-0.013576294541123841,-0.010112
2012-07-24,-0.011042027024123092,-0.008624
2012-07-25,-0.00182733303826228,0.000261
2012-07-26,0.00813797788781601,0.016497
2012-07-27,0.025126590642249452,0.018396
2012-07-30,-0.004048837852432565,3.6e-05
2012-07-31,0.002576838912802739,-0.006994
2012-08-01,-0.004966909458281016,-0.000871
2012-08-02,-0.011517597549084966,-0.006905
2012-08-03,0.023785431369587093,0.019826
2012-08-06,0.004598804899273005,0.001945
2012-08-07,0.011460340303348672,0.005014
2012-08-08,0.006538980901207869,0.001212
2012-08-09,0.015336495539221031,0.000854
2012-08-10,0.01867302988059377,0.001636
2012-08-13,0.0012115766821105276,-0.000497
2012-08-14,-0.0008215585766925296,0.000142
2012-08-15,0.015152048476767287,0.001136
2012-08-16,0.01926701441371452,0.007379
2012-08-17,0.004005868621292996,0.001338
2012-08-20,0.0025623081010859618,7e-05
2012-08-21,-0.008770836533249834,-0.003024
2012-08-22,0.00182965705130185,0.000423
2012-08-23,-0.005991411334174213,-0.008144
2012-08-24,0.002321974808565779,0.006007
2012-08-27,-0.0016088777756922614,0.000212
2012-08-28,0.0019398720897867779,-0.000989
2012-08-29,0.0004194855945513186,0.000778
2012-08-30,-0.013432071975863118,-0.007208
2012-08-31,0.005393930044486371,0.004769
2012-09-04,0.004680727097667756,-0.000921
2012-09-05,-0.006728817005221133,-0.000851
2012-09-06,0.023867309970142282,0.020297
2012-09-07,0.012518910682693004,0.003895
2012-09-10,0.002148786098402595,-0.005681
2012-09-11,0.0023981697056873696,0.002787
2012-09-12,0.00677086463415828,0.003335
2012-09-13,0.015442447751452421,0.015237
2012-09-14,0.01930118274641408,0.004434
2012-09-17,-0.010008050101839272,-0.003396
2012-09-18,-0.00532911187554998,-0.000818
2012-09-19,0.0057898428076967835,0.000546
2012-09-20,-0.006137895153670289,6.8e-05
2012-09-21,-2.6423860142099782e-05,-0.000413
2012-09-24,-0.006888335969885535,-0.001542
2012-09-25,-0.021307683544882137,-0.010608
2012-09-26,-0.0068020799690169725,-0.005586
2012-09-27,0.0161395827990983,0.009386
2012-09-28,-0.00875446004563824,-0.004632
2012-10-01,0.0027833454608992758,0.002605
2012-10-02,0.0011600258351478253,0.001074
2012-10-03,0.0017068520361573668,0.004083
2012-10-04,0.010822411364800926,0.007134
2012-10-05,0.002562544729387644,0.000103
2012-10-08,-0.0018239890993122622,-0.003408
2012-10-09,-0.010466154245925481,-0.009901
2012-10-10,-0.006816059929199072,-0.00638
2012-10-11,0.00867771598252757,0.000558
2012-10-12,-0.006458278586929232,-0.003278
2012-10-15,0.0071348401695365635,0.008328
2012-10-16,0.018535523911267147,0.010133
2012-10-17,0.007664630201412854,0.004535
2012-10-18,-0.0008249028448692087,-0.002599
2012-10-19,-0.019733082313221982,-0.016667
2012-10-22,0.0016548517759469143,0.000142
2012-10-23,-0.010793747350207763,-0.013876
2012-10-24,-0.009328142533015175,-0.002828
2012-10-25,0.006025740409984414,0.002907
2012-10-26,-0.0019806749437217097,-0.000566
2012-10-31,0.0040857880542243255,0.0
2012-11-01,0.015197206265843711,0.01047
2012-11-02,-0.00996226819225099,-0.008892
2012-11-05,0.0023684228141087177,0.002039
2012-11-06,0.011154633340868188,0.007835
2012-11-07,-0.024746989008548236,-0.022664
2012-11-08,-0.0008086777180059706,-0.012024
2012-11-09,0.005188593118227966,0.000869
2012-11-12,0.005720134751139478,0.00076
2012-11-13,-0.0013661649530577586,-0.003435
2012-11-14,-0.02182127780092039,-0.0135
2012-11-15,-0.003853222842858084,-0.001691
2012-11-16,0.0025884616071232217,0.004937
2012-11-19,0.019054955349825334,0.020239
2012-11-20,-0.0015099533625836515,0.000431
2012-11-21,0.006063987197474967,0.001868
2012-11-23,0.012585336434139989,0.013625
2012-11-26,-0.00029700609550129345,-0.002122
2012-11-27,0.00028799169716760346,-0.005105
2012-11-28,0.008023430476893674,0.008052
2012-11-29,0.00966509353459838,0.004666
2012-11-30,-0.00346312114188995,0.000246
2012-12-03,-0.004061783681049539,-0.004959
2012-12-04,0.00408066742086998,-0.001414
2012-12-05,0.0003876424995144202,0.00177
2012-12-06,0.0015896848647496237,0.003392
2012-12-07,0.0023775930093708096,0.003064
2012-12-10,0.004131596732013506,0.000407
2012-12-11,0.005452802415976294,0.006787
2012-12-12,9.079116071957233e-05,0.000488
2012-12-13,-0.005347973403469013,-0.006132
2012-12-14,0.0007561243964904725,-0.00368
2012-12-17,0.009051311779619169,0.011716
2012-12-18,0.015165514711505007,0.011129
2012-12-19,-0.004094702166261317,-0.007429
2012-12-20,0.005077361972842791,0.005752
2012-12-21,-0.010786050525206191,-0.009014
2012-12-24,-0.00235328104869832,-0.003081
2012-12-26,-0.006724063285566818,-0.004215
2012-12-27,0.00019327937450271636,-0.001329
2012-12-28,-0.009364238375756602,-0.010819
2012-12-31,0.01946943606165266,0.016996
2013-01-02,0.0259038427377989,0.02563
2013-01-03,0.006595474032976871,-0.002231
2013-01-04,0.008121392907105444,0.004363
2013-01-07,0.0022057372826562336,-0.002736
2013-01-08,-0.007009835410018678,-0.002877
2013-01-09,0.003682578441013608,0.002545
2013-01-10,0.007034862100773326,0.00795
2013-01-11,0.0018998699080560238,-6.8e-05
2013-01-14,-0.0013952168368463185,-0.00068
2013-01-15,0.006728224883671349,0.00068
2013-01-16,0.00019140614740686656,-0.000136
2013-01-17,0.010694008953144787,0.00646
2013-01-18,0.0025107747827869914,0.00223
2013-01-22,0.006092855261992986,0.005393
2013-01-23,0.0004697045497710116,0.001609
2013-01-24,0.003158128982937279,0.000268
2013-01-25,0.007493239519083419,0.005622
2013-01-28,-0.0023112647312567955,-0.001198
2013-01-29,0.0017044537191301262,0.003931
2013-01-30,-0.0033936279421938245,-0.003916
2013-01-31,-0.0011005759449495144,-0.002466
2013-02-01,0.008131725104461767,0.010287
2013-02-04,-0.010124840563066603,-0.011274
2013-02-05,0.010025883101883203,0.010131
2013-02-06,0.0027090166006047333,0.000728
2013-02-07,-0.0030446848917045134,-0.001323
2013-02-08,0.004735680435324974,0.005564
2013-02-11,6.263135880116478e-05,-0.000198
2013-02-12,0.004658935843612203,0.001647
2013-02-13,0.0005197197751507355,0.000862
2013-02-14,0.009045669775971345,0.000914
2013-02-15,-0.0010281973200909809,-0.001182
2013-02-19,0.007377354953072564,0.007495
2013-02-20,-0.017374403832646296,-0.012463
2013-02-21,-0.007078714016340063,-0.006079
2013-02-22,0.00915145871461508,0.009773
2013-02-25,-0.019156624681854494,-0.019027
2013-02-26,0.0038224284916829224,0.006846
2013-02-27,0.0128274197159803,0.012598
2013-02-28,-0.0013815395534131276,-0.001975
2013-03-01,0.0012549507866931645,0.003298
2013-03-04,0.003209515786288316,0.005325
2013-03-05,0.010227793437986375,0.008959
2013-03-06,0.002844650528126279,0.001361
2013-03-07,0.004568978718844143,0.001786
2013-03-08,0.007141811935790676,0.00429
2013-03-11,0.0032902857331296195,0.003796
2013-03-12,-0.00048653020066496185,-0.002243
2013-03-13,0.004817260200705683,0.001445
2013-03-14,0.007774411470482858,0.005292
2013-03-15,-0.00360601890424896,-0.001316
2013-03-18,-0.0033070921846626456,-0.005519
2013-03-19,-0.004263681408939981,-0.002323
2013-03-20,0.0089087154602085,0.006985
2013-03-21,-0.009654425494550792,-0.008549
2013-03-22,0.0030243946944616936,0.00804
2013-03-25,-0.002729614244803937,-0.004177
2013-03-26,0.007159002259485808,0.008003
2013-03-27,-0.0009520053375978592,0.0
2013-03-28,0.004909734967065173,0.003073
2013-04-01,-0.009385169009091135,-0.003957
2013-04-02,-0.0021585929383416864,0.004934
2013-04-03,-0.011806066025566888,-0.010139
2013-04-04,0.006260965854864938,0.004059
2013-04-05,0.0037082324879565962,-0.004504
2013-04-08,0.010082367294804143,0.00678
2013-04-09,0.006197708455227047,0.003457
2013-04-10,0.011199295553529765,0.012249
2013-04-11,0.004912761680989696,0.003277
2013-04-12,-0.005082808930263243,-0.00245
2013-04-15,-0.028183752938374922,-0.023186
2013-04-16,0.014369281276720632,0.014776
2013-04-17,-0.01532606623170099,-0.014612
2013-04-18,-0.004404104336961928,-0.006254
2013-04-19,0.00881062511963998,0.008693
2013-04-22,0.003230554001462666,0.004438
2013-04-23,0.009834384211068798,0.010309
2013-04-24,0.0056067976112353386,0.000634
2013-04-25,0.008914460002308364,0.004054
2013-04-26,-0.004578230051378713,-0.001766
2013-04-29,0.006470484129395404,0.006699
2013-04-30,0.003490277195373865,0.002385
2013-05-01,-0.008247987982628659,-0.008768
2013-05-02,0.010296550914587003,0.009287
2013-05-03,0.014015676654394843,0.010128
2013-05-06,0.002658750349597088,0.002553
2013-05-07,0.004759616807469635,0.005068
2013-05-08,0.008590834660481201,0.004552
2013-05-09,-0.002543423429610539,-0.00281
2013-05-10,0.009381079264832599,0.003248
2013-05-13,-0.0013448646948487158,0.000795
2013-05-14,0.013283809771155635,0.010334
2013-05-15,0.006328724029772716,0.005356
2013-05-16,-0.008069378579949368,-0.004666
2013-05-17,0.01331396929405579,0.009677
2013-05-20,0.002249091089471267,-6e-05
2013-05-21,0.001503042038713026,0.001438
2013-05-22,-0.013536509722666791,-0.007418
2013-05-23,-0.0003437786503582222,-0.002893
2013-05-24,-0.003000290209747015,-0.000858
2013-05-28,0.006833189965057503,0.006001
2013-05-29,-0.00670696860551494,-0.006494
2013-05-30,0.0067924732698389015,0.003692
2013-05-31,-0.012716051633343228,-0.014382
2013-06-03,0.00019327743390551552,0.005537
2013-06-04,-0.0039994579429506434,-0.004807
2013-06-05,-0.01341701113746732,-0.013989
2013-06-06,0.008244142916378755,0.009041
2013-06-07,0.012991667599408785,0.012721
2013-06-10,0.0012900542865879794,0.0
2013-06-11,-0.01203044031837566,-0.010328
2013-06-12,-0.011291756104957166,-0.008265
2013-06-13,0.016770731205990215,0.015209
2013-06-14,-0.005629316969493194,-0.006303
2013-06-17,0.00845074210340459,0.007752
2013-06-18,0.007349914201032192,0.007875
2013-06-19,-0.01236694278885511,-0.013787
2013-06-20,-0.024014828138875777,-0.024778
2013-06-21,0.0010023130478230575,0.003194
2013-06-24,-0.011746796443935231,-0.012636
2013-06-25,0.012801070200047142,0.009646
2013-06-26,0.006799060243600618,0.009869
2013-06-27,0.00991468669718169,0.00587
2013-06-28,-0.001425030120184147,-0.004097
2013-07-01,0.008373421044268966,0.00586
2013-07-02,-0.002366916967614962,-0.00093
2013-07-03,-0.002298676925301568,0.000434
2013-07-05,0.011158902727004861,0.010789
2013-07-08,0.004297885407050473,0.005674
2013-07-09,0.008679787107648673,0.007228
2013-07-10,0.0029679591387406835,0.000375
2013-07-11,0.015580390005660692,0.013608
2013-07-12,0.0019787868978203933,0.000418
2013-07-15,0.002110357517278865,0.003851
2013-07-16,-0.004410627244275315,-0.003747
2013-07-17,0.001837704801198136,0.002538
2013-07-18,0.008525048363300728,0.005477
2013-07-19,-0.0007530219577690294,0.001777
2013-07-22,0.0022965445016363685,0.001951
2013-07-23,-0.0017576584224028838,-0.002124
2013-07-24,-0.00722647740333691,-0.003666
2013-07-25,0.0059430799567157765,0.002433
2013-07-26,0.0005008126673680562,0.001066
2013-07-29,-0.002675110452418654,-0.003075
2013-07-30,0.004476883215557587,-1.2e-05
2013-07-31,0.002502773982425174,0.000724
2013-08-01,0.01719003285430037,0.011558
2013-08-02,0.002690813923580377,0.001699
2013-08-05,-0.0005734209430942575,-0.001462
2013-08-06,-0.007101409986893161,-0.005682
2013-08-07,-0.0069310019306893424,-0.00324
2013-08-08,0.007722376838373357,0.003665
2013-08-09,0.0010763361390787604,-0.002886
2013-08-12,0.0004372380838279974,-0.001175
2013-08-13,0.0011264955067257314,0.002951
2013-08-14,-0.00479514053030739,-0.005129
2013-08-15,-0.01512544798774499,-0.013986
2013-08-16,-0.0033631567829274754,-0.003306
2013-08-19,-0.009908767353485289,-0.006392
2013-08-20,0.00964103700174618,0.004916
2013-08-21,-0.009102189835812943,-0.00616
2013-08-22,0.01131797072718066,0.009115
2013-08-23,0.0025226235193337126,0.003372
2013-08-26,-0.003455377309005811,-0.003721
2013-08-27,-0.020408318846838473,-0.016084
2013-08-28,0.001449343026396847,0.003551
2013-08-29,0.003320385624156748,0.001586
2013-08-30,-0.006312426985971934,-0.003167
2013-09-03,0.00491241239194821,0.004522
2013-09-04,0.010834091920768294,0.008273
2013-09-05,0.004257108825033121,0.001267
2013-09-06,0.0011736351619927121,0.000482
2013-09-09,0.015254736739847941,0.0096
2013-09-10,0.009124359684412029,0.007373
2013-09-11,0.003420011432957791,0.003139
2013-09-12,-0.005658915572622379,-0.002656
2013-09-13,0.0029202132115664055,0.002249
2013-09-16,0.0067163261715014475,0.005787
2013-09-17,0.00534415866596768,0.004463
2013-09-18,0.011159499760084743,0.01158
2013-09-19,-0.0021822087669040304,-0.001682
2013-09-20,-0.009918619959341618,-0.006958
2013-09-23,-0.005382511706893384,-0.004628
2013-09-24,0.0018303981222385472,-0.002354
2013-09-25,-0.0022661519056095714,-0.00289
2013-09-26,0.0016311306749282205,0.003845
2013-09-27,-0.006331256055293035,-0.004603
2013-09-30,-0.0031852106467593617,-0.005322
2013-10-01,0.008788409906890213,0.007916
2013-10-02,0.0005608517164746261,-0.000945
2013-10-03,-0.00823567361163768,-0.009221
2013-10-04,0.008254271166278736,0.007577
2013-10-07,-0.010226449927257316,-0.008645
2013-10-08,-0.013167661400345738,-0.011647
2013-10-09,0.0006473051811453518,0.000725
2013-10-10,0.02093639184035874,0.021558
2013-10-11,0.007600195800228548,0.006443
2013-10-14,0.0030936718464269096,0.003994
2013-10-15,-0.009797036288778,-0.007254
2013-10-16,0.012804021613220236,0.013966
2013-10-17,0.008999421658423844,0.006683
2013-10-18,0.005673794677020186,0.006743
2013-10-21,-0.0011200553696526965,6.9e-05
2013-10-22,0.006769024090907093,0.005791
2013-10-23,-0.005358721561987494,-0.004789
2013-10-24,0.003806715983107914,0.003322
2013-10-25,0.005455544878953082,0.004568
2013-10-28,0.001041047889471488,0.001591
2013-10-29,0.008375671064882212,0.005334
2013-10-30,-0.006557496199111373,-0.004967
2013-10-31,-0.0005906673777280888,-0.002836
2013-11-01,0.004989240376158157,0.002389
2013-11-04,0.007612338210069628,0.003519
2013-11-05,-0.004116718738748536,-0.003167
2013-11-06,-0.0005967021146676792,0.005106
2013-11-07,-0.016329504372207905,-0.012643
2013-11-08,0.013853867093557296,0.013491
2013-11-11,0.002415489363555916,0.000169
2013-11-12,-0.0025560876557221717,-0.00203
2013-11-13,0.010319590851816328,0.008024
2013-11-14,0.004589014525242491,0.004989
2013-11-15,0.004837965412583652,0.004351
2013-11-18,-0.006369098199803321,-0.003499
2013-11-19,-0.0047361814932062795,-0.002174
2013-11-20,-0.0023371072900979575,-0.003128
2013-11-21,0.008192526036933823,0.008069
2013-11-22,0.002845860764132356,0.005002
2013-11-25,-0.002475632985401811,-0.000995
2013-11-26,0.001214520802057082,0.000277
2013-11-27,0.0037080142017997504,0.002435
2013-11-29,-0.0010933853523411275,-0.000663
2013-12-02,-0.0027904197310179538,-0.002597
2013-12-03,-0.0020665071896606496,-0.004321
2013-12-04,-0.0008243577132734911,-0.000111
2013-12-05,-0.006196785827059005,-0.004395
2013-12-06,0.00906590178456018,0.011177
2013-12-09,0.0008053279481654399,0.002542
2013-12-10,-0.0014683810067798427,-0.003583
2013-12-11,-0.013580658792051828,-0.011231
2013-12-12,-0.0023256458736788457,-0.003301
2013-12-13,0.001460397795247248,-0.000112
2013-12-16,0.009231523831741934,0.00621
2013-12-17,-0.0008145494789381231,-0.003158
2013-12-18,0.012031032037213077,0.017073
2013-12-19,0.00025347617843409165,-0.001156
2013-12-20,0.006623585392174365,0.005787
2013-12-23,0.00773987724172695,0.005343
2013-12-24,0.0042165689447170316,0.002191
2013-12-26,0.0030232243587890676,0.005057
2013-12-27,0.0011593280969757246,-5.4e-05
2013-12-30,0.0010337651227141516,-0.000136
2013-12-31,0.002868912901616063,0.004733
2014-01-02,-0.01007712981801089,-0.009584
2014-01-03,0.0005837216693488404,-0.000191
2014-01-06,-0.00542681315757687,-0.002871
2014-01-07,0.007233557029967472,0.006142
2014-01-08,0.002470762589092322,0.000218
2014-01-09,0.0007767114078543102,0.000654
2014-01-10,0.005093689566051165,0.002723
2014-01-13,-0.014302723034301489,-0.013332
2014-01-14,0.01084763842213839,0.010926
2014-01-15,0.003462086552443046,0.00539
2014-01-16,-0.0007769176940705972,-0.0013
2014-01-17,-0.004024096316121081,-0.004257
2014-01-21,0.002376133292782745,0.002968
2014-01-22,0.0026207725964513774,0.000652
2014-01-23,-0.009642954192769159,-0.008193
2014-01-24,-0.023860912714256236,-0.021336
2014-01-27,-0.0036457942844701557,-0.004919
2014-01-28,0.00945186371280725,0.005955
2014-01-29,-0.008608104980283143,-0.009605
2014-01-30,0.011711135762326,0.0106
2014-01-31,-0.006441971531904639,-0.005858
2014-02-03,-0.025667388610436083,-0.022505
2014-02-04,0.008929458397375504,0.006976
2014-02-05,-0.0026993952524818295,-0.001226
2014-02-06,0.015548506996798727,0.013187
2014-02-07,0.010474860535952762,0.012396
2014-02-10,0.0022017464799838674,0.001837
2014-02-11,0.009764763740556773,0.010944
2014-02-12,0.002341569853496687,0.000495
2014-02-13,0.007296627962002586,0.005163
2014-02-14,0.005110066675373463,0.005519
2014-02-18,0.004323793233044774,0.001196
2014-02-19,-0.005566302095659115,-0.006622
2014-02-20,0.007532889329360411,0.005901
2014-02-21,0.0005396513232135908,-0.001141
2014-02-24,0.005890627871741948,0.005547
2014-02-25,-0.0011484606795600356,-0.000379
2014-02-26,0.0016467295893975028,5.4e-05
2014-02-27,0.0040740908594455475,0.005248
2014-02-28,0.002853024006701544,0.002529
2014-03-03,-0.007168182613796804,-0.007032
2014-03-04,0.014647466544577003,0.014056
2014-03-05,-0.000703401267453245,0.000906
2014-03-06,0.0030207172980317816,0.00229
2014-03-07,0.000703363569287788,0.000425
2014-03-10,-0.003251663695666226,-0.000531
2014-03-11,-0.005941250013935228,-0.004943
2014-03-12,0.0008234354797513527,0.000267
2014-03-13,-0.010946532559210766,-0.011213
2014-03-14,0.0014421339963127525,-0.002808
2014-03-17,0.007585038984788314,0.009044
2014-03-18,0.008092091830416091,0.007138
2014-03-19,-0.004204562212119371,-0.005329
2014-03-20,0.00400931584528493,0.005823
2014-03-21,-0.00014218679042626988,-0.003848
2014-03-24,-0.006452605582763385,-0.004135
2014-03-25,0.0012412013733562003,0.004746
2014-03-26,-0.007970570603724421,-0.007192
2014-03-27,-0.001325710872264605,-0.002108
2014-03-28,0.007244203965357091,0.00493
2014-03-31,0.009966492801848158,0.008194
2014-04-01,0.008782426445008333,0.006631
2014-04-02,0.0049141980706325465,0.003347
2014-04-03,-0.001044988448196739,-0.001324
2014-04-04,-0.010572999890193828,-0.011822
2014-04-07,-0.014905164062411231,-0.011052
2014-04-08,0.006718951194212128,0.004123
2014-04-09,0.009102685150593821,0.010751
2014-04-10,-0.020665957025337696,-0.021033
2014-04-11,-0.012839101635596747,-0.008981
2014-04-14,0.008354024086721458,0.007879
2014-04-15,0.005238690003024793,0.006887
2014-04-16,0.009939372560293884,0.010451
2014-04-17,0.002096970816107825,0.001424
2014-04-21,0.0012300590059543591,0.003487
2014-04-22,0.005373855772086915,0.004545
2014-04-23,-0.0018616606000611032,-0.002342
2014-04-24,0.0016004408714047438,0.002027
2014-04-25,-0.009923911864806926,-0.008199
2014-04-28,-0.0009548693142323621,0.00314
2014-04-29,0.003447293585162588,0.004682
2014-04-30,0.007398974130963984,0.002983
2014-05-01,-0.0004765481456955616,8e-05
2014-05-02,0.00019564838188207735,-0.001407
2014-05-05,-0.00024100585193333359,0.001914
2014-05-06,-0.007727094541419915,-0.008704
2014-05-07,0.005116717496153084,0.005889
2014-05-08,-0.0013043907093224264,-0.001091
2014-05-09,0.0008652581976141958,0.001519
2014-05-12,0.012289194955764405,0.00971
2014-05-13,-0.00022509723612624562,0.000922
2014-05-14,-0.0071678024650129865,-0.004738
2014-05-15,-0.008459634295404984,-0.00878
2014-05-16,0.004156862327190409,0.003469
2014-05-19,0.004376805478247935,0.003669
2014-05-20,-0.010061525949198877,-0.006305
2014-05-21,0.006377274314016651,0.008424
2014-05-22,0.0033664941640440347,0.002432
2014-05-23,0.005202570442627748,0.004009
2014-05-27,0.005376679550346377,0.006147
2014-05-28,-0.00012766365714859766,-0.000731
2014-05-29,0.005284921398217919,0.005173
2014-05-30,-0.00011737334132704374,0.001611
2014-06-02,0.0014472257444096965,0.001116
2014-06-03,-0.0005668780954194662,-0.000493
2014-06-04,0.0029390801205198113,0.002023
2014-06-05,0.007055467163657039,0.006522
2014-06-06,0.00621321283443462,0.004757
2014-06-09,0.0028676642017811116,0.001049
2014-06-10,-0.0019657397837471217,0.000102
2014-06-11,-0.0038318513920690095,-0.003477
2014-06-12,-0.006298172848518778,-0.00708
2014-06-13,0.00425552007661788,0.003049
2014-06-16,0.0021841394296898877,0.000824
2014-06-17,0.005518701160832337,0.002779
2014-06-18,0.008117027252563226,0.007314
2014-06-19,0.001101396240936557,0.001146
2014-06-20,0.0031493502153218853,0.002019
2014-06-23,0.00017259168359782883,-0.000306
2014-06-24,-0.006720954627008416,-0.006024
2014-06-25,0.0048713653878083045,0.00452
2014-06-26,0.0012869788567999752,-0.000716
2014-06-27,0.002408153255582134,0.001944
2014-06-30,0.001704763835497744,-0.000511
2014-07-01,0.004788870599224186,0.006693
2014-07-02,-0.000545779473204609,0.001015
2014-07-03,0.006771782948015523,0.004918
2014-07-07,-0.006525466614955164,-0.003481
2014-07-08,-0.006197569990383373,-0.00643
2014-07-09,0.004071808735471599,0.004484
2014-07-10,-0.005733965952044901,-0.003957
2014-07-11,-2.4788369925078316e-05,0.001375
2014-07-14,0.001729543012166468,0.005035
2014-07-15,-0.0031879363983811104,-0.001873
2014-07-16,0.003973252141979597,0.003701
2014-07-17,-0.01201875305086631,-0.011366
2014-07-18,0.010807312325602364,0.010219
2014-07-21,-0.003051937956635362,-0.001871
2014-07-22,0.0042701327052470355,0.004358
2014-07-23,-0.00041455707865120997,0.00222
2014-07-24,0.0028245852327587733,5e-05
2014-07-25,-0.003531303084268722,-0.004682
2014-07-28,0.00017488190020360756,0.000405
2014-07-29,-0.003694869165484267,-0.004297
2014-07-30,0.0011840621170040174,0.000152
2014-07-31,-0.017939813444887275,-0.019748
2014-08-01,-0.0019674985404855997,-0.003056
2014-08-04,0.006870880552655679,0.007221
2014-08-05,-0.006624342396317388,-0.009696
2014-08-06,0.0005314222097778193,0.000313
2014-08-07,-0.006183685363399593,-0.005415
2014-08-08,0.01404702795186444,0.011569
2014-08-11,0.003374804253621975,0.002872
2014-08-12,-0.002075157094963448,-0.001367
2014-08-13,0.005205011380193867,0.006769
2014-08-14,0.0056973221779360135,0.004722
2014-08-15,-0.0009560949631378696,-0.000204
2014-08-18,0.009978995298077975,0.008379
2014-08-19,0.005350903400618812,0.005219
2014-08-20,0.0029046543960252603,0.002672
2014-08-21,0.0019402991006613809,0.002916
2014-08-22,-0.0006308267161708833,-0.001554
2014-08-25,0.004436235417279553,0.005071
2014-08-26,0.0005705937203506573,0.000649
2014-08-27,0.00014924796346107096,-0.000399
2014-08-28,-0.0010111437352958925,-0.000549
2014-08-29,0.0038932237898369098,0.002848
2014-09-02,0.0004900944115725797,-0.000498
2014-09-03,-0.0005871031744129058,-0.000548
2014-09-04,-0.0008511396971854419,-0.001446
2014-09-05,0.004112402710491182,0.004495
2014-09-08,-0.0033585895028772576,-0.002586
2014-09-09,-0.0081077527585245,-0.006331
2014-09-10,0.0022661122325095995,0.003763
2014-09-11,0.003892426134081462,0.00115
2014-09-12,-0.006650509139027993,-0.005841
2014-09-15,-0.0017497130111842306,-0.000748
2014-09-16,0.00632086544693881,0.007533
2014-09-17,0.0017899030491877403,0.001347
2014-09-18,0.0027765565102777366,0.00533
2014-09-19,-0.00307908952764853,-0.000896
2014-09-22,-0.00982660224264142,-0.007723
2014-09-23,-0.006786207258469789,-0.005724
2014-09-24,0.006332597081206993,0.007828
2014-09-25,-0.014605238048190031,-0.016136
2014-09-26,0.005455968839444742,0.007945
2014-09-29,-0.0018189779750853086,-0.001819
2014-09-30,-0.005658591015500409,-0.002632
2014-10-01,-0.013973724183171835,-0.013552
2014-10-02,0.0018438039804197942,0.000154
2014-10-03,0.009046210299020382,0.011009
2014-10-06,-0.003222695557461565,-0.00117
2014-10-07,-0.016936185337228477,-0.015436
2014-10-08,0.016775056101430687,0.017489
2014-10-09,-0.024104396789417927,-0.019833
2014-10-10,-0.013554454594758939,-0.011414
2014-10-13,-0.016869568080334144,-0.016428
2014-10-14,0.007897897933108973,0.001548
2014-10-15,-0.0025233857364744938,-0.006766
2014-10-16,0.004815014842949026,-0.000858
2014-10-17,0.009625733570899136,0.011811
2014-10-20,0.010576013032223825,0.00971
2014-10-21,0.021988641855848624,0.019811
2014-10-22,-0.010488811778691485,-0.007111
2014-10-23,0.013494631801824723,0.011625
2014-10-24,0.007535920401351265,0.007695
2014-10-27,-0.003825474604581068,-0.001374
2014-10-28,0.015063657409465884,0.01147
2014-10-29,-0.0023250814933846453,-0.001512
2014-10-30,0.00593725122029337,0.006411
2014-10-31,0.011956695018080495,0.011435
2014-11-03,-0.00012720982254142655,0.000545
2014-11-04,-0.006756808110185737,-0.003469
2014-11-05,0.008917959048936677,0.006316
2014-11-06,0.00456100001418149,0.004003
2014-11-07,0.00191239843179069,0.000935
2014-11-10,0.001406862331727651,0.003147
2014-11-11,-0.00013605637896170396,0.000956
2014-11-12,0.0012312992451486162,-0.001053
2014-11-13,-0.0035701494182055872,0.001128
2014-11-14,0.0008590863762149815,0.000245
2014-11-17,0.0009865960599550012,0.000636
2014-11-18,0.004821599389112717,0.005774
2014-11-19,-0.0013979227423453569,-0.001605
2014-11-20,0.004997977818813642,0.001754
2014-11-21,0.0055962412307436465,0.005351
2014-11-24,0.0035833386338326827,0.002806
2014-11-25,-0.0008467268427949419,-0.000724
2014-11-26,-0.0006073775007493278,0.002559
2014-11-28,-0.0036113883993826182,-0.002119
2014-12-01,-0.009763255159959754,-0.00695
2014-12-02,0.00544928316477404,0.00644
2014-12-03,0.008210764684179996,0.003887
2014-12-04,-0.0031250943548344436,-0.001106
2014-12-05,0.002505455985851509,0.001637
2014-12-08,-0.009695954867757334,-0.006683
2014-12-09,0.0025406154625722756,-0.000678
2014-12-10,-0.01792272304516454,-0.016031
2014-12-11,0.005922488739356362,0.005069
2014-12-12,-0.016533590961193816,-0.016161
2014-12-15,-0.0035672563694159718,-0.006869
2014-12-16,-0.005237797376678758,-0.00802
2014-12-17,0.021794830155612295,0.019605
2014-12-18,0.021554188030061115,0.024729
2014-12-19,0.0072324503991798485,0.004231
2014-12-22,0.0028191654204921066,0.0046
2014-12-23,0.006016280686684196,0.00135
2014-12-24,0.0007542919052482777,9.6e-05
2014-12-26,0.0024154802381613732,0.003225
2014-12-29,0.00318946590488439,0.001343
2014-12-30,-0.00569389248574045,-0.005366
2014-12-31,-0.009239289662227706,-0.009923
2015-01-02,-0.0010993952425408383,-0.000535
2015-01-05,-0.022928329716721717,-0.01806
2015-01-06,-0.012120440019738093,-0.009419
2015-01-07,0.009068315024077924,0.012461
2015-01-08,0.01935488496671643,0.017745
2015-01-09,-0.008709137859726098,-0.008014
2015-01-12,-0.011695761364737087,-0.007834
2015-01-13,-0.0032737106654154944,-0.002813
2015-01-14,-0.004589676563282104,-0.006037
2015-01-15,-0.01193572159696419,-0.009161
2015-01-16,0.015475781643962443,0.013115
2015-01-20,-0.0021449366575416735,0.002108
2015-01-21,0.008795467758359406,0.005073
2015-01-22,0.013440452781754725,0.014871
2015-01-23,-0.005840316615237098,-0.005483
2015-01-26,0.007227069313001597,0.002342
2015-01-27,-0.006625509332231259,-0.013191
2015-01-28,-0.015565267180156815,-0.012824
2015-01-29,0.009470377927970956,0.009245
2015-01-30,-0.010354864012028129,-0.012576
2015-02-02,0.015521370312859996,0.012384
2015-02-03,0.021386383145777742,0.014461
2015-02-04,-0.006786151384032075,-0.003808
2015-02-05,0.011970276946129644,0.010095
2015-02-06,-0.0015758953179220699,-0.002765
2015-02-09,-0.002810142025904676,-0.004476
2015-02-10,0.00978489268568267,0.010653
2015-02-11,-0.0013408420705598473,0.00058
2015-02-12,0.012201961581710148,0.009617
2015-02-13,0.0056648441338506056,0.004116
2015-02-17,0.0028322028341469605,0.001573
2015-02-18,-0.0008144188106748902,9.5e-05
2015-02-19,-0.00034814367137749427,-0.000714
2015-02-20,0.004522677709522578,0.005996
2015-02-23,-0.0017413720566585443,-0.000142
2015-02-24,0.0032185709257536088,0.002846
2015-02-25,0.0010343766933989958,-0.00085
2015-02-26,-0.005865598743602647,-0.001181
2015-02-27,-0.0017709368819479035,-0.003406
2015-03-02,0.005495285900065099,0.006314
2015-03-03,-0.0032731724487593096,-0.004104
2015-03-04,-0.004566940707359495,-0.004215
2015-03-05,0.00016256002275296386,0.001094
2015-03-06,-0.014562870500333861,-0.014065
2015-03-09,0.002040152005579571,0.004145
2015-03-10,-0.015532186830479333,-0.016222
2015-03-11,0.0007396111313058379,-0.002342
2015-03-12,0.012107005537034934,0.012714
2015-03-13,-0.007356229648535914,-0.006146
2015-03-16,0.012060989330081389,0.013374
2015-03-17,-0.0027943961239723443,-0.002972
2015-03-18,0.014229370855809253,0.012022
2015-03-19,-0.006935968415277535,-0.004561
2015-03-20,0.009860431779867848,0.008787
2015-03-23,7.465359770328277e-05,-0.001949
2015-03-24,-0.0036335457500750834,-0.005619
2015-03-25,-0.013389828779860516,-0.014654
2015-03-26,-0.0020138695664868532,-0.002381
2015-03-27,0.003220340030231651,0.00229
2015-03-30,0.012476472025206745,0.0122
2015-03-31,-0.0065628938039356,-0.00874
2015-04-01,-0.002162272822642339,-0.003536
2015-04-02,0.006968259962941078,0.003573
2015-04-06,0.008074375735357936,0.006758
2015-04-07,-0.003304547695620237,-0.002646
2015-04-08,0.001596848661788674,0.003353
2015-04-09,0.004543671573677664,0.004448
2015-04-10,0.00177585436363275,0.005457
2015-04-13,-0.0046103882718051695,-0.004523
2015-04-14,0.0023630192186759108,0.001913
2015-04-15,0.008910635269253361,0.004487
2015-04-16,-0.0038771248406313965,-0.000285
2015-04-17,-0.011109173076565103,-0.011504
2015-04-20,0.008044941762815751,0.009137
2015-04-21,-0.001496880911917462,-0.001191
2015-04-22,0.0039324998240631015,0.004914
2015-04-23,0.003989795914832245,0.002516
2015-04-24,-0.0020618381469381416,0.00232
2015-04-27,-0.0055745914279561595,-0.004157
2015-04-28,0.00442393887808877,0.003179
2015-04-29,-0.001144109532396028,-0.004115
2015-04-30,-0.006283102015232864,-0.01002
2015-05-01,0.010034095520785172,0.010841
2015-05-04,0.003949228973932095,0.002847
2015-05-05,-0.011827889207667332,-0.011452
2015-05-06,-0.005450483277939926,-0.004117
2015-05-07,-0.00027264911285641727,0.00399
2015-05-08,0.0099860733415664,0.013166
2015-05-11,-0.0028990396500040588,-0.004796
2015-05-12,-0.0035736121700355593,-0.002968
2015-05-13,-2.729928734021843e-05,0.000191
2015-05-14,0.0065814538635319475,0.010428
2015-05-15,0.0014649024714380597,0.001084
2015-05-18,0.0056307925583048745,0.003107
2015-05-19,-0.0033796175159678176,-0.000329
2015-05-20,0.0016740843503623309,-0.000704
2015-05-21,0.003357030082872518,0.002912
2015-05-22,-0.0015194763813151423,-0.002389
2015-05-26,-0.013023466044641364,-0.010752
2015-05-27,0.008066459947898409,0.009492
2015-05-28,-0.0028076809672378275,-0.001128
2015-05-29,-0.005197612223603319,-0.006213
2015-06-01,0.0006463781991652155,0.002037
2015-06-02,0.0022501336987007484,-0.000993
2015-06-03,0.0016627516887842686,0.00265
2015-06-04,-0.00990099402839177,-0.00845
2015-06-05,0.0013335315331383388,-0.001709
2015-06-08,-0.006299761414001655,-0.00615
2015-06-09,5.1827277964527064e-05,-0.000144
2015-06-10,0.00967748338971521,0.011993
2015-06-11,0.0009484547224674405,0.003224
2015-06-12,-0.006243401415767643,-0.007655
2015-06-15,-0.006205513001089819,-0.004285
2015-06-16,0.005360812734460434,0.005452
2015-06-17,0.0029146397852400775,0.001617
2015-06-18,0.007901018219617854,0.010399
2015-06-19,-0.003031224156827161,-0.004417
2015-06-22,0.005035177950825237,0.005123
2015-06-23,4.84544925971063e-05,0.000708
2015-06-24,-0.008401297609107941,-0.007263
2015-06-25,-0.003453256185304937,-0.00304
2015-06-26,0.0011972780543558679,-0.000191
2015-06-29,-0.022482446439693504,-0.02097
2015-06-30,0.0022952246696375817,0.002093
2015-07-01,0.003998240403624496,0.008016
2015-07-02,-8.086239192828118e-06,-0.000916
2015-07-06,-0.007871301981522597,-0.002846
2015-07-07,0.00817137054608688,0.006289
2015-07-08,-0.019282959175484605,-0.016777
2015-07-09,0.0027459808113726313,0.001809
2015-07-10,0.009201508462320264,0.012592
2015-07-13,0.010499287537765991,0.011037
2015-07-14,0.0031038109942246764,0.004338
2015-07-15,-0.0066722632904540075,-0.000332
2015-07-16,0.00704432282910382,0.008024
2015-07-17,-0.008799523175925384,0.000848
2015-07-20,-0.004319013485568072,0.000518
2015-07-21,-0.005599257117377557,-0.003951
2015-07-22,-0.00042765038349254286,-0.001795
2015-07-23,-0.004156150047846173,-0.00563
2015-07-24,-0.012144692172185235,-0.010372
2015-07-27,-0.007230178974333841,-0.005817
2015-07-28,0.01330633393523466,0.012283
2015-07-29,0.010328004955526968,0.006879
2015-07-30,0.001398325414850364,0.000237
2015-07-31,-0.00028714988319283755,-0.001518
2015-08-03,-0.006446857791742367,-0.003373
2015-08-04,-0.0004089189288752742,-0.001954
2015-08-05,0.000524852694601321,0.003295
2015-08-06,-0.004872566822737832,-0.008188
2015-08-07,-0.00342566981881962,-0.00192
2015-08-10,0.018783485061457144,0.012599
2015-08-11,-0.010807127716881764,-0.009023
2015-08-12,0.0028522224899474504,0.001198
2015-08-13,-0.0038982211015822672,-0.001244
2015-08-14,0.004317490748939,0.003642
2015-08-17,0.004254104243824124,0.005587
2015-08-18,-0.0025664447966976503,-0.002897
2015-08-19,-0.0087199201203028,-0.007905
2015-08-20,-0.02148854128143335,-0.020881
2015-08-21,-0.0248951135071326,-0.031083
2015-08-24,-0.03742792633452815,-0.040885
2015-08-25,-0.013672158231290225,-0.012029
2015-08-26,0.030174127062581563,0.038394
2015-08-27,0.028075311694679354,0.024735
2015-08-28,0.00385632789442774,5e-05
2015-08-31,-0.003947816674538851,-0.008079
2015-09-01,-0.029573559793662944,-0.029848
2015-09-02,0.014433993982458572,0.018981
2015-09-03,0.005305480247065734,0.000716
2015-09-04,-0.015144532870495381,-0.015137
2015-09-08,0.02714245430207886,0.025131
2015-09-09,-0.012093569920661237,-0.013372
2015-09-10,0.002638818034430931,0.005442
2015-09-11,0.001785167039535678,0.004544
2015-09-14,-0.004411416305230704,-0.003711
2015-09-15,0.011712149695714193,0.012499
2015-09-16,0.011776639740189271,0.008667
2015-09-17,-0.002838968473370201,-0.002248
2015-09-18,-0.01984293291759689,-0.016255
2015-09-21,0.0035026934873737424,0.005168
2015-09-22,-0.015916177368529273,-0.01298
2015-09-23,-0.006067380499803907,-0.001599
2015-09-24,-0.001662722747086437,-0.003616
2015-09-25,0.0011307612522403153,-0.000259
2015-09-28,-0.02764749548539456,-0.025097
2015-09-29,-5.58972749129449e-06,0.000585
2015-09-30,0.01788147205035893,0.018658
2015-10-01,-0.004930920232180411,0.002609
2015-10-02,0.021603928904633436,0.014938
2015-10-05,0.025408889685915603,0.017795
2015-10-06,0.0021003643989071117,-0.003426
2015-10-07,0.015448054952481397,0.008191
2015-10-08,0.01688036025367,0.009027
2015-10-09,-0.0026003104868024935,0.000596
2015-10-12,-0.006811038914055224,0.000944
2015-10-13,-0.00955135327774293,-0.006302
2015-10-14,-0.0007220436508238462,-0.004794
2015-10-15,0.013095719996975265,0.015355
2015-10-16,-0.0045664615081848995,0.004547
2015-10-19,-0.004485174255398515,0.000492
2015-10-20,0.005131661158238975,-0.001377
2015-10-21,-0.010270933757127995,-0.006106
2015-10-22,0.012427610331094081,0.016894
2015-10-23,0.004889367643186679,0.010962
2015-10-26,-0.0079477340802609,-0.002458
2015-10-27,-0.01204681814052486,-0.001932
2015-10-28,0.017688582366140432,0.011375
2015-10-29,-0.002068899311744764,-0.000574
2015-10-30,0.0029956072556808796,-0.00431
2015-11-02,0.01740322005647809,0.011831
2015-11-03,0.004370477702385006,0.002899
2015-11-04,-0.005576368411129003,-0.003033
2015-11-05,-0.0003842456794747396,-0.000998
2015-11-06,0.0009429618592832555,-0.000523
2015-11-09,-0.01059559601565807,-0.009332
2015-11-10,0.0010433694689420186,0.002307
2015-11-11,-0.008756010546970372,-0.003932
2015-11-12,-0.018939115876275756,-0.01396
2015-11-13,-0.011410870163057136,-0.011228
2015-11-16,0.017522691300184915,0.015207
2015-11-17,-0.004162247762451197,-0.000729
2015-11-18,0.01642800453400062,0.015866
2015-11-19,-0.0035449344182737633,-0.000862
2015-11-20,0.002131685675637575,0.003648
2015-11-23,0.0006902126583351333,-0.00115
2015-11-24,0.006555018757278627,0.001339
2015-11-25,0.0014641809799470543,-0.000143
2015-11-27,-0.003979262099917987,0.001147
2015-11-30,0.00026354186609250604,-0.004152
2015-12-01,0.007151206908423557,0.009536
2015-12-02,-0.014050453031205088,-0.01021
2015-12-03,-0.01398060441646539,-0.013998
2015-12-04,0.008508128260683413,0.019503
2015-12-07,-0.011709468733445461,-0.006059
2015-12-08,-0.011368500250008863,-0.006724
2015-12-09,-0.005204324226565085,-0.007775
2015-12-10,0.0031418082540041864,0.002581
2015-12-11,-0.023247222727503902,-0.019381
2015-12-14,-0.005238613681327857,0.005056
2015-12-15,0.011934232755205903,0.010498
2015-12-16,0.015759199858971645,0.014628
2015-12-17,-0.018768997970318693,-0.015238
2015-12-18,-0.01335224466752026,-0.017708
2015-12-21,0.009007758553493407,0.008245
2015-12-22,0.012143202823493711,0.009074
2015-12-23,0.021165866461120796,0.012383
2015-12-24,-0.0008981264409247539,-0.00165
2015-12-28,-0.00844651849640228,-0.002285
2015-12-29,0.008995947872248363,0.010672
2015-12-30,-0.010137655538681282,-0.007088
2015-12-31,-0.005100590636475716,-0.010003
2016-01-04,-0.007102692676438126,-0.013983
2016-01-05,-0.001230321567340342,0.001695
2016-01-06,-0.025955514059387792,-0.012614
2016-01-07,-0.02135539115535834,-0.023992
2016-01-08,-0.008878035251105401,-0.010961
2016-01-11,-0.008688012632610317,0.000974
2016-01-12,0.00014889765948282192,0.008072
2016-01-13,-0.025696569243536672,-0.024945
2016-01-14,0.01281130147885999,0.016417
2016-01-15,-0.01906695076335325,-0.021466
2016-01-19,-0.009259026751098035,0.001331
2016-01-20,-0.004746554073381696,-0.012815
2016-01-21,0.01624435191104686,0.005602
2016-01-22,0.01926744656722874,0.020515
2016-01-25,-0.024121605690232813,-0.015117
2016-01-26,0.025574890613123638,0.013643
2016-01-27,-0.00395502878287166,-0.010883
2016-01-28,0.00017087147472475756,0.005209
2016-01-29,0.03278556363444962,0.024382
2016-02-01,-0.0002909264213876426,-0.000365
2016-02-02,-0.026416834387032767,-0.018022
2016-02-03,0.01724382366082519,0.005995
2016-02-04,0.009144293240767607,0.001568
2016-02-05,-0.014496115711220947,-0.01905
2016-02-08,-0.0250816729524728,-0.013461
2016-02-09,-0.009876677677767573,5.4e-05
2016-02-10,-0.0008530165540393387,-0.000863
2016-02-11,-0.014972854320699835,-0.013008
2016-02-12,0.024910701696870163,0.020617
2016-02-16,0.021844940799865296,0.016878
2016-02-17,0.02833041091754972,0.016335
2016-02-18,-0.00294161134786478,-0.004096
2016-02-19,-0.008068633881958052,-0.000469
2016-02-22,0.023533074807723074,0.014479
2016-02-23,-0.015304898634095133,-0.01263
2016-02-24,0.007765596161267166,0.004576
2016-02-25,0.008082886390577396,0.012112
2016-02-26,0.0061988214223484325,-0.002305
2016-02-29,-0.004889752981540687,-0.007838
2016-03-01,0.020935850191563958,0.023507
2016-03-02,0.013999490379415443,0.004492
2016-03-03,0.02022415554929392,0.003894
2016-03-04,0.00819068254464287,0.003279
2016-03-07,0.010551886245414166,0.000798
2016-03-08,-0.02495758082795702,-0.010918
2016-03-09,0.007389986943147624,0.00494
2016-03-10,0.0017973131057740632,0.000802
2016-03-11,0.022775881256512285,0.016137
2016-03-14,-0.003431743281933512,-0.001282
2016-03-15,-0.009359285900288485,-0.00163
2016-03-16,0.013206299703262,0.005787
2016-03-17,0.013002630473499149,0.006344
2016-03-18,0.00487536901177551,0.003908
2016-03-21,-0.0008157723484584682,0.001419
2016-03-22,-8.263751146700067e-05,-0.000537
2016-03-23,-0.018118796954829618,-0.006603
2016-03-24,0.0012247427758463824,-0.000439
2016-03-28,0.002298666027526134,0.000591
2016-03-29,0.010450149919487403,0.009254
2016-03-30,0.002174170499126289,0.004384
2016-03-31,0.0017779088831900466,-0.002427
2016-04-01,0.0004201452019876867,0.006812
2016-04-04,-0.0079555155191018,-0.003238
2016-04-05,-0.0125632828246983,-0.009992
2016-04-06,0.010573278565915504,0.010925
2016-04-07,-0.01409789152553915,-0.011966
2016-04-08,0.006919834086247244,0.002693
2016-04-11,0.002342067744203042,-0.002343
2016-04-12,0.016688997413539682,0.009312
2016-04-13,0.016247811680009362,0.010105
2016-04-14,-0.001649239552781012,4.4e-05
2016-04-15,-6.477642878463776e-05,-0.001106
2016-04-18,0.006096781121274249,0.007023
2016-04-19,0.007531774873601646,0.003158
2016-04-20,0.004378576586384858,0.000953
2016-04-21,-0.006602075045908128,-0.005378
2016-04-22,0.012149464063569499,0.0
2016-04-25,-0.007166387541690036,-0.001723
2016-04-26,0.010598771553103755,0.001482
2016-04-27,0.009646120026014506,0.002062
2016-04-28,-0.014353908893312325,-0.009088
2016-04-29,-0.005330162134714393,-0.005383
2016-05-02,0.003439742181773396,0.007945
2016-05-03,-0.015887307584239018,-0.008707
2016-05-04,-0.008010503091545138,-0.005574
2016-05-05,0.0006880570293422131,-0.000195
2016-05-06,0.002711217980759875,0.003659
2016-05-09,-0.005153250909153264,0.000823
2016-05-10,0.01570860310167459,0.012438
2016-05-11,-0.009036040336072904,-0.009355
2016-05-12,-0.005780685401058273,0.000291
2016-05-13,-0.010672303030248066,-0.008714
2016-05-16,0.009233496191919545,0.009865
2016-05-17,-0.0025974941768356027,-0.00933
2016-05-18,-0.0048347966292803714,0.000289
2016-05-19,-0.001699609445046863,-0.003465
2016-05-20,0.009146428070408866,0.006317
2016-05-23,-0.0011113138716848097,-0.001363
2016-05-24,0.014018654418966848,0.012962
2016-05-25,0.012296638998038973,0.006783
2016-05-26,-0.0021396701192069045,0.000287
2016-05-27,0.005200696917660199,0.004299
2016-05-31,0.0038500968044455847,-0.001903
2016-06-01,0.0022432179259413666,0.002049
2016-06-02,0.004494015834860372,0.003044
2016-06-03,-0.004529066136155053,-0.002987
2016-06-06,0.011862583845296211,0.005088
2016-06-07,0.004374793898823626,0.001561
2016-06-08,0.0017280420604984374,0.00326
2016-06-09,-0.005131959276255922,-0.001366
2016-06-10,-0.02013723637179711,-0.009478
2016-06-13,-0.009724494054043199,-0.007716
2016-06-14,-0.004778795781879661,-0.001963
2016-06-15,0.0010227309105672686,-0.001394
2016-06-16,-0.002032277983257531,0.002984
2016-06-17,0.0050219603019748295,-0.003703
2016-06-20,0.010697109543075017,0.00644
2016-06-21,0.0016655011667096242,0.002839
2016-06-22,-0.0017119986850644027,-0.001631
2016-06-23,0.01631844804621882,0.013023
2016-06-24,-0.04627576574805498,-0.036431
2016-06-27,-0.03356611504115556,-0.017378
2016-06-28,0.023060169036906712,0.018035
2016-06-29,0.018405601843952065,0.017029
2016-06-30,0.015060536829433766,0.013621
2016-07-01,0.005049161370783357,0.002128
2016-07-05,-0.01903959516157475,-0.007197
2016-07-06,0.007800254304554954,0.005998
2016-07-07,0.002233714605078705,-0.000639
2016-07-08,0.02127882926425635,0.01491
2016-07-11,0.005123011720413044,0.003527
2016-07-12,0.016895379223512176,0.007263
2016-07-13,-0.002058609835534317,-0.00014
2016-07-14,0.005515067295656451,0.005583
2016-07-15,-0.0011891373482469073,-0.001342
2016-07-18,0.00292121446577284,0.002684
2016-07-19,-0.005029483063018853,-0.001013
2016-07-20,0.0067050897585398065,0.00414
2016-07-21,-0.0028595094120951394,-0.003777
2016-07-22,0.00708818876429437,0.004508
2016-07-25,-0.0020364192745736145,-0.002716
2016-07-26,0.007931573903478423,0.000462
2016-07-27,-0.007333551947619556,-0.001061
2016-07-28,0.0011381755142346314,0.001155
2016-07-29,0.0007299155601167196,0.001615
2016-08-01,-0.008176551499190303,-0.000829
2016-08-02,-0.011991186411698808,-0.006411
2016-08-03,0.00947112566132317,0.002926
2016-08-04,-0.0011819392039256295,0.001063
2016-08-05,0.010554695956759674,0.00818
2016-08-08,0.000257569268682965,-0.000596
2016-08-09,-0.003980725781162396,0.000596
2016-08-10,-0.0025790404809187513,-0.002475
2016-08-11,0.010416019479585417,0.004641
2016-08-12,-0.001930789598149353,-0.000869
2016-08-15,0.008653858582118824,0.002884
2016-08-16,-0.004650499352116744,-0.005158
2016-08-17,0.0004874171976996662,0.001881
2016-08-18,0.007906104214578862,0.002244
2016-08-19,0.0009963445942824613,-0.001462
2016-08-22,-0.0016218467356854357,-4.6e-05
2016-08-23,0.006728215438599328,0.002013
2016-08-24,-0.00712385938458651,-0.005115
2016-08-25,0.0005397664399106553,-0.000689
2016-08-26,-0.0015958895037189544,-0.001883
2016-08-29,0.004982384911240263,0.004928
2016-08-30,-0.0012654617642475247,-0.001652
2016-08-31,-0.00560125759325909,-0.002844
2016-09-01,-0.001912104084189573,4.6e-05
2016-09-02,0.007182526322225584,0.004508
2016-09-06,-0.0010888865569728776,0.003026
2016-09-07,0.004917873650729094,-9.5e-05
2016-09-08,0.0020703079110725416,-0.002283
2016-09-09,-0.02778950337299684,-0.023935
2016-09-12,0.01742094035257626,0.014347
2016-09-13,-0.018983968146755285,-0.014376
2016-09-14,-0.0037897607399222564,-0.000375
2016-09-15,0.01109423343050109,0.009993
2016-09-16,-0.005589759745382568,-0.003846
2016-09-19,0.0013555815726069165,0.000188
2016-09-20,-0.005804578554578068,4.7e-05
2016-09-21,0.013702767690704068,0.011246
2016-09-22,0.008515275938370955,0.006301
2016-09-23,-0.006067157722085919,-0.005479
2016-09-26,-0.007836315481457301,-0.008102
2016-09-27,0.0044140478694478565,0.006208
2016-09-28,0.010826768054698272,0.004964
2016-09-29,-0.008832973487109473,-0.009047
2016-09-30,0.010699799461873537,0.007546
2016-10-03,-0.0018619792927336138,-0.002404
2016-10-04,-0.007244866529941451,-0.005098
2016-10-05,0.009385077243914778,0.004425
2016-10-06,0.0003435262253025649,0.000696
2016-10-07,-0.0067166623752910985,-0.003429
2016-10-10,0.004819205221790016,0.005208
2016-10-11,-0.015526846284154142,-0.01263
2016-10-12,0.00027538369247926737,0.001312
2016-10-13,-0.006392370055675946,-0.003276
2016-10-14,-0.0009469900444832787,0.000516
2016-10-17,-0.0037150803840539834,-0.003472
2016-10-18,0.006564938094325093,0.006262
2016-10-19,0.007205177716897997,0.002667
2016-10-20,-0.0014409918848509627,-0.001867
2016-10-21,-0.0008674581770292276,0.000468
2016-10-24,0.0012718714816086565,0.004253
2016-10-25,-0.008301468851793208,-0.003351
2016-10-26,0.0027997086775126824,-0.002008
2016-10-27,-0.006935178431518637,-0.002667
2016-10-28,0.0002234526693809743,-0.002955
2016-10-31,0.0009763667078749292,4.7e-05
2016-11-01,-0.008603440718958624,-0.007245
2016-11-02,-0.009373351365869944,-0.006019
2016-11-03,-0.002258516993772425,-0.004577
2016-11-04,-0.0016019704114080267,-0.001102
2016-11-07,0.02117833502924935,0.022057
2016-11-08,0.002485080914588932,0.004504
2016-11-09,0.01602246251598194,0.010598
2016-11-10,0.01205547547020085,0.002499
2016-11-11,0.0010935225400700097,-0.002305
2016-11-14,0.014632480941804443,0.000786
2016-11-15,0.008293256734788512,0.007803
2016-11-16,-0.00497545979582676,-0.001878
2016-11-17,0.0067588709870970865,0.005141
2016-11-18,-0.004415304752465478,-0.002238
2016-11-21,0.008994703507238043,0.007551
2016-11-22,0.0015286548714951332,0.001953
2016-11-23,0.0038540782614656433,0.000544
2016-11-25,0.0023578948412195247,0.003715
2016-11-28,-0.00812619287488068,-0.004695
2016-11-29,-0.0015219818443985766,0.00195
2016-11-30,0.004358235260549852,-0.002399
2016-12-01,-0.00023657967946624466,-0.003675
2016-12-02,-0.0016643509632550514,0.000501
2016-12-05,0.009890162020497782,0.006009
2016-12-06,0.006417454697885333,0.003167
2016-12-07,0.01541324447664441,0.013081
2016-12-08,0.007277756607717231,0.002449
2016-12-09,0.0014971002510241799,0.00604
2016-12-12,-0.009104045243340204,-0.001148
2016-12-13,0.002280956865977499,0.006674
2016-12-14,-0.011293619213105434,-0.008254
2016-12-15,0.0027452780952469617,0.004117
2016-12-16,-0.004588658240259776,-0.001945
2016-12-19,0.001678514323242505,0.002177
2016-12-20,0.003789575637768042,0.003858
2016-12-21,-0.0016035598585636488,-0.002783
2016-12-22,-0.007098584457744288,-0.001727
2016-12-23,0.0017523200469273252,0.001464
2016-12-27,0.0050098058926194644,0.002481
2016-12-28,-0.011983764076703774,-0.008265
2016-12-29,-0.0003223215102484803,-0.000223
2016-12-30,-0.005094876751597083,-0.003655
2017-01-03,0.010346685046281263,0.00765
2017-01-04,0.014002201986278395,0.005949
2017-01-05,-0.005388787668647704,-0.000794
2017-01-06,0.002963208706383999,0.003578
2017-01-09,-0.0065063114286070395,-0.003301
2017-01-10,0.0026085666169141123,0.0
2017-01-11,0.0050449989693947955,0.002826
2017-01-12,-0.0015332991889890528,-0.00251
2017-01-13,0.0028024840309210453,0.002296
2017-01-17,-0.002539607003920533,-0.003523
2017-01-18,0.002466721596697713,0.00221
2017-01-19,-0.006906664083983559,-0.003705
2017-01-20,0.004536413348258288,0.003674
2017-01-23,-0.002967312396755495,-0.002602
2017-01-24,0.012108984041707689,0.006412
2017-01-25,0.007645828634739955,0.008656
2017-01-26,-0.005084452881456797,-0.001045
2017-01-27,-0.004213748089607714,-0.00157
2017-01-30,-0.006420999755391379,-0.006202
2017-01-31,0.0006407752462421253,-8.8e-05
2017-02-01,-0.0024848148761460057,0.000396
2017-02-02,-0.000767716343588609,0.000659
2017-02-03,0.007713653934409644,0.006893
2017-02-06,-0.003993220462082094,-0.001788
2017-02-07,-0.0024808261930237313,4.4e-05
2017-02-08,0.0017032050951816733,0.00131
2017-02-09,0.008231803338502671,0.005933
2017-02-10,0.007249462908496537,0.003946
2017-02-13,0.0031859755638055333,0.005443
2017-02-14,0.003292362707927461,0.003995
2017-02-15,0.004458851729862004,0.00522
2017-02-16,-0.004436172650862057,-0.000851
2017-02-17,0.0025257844905944796,0.001576
2017-02-21,0.008573701230757132,0.005955
2017-02-22,-0.004952712068251943,-0.000888
2017-02-23,-0.002837989427653987,0.000677
2017-02-24,0.0026813380746626226,0.001269
2017-02-27,0.0019053918803789913,0.001563
2017-02-28,-0.007128263608010232,-0.002699
2017-03-01,0.012850087694613353,0.013998
2017-03-02,-0.007253741935564602,-0.006297
2017-03-03,-0.001125825256928966,0.00063
2017-03-06,-0.005511577527358266,-0.002978
2017-03-07,-0.006223417518259856,-0.002987
2017-03-08,-0.0016980314266947798,-0.001857
2017-03-09,-0.0004674309926899477,0.001268
2017-03-10,0.004301958979978939,0.003504
2017-03-13,0.0012845729271566153,0.000505
2017-03-14,-0.005141635567219905,-0.003827
2017-03-15,0.01193085829756169,0.008653
2017-03-16,-0.0008970583516842908,-0.001967
2017-03-17,-0.000610295519777662,-0.001748
2017-03-20,-0.00430098299457184,-0.001097
2017-03-21,-0.01459415233768595,-0.01284
2017-03-22,0.0016054599123953525,0.002353
2017-03-23,0.0005583684915369898,-0.001067
2017-03-24,0.00017812630117912178,-0.000726
2017-03-27,-0.0003719551540264459,-0.001026
2017-03-28,0.00947242309995965,0.007277
2017-03-29,0.005121133081732416,0.000935
2017-03-30,0.003981964273955757,0.003184
2017-03-31,-0.0004327852041970341,-0.002328
2017-04-03,-0.006445310688835692,-0.001739
2017-04-04,-0.0008486001663767099,0.000637
2017-04-05,-0.003917718147174243,-0.002973
2017-04-06,0.007756368829171062,0.002811
2017-04-07,-0.0030554754896776662,-0.001019
2017-04-10,0.0030481658330828686,0.000595
2017-04-11,-4.9407038129418456e-05,-0.00119
2017-04-12,-0.00821848400530587,-0.004382
2017-04-13,-0.008265559137238941,-0.006495
2017-04-17,0.008435981414840896,0.00886
2017-04-18,-0.0025891097819414266,-0.002984
2017-04-19,0.001704807983258429,-0.001839
2017-04-20,0.009835664956084303,0.008139
2017-04-21,-0.004706530980218201,-0.003187
2017-04-24,0.011097914485091885,0.010998
2017-04-25,0.003717354320502809,0.005819
2017-04-26,0.0012202303472714463,-0.000629
2017-04-27,-0.00041547050919172864,0.000839
2017-04-28,-0.0070261571836402305,-0.002179
2017-05-01,-0.0019482321139556648,0.00252
2017-05-02,0.0008869082609348313,0.000377
2017-05-03,-0.005096577955386248,-0.001215
2017-05-04,-0.0005645316196603794,0.001174
2017-05-05,0.00822172230196741,0.003937
2017-05-08,-0.001821528539816445,-0.000167
2017-05-09,-0.000229460914151826,-0.000918
2017-05-10,0.0028303779908526953,0.001796
2017-05-11,-0.0063863698316339755,-0.002043
2017-05-12,-0.006927933722870529,-0.001671
2017-05-15,0.006271450085141665,0.005524
2017-05-16,-0.004556038692571684,-0.000916
2017-05-17,-0.017849691965684925,-0.017744
2017-05-18,0.0017942426045776797,0.004028
2017-05-19,0.008769085311011874,0.006504
2017-05-22,0.00566164885517065,0.005077
2017-05-23,-0.0013307171418738494,0.002213
2017-05-24,0.0007371279844001938,0.002333
2017-05-25,0.0038224955333792123,0.004779
2017-05-26,1.5745373161620588e-05,-0.000207
2017-05-30,-0.0021000718281348925,-0.000869
2017-05-31,-5.87181126199648e-05,-0.000248
2017-06-01,0.01397516548992598,0.007952
2017-06-02,-0.0014664306757529101,0.003328
2017-06-05,-0.003345791218486624,-0.000737
2017-06-06,-0.003099757034605513,-0.003197
2017-06-07,-0.0002692447778948863,0.00185
2017-06-08,0.0013024927945902243,0.000492
2017-06-09,0.00708437698990245,-0.001518
2017-06-12,0.003940639953439701,-0.000205
2017-06-13,0.006264697131888475,0.00489
2017-06-14,-0.003811273953937774,-0.001268
2017-06-15,-0.002634275255745553,-0.001924
2017-06-16,0.0002103313279113852,0.000218
2017-06-19,0.005959853224117096,0.008325
2017-06-20,-0.010942940505924663,-0.006744
2017-06-21,-0.004525603611046882,-0.000247
2017-06-22,0.0015894420609334412,-0.000453
2017-06-23,0.003964326490647641,0.001194
2017-06-26,0.004539877828825368,0.000658
2017-06-27,-0.005305833382773531,-0.008056
2017-06-28,0.008308312708189103,0.00895
2017-06-29,-0.004662005292690814,-0.008789
2017-06-30,0.0036442843122530787,0.001865
2017-07-03,0.006260871176681138,0.001696
2017-07-05,-0.004996705175975575,0.002312
2017-07-06,-0.013791635416443456,-0.009144
2017-07-07,0.005942888037329045,0.006485
2017-07-10,0.0006064358125666297,0.001074
2017-07-11,-0.0001669710690397579,-0.000743
2017-07-12,0.0068945089478126935,0.007515
2017-07-13,0.0043865136845168805,0.00168
2017-07-14,0.0048162378059225155,0.004664
2017-07-17,0.0018735971979475412,-0.000122
2017-07-18,-0.003919484080260729,0.000529
2017-07-19,0.009492204932063993,0.005414
2017-07-20,-0.0016750128931345776,0.000445
2017-07-21,0.00018296078850576575,-0.00089
2017-07-24,-0.002786874936512435,-0.000243
2017-07-25,0.006608802067013605,0.002431
2017-07-26,-0.003960172922407049,4e-05
2017-07-27,0.0006490162350396226,-0.00093
2017-07-28,-0.002138059249030331,-0.001173
2017-07-31,-0.002565275364304186,-0.000567
2017-08-01,-0.00082640006817062,0.002229
2017-08-02,-0.005078205967831318,0.000485
2017-08-03,-0.0017388412092253316,-0.00194
2017-08-04,0.001297311392187614,0.001822
2017-08-07,0.0009049594100270904,0.001859
2017-08-08,-0.0012387990700612843,-0.002461
2017-08-09,-0.002787069638138496,-4e-05
2017-08-10,-0.016690789250122857,-0.014115
2017-08-11,0.0014114455637520415,0.001477
2017-08-14,0.0078769648128268,0.009913
2017-08-15,-0.004292809110563097,-0.000122
2017-08-16,0.0025053429371142554,0.001744
2017-08-17,-0.015506983748908488,-0.015591
2017-08-18,-0.0026889218556016403,-0.001563
2017-08-21,-0.0016811301003303337,0.000783
2017-08-22,0.010239093851723353,0.010457
2017-08-23,-0.0032306321907171107,-0.003585
2017-08-24,-0.0004924373615690597,-0.002331
2017-08-25,0.004066595707879076,0.002336
2017-08-28,-0.0016599931448682543,4.1e-05
2017-08-29,-0.0019767710334691845,0.001145
2017-08-30,0.0039908724007645235,0.004738
2017-08-31,0.004733125923476385,0.006016
2017-09-01,0.006083678694197177,0.001414
2017-09-05,-0.006650648213313301,-0.007182
2017-09-06,0.004611644414657613,0.003414
2017-09-07,-0.0019386746452736197,-0.000122
2017-09-08,-0.0008400175122918697,-0.001175
2017-09-11,0.00948199876291821,0.010666
2017-09-12,0.006578869259291981,0.003371
2017-09-13,0.0017124492968257372,0.00048
2017-09-14,-0.0017571913775154034,-0.00032
2017-09-15,0.002552200561061639,0.001338
2017-09-18,0.0008679316163799119,0.002127
2017-09-19,-0.0013221457244725133,0.001001
2017-09-20,0.0009147373554976902,0.00036
2017-09-21,-0.0021370141729623498,-0.002679
2017-09-22,0.003289756534668889,0.000201
2017-09-25,0.0024602122125554817,-0.002045
2017-09-26,0.0011884732676570413,0.000603
2017-09-27,0.005900227628717152,0.003894
2017-09-28,-0.0012886083815302884,0.0012
2017-09-29,0.003207773075742223,0.003515
2017-10-02,0.004489404571284148,0.004339
2017-10-03,0.0014314554632786625,0.00214
2017-10-04,0.0016595227326869429,0.001186
2017-10-05,0.0011065497462123622,0.005925
2017-10-06,-0.003229421605884104,-0.001139
2017-10-09,-0.0061996982316595214,-0.001651
2017-10-10,0.0012441935401135353,0.002638
2017-10-11,-0.002531095883458119,0.001571
2017-10-12,-0.00154480093621115,-0.00149
2017-10-13,0.0008526314517501181,0.001217
2017-10-16,0.0007988454205177987,0.001334
2017-10-17,-5.540321817812287e-05,0.000705
2017-10-18,0.0013184286219431198,0.000979
2017-10-19,0.0031212912289803837,0.000274
2017-10-20,0.009707729127055807,0.00516
2017-10-23,-0.006690639234354927,-0.003889
2017-10-24,0.00029041345256938545,0.001757
2017-10-25,-0.007382164904580986,-0.00495
2017-10-26,0.0037348768822692744,0.001293
2017-10-27,-0.0025737408172722864,0.008176
2017-10-30,-0.0038815241461830547,-0.003725
2017-10-31,-0.003089612422862965,0.001558
2017-11-01,-0.002428125398086558,0.001322
2017-11-02,-0.0038946666414940868,0.000388
2017-11-03,8.621853669954164e-05,0.003339
2017-11-06,0.007687719941888968,0.001548
2017-11-07,-0.005622305850552194,-0.000695
2017-11-08,0.0001574304828960553,0.001701
2017-11-09,0.0006619035715756649,-0.003628
2017-11-10,0.0020896815341065575,-0.00031
2017-11-13,0.0016084960015715635,0.00093
2017-11-14,-0.0008253642576807153,-0.002323
2017-11-15,-0.004036464500205565,-0.005005
2017-11-16,0.010232111298455642,0.008501
2017-11-17,0.007215648934622059,-0.002939
2017-11-20,0.0010149463485852389,0.001706
2017-11-21,0.002119653943196762,0.006543
2017-11-22,0.002131016768078655,-0.000885
2017-11-24,-0.0004852932763481409,0.00231
2017-11-27,-0.0011741570560658812,-0.000499
2017-11-28,0.014439218265631541,0.010145
2017-11-29,0.011987576698658525,-0.000609
2017-11-30,0.006072793338409137,0.008755
2017-12-01,-0.0021421714551712804,-0.002075
2017-12-04,0.009128678618410956,-0.00121
2017-12-05,-0.010810870212536197,-0.003597
2017-12-06,-0.005395040344874508,0.00019
2017-12-07,0.004781901921450272,0.003153
2017-12-08,0.007524350403410248,0.005453
2017-12-11,0.0013841166297396067,0.003013
2017-12-12,-0.0012888689266213648,0.001765
2017-12-13,-0.001275420057827709,-0.000112
2017-12-14,-0.006730529241191294,-0.004086
2017-12-15,0.01131948378100854,0.008286
2017-12-18,0.010832526695582868,0.006341
2017-12-19,-0.0013183430546516133,-0.00384
2017-12-20,0.001106577432308282,-0.000524
2017-12-21,0.004260564662748828,0.00206
2017-12-22,0.0018323019026049655,-0.000262
2017-12-26,0.00305479344493775,-0.001196
2017-12-27,-0.0018790916061154352,0.000487
2017-12-28,0.002239293617699941,0.002057
2017-12-29,-0.007101068277306077,-0.003771
2018-01-02,0.012068483008557387,0.007157
2018-01-03,0.005502425064806689,0.006325
2018-01-04,0.0037214830458006886,0.004215
2018-01-05,0.004322560354308943,0.006664
2018-01-08,0.003021036830197597,0.001829
2018-01-09,-0.0032114445238073694,0.002263
2018-01-10,-0.0017370824621291312,-0.00153
2018-01-11,0.013221873234175566,0.007296
2018-01-12,0.007192220713042695,0.006519
2018-01-16,-0.011505740565461121,-0.003418
2018-01-17,0.006045268165703257,0.009532
2018-01-18,-0.0015036375874484802,-0.001681
2018-01-19,0.007516887938059716,0.00455
2018-01-22,0.006767656379579901,0.008131
2018-01-23,0.00277202604092008,0.002122
2018-01-24,0.0019039888535930492,-0.000388
2018-01-25,-0.0025979861622189384,0.000424
2018-01-26,0.009165220606420327,0.011578
2018-01-29,-0.007670121656486618,-0.00663
2018-01-30,-0.013404210894004514,-0.010257
2018-01-31,-0.0026241805762147003,0.000497
2018-02-01,-0.0016754951014245972,-0.001135
2018-02-02,-0.02277445040859775,-0.02177
2018-02-05,-0.036781245332265844,-0.041823
2018-02-06,0.014617231906090673,0.019702
2018-02-07,-0.0031141026804321612,-0.005425
2018-02-08,-0.032533138126100196,-0.037509
2018-02-09,0.01097749290336398,0.015022
2018-02-12,0.01505446158879567,0.014685
2018-02-13,0.005790586318145125,0.002487
2018-02-14,0.019349467303603016,0.013496
2018-02-15,0.010540943913261658,0.01276
2018-02-16,-0.002316111575602663,0.000293
2018-02-20,-0.006017969713018371,-0.006261
2018-02-21,-0.0051772562157147645,-0.004974
2018-02-22,-0.0012518969454283632,0.001296
2018-02-23,0.014803698276242852,0.015939
2018-02-26,0.006523909730015774,0.011612
2018-02-27,-0.012374095188876314,-0.012487
2018-02-28,-0.012066184999496571,-0.01013
2018-03-01,-0.011734954256885633,-0.014541
2018-03-02,0.010415412026168162,0.005155
2018-03-05,0.012703490801494422,0.011558
2018-03-06,0.005151682629734157,0.002535
2018-03-07,-0.0022141190702822645,-0.000366
2018-03-08,0.0006224071505701619,0.004839
2018-03-09,0.013953938137011948,0.017402
2018-03-12,-0.0014801717013504787,-0.001255
2018-03-13,-0.005240751810524332,-0.006463
2018-03-14,-0.008071799673438233,-0.005132
2018-03-15,-0.003648703613182869,-0.00109
2018-03-16,0.005473648093204022,0.001079
2018-03-19,-0.01114200230979161,-0.01353
2018-03-20,-0.001151841556111816,0.001701
2018-03-21,0.002809345999155922,-0.001919
2018-03-22,-0.022599894323656895,-0.024997
2018-03-23,-0.01704972709648659,-0.021315
2018-03-26,0.0227576412983202,0.027359
2018-03-27,-0.011934514893857884,-0.017012
2018-03-28,-0.00240938957875958,-0.002955
2018-03-29,0.013140367118779517,0.012778
2018-04-02,-0.022530404208372774,-0.021585
2018-04-03,0.01341216720819058,0.012817
2018-04-04,0.012985384917211483,0.010699
2018-04-05,0.008511312166202606,0.007892
2018-04-06,-0.021019253539686235,-0.022286
2018-04-09,-0.000491884557150423,0.004928
2018-04-10,0.015474290840514129,0.0159
2018-04-11,-0.0022239178944418853,-0.005242
2018-04-12,0.004284744200184983,0.008227
2018-04-13,-0.003985532880292682,-0.002933
2018-04-16,0.010500337283641978,0.008222
2018-04-17,0.005571027136210319,0.010698
2018-04-18,0.0034351541558386403,0.00074
2018-04-19,-0.007618838903403915,-0.005548
2018-04-20,-0.00797426156611796,-0.008479
2018-04-23,0.005699901516910239,-0.00015
2018-04-24,-0.007719095094160766,-0.013467
2018-04-25,0.0032249889014759527,0.002472
2018-04-26,0.00791862582617547,0.010166
2018-04-27,0.0036762391335832265,0.000939
2018-04-30,-0.009297410381189572,-0.007691
2018-05-01,0.00014743595427958945,0.001777
2018-05-02,-0.007893459499976215,-0.006717
2018-05-03,-0.0056438790922880115,-0.002204
2018-05-04,0.013248050580134485,0.012946
2018-05-07,0.0010206403185542413,0.003383
2018-05-08,-0.0004311374219456118,0.0
2018-05-09,0.00829672947777289,0.009666
2018-05-10,0.009393088448126492,0.009351
2018-05-11,-0.00032351728477740776,0.003051
2018-05-14,0.0022320812460209644,0.000476
2018-05-15,-0.0006956518706317861,-0.006887
2018-05-16,0.009817602632722428,0.004205
2018-05-17,0.0019140994249797526,-0.000845
2018-05-18,-0.004026019606503483,-0.0025
2018-05-21,0.008309431057360296,0.007519
2018-05-22,-0.005035293764936193,-0.00278
2018-05-23,0.0007980618490505361,0.002751
2018-05-24,0.0011272100469828718,-0.002049
2018-05-25,-0.0012194504791869056,-0.002383
2018-05-29,-0.010977787658067164,-0.011501
2018-05-30,0.014493047172858303,0.013345
2018-05-31,-0.010347519860293006,-0.006126
2018-06-01,0.008475524640210334,0.009818
2018-06-04,0.003514554140089062,0.004751
2018-06-05,0.005846333076717972,0.000728
2018-06-06,0.008751621564099912,0.008361
2018-06-07,0.002721591726310717,-0.000108
2018-06-08,0.0068003363833082425,0.002956
2018-06-11,0.003725443947401551,0.00133
2018-06-12,0.003370655697045188,0.001292
2018-06-13,-0.005639884421333123,-0.003191
2018-06-14,0.0015255410742443978,0.002518
2018-06-15,6.886648159763837e-05,-0.001272
2018-06-18,0.001648669902769507,-0.002057
2018-06-19,-0.003531919655973485,-0.003833
2018-06-20,0.0051198526338732675,0.001706
2018-06-21,-0.006119167459048765,-0.006269
2018-06-22,0.0029294312697624794,0.001823
2018-06-25,-0.011287843080233763,-0.013613
2018-06-26,0.0020616222511062694,0.002214
2018-06-27,-0.00676145618658974,-0.008284
2018-06-28,0.003631187799468665,0.005718
2018-06-29,-0.0023880091349279316,0.00144
2018-07-02,-0.00016029108889758164,0.002138
2018-07-03,0.0004069306389943192,-0.003531
2018-07-05,0.0067251238483031,0.008158
2018-07-06,0.007776026871631074,0.008458
2018-07-09,0.009624808087115608,0.009004
2018-07-10,0.002320079749914643,0.003598
2018-07-11,-0.00917862810315069,-0.007314
2018-07-12,0.00345954620321186,0.009066
2018-07-13,0.0009741367151120562,0.000787
2018-07-16,-0.003605275308958371,-0.000894
2018-07-17,0.0030080837041408055,0.004045
2018-07-18,0.002617407502282418,0.002104
2018-07-19,0.0015334320190112185,-0.003771
2018-07-20,-0.004333597783152934,-0.001143
2018-07-23,0.0006878986085555138,0.001859
2018-07-24,-0.003366726499898944,0.005032
2018-07-25,0.006663185026956722,0.008523
2018-07-26,0.006940004756581746,-0.002359
2018-07-27,-0.0067407301965449464,-0.006776
2018-07-30,-0.003925757135099895,-0.005224
2018-07-31,0.007715901258720918,0.004929
2018-08-01,-0.010140831717665754,-0.001671
2018-08-02,0.005546860167663405,0.005448
2018-08-03,0.004759598106333061,0.004285
2018-08-06,0.0030670790892950058,0.003667
2018-08-07,0.0008497616838565292,0.003302
2018-08-08,-0.001730857211763074,-0.00042
2018-08-09,0.0007500013786356303,-0.001366
2018-08-10,-0.009326944064462472,-0.0067
2018-08-13,-0.00620155733827292,-0.003743
2018-08-14,0.009943505696259649,0.006381
2018-08-15,-0.009279996223344918,-0.007467
2018-08-16,0.00804328524416106,0.008091
2018-08-17,0.006235780784527575,0.00352
2018-08-20,0.006176689153709849,0.00214
2018-08-21,0.005966791089469534,0.002345
2018-08-22,-0.0026466922170976363,-0.000594
2018-08-23,-0.003601567273485923,-0.001328
2018-08-24,0.0039438099902322655,0.006018
2018-08-27,0.005702885092762171,0.007895
2018-08-28,-0.0007814965453547641,0.000483
2018-08-29,0.004473393929258376,0.005381
2018-08-30,-0.007337998581326171,-0.004048
2018-08-31,0.00040647440824665934,3.4e-05
2018-09-04,-0.0017220627730451636,-0.001722
2018-09-05,0.0015988148321174234,-0.002691
2018-09-06,-0.0035840808180742337,-0.00301
2018-09-07,-0.0030424077028127403,-0.001943
2018-09-10,0.004518682843480052,0.001739
2018-09-11,0.0012633728525577525,0.003297
2018-09-12,0.0026721411815099545,0.000242
2018-09-13,0.003847757888581709,0.005914
2018-09-14,0.002258429682320456,0.000172
2018-09-17,-0.0031445225398022717,-0.005294
2018-09-18,0.005201485454199504,0.005426
2018-09-19,0.0019416565642671312,0.001066
2018-09-20,0.006822039859827416,0.008104
2018-09-21,0.0014445321411556866,-0.000911
2018-09-24,-0.007691354234202325,-0.003322
2018-09-25,-0.003406686771527911,-0.000928
2018-09-26,-0.0034381645756283124,-0.002992
2018-09-27,-8.433740428365281e-05,0.002794
2018-09-28,0.0019562693648992827,0.000103
2018-10-01,-0.0017549731403148717,0.003474
2018-10-02,-0.0035345449467509274,-0.000583
2018-10-03,0.002084724151205652,0.000549
2018-10-04,-0.007488845323057962,-0.007816
2018-10-05,-0.006191088013318194,-0.005597
2018-10-08,0.002607517504005592,0.0
2018-10-09,-0.006261516474755672,-0.001459
2018-10-10,-0.029065347206855704,-0.031663
2018-10-11,-0.02022626211942435,-0.022027
2018-10-12,0.007877053276704325,0.013888
2018-10-15,0.0025147862001338793,-0.005617
2018-10-16,0.019449389960974686,0.021866
2018-10-17,-0.003593482574035913,0.000178
2018-10-18,-0.013977238027475808,-0.014441
2018-10-19,-0.0033392290482381322,-0.000543
2018-10-22,-0.006721640327408959,-0.004489
2018-10-23,-0.0068967964709689125,-0.005091
2018-10-24,-0.02756979194391823,-0.030299
2018-10-25,0.01324006826339941,0.017941
2018-10-26,-0.01559737118404385,-0.017587
2018-10-29,1.6829144368265712e-05,-0.00554
2018-10-30,0.027870597006999773,0.014819
2018-10-31,0.005133854473563043,0.010681
2018-11-01,0.018311374455801065,0.010642
2018-11-02,-0.0025735894071047473,-0.005923
2018-11-05,0.006770105551326683,0.005517
2018-11-06,0.007178518708851536,0.006328
2018-11-07,0.012017708353026362,0.021409
2018-11-08,0.0004619143151811052,-0.001815
2018-11-09,-0.008912734623004286,-0.009768
2018-11-12,-0.014709451671752366,-0.018685
2018-11-13,4.7900691370380886e-05,-0.001871
2018-11-14,-0.00604159258839206,-0.006837
2018-11-15,0.00742657702238538,0.010437
2018-11-16,0.0015729510327285917,0.002601
2018-11-19,-0.013889389803491001,-0.016915
2018-11-20,-0.01934005817222993,-0.018506
2018-11-21,0.0092637132329999,0.003408
2018-11-23,-0.0016690775167975736,-0.006679
2018-11-26,0.015823780806509206,0.016144
2018-11-27,-0.0017490571815698497,0.003364
2018-11-28,0.01807938056136143,0.023025
2018-11-29,-0.0037826423491419585,-0.002185
2018-11-30,0.003003662058973996,0.006095
2018-12-03,0.010252873617877028,0.013241
2018-12-04,-0.03157506949850573,-0.032402
2018-12-06,-0.005201546234376859,-0.001517
2018-12-07,-0.020277453987478104,-0.023236
2018-12-10,-0.0053188911375700275,0.001897
2018-12-11,-0.002327581238323652,0.000227
2018-12-12,0.0056874139190341635,0.005035
2018-12-13,-0.010467844636785727,-0.000339
2018-12-14,-0.01352496951874646,-0.018465
2018-12-17,-0.021782150696358495,-0.019618
2018-12-18,-0.0020741866610526033,-0.001096
2018-12-19,-0.016071301094888756,-0.014976
2018-12-20,-0.017032520503104887,-0.016278
2018-12-21,-0.01896195909591765,-0.020369
2018-12-24,-0.02446799689078818,-0.026423
2018-12-26,0.043965719415087534,0.050525
2018-12-27,0.0071354051513410795,0.007677
2018-12-28,-0.002932086933147585,-0.00129
2018-12-31,0.007196645531245138,0.008759
2019-01-02,0.006452812968319498,0.00104
2019-01-03,-0.01902252355529699,-0.023863
2019-01-04,0.036562334217644585,0.033496
2019-01-07,0.014067961971247477,0.007885
2019-01-08,0.011944258410215142,0.009395
2019-01-09,0.00826666798564264,0.004673
2019-01-10,0.005241013399030135,0.003528
2019-01-11,0.002509226937430558,0.000386
2019-01-14,-0.004234642483225974,-0.006101
2019-01-15,0.005183999985616945,0.011461
2019-01-16,0.0021906514084706753,0.00242
2019-01-17,0.010668232130108174,0.007587
2019-01-18,0.016143552195260022,0.01331
2019-01-22,-0.016384060389551043,-0.013511
2019-01-23,-0.0021442428479122757,0.002092
2019-01-24,0.008919791965650034,0.000531
2019-01-25,0.01269083569102782,0.008461
2019-01-28,-0.003116201840264901,-0.0076
2019-01-29,0.0010077611387795155,-0.001327
2019-01-30,0.00854293574442572,0.015831
2019-01-31,0.004782128687374984,0.008782
2019-02-01,0.002921439201895421,0.000482
2019-02-04,0.004963064485076409,0.007035
2019-02-05,0.005438263909312201,0.004192
2019-02-06,-0.0014287768815209262,-0.001318
2019-02-07,-0.00868494813991781,-0.009533
2019-02-08,0.0028857181284616374,0.001222
2019-02-11,0.003771080436286226,0.000555
2019-02-12,0.01658008149095017,0.012859
2019-02-13,0.004503799431978242,0.003247
2019-02-14,-0.0014419297387372706,-0.002218
2019-02-15,0.008226182315669404,0.010897
2019-02-19,0.003248000515337233,0.001731
2019-02-20,0.003975319902257557,0.002015
2019-02-21,-0.0036427322362961893,-0.003556
2019-02-22,0.0056820145926479776,0.0062
2019-02-25,-8.658645450002236e-05,0.001361
2019-02-26,-0.003380523962650587,-0.000715
2019-02-27,0.001203397020812042,-0.00043
2019-02-28,-0.0035064702630502784,-0.001863
2019-03-01,0.008419763734963982,0.006244
2019-03-04,-0.005321697063601347,-0.003637
2019-03-05,-0.0041098779897878815,-0.00136
2019-03-06,-0.010371636886495374,-0.006057
2019-03-07,-0.008857011531043355,-0.008365
2019-03-08,-0.003794746173742679,-0.002
2019-03-11,0.011885453259690858,0.014501
2019-03-12,0.0026951307918125634,0.003771
2019-03-13,0.004609285054216877,0.006619
2019-03-14,-0.0026707725463647673,-0.00064
2019-03-15,0.0022143055234719526,0.004919
2019-03-18,0.006162800028846388,0.003626
2019-03-19,-0.0030415510862955766,0.000248
2019-03-20,-0.010399577209934424,-0.00301
2019-03-21,0.012630974902142962,0.011295
2019-03-22,-0.024760569644198503,-0.019246
2019-03-25,0.0013597555458097531,-0.000752
2019-03-26,0.009906249823406208,0.007454
2019-03-27,-0.0015964251929078855,-0.005229
2019-03-28,0.0066343476829995845,0.00379
2019-03-29,0.005934444529285131,0.006306
2019-04-01,0.015197855572622095,0.011859
2019-04-02,-0.001383809452843328,0.00049
2019-04-03,0.00452272123120684,0.001574
2019-04-04,0.0073080509688671375,0.002653
2019-04-05,0.007854497470158556,0.00484
2019-04-08,0.0010596536666320198,0.000762
2019-04-09,-0.010525463105618036,-0.005125
2019-04-10,0.007759504064913279,0.003411
2019-04-11,0.0019201159888067964,-0.000278
2019-04-12,0.009665666335343092,0.006766
2019-04-15,-0.0033464798330319757,-0.000655
2019-04-16,0.0024843058636264395,0.000655
2019-04-17,-0.004218278692776649,-0.002447
2019-04-18,0.0017492392877961737,0.001969
2019-04-22,-0.005168368574564165,0.000862
2019-04-23,0.009827261028416374,0.008992
2019-04-24,0.000728631485757772,-0.002219
2019-04-25,-0.008734762463650842,-0.000616
2019-04-26,0.007052388350897174,0.004657
2019-04-29,0.0012897013145365566,0.001568
2019-04-30,-5.0611211518228646e-05,0.00051
2019-05-01,-0.01183209851793608,-0.007516
2019-05-02,-0.0015294973886517374,-0.002159
2019-05-03,0.008760392431567643,0.009788
2019-05-06,-0.006570519388570937,-0.004115
2019-05-07,-0.016326676704136,-0.0167
2019-05-08,-0.0027986190988152785,-0.001389
2019-05-09,-0.001718051682188646,-0.003026
2019-05-10,0.002462842563035444,0.005023
2019-05-13,-0.02971119083894724,-0.02513
2019-05-14,0.011116913637268086,0.009044
2019-05-15,0.002128248966996893,0.005857
2019-05-16,0.004736244872956221,0.009261
2019-05-17,-0.00686114819540869,-0.006465
2019-05-20,-0.00517391167180361,-0.006612
2019-05-21,0.013051570148719495,0.009016
2019-05-22,-0.007782364861255307,-0.003071
2019-05-23,-0.014048446101262118,-0.012219
2019-05-24,0.0015939621569561373,0.002268
2019-05-28,-0.010470788721122611,-0.009301
2019-05-29,-0.0085696881539537,-0.006711
2019-05-30,0.0004890619130453595,0.002731
2019-05-31,-0.013489009177686086,-0.013475
2019-06-03,0.00868931028382188,-0.002543
2019-06-04,0.027443758081218097,0.021707
2019-06-05,0.005893963004605128,0.008662
2019-06-06,0.0033283555680811865,0.006503
2019-06-07,0.006346574478934842,0.010007
2019-06-10,0.002752480558331298,0.004589
2019-06-11,0.0008430471025875079,-0.000242
2019-06-12,-0.0029352419197844074,-0.001765
2019-06-13,0.009858437351113972,0.004126
2019-06-14,-0.004124545197928035,-0.001105
2019-06-17,-0.0013194119256037331,0.00038
2019-06-18,0.011942524817998304,0.010471
2019-06-19,0.0036909281449454055,0.002257
2019-06-20,0.009990549790531296,0.009554
2019-06-21,-0.0028460121218728046,-0.001448
2019-06-24,-0.006381765240779334,-0.001224
2019-06-25,-0.0075494929209389125,-0.009808
2019-06-26,-0.00047943509388564525,-0.000997
2019-06-27,0.008511562794069349,0.003546
2019-06-28,0.011765392795186827,0.005146
2019-07-01,0.006681939125673434,0.009079
2019-07-02,-0.0040435963615867414,0.002604
2019-07-03,0.009832408057259727,0.007995
2019-07-05,0.0008519062402057105,-0.001138
2019-07-08,-0.0063442793958281285,-0.005495
2019-07-09,-0.001371150866424539,0.001247
2019-07-10,-0.0015302611044930028,0.004778
2019-07-11,0.0020800452729726844,0.002344
2019-07-12,0.010448607650080806,0.004477
2019-07-15,-0.002209331538552146,0.000333
2019-07-16,0.00024830531972300213,-0.003458
2019-07-17,-0.011688663505303495,-0.006573
2019-07-18,0.002369068395626368,0.003661
2019-07-19,-0.0025107145352986295,-0.005555
2019-07-22,-0.002368824290668308,0.002456
2019-07-23,0.01016925342716688,0.00715
2019-07-24,0.009647023758379572,0.0047
2019-07-25,-0.007712658472779634,-0.004777
2019-07-26,0.006189825719594353,0.0067
2019-07-29,-0.004256044576313039,-0.001821
2019-07-30,0.00021530173717074918,-0.002455
2019-07-31,-0.00975412936687585,-0.01094
2019-08-01,-0.021769969071158503,-0.008708
2019-08-02,-0.010089911362068278,-0.00753
2019-08-05,-0.02923959808657758,-0.030073
2019-08-06,0.010336538101894653,0.014023
2019-08-07,0.0007837940025343298,0.000591
2019-08-08,0.01813833989215722,0.01962
2019-08-09,-0.014487393917314089,-0.006812
2019-08-12,-0.01559575461577654,-0.012173
2019-08-13,0.013750223194719443,0.015552
2019-08-14,-0.036396878152744096,-0.029568
2019-08-15,-0.005105621783569718,0.002642
2019-08-16,0.016185402827101108,0.014755
2019-08-19,0.01255428731103617,0.012048
2019-08-20,-0.00961175886532535,-0.007663
2019-08-21,0.009065179882250862,0.008135
2019-08-22,0.001094664675695921,-0.000308
2019-08-23,-0.03225184939626771,-0.025687
2019-08-26,0.007647657000277882,0.011058
2019-08-27,-0.008977268832631707,-0.003924
2019-08-28,0.010429509535523603,0.007042
2019-08-29,0.01524851810101952,0.012773
2019-08-30,0.002371847239480835,-0.000444
2019-09-03,-0.009687656506213779,-0.005847
2019-09-04,0.013643093458465745,0.01135
2019-09-05,0.019365225792510515,0.012855
2019-09-06,0.002195214356975251,0.000772
2019-09-09,0.014006362618643485,0.000503
2019-09-10,0.013130201950419423,-0.000235
2019-09-11,0.009674712218822549,0.007111
2019-09-12,-0.0004995920859737907,0.003464
2019-09-13,0.0020297233981970515,-0.000664
2019-09-16,0.0022269234606170545,-0.003089
2019-09-17,-0.005019146578293383,0.002532
2019-09-18,-0.002594281684473761,0.000598
2019-09-19,-0.006067775262013656,-6.6e-05
2019-09-20,-0.00494227089868028,-0.004704
2019-09-23,0.0017953475328252324,-0.000235
2019-09-24,-0.010456443336943727,-0.007847
2019-09-25,0.007517481689632976,0.005915
2019-09-26,-0.0043438182777993765,-0.002083
2019-09-27,-0.0007922471093947092,-0.005387
2019-09-30,0.005599755691982062,0.004638
2019-10-01,-0.016095427361403233,-0.011895
2019-10-02,-0.022427833789943345,-0.017665
2019-10-03,0.007254697040619482,0.008193
2019-10-04,0.010496411091850608,0.013532
2019-10-07,-0.005678899172028618,-0.004315
2019-10-08,-0.021939179308084433,-0.015525
2019-10-09,0.00861198920215346,0.009496
2019-10-10,0.008039993708366933,0.006763
2019-10-11,0.020663910735875226,0.010367
2019-10-14,-0.004843989605009062,-0.001114
2019-10-15,0.010223906546140535,0.0099
2019-10-16,-0.0010369415190581487,-0.001606
2019-10-17,0.003328952027810217,0.002949
2019-10-18,-0.003920409372374285,-0.004377
2019-10-21,0.009673555527992088,0.006779
2019-10-22,0.0054386855773726995,-0.003267
2019-10-23,0.002546054141160237,0.00291
2019-10-24,-0.0018854660058366655,0.001634
2019-10-25,0.00570799674483046,0.004095
2019-10-28,0.0042151302911973675,0.005637
2019-10-29,0.0021705148324968433,-0.000297
2019-10-30,-0.004984900214076764,0.003067
2019-10-31,-0.00533006979520306,-0.002663
2019-11-01,0.018142870754127707,0.009264
2019-11-04,0.007103856554010837,0.004018
2019-11-05,0.004619942962848732,-0.001106
2019-11-06,-0.0037786052572970764,0.000228
2019-11-07,0.006690080707647192,0.003517
2019-11-08,0.0016516381361395883,0.002466
2019-11-11,-0.0013922301056487547,-0.00191
2019-11-12,-0.0019841590921810285,0.002108
2019-11-13,-0.005261135268156214,0.000324
2019-11-14,0.0019005888421297957,0.001456
2019-11-15,0.009401659139411605,0.007236
2019-11-18,-0.0029389398154043675,0.000738
2019-11-19,-0.004018544670188474,-0.000288
2019-11-20,-0.004669380931974993,-0.003719
2019-11-21,-0.0020777844931613044,-0.001609
2019-11-22,0.006738765862415514,0.002224
2019-11-25,0.009587580683770877,0.00775
2019-11-26,0.000220330254712631,0.002266
2019-11-27,0.0051537737974040486,0.004458
2019-11-29,-0.006055739370195396,-0.003709
2019-12-02,-0.007387648787662783,-0.008495
2019-12-03,-0.012073056723792192,-0.006707
2019-12-04,0.008780994623259276,0.00617
2019-12-05,0.0032821850953313417,0.001798
2019-12-06,0.009479961042265329,0.009134
2019-12-09,-0.0024707005452096783,-0.003144
2019-12-10,-0.0021267989530589526,-0.001115
2019-12-11,0.0018859547521041652,0.002839
2019-12-12,0.015219281914937438,0.008619
2019-12-13,-0.0052627438800188905,0.000599
2019-12-16,0.007029041185810548,0.00687
2019-12-17,0.0028207273459809204,0.000219
2019-12-18,0.0034700045334714953,6.3e-05
2019-12-19,0.002699851847599097,0.004099
2019-12-20,0.005993221174425323,0.004363
2019-12-23,0.0006593642765922161,0.001528
2019-12-24,7.07773910518464e-05,3.1e-05
2019-12-26,0.0027827677664342943,0.005323
2019-12-27,-0.003237630877067411,-0.000248
2019-12-30,-0.004187279062869946,-0.005513
2019-12-31,0.005479941198367553,0.002429
2020-01-02,0.001266595203478823,0.009352
2020-01-03,-0.005916593687270731,-0.007572
2020-01-06,0.0005540936906456141,0.003815
2020-01-07,0.0009525863901106173,-0.002812
2020-01-08,0.0016422265533182151,0.00533
2020-01-09,0.0032786402793288537,0.006781
2020-01-10,-0.0036570260371153814,-0.002878
2020-01-13,0.006145290596991507,0.006877
2020-01-14,0.004006093772651434,-0.001525
2020-01-15,0.0008010869658555239,0.00226
2020-01-16,0.010380921026025116,0.008318
2020-01-17,1.2071603589973155e-05,0.003113
2020-01-21,-0.007965787095141714,-0.001958
2020-01-22,-0.002169665467104247,0.000121
2020-01-23,0.0022645921080525753,0.001147
2020-01-24,-0.012085073920934816,-0.008893
2020-01-27,-0.016884103959337097,-0.016029
2020-01-28,0.008772320592658893,0.010479
2020-01-29,-0.0027501405561180894,-0.000826
2020-01-30,0.0020334613648404086,0.003245
2020-01-31,-0.020610041831725403,-0.018158
2020-02-03,0.0051129599433648,0.007429
2020-02-04,0.015983642723516392,0.015241
2020-02-05,0.019938571715248207,0.011548
2020-02-06,-0.0026980651867782508,0.003365
2020-02-07,-0.010970327462119284,-0.00533
2020-02-10,0.001985017307321125,0.007465
2020-02-11,0.004997610817085946,0.001733
2020-02-12,0.008454486041106274,0.006443
2020-02-13,-0.0030786070533830763,-0.001067
2020-02-14,-0.0011848985710835494,0.001602
2020-02-18,-0.004388119077725042,-0.002577
2020-02-19,0.004750933802434943,0.004781
2020-02-20,0.0019175834564475061,-0.004108
2020-02-21,-0.010486197881484744,-0.010298
2020-02-24,-0.03319968401878936,-0.033165
2020-02-25,-0.03698428588280206,-0.030302
2020-02-26,-0.015344856961358984,-0.003678
2020-02-27,-0.0364200116470714,-0.044912
2020-02-28,-0.01166521620365492,-0.004202
2020-03-02,0.03299430398802584,0.043307
2020-03-03,-0.027234440406848248,-0.028633
2020-03-04,0.033681858458064894,0.042033
2020-03-05,-0.03987636769866755,-0.033242
2020-03-06,-0.02413946827116004,-0.016531
2020-03-09,-0.09068921432169832,-0.078095
2020-03-10,0.04680408818964546,0.051745
2020-03-11,-0.05817959961854464,-0.048748
2020-03-12,-0.10444960283285262,-0.095677
2020-03-13,0.07725714936851664,0.085486
2020-03-16,-0.11917842860242266,-0.109424
2020-03-17,0.05164328034499726,0.053992
2020-03-18,-0.07124998568956672,-0.050633
2020-03-19,0.008794064536229934,0.002125
2020-03-20,-0.05180273841640807,-0.042844
2020-03-23,-0.037209518201361,-0.025568
2020-03-24,0.11313835054359993,0.090603
2020-03-25,0.02835557221117322,0.01497
2020-03-26,0.05567701908492124,0.05839
2020-03-27,-0.03926210922794871,-0.029786
2020-03-30,0.021543169876451745,0.032476
2020-03-31,-0.01755049452949199,-0.014905
2020-04-01,-0.06168739037258781,-0.045005
2020-04-02,0.008239364648417104,0.023075
2020-04-03,-0.009170508479325672,-0.014454
2020-04-06,0.09419158465640902,0.067166
2020-04-07,0.03088220419049538,0.001019
2020-04-08,0.05444675452164645,0.033568
2020-04-09,0.03407738254449179,0.015217
2020-04-13,-0.030467336516302353,-0.00913
2020-04-14,0.013937835347918549,0.029493
2020-04-15,-0.04686296344620467,-0.021248
2020-04-16,-0.016807104794443903,0.004824
2020-04-17,0.060266157704737304,0.027015
2020-04-20,-0.025702410773188977,-0.017618
2020-04-21,-0.023357740522050637,-0.030363
2020-04-22,0.014594955497730063,0.022195
2020-04-23,0.020611166359382403,-7.2e-05
2020-04-24,0.014185986676490799,0.013939
2020-04-27,0.03695744574234761,0.014418
2020-04-28,0.030031404923433876,-0.004598
2020-04-29,0.05448595532330773,0.026179
2020-04-30,-0.036337952962648135,-0.009311
2020-05-01,-0.04978655019203002,-0.026473
2020-05-04,0.0056479096647115475,0.002758
2020-05-05,-0.004978938427569062,0.009239
2020-05-06,-0.017124487369930615,-0.006779
2020-05-07,0.019410246605222965,0.012067
2020-05-08,0.040987911867906054,0.016546
2020-05-11,-0.02363332016080639,0.000205
2020-05-12,-0.028505049272629795,-0.019932
2020-05-13,-0.0426054203747792,-0.017686
2020-05-14,0.016542191122646273,0.011967
2020-05-15,0.0038870712458159784,0.004597
2020-05-18,0.07105275632072798,0.03046
2020-05-19,-0.02128368858862879,-0.010271
2020-05-20,0.023290274744083402,0.016988
2020-05-21,0.0020145418689671273,-0.006904
2020-05-22,-0.0026662524200471915,0.001899
2020-05-26,0.05054905558092861,0.012321
2020-05-27,0.03545964863110146,0.014879
2020-05-28,-0.027371093308666293,-0.001845
2020-05-29,-0.01791064985405983,0.004456
2020-06-01,0.023076309781399802,0.004042
2020-06-02,0.01956723449609293,0.00828
2020-06-03,0.0438185519023994,0.013308
2020-06-04,0.015486294444932573,-0.002627
2020-06-05,0.054200905356360095,0.02563
2020-06-08,0.04417930765949957,0.012088
2020-06-09,-0.041484120996605964,-0.007457
2020-06-10,-0.04376479693147323,-0.00558
2020-06-11,-0.08788107810690206,-0.057649
2020-06-12,0.03101420977961595,0.011976
2020-06-15,0.010265627309803526,0.009336
2020-06-16,0.02628780922183315,0.019248
2020-06-17,-0.02196055975453278,-0.004154
2020-06-18,4.8017343305545346e-05,0.000385
2020-06-19,-0.015159573627835276,-0.005689
2020-06-22,0.0016559218761805145,0.006415
2020-06-23,0.003510647688969124,0.004604
2020-06-24,-0.04658215254153144,-0.025509
2020-06-25,0.011916704851828401,0.010721
2020-06-26,-0.026809170108201386,-0.023752
2020-06-29,0.03058497338998153,0.014698
2020-06-30,0.012829632690018635,0.01281
2020-07-01,-0.009894261947667193,0.007005
2020-07-02,0.008420444754935762,0.005507
2020-07-06,0.013081243187606556,0.015437
2020-07-07,-0.022827214980127866,-0.010314
2020-07-08,0.0025866654496813747,0.007649
2020-07-09,-0.02553236588585357,-0.005693
2020-07-10,0.02444503925194724,0.010211
2020-07-13,-0.0012106482725760185,-0.008659
2020-07-14,0.017242824296779313,0.012959
2020-07-15,0.03785838370010774,0.009187
2020-07-16,0.0003303913314449816,-0.003293
2020-07-17,-0.002846552899610539,0.002899
2020-07-20,-0.010585138704698014,0.008082
2020-07-21,0.01881018758766811,0.002128
2020-07-22,0.005276995825622613,0.005692
2020-07-23,0.004885590626503604,-0.011932
2020-07-24,-0.008173470294590892,-0.00644
2020-07-27,0.0031101099894553326,0.007292
2020-07-28,-0.009382889912503129,-0.006342
2020-07-29,0.022629728191276375,0.012299
2020-07-30,-0.010653460361010262,-0.003568
2020-07-31,-0.006805021865348641,0.007902
2020-08-03,0.0018425749971510551,0.006952
2020-08-04,0.00541222554194326,0.003863
2020-08-05,0.014835896138523662,0.006211
2020-08-06,-0.003187715431760762,0.006685
2020-08-07,0.014868157611024268,0.000718
2020-08-10,0.021754699423407672,0.002989
2020-08-11,0.0020721844934256536,-0.008255
2020-08-12,0.001961421615045812,0.013942
2020-08-13,-0.0059220509759935055,-0.001808
2020-08-14,0.0053214020922597,3e-05
2020-08-17,-0.003955588327957035,0.003177
2020-08-18,-0.009565548548459679,0.00216
2020-08-19,-0.003954764768931422,-0.004164
2020-08-20,-0.010306319489512846,0.003114
2020-08-21,-0.0037536381569131163,0.003547
2020-08-24,0.02356169631879416,0.010133
2020-08-25,-0.0010972528410888112,0.003499
2020-08-26,-0.00565413675325113,0.010026
2020-08-27,0.00579287923838241,0.002187
2020-08-28,0.010684390365046847,0.006459
2020-08-31,-0.013192874489777347,-0.003623
2020-09-01,0.006189345696942828,0.009419
2020-09-02,0.016965925943538282,0.014464
2020-09-03,-0.019775522209236465,-0.034414
2020-09-04,0.0018812161152358166,-0.008165
2020-09-08,-0.01828482804258442,-0.027323
2020-09-09,0.00855187983129626,0.019747
2020-09-10,-0.012187107094358515,-0.017364
2020-09-11,0.006870547774999547,0.000509
2020-09-14,0.020265044566782603,0.013171
2020-09-15,-0.002385164436914733,0.005052
2020-09-16,0.013049601374409126,-0.003969
2020-09-17,-0.0033011980354006867,-0.008795
2020-09-18,-0.013321249719515262,-0.011466
2020-09-21,-0.034596312216724164,-0.01113
2020-09-22,0.004922729555905193,0.010184
2020-09-23,-0.02040258821876404,-0.023191
2020-09-24,-0.0015336656937614379,0.002665
2020-09-25,0.009695220373631271,0.016167
2020-09-28,0.021572232160382256,0.016609
2020-09-29,-0.012643775876886096,-0.005446
2020-09-30,0.006848859424599038,0.007582
2020-10-01,0.0004541378621378351,0.00642
2020-10-02,0.011083488764933922,-0.009494
2020-10-05,0.021874464952106955,0.017733
2020-10-06,-0.013103240291336894,-0.014216
2020-10-07,0.02122934855903883,0.017407
2020-10-08,0.019184828738430016,0.008863
2020-10-09,-0.0027151732443248633,0.00893
2020-10-12,0.00492227449859062,0.016088
2020-10-13,-0.01277528260023826,-0.006526
2020-10-14,-0.0006002912886480873,-0.006283
2020-10-15,0.007966364113726457,-0.001236
2020-10-16,-0.003474555339631175,-0.000604
2020-10-19,-0.01153284548398744,-0.015203
2020-10-20,0.00820270036120236,0.004006
2020-10-21,-0.0030304700416696937,-0.001893
2020-10-22,0.02159221150090256,0.005485
2020-10-23,0.006139477001041693,0.003395
2020-10-26,-0.02730139817180829,-0.01848
2020-10-27,-0.01511724781316841,-0.003447
2020-10-28,-0.033482914848762556,-0.034179
2020-10-29,0.014794286291578791,0.010164
2020-10-30,0.0024744342217505773,-0.010425
2020-11-02,0.028742599945484823,0.011208
2020-11-03,0.018850336886248514,0.017656
2020-11-04,-0.010973069196555562,0.022349
2020-11-05,0.022527384014960752,0.019503
2020-11-06,-0.009347413022775967,-0.000228
2020-11-09,0.0661605838653333,0.012566
2020-11-10,0.0076612005681063015,-0.001467
2020-11-11,-0.008280177269846725,0.007429
2020-11-12,-0.02033814357015097,-0.009701
2020-11-13,0.030418583485006288,0.013845
2020-11-16,0.02965215049248245,0.012483
2020-11-17,0.0017967854960477365,-0.005378
2020-11-18,-0.00969468308982827,-0.012035
2020-11-19,0.006324647260493836,0.00421
2020-11-20,-0.005528937451124486,-0.006848
2020-11-23,0.02513120308818665,0.005994
2020-11-24,0.030521915981125147,0.016114
2020-11-25,-0.010849402288129254,-0.001542
2020-11-27,-0.004250215597632114,0.002785
2020-11-30,-0.01915791841207835,-0.004427
2020-12-01,0.011528723659037622,0.010937
2020-12-02,0.0063856549521317555,0.002104
2020-12-03,0.011435714919683867,-0.000273
2020-12-04,0.02209174481535692,0.008618
2020-12-07,-0.006777110843626161,-0.002055
2020-12-08,0.0038647448773345898,0.002926
2020-12-09,0.0008547370707527453,-0.008969
2020-12-10,0.006112290402599898,-0.000327
2020-12-11,-0.009241662361606402,-0.001173
2020-12-14,-0.012800397103275745,-0.004477
2020-12-15,0.018235279460749876,0.013519
2020-12-16,-0.005473316248005618,0.001569
2020-12-17,0.004742258875238161,0.005592
2020-12-18,-0.005260348176472092,-0.003976
2020-12-21,-0.007824708543311128,-0.003576
2020-12-22,-0.007723810653252691,-0.001685
2020-12-23,0.01591443315229135,0.000899
2020-12-24,-0.0005470525233174174,0.00389
2020-12-28,0.0028835862222004694,0.008591
2020-12-29,-0.0076808265752560554,-0.001908
2020-12-30,0.012368211032679767,0.001427
2020-12-31,0.003164615881633124,0.005081
2021-01-04,-0.011093741403157458,-0.013614
2021-01-05,0.014856132832011822,0.006887
2021-01-06,0.032261183528667484,0.005979
2021-01-07,0.00939052133603471,0.014858
2021-01-08,-0.002442133451179605,0.005698
2021-01-11,0.0020142769365473997,-0.006741
2021-01-12,0.015887903722662477,0.000211
2021-01-13,-0.00770458215074217,0.002693
2021-01-14,0.008590527854964482,-0.003502
2021-01-15,-0.01069413778241727,-0.007293
2021-01-19,0.0037055618706359535,0.007852
2021-01-20,0.004443714214317963,0.013839
2021-01-21,-0.005816742495571103,0.000912
2021-01-22,-0.003339623758368078,-0.003539
2021-01-25,-0.0016579563586591431,0.003944
2021-01-26,-0.004757319364269521,-0.001561
2021-01-27,-0.021230462558271487,-0.024441
2021-01-28,0.006072828830330934,0.0086
2021-01-29,-0.01864969265675602,-0.02002
2021-02-01,0.012677054143510816,0.016646
2021-02-02,0.01210885045088889,0.01414
2021-02-03,0.008468702851839307,0.000786
2021-02-04,0.014273275734651713,0.011366
2021-02-05,0.00709926145676494,0.003936
2021-02-08,0.016287753881685754,0.007222
2021-02-09,0.0007143750377007177,-0.000666
2021-02-10,0.006306519299784371,-0.000436
2021-02-11,-0.0007632220484958426,0.001615
2021-02-12,0.007115480807236396,0.00494
2021-02-16,0.002692662761555283,-0.000866
2021-02-17,-0.00019118606946641185,0.000229
2021-02-18,-0.008776536918549892,-0.004256
2021-02-19,0.013709623599504112,-0.001766
2021-02-22,0.008291074016005031,-0.007692
2021-02-23,0.003519432838963772,0.001214
2021-02-24,0.016096350619704925,0.011019
2021-02-25,-0.023628010068161363,-0.024096
2021-02-26,-0.005468583397442039,-0.005153
2021-03-01,0.02510432689678265,0.02424
2021-03-02,-0.002832941742072918,-0.007803
2021-03-03,0.0017495524978025972,-0.013246
2021-03-04,-0.010764230030707915,-0.012375
2021-03-05,0.028563940235800857,0.018397
2021-03-08,0.011607886836176062,-0.004979
2021-03-09,-0.008881213624726256,0.014278
2021-03-10,0.014098716607874371,0.006225
2021-03-11,0.006055058602288825,0.010139
2021-03-12,0.009627784460884614,0.001347
2021-03-15,0.010230443059934485,0.005964
2021-03-16,-0.013048970921604983,-0.001261
2021-03-17,0.004591542683866522,0.00341
2021-03-18,-0.007716027174409893,-0.01455
2021-03-19,0.00014660965143217198,-0.001845
2021-03-22,-0.005148985077230195,0.007985
2021-03-23,-0.024216787679655818,-0.007871
2021-03-24,-0.005987585923326364,-0.005083
2021-03-25,0.015031917225127684,0.005626
2021-03-26,0.009638866026415194,0.016115
2021-03-29,-0.010627771806524581,-0.000505
2021-03-30,0.007317633291063227,-0.002653
2021-03-31,-0.0025705961313159864,0.004053
2021-04-01,0.010307470198708351,0.010799
2021-04-05,0.00783192961249694,0.014353
2021-04-06,0.0022377057687240957,-0.000591
2021-04-07,-0.005040678588481124,0.001157
2021-04-08,0.0004356684048568511,0.004747
2021-04-09,0.006060984712782323,0.00727
2021-04-12,0.0026322955647210575,0.000365
2021-04-13,-0.005042421560672063,0.002964
2021-04-14,0.003984315309681354,-0.003415
2021-04-15,0.0055758883513807875,0.010743
2021-04-16,0.004197244859753634,0.003342
2021-04-19,-0.004922025032247408,-0.004913
2021-04-20,-0.010153136105675982,-0.007322
2021-04-21,0.016501451669775864,0.009462
2021-04-22,-0.005169734794314076,-0.009133
2021-04-23,0.011575714908307343,0.010842
2021-04-26,0.0026453823854687155,0.002088
2021-04-27,0.0028099371344096928,-0.000216
2021-04-28,0.0017757258641243957,-0.000287
2021-04-29,0.007828523001323097,0.006373
2021-04-30,-0.009288770227756454,-0.006571
2021-05-03,0.007763171170779526,0.002157
2021-05-04,-0.0004379657184877854,-0.006169
2021-05-05,0.007341276538019278,0.000313
2021-05-06,0.0035316935811867227,0.007986
2021-05-07,0.011718160735520405,0.007278
2021-05-10,-0.0036469084128562214,-0.009902
2021-05-11,-0.013295906456231344,-0.008925
2021-05-12,-0.02327493138533445,-0.021245
2021-05-13,0.01396514070863191,0.012013
2021-05-14,0.017008924814406277,0.015355
2021-05-17,0.0013643496426097687,-0.002545
2021-05-18,-0.011034474580886197,-0.008616
2021-05-19,-0.00851996050859757,-0.002622
2021-05-20,0.0036815651916155714,0.010758
2021-05-21,0.0014578314991984009,-0.000819
2021-05-24,0.004081358644029667,0.010194
2021-05-25,-0.007334914921908867,-0.002219
2021-05-26,0.0065208676711997595,0.001985
2021-05-27,0.008029242882325378,0.000525
2021-05-28,-0.0006303765534872698,0.001789
2021-06-01,0.006443893618527873,-0.000881
2021-06-02,-0.00048077028600914415,0.001573
2021-06-03,-0.0016200339674907985,-0.003711
2021-06-04,0.003686037581705842,0.009146
2021-06-07,-0.0025687301723715554,-0.00097
2021-06-08,0.0031323565341256575,0.000213
2021-06-09,-0.007014814380503812,-0.001492
2021-06-10,-0.0018337537031732016,0.004648
2021-06-11,0.0055605237344368095,0.001652
2021-06-14,-0.00762291790132568,0.002239
2021-06-15,0.0028879201501689914,-0.001834
2021-06-16,-0.006216869844960403,-0.005583
2021-06-17,-0.017405529993895937,-0.000332
2021-06-18,-0.017518910723399426,-0.013447
2021-06-21,0.021932405191228608,0.014316
2021-06-22,0.0008852530460364284,0.005346
2021-06-23,-0.001750621793623548,-0.001205
2021-06-24,0.007539558356612706,0.005916
2021-06-25,0.009036030390816581,0.003552
2021-06-28,-0.008543131620093708,0.002016
2021-06-29,-0.001517886082734664,0.000538
2021-06-30,0.004403221517935192,0.000842
2021-07-01,0.009058202686599147,0.005537
2021-07-02,3.7815451149468975e-05,0.007644
2021-07-06,-0.012739519782397707,-0.001821
2021-07-07,0.0001369317830967456,0.003534
2021-07-08,-0.011361918203004275,-0.008148
2021-07-09,0.018995157507156427,0.010675
2021-07-12,0.001573978443451751,0.003582
2021-07-13,-0.012244550954213992,-0.003409
2021-07-14,-0.003041833102052732,0.001492
2021-07-15,-0.004023842341082801,-0.003416
2021-07-16,-0.010752034269860192,-0.007844
2021-07-19,-0.019724303612967346,-0.014768
2021-07-20,0.020788303024043105,0.01433
2021-07-21,0.011801748785190727,0.008096
2021-07-22,-0.0047776882544030815,0.002094
2021-07-23,0.008002290998354733,0.010288
2021-07-26,0.006032736755539822,0.002455
2021-07-27,-0.003053757968749486,-0.004558
2021-07-28,0.0006043136877914219,-0.00041
2021-07-29,0.007525039012656322,0.004147
2021-07-30,-0.0031916025188769605,-0.004856
2021-08-02,-0.0003527446343031371,-0.002098
2021-08-03,0.00873830295940948,0.008135
2021-08-04,-0.010146895122312885,-0.004919
2021-08-05,0.009948535150561561,0.006333
2021-08-06,0.005629271763696748,0.001652
2021-08-09,-0.0027442808006005455,-0.000814
2021-08-10,0.007942514003458103,0.001244
2021-08-11,0.008464740714350875,0.002485
2021-08-12,-0.0003110251345536679,0.002997
2021-08-13,-0.002514388853151369,0.00182
2021-08-16,-0.0019058381003903366,0.002355
2021-08-17,-0.011355781228625196,-0.006555
2021-08-18,-0.010995900151446485,-0.010945
2021-08-19,-0.0057758658422902955,0.001548
2021-08-20,0.008573150270190153,0.007957
2021-08-23,0.008492526876131069,0.008797
2021-08-24,0.007580682195427266,0.001587
2021-08-25,0.007131217876524548,0.002098
2021-08-26,-0.009435304019949079,-0.005903
2021-08-27,0.012660391805163087,0.008941
2021-08-30,-0.00443917485979867,0.004398
2021-08-31,-0.00010895527148376253,-0.001482
2021-09-01,0.000858869606006095,0.000531
2021-09-02,0.008537189727206683,0.003077
2021-09-03,-0.005031048944910876,-0.000243
2021-09-07,-0.009341806441700398,-0.003576
2021-09-08,-0.0027632137952897018,-0.001218
2021-09-09,0.0005733259389710544,-0.00428
2021-09-10,-0.00853320386525976,-0.007885
2021-09-13,0.004184009655179984,0.002559
2021-09-14,-0.009465377306115092,-0.005397
2021-09-15,0.009988495345500857,0.008353
2021-09-16,-0.0023697280115911297,-0.001585
2021-09-17,-0.008723398498430178,-0.00971
2021-09-20,-0.01654339262258566,-0.016674
2021-09-21,-0.0050135192582281855,-0.000945
2021-09-22,0.01265067855046859,0.009755
2021-09-23,0.01689096331190515,0.01215
2021-09-24,0.002898605132766326,0.001647
2021-09-27,0.00652516241125598,-0.002861
2021-09-28,-0.01327424133413581,-0.020152
2021-09-29,0.0013920587510150627,0.001683
2021-09-30,-0.01873382542620465,-0.012222
2021-10-01,0.014799677803226304,0.011884
2021-10-04,-0.004490207556618648,-0.012896
2021-10-05,0.00754752409584226,0.010405
2021-10-06,-0.0023685262027553946,0.004156
2021-10-07,0.009892125633733607,0.008646
2021-10-08,-0.0036584106187973523,-0.001824
2021-10-11,-0.006455133212125858,-0.00724
2021-10-12,0.0004954136648643632,-0.002462
2021-10-13,0.0008697257774987914,0.003598
2021-10-14,0.016863675098639407,0.016821
2021-10-15,0.0011480610175096365,0.007616
2021-10-18,0.0006095156312830086,0.002961
2021-10-19,0.004518511982317227,0.007715
2021-10-20,0.008746831552026739,0.003928
2021-10-21,0.0009055777986716174,0.002608
2021-10-22,0.0019538999935364686,-0.001036
2021-10-25,0.0020121405931377723,0.005363
2021-10-26,-0.0042949444469875175,0.0009
2021-10-27,-0.014655405685989983,-0.00443
2021-10-28,0.012229393240900615,0.009649
2021-10-29,-0.003982557668550951,0.002029
2021-11-01,0.012316404899527112,0.00172
2021-11-02,0.004029337829789342,0.004043
2021-11-03,0.009466270254177001,0.006105
2021-11-04,-0.0050476786921871365,0.004713
2021-11-05,0.0077604248078594566,0.00347
2021-11-08,0.0005490710927071338,0.000854
2021-11-09,0.00048774608378094827,-0.003305
2021-11-10,-0.00572411326525652,-0.008045
2021-11-11,0.004701794270676519,0.000324
2021-11-12,0.004312052669477746,0.007547
2021-11-15,0.0024202963499326833,0.000342
2021-11-16,0.0023239710751138272,0.003958
2021-11-17,-0.007252419310732728,-0.002429
2021-11-18,-0.005824296417597137,0.003396
2021-11-19,-0.0076006067395933555,-0.001788
2021-11-22,0.003236009957659838,-0.002815
2021-11-23,0.002677662672709888,0.001326
2021-11-24,-0.002754122223688094,0.00267
2021-11-26,-0.026477732642496546,-0.022303
2021-11-29,0.005760618515942455,0.012267
2021-11-30,-0.026917332211649936,-0.019458
2021-12-01,-0.014973498502633551,-0.011107
2021-12-02,0.025688895318616137,0.015316
2021-12-03,-0.003838162150336199,-0.008701
2021-12-06,0.01639768566863824,0.011843
2021-12-07,0.015326895099871621,0.020685
2021-12-08,0.0032293063965438042,0.002648
2021-12-09,-0.007991567517754705,-0.006752
2021-12-10,0.004500285242998431,0.009414
2021-12-13,-0.009892926303648408,-0.008858
2021-12-14,-0.005447994969734471,-0.00688
2021-12-15,0.010368116146142947,0.015625
2021-12-16,-0.0018166731138121613,-0.008819
2021-12-17,-0.011005360466733175,-0.010598
2021-12-20,-0.016092739475386537,-0.010633
2021-12-21,0.02201787966370176,0.017759
2021-12-22,0.006303621292115742,0.009999
2021-12-23,0.008144078851049317,0.006222
2021-12-27,0.01303746137332632,0.014152
2021-12-28,0.002490530478684104,-0.000817
2021-12-29,0.003071854989134947,0.001279
2021-12-30,-0.0014305225357240596,-0.002765
2021-12-31,0.0008448652571643114,-0.00252
2022-01-03,0.004288047302672593,0.00579
2022-01-04,0.011558725782960572,-0.000335
2022-01-05,-0.015558640998896861,-0.019202
2022-01-06,0.0038984376171701746,-0.000939
2022-01-07,0.0030500075506555125,-0.003954
2022-01-10,-0.008498665223064517,-0.001244
2022-01-11,0.010073271929781545,0.009108
2022-01-12,0.00027833087104470677,0.002704
2022-01-13,-0.0010172872761114648,-0.013779
2022-01-14,0.0010018515925444618,0.000409
2022-01-18,-0.01758534845842207,-0.01771
2022-01-19,-0.010661012944563108,-0.010384
2022-01-20,-0.015422817058306938,-0.011068
2022-01-21,-0.015321505166470193,-0.019631
2022-01-24,0.010623685145745743,0.004247
2022-01-25,-0.00839544894586721,-0.012209
2022-01-26,-0.009983580375050316,-0.002509
2022-01-27,-0.004908466132245358,-0.004938
2022-01-28,0.01679445327648486,0.024835
2022-01-31,0.015971652257994563,0.018011
2022-02-01,0.008039715942735656,0.006757
2022-02-02,0.006381365920905256,0.009714
2022-02-03,-0.009426886717208406,-0.023505
2022-02-04,0.00038295014299836435,0.004702
2022-02-07,0.0021290501807453618,-0.003209
2022-02-08,0.012050316666012105,0.008228
2022-02-09,0.019394578500988253,0.014636
2022-02-10,-0.013561733006618953,-0.017966
2022-02-11,-0.013467397226398852,-0.019719
2022-02-14,-0.009881228862330529,-0.003269
2022-02-15,0.016744191030746626,0.016127
2022-02-16,0.002325543075941328,0.001121
2022-02-17,-0.01663876995709037,-0.021361
2022-02-18,-0.0041483885047414685,-0.006475
2022-02-22,-0.011558231594663754,-0.010732
2022-02-23,-0.01474542187541704,-0.017739
2022-02-24,0.008583789510033843,0.015049
2022-02-25,0.031194599594219146,0.022064
2022-02-28,-0.004550316416586129,-0.002559
2022-03-01,-0.02222233324145792,-0.01523
2022-03-02,0.02422468080350313,0.018396
2022-03-03,-0.004816705244186842,-0.004978
2022-03-04,-0.01240774440812276,-0.008125
2022-03-07,-0.032554465079689135,-0.029479
2022-03-08,-0.0035368293158268113,-0.007582
2022-03-09,0.020363350434735607,0.026811
2022-03-10,-0.0019025457461813227,-0.004516
2022-03-11,-0.010755026631816173,-0.012715
2022-03-14,-0.004446659936975385,-0.007308
2022-03-15,0.01608133924459785,0.02199
2022-03-16,0.02112173028102131,0.022174
2022-03-17,0.012224738589056192,0.012511
2022-03-18,0.007113902581034729,0.010919
2022-03-21,-0.0006962904651132374,-0.000292
2022-03-22,0.006836590768575916,0.011701
2022-03-23,-0.011719657039503601,-0.012878
2022-03-24,0.011383919963449656,0.015074
2022-03-25,0.009715950648202241,0.004884
2022-03-28,-0.003346301709786882,0.007113
2022-03-29,0.014483732488800865,0.012371
2022-03-30,-0.008311723208038043,-0.006175
2022-03-31,-0.014703485248984212,-0.015391
2022-04-01,0.001651912359286879,0.002834
2022-04-04,0.005375789531870272,0.008567
2022-04-05,-0.013112150324933399,-0.012631
2022-04-06,-0.008185476060229404,-0.009999
2022-04-07,0.0014981707262200546,0.005039
2022-04-08,0.003985357207502663,-0.002674
2022-04-11,-0.005971963044170527,-0.017092
2022-04-12,-0.0029692871368041645,-0.003705
2022-04-13,0.01238335629619808,0.011454
2022-04-14,-0.006076606736759027,-0.012452
2022-04-18,-0.0022670190729744788,0.000411
2022-04-19,0.019468259707292115,0.016143
2022-04-20,0.006989174843268681,-0.000742
2022-04-21,-0.014130939938719278,-0.014954
2022-04-22,-0.02745652470517506,-0.027439
2022-04-25,0.003886261505042428,0.005798
2022-04-26,-0.025811308982636803,-0.028961
2022-04-27,0.001143005306308706,0.002812
2022-04-28,0.01684937979138712,0.025259
2022-04-29,-0.025126263520151532,-0.036956
2022-05-02,0.0055446842456851496,0.006019
2022-05-03,0.009319457285276066,0.004584
2022-05-04,0.02682277185245967,0.030453
2022-05-05,-0.03191610866493544,-0.035543
2022-05-06,-0.018151603422405446,-0.005969
2022-05-09,-0.024558038400311212,-0.032017
2022-05-10,-0.003932200647123793,0.002311
2022-05-11,-0.016629499359431855,-0.015886
2022-05-12,0.007812057905873,-0.001044
2022-05-13,0.02310135183346641,0.023908
2022-05-16,-0.00431916936942823,-0.004058
2022-05-17,0.02342301641173755,0.02057
2022-05-18,-0.03796166948817791,-0.040312
2022-05-19,-0.004315128025214655,-0.006125
2022-05-20,0.0008140254992365429,0.000437
2022-05-23,0.010445462430075405,0.01871
2022-05-24,-0.010475589863670916,-0.007634
2022-05-25,0.014472690297995127,0.008835
2022-05-26,0.024919923494034324,0.019981
2022-05-27,0.021448040111849385,0.024549
2022-05-31,-0.00762877800570038,-0.005611
2022-06-01,-0.011495651372469,-0.008089
2022-06-02,0.018213108497384892,0.019044
2022-06-03,-0.010458998368531617,-0.016412
2022-06-06,0.004754181519418933,0.003045
2022-06-07,0.008112563706052558,0.009592
2022-06-08,-0.013805842403466589,-0.010872
2022-06-09,-0.019804117238580898,-0.023783
2022-06-10,-0.0287483414109418,-0.028996
2022-06-13,-0.041608296776682915,-0.037968
2022-06-14,-0.005626857562569514,-0.003013
2022-06-15,0.009737881552749746,0.014256
2022-06-16,-0.03885880880981676,-0.033096
2022-06-17,0.005407436799654736,0.002146
2022-06-21,0.01386587081274439,0.025174
2022-06-22,-0.0008929983955218322,-0.001813
2022-06-23,0.009880334893118336,0.009803
2022-06-24,0.030939142717272217,0.031794
2022-06-27,0.0007526313264234311,-0.00382
2022-06-28,-0.014910902391691154,-0.020433
2022-06-29,-0.006582286403496455,-0.000814
2022-06-30,-0.006939451141746781,-0.008124
2022-07-01,0.014154956543511506,0.010577
2022-07-05,2.7120741020224133e-05,0.001889
2022-07-06,-0.0023314133851250617,0.003377
2022-07-07,0.01718370978934817,0.014977
2022-07-08,-0.004509725256909148,-0.000823
2022-07-11,-0.011734635231530167,-0.011424
2022-07-12,-0.0018856986388699078,-0.008849
2022-07-13,-0.0050580749402311,-0.005252
2022-07-14,-0.010863779355108502,-0.002428
2022-07-15,0.019781708688365002,0.019105
2022-07-18,-0.0024586345955492756,-0.008257
2022-07-19,0.032192562345316894,0.027019
2022-07-20,0.009952547554806686,0.006373
2022-07-21,0.007957617096369203,0.010183
2022-07-22,-0.007377567585915043,-0.009278
2022-07-25,0.0025340344171919625,0.001215
2022-07-26,-0.010923338126749426,-0.011831
2022-07-27,0.022110620852926036,0.025966
2022-07-28,0.014916690378272346,0.012542
2022-07-29,0.007257165163892986,0.014579
2022-08-01,-0.000143789318049116,-0.002961
2022-08-02,-0.008103167025323333,-0.006597
2022-08-03,0.01088817715211886,0.01566
2022-08-04,-0.003358252621445208,-0.000676
2022-08-05,-9.049786069704446e-05,-0.00169
2022-08-08,0.005610605729018138,-0.001161
2022-08-09,-0.009043258168977747,-0.003971
2022-08-10,0.02403533655829893,0.021004
2022-08-11,0.00725043118364833,0.0
2022-08-12,0.01577232638891244,0.016929
2022-08-15,0.0002580123042478343,0.004121
2022-08-16,0.004055410145328477,0.001959
2022-08-17,-0.013376386305420006,-0.007098
2022-08-18,0.0040136996974881305,0.002906
2022-08-19,-0.015435980051221217,-0.013438
2022-08-22,-0.02433996677863408,-0.020823
2022-08-23,0.0006407104510852104,-0.002419
2022-08-24,0.005180567811630555,0.003201
2022-08-25,0.01715306350500444,0.014118
2022-08-26,-0.034209217059856585,-0.033849
2022-08-29,-0.005515285898958296,-0.006612
2022-08-30,-0.009331534880890235,-0.010978
2022-08-31,-0.009007072437532298,-0.007609
2022-09-01,-0.0002933992686954773,0.003138
2022-09-02,-0.006055697827661407,-0.010544
2022-09-06,-0.005496629546439465,-0.003773
2022-09-07,0.02504685428149094,0.017965
2022-09-08,0.009342739559864383,0.006536
2022-09-09,0.016453518039870066,0.015535
2022-09-12,0.010063854174295693,0.010748
2022-09-13,-0.04217372390266244,-0.043483
2022-09-14,-0.0017772621698271913,0.003816
2022-09-15,-0.004568939259094653,-0.011353
2022-09-16,-0.014806616290258739,-0.007597
2022-09-19,0.010912705575395316,0.007755
2022-09-20,-0.017593055841127882,-0.011479
2022-09-21,-0.01659993515358589,-0.017444
2022-09-22,-0.021069169471387594,-0.0084
2022-09-23,-0.01784574283450222,-0.016755
2022-09-26,-0.01546616478762146,-0.009893
2022-09-27,-0.002048669031581457,-0.002553
2022-09-28,0.02574466837903489,0.019676
2022-09-29,-0.02126323052707603,-0.020889
2022-09-30,-0.010335046801796598,-0.015464
2022-10-03,0.0312593001029374,0.026401
2022-10-04,0.038988436968769975,0.030987
2022-10-05,-0.004150712159892783,-0.002328
2022-10-06,-0.010822664503736876,-0.010316
2022-10-07,-0.02491979825856511,-0.027894
2022-10-10,-0.00785804843960756,-0.007635
2022-10-11,-0.005698545170340252,-0.006333
2022-10-12,-0.004881046559513624,-0.003298
2022-10-13,0.022740920827547997,0.026391
2022-10-14,-0.021658247976248973,-0.022789
2022-10-17,0.02210431851907731,0.025697
2022-10-18,0.01488866930189038,0.01175
2022-10-19,-0.014939288518138059,-0.007086
2022-10-20,-0.01353194401108507,-0.008385
2022-10-21,0.02176352884744424,0.024302
2022-10-24,0.009289587525628612,0.012237
2022-10-25,0.022695558891258467,0.015969
2022-10-26,0.0013312103579711813,-0.007534
2022-10-27,-0.0013610193968862227,-0.00534
2022-10-28,0.01761662313463971,0.023791
2022-10-31,-0.005290234088782867,-0.007223
2022-11-01,0.00458454477569187,-0.004376
2022-11-02,-0.02641285195531249,-0.025096
2022-11-03,-0.009325633576291419,-0.010297
2022-11-04,0.01631851922140667,0.014393
2022-11-07,0.008782239217528938,0.009566
2022-11-08,0.0063009389623207845,0.005395
2022-11-09,-0.01861469843038032,-0.020602
2022-11-10,0.06032690444112444,0.054954
2022-11-11,0.01788916229202558,0.009679
2022-11-14,-0.014566639673329863,-0.008507
2022-11-15,0.010029855633346185,0.008529
2022-11-16,-0.015578322510033927,-0.007629
2022-11-17,-0.006108076165922437,-0.00306
2022-11-18,0.007448072921383071,0.00454
2022-11-21,-0.002061611464704959,-0.003636
2022-11-22,0.014527563311891789,0.013457
2022-11-23,0.0052691498121312935,0.006302
2022-11-25,0.0035203496964717447,-0.000224
2022-11-28,-0.01693346790521752,-0.015957
2022-11-29,0.005042388564267919,-0.001718
2022-11-30,0.02364797959907151,0.031501
2022-12-01,0.0023148478174993695,-0.000736
2022-12-02,-0.00044150536110484516,-0.001154
2022-12-05,-0.020932400642549094,-0.017989
2022-12-06,-0.011221465599023647,-0.014415
2022-12-07,-0.003441090790951235,-0.001701
2022-12-08,0.0064982209034141255,0.007834
2022-12-09,-0.007006362318618475,-0.00747
2022-12-12,0.016258145995230063,0.014417
2022-12-13,0.00917113577170865,0.00757
2022-12-14,-0.006633265856910554,-0.006394
2022-12-15,-0.02302625558959464,-0.024462
2022-12-16,-0.011261522511472865,-0.011751
2022-12-19,-0.010903292775005045,-0.00848
2022-12-20,0.0004859218819637506,0.001368
2022-12-21,0.016626139029471503,0.014952
2022-12-22,-0.010052335759087904,-0.014266
2022-12-23,0.007809754579508555,0.005752
2022-12-27,0.000710924497701339,-0.003944
2022-12-28,-0.0160371709754971,-0.012428
2022-12-29,0.020045042744227245,0.018
2022-12-30,-0.004225044884713954,-0.002634
2023-01-03,0.0016275920469323213,-0.00421
2023-01-04,0.021882679680516243,0.00772
2023-01-05,-0.00916853526498701,-0.011413
2023-01-06,0.022712665700023747,0.022932
2023-01-09,0.0014384965808487773,-0.000567
2023-01-10,0.008367110780558724,0.007013
2023-01-11,0.013332121674024106,0.012648
2023-01-12,0.004252728127086721,0.003641
2023-01-13,0.0031432145417529147,0.00388
2023-01-17,-0.003988230217361783,-0.001832
2023-01-18,-0.01362611484252835,-0.015788
2023-01-19,-0.013074975695321404,-0.00728
2023-01-20,0.02109670042850339,0.018629
2023-01-23,0.01576359881041046,0.011999
2023-01-24,-0.005260913707044717,-0.001073
2023-01-25,0.0046689115249758766,0.000375
2023-01-26,0.00793100877641087,0.01099
2023-01-27,0.003306358371094515,0.002298
2023-01-30,-0.011991417742687048,-0.012547
2023-01-31,0.019391813705789893,0.014703
2023-02-01,0.013744568178197396,0.010628
2023-02-02,0.0165065425244842,0.014557
2023-02-03,-0.016051700299348257,-0.010629
2023-02-06,-0.010141101828819816,-0.006111
2023-02-07,0.0091066842886943,0.013079
2023-02-08,-0.013637117237331181,-0.010935
2023-02-09,-0.008991461502310713,-0.008669
2023-02-10,-0.0006681063566795732,0.002334
2023-02-13,0.01194484368478438,0.011739
2023-02-14,-0.0010901132930761952,-0.00046
2023-02-15,0.006701772657848573,0.003247
2023-02-16,-0.012858383876974858,-0.013769
2023-02-17,-0.0015410938678499426,-0.002498
2023-02-21,-0.02684809734914161,-0.020061
2023-02-22,0.002055811215966068,-0.001378
2023-02-23,0.002288441877221966,0.005319
2023-02-24,-0.008704693241004967,-0.010682
2023-02-27,-0.001060360794826665,0.003406
2023-02-28,-0.002352904025638136,-0.003696
2023-03-01,-0.0025515880822383555,-0.003836
2023-03-02,0.007829913371486755,0.007777
2023-03-03,0.012927565812517073,0.016038
2023-03-06,-0.008804698246181603,0.000693
2023-03-07,-0.014915005479495026,-0.015329
2023-03-08,0.0007589326267379958,0.001632
2023-03-09,-0.023980842536588214,-0.01845
2023-03-10,-0.025894841958846858,-0.014429
2023-03-13,-0.016817105950384343,-0.001425
2023-03-14,0.01294353140435483,0.01653
2023-03-15,-0.01530884985065512,-0.006254
2023-03-16,0.011086353761005346,0.017545
2023-03-17,-0.01664586824060373,-0.011648
2023-03-20,0.010225148550617777,0.009616
2023-03-21,0.016548156375326167,0.013131
2023-03-22,-0.023957148105969807,-0.017047
2023-03-23,-0.00527118341973051,0.002703
2023-03-24,0.006497588228245414,0.006562
2023-03-27,0.009339049874822147,0.00187
2023-03-28,0.0033063482390551886,-0.002245
2023-03-29,0.014730411247158343,0.014535
2023-03-30,0.0036863807215700016,0.005855
2023-03-31,0.016824695069886056,0.014095
2023-04-03,-0.000752370989266645,0.003811
2023-04-04,-0.01427864204713612,-0.005548
2023-04-05,-0.003505149539262494,-0.002618
2023-04-06,0.0017757740743054803,0.003901
2023-04-10,0.009019008067003963,0.001026
2023-04-11,0.009402349325694854,0.000269
2023-04-12,-0.009236073329469902,-0.004076
2023-04-13,0.010244801168543137,0.013283
2023-04-14,-0.006991633168608106,-0.002443
2023-04-17,0.0067186163043040275,0.003588
2023-04-18,-0.002867185321328616,0.000652
2023-04-19,0.004209822691854441,-0.000169
2023-04-20,-0.008126559495176126,-0.005457
2023-04-21,-1.9167117908282775e-05,0.000777
2023-04-24,0.0034508189412874885,0.001043
2023-04-25,-0.032387203913919096,-0.015874
2023-04-26,-0.013563925061312385,-0.004236
2023-04-27,0.018941054395428255,0.019908
2023-04-28,0.0056899275589861915,0.008535
2023-05-01,-0.0025632516799648365,-0.00101
2023-05-02,-0.019431534073326515,-0.011239
2023-05-03,-0.0031452722436030207,-0.006864
2023-05-04,-0.017254141343984175,-0.007083
2023-05-05,0.01722488831548194,0.018513
2023-05-08,-0.0024567505353438692,0.000267
2023-05-09,-0.004704137559558492,-0.004385
2023-05-10,-0.004534171107567793,0.004672
2023-05-11,-0.006478518563054213,-0.001744
2023-05-12,0.0011097050465887447,-0.00131
2023-05-15,0.010894168436242796,0.00345
2023-05-16,-0.016143946548290943,-0.006683
2023-05-17,0.01765528827817797,0.012139
2023-05-18,0.009560450402958515,0.009633
2023-05-19,-0.005675054441719874,-0.001455
2023-05-22,0.005346159023262554,0.000406
2023-05-23,-0.009024319691951931,-0.011223
2023-05-24,-0.012512102279885369,-0.007245
2023-05-25,-0.0014879473471838902,0.00866
2023-05-26,0.00732061582885036,0.012951
2023-05-30,-0.0023388792329329163,0.000381
2023-05-31,-0.015674103382122946,-0.005545
2023-06-01,0.00759457527872567,0.009501
2023-06-02,0.02760048500454229,0.014461
2023-06-05,-0.004331233415778413,-0.001916
2023-06-06,0.012133854156963124,0.002177
2023-06-07,0.01224188814538066,-0.003458
2023-06-08,-0.0036984908287351955,0.006049
2023-06-09,-0.005605910710376161,0.001794
2023-06-12,0.006353739776921111,0.009072
2023-06-13,0.012042849840703931,0.006593
2023-06-14,-0.005697093639291035,0.001191
2023-06-15,0.0124032686424036,0.012398
2023-06-16,-0.00033501598506071326,-0.003393
2023-06-20,-0.008692877013100302,-0.005188
2023-06-21,-0.0013273285770767297,-0.005124
2023-06-22,-0.006611614968483083,0.00361
2023-06-23,-0.008801452504996886,-0.00756
2023-06-26,0.007933549118507225,-0.004086
2023-06-27,0.015345684564794616,0.010963
2023-06-28,-0.0016339153690451476,0.000504
2023-06-29,0.008761497672785248,0.003941
2023-06-30,0.007605513105372867,0.011801
2023-07-03,0.004709635611496985,0.001151
2023-07-05,-0.006758278345791528,-0.001487
2023-07-06,-0.007815395654322722,-0.007831
2023-07-07,0.007407490071560899,-0.002525
2023-07-10,0.008828167912155682,0.002531
2023-07-11,0.015412342006293277,0.006369
2023-07-12,0.0054541128803394035,0.008046
2023-07-13,0.005620795391322133,0.007937
2023-07-14,-0.00991108542072513,-0.000623
2023-07-17,0.0015807745137744313,0.003472
2023-07-18,0.008182026123613914,0.007431
2023-07-19,0.008557606828591404,0.002224
2023-07-20,-0.0006069101549665404,-0.006634
2023-07-21,-0.0003497486257779377,0.0
2023-07-24,0.0031327797534130264,0.004467
2023-07-25,0.0005434044987970433,0.00273
2023-07-26,0.005513994041849302,0.000154
2023-07-27,-0.009280344676221903,-0.00663
2023-07-28,0.0062706023051675545,0.00979
2023-07-31,0.0028283498103849982,0.001904
2023-08-01,-0.005672245669073669,-0.002862
2023-08-02,-0.009861115564949507,-0.013911
2023-08-03,-0.005685291923060422,-0.002866
2023-08-04,-0.002561858787705828,-0.004523
2023-08-07,0.00652054199280027,0.008729
2023-08-08,-0.002868919808079929,-0.004349
2023-08-09,-0.003705252185347853,-0.006685
2023-08-10,-0.0020227984625121845,0.000359
2023-08-11,0.0008888890744270485,-0.000583
2023-08-14,-0.0023288061633603865,0.00552
2023-08-15,-0.015324887061306339,-0.011649
2023-08-16,-0.007456943392775798,-0.007338
2023-08-17,-0.007073075018058515,-0.00762
2023-08-18,0.0010733796562906659,0.000481
2023-08-21,-0.0014731805425067831,0.006506
2023-08-22,-0.005904441884884081,-0.002709
2023-08-23,0.008118383752543146,0.011138
2023-08-24,-0.008634724943062357,-0.013859
2023-08-25,0.0027008341249125773,0.00705
2023-08-28,0.008855354727272325,0.006341
2023-08-29,0.012251562234402082,0.014455
2023-08-30,0.0031112237000635768,0.004119
2023-08-31,-0.001606064366953852,-0.001463
2023-09-01,0.0035729869787194256,0.001865
2023-09-05,-0.015175420199613689,-0.004322
2023-09-06,-0.00649756405577857,-0.006722
2023-09-07,-0.008529856928909443,-0.00307
2023-09-08,0.0019824025776262475,0.001506
2023-09-11,-0.002500788817288577,0.006577
2023-09-12,0.0005384662387307328,-0.005486
2023-09-13,-0.006176101397816214,0.001166
2023-09-14,0.014040575110392728,0.008622
2023-09-15,-0.006790752643745983,-0.012006
2023-09-18,-0.004457875312485291,0.000586
2023-09-19,-0.0014931402084492793,-0.002074
2023-09-20,-0.004577958077823454,-0.009193
2023-09-21,-0.016685866238358597,-0.016528
2023-09-22,-0.005608606923662588,-0.002249
2023-09-25,0.0031378687500895736,0.004205
2023-09-26,-0.01486730890532777,-0.014691
2023-09-27,0.0009477850606296644,0.000399
2023-09-28,0.00763435087229901,0.005797
2023-09-29,0.0005957988619762395,-0.002427
2023-10-02,-0.01388682621989605,-0.000398
2023-10-03,-0.014090481493563489,-0.013386
2023-10-04,0.004682361905340933,0.007282
2023-10-05,-0.004801392072149107,-0.000377
2023-10-06,0.006812779940184194,0.011873
2023-10-09,0.006236828653872304,0.006402
2023-10-10,0.01024777844150446,0.005205
2023-10-11,-6.79572844368284e-05,0.004096
2023-10-12,-0.017422689212442655,-0.006096
2023-10-13,-0.0017544423865718491,-0.004981
2023-10-16,0.015963320822285045,0.010522
2023-10-17,0.007345024832893389,-4.6e-05
2023-10-18,-0.018521964107064928,-0.013325
2023-10-19,-0.013833445611394655,-0.008786
2023-10-20,-0.01541137146160181,-0.012288
2023-10-23,-0.009137775174832052,-0.001733
2023-10-24,0.005994808430501098,0.007539
2023-10-25,-0.011677873095532318,-0.014352
2023-10-26,-2.2957247555155795e-05,-0.011975
2023-10-27,-0.015717420952803117,-0.004533
2023-10-30,0.00735178282326947,0.011956
2023-10-31,0.006467223508662265,0.00628
2023-11-01,-0.00015562456960727542,0.010665
2023-11-02,0.024503371585456065,0.019164
2023-11-03,0.023007378709707465,0.009123
2023-11-06,-0.008510026206498647,0.0023
2023-11-07,-0.0018069793724695892,0.002846
2023-11-08,-0.0020780428571800643,0.000732
2023-11-09,-0.010380452131946622,-0.007799
2023-11-10,0.009095357228958025,0.015605
2023-11-13,-0.003918236424993952,-0.000953
2023-11-14,0.03623165417903365,0.019401
2023-11-15,0.00804486373354828,0.002117
2023-11-16,-0.007498486482752608,0.001223
2023-11-17,0.005626089341271796,0.001244
2023-11-20,0.004315638263499909,0.007698
2023-11-21,-0.0038065268035370903,-0.002179
2023-11-22,0.006024620904802648,0.003861
2023-11-24,0.003664601089383553,0.000615
2023-11-27,-0.003079314387431519,-0.001801
2023-11-28,-0.00022620215853828761,0.00099
2023-11-29,0.006436198035941891,-0.000703
2023-11-30,0.006656496692097241,0.003937
2023-12-01,0.021318511876978634,0.005916
2023-12-04,0.002147298855686893,-0.005249
2023-12-05,-0.013526115749800454,-0.000197
2023-12-06,0.004010622531083025,-0.00403
2023-12-07,0.006566364028712137,0.00763
2023-12-08,0.0026886142210657007,0.004299
2023-12-11,0.00740342936337986,0.00389
2023-12-12,-0.0004181203780810932,0.004567
2023-12-13,0.028197422244501506,0.01379
2023-12-14,0.021082395392020545,0.003209
2023-12-15,-0.008670722884338039,-0.00164
2023-12-18,-0.0012821738175463756,0.005625
2023-12-19,0.011538742956623825,0.006081
2023-12-20,-0.020188762037446094,-0.013857
2023-12-21,0.014898439939910427,0.009482
2023-12-22,0.002575358694077539,0.00201
2023-12-26,0.006390332076127796,0.004223
2023-12-27,0.000866254644854804,0.001808
2023-12-28,0.0024781278635804985,0.000378
2023-12-29,-0.005162895836758259,-0.002895
2024-01-02,0.0020836122781229846,-0.005596
2024-01-03,-0.018252515140827305,-0.008167
2024-01-04,-0.0028797479673494685,-0.003221
2024-01-05,0.005570928327129771,0.00137
2024-01-08,0.012853457725979294,0.014276
2024-01-09,-0.004945425225715371,-0.001517
2024-01-10,0.0021932434120629884,0.005655
2024-01-11,-0.004748111557844434,-0.000441
2024-01-12,-0.0060458084038732506,0.000693
2024-01-16,-0.009286875738325824,-0.003671
2024-01-17,-0.011244367365373235,-0.005559
2024-01-18,0.005561339734448518,0.008893
2024-01-19,0.005487889175598845,0.012466
2024-01-22,0.007936900732481085,0.002114
2024-01-23,0.0020840663328547224,0.002916
2024-01-24,-0.004746733820392963,0.001093
2024-01-25,0.011882159715093404,0.005439
2024-01-26,0.0022394592182440392,-0.00127
2024-01-29,0.006528704296628207,0.007919
2024-01-30,-0.001961407535386692,-0.000773
2024-01-31,-0.01587308872713672,-0.016317
2024-02-01,0.011729574498747099,0.013088
2024-02-02,-0.0038666217976459196,0.010527
2024-02-05,-0.010476204349792169,-0.003641
2024-02-06,0.007216196511316301,0.002903
2024-02-07,0.0011113634056030958,0.00834
2024-02-08,0.004869457858067995,0.000442
2024-02-09,0.0028345917376308826,0.005779
2024-02-12,0.012274210047429767,-0.000439
2024-02-13,-0.020978045299526453,-0.013773
2024-02-14,0.011900054836162301,0.009088
2024-02-15,0.014521939811787917,0.0069
2024-02-16,-0.0021800884504511505,-0.00498
2024-02-20,-0.003211686625135665,-0.005505
2024-02-21,-5.9304394830430645e-05,0.000906
2024-02-22,0.006720238719651212,0.020696
2024-02-23,0.002751264613982436,0.00069
2024-02-26,-0.006246707796149846,-0.003663
2024-02-27,0.004687797910088606,0.001858
2024-02-28,-0.0023230787021487993,-0.001322
2024-02-29,0.005814804056014315,0.003595
2024-03-01,0.003643283920202614,0.009388
2024-03-04,-3.151980119781691e-05,-0.001072
2024-03-05,-0.0031190568079532744,-0.009994
2024-03-06,0.0063884375908456175,0.005067
2024-03-07,0.0094400940349089,0.009926
2024-03-08,0.0006414962206426481,-0.006002
2024-03-11,0.003177207125239387,-0.00086
2024-03-12,-0.0007224342541525461,0.010757
2024-03-13,0.000634968169555911,-0.001568
2024-03-14,-0.012095996685854501,-0.001977
2024-03-15,-0.00026771161019795153,-0.006846
2024-03-18,0.0018683125311795403,0.005943
2024-03-19,0.006530561306923427,0.005557
2024-03-20,0.00993352162812161,0.009249
2024-03-21,0.008734602251545869,0.003305
2024-03-22,-0.008036532359508772,-0.001896
2024-03-25,-0.001816115551115147,-0.002763
2024-03-26,-0.0010962737988880428,-0.001847
2024-03-27,0.019935987849653575,0.008404
2024-03-28,0.005908381763019723,-0.000191
2024-04-01,-0.007349850494162776,-0.00174
2024-04-02,-0.011741771483288622,-0.006358
2024-04-03,0.0012761338117418626,0.001099
2024-04-04,-0.010194570362112635,-0.012206
2024-04-05,0.0036638377293674693,0.010447
2024-04-08,0.0033391543047133505,0.000559
2024-04-09,0.007653789529055324,0.001157
2024-04-10,-0.019206981551155747,-0.010013
2024-04-11,-0.005126908414781386,0.007547
2024-04-12,-0.018806982579463137,-0.013803
2024-04-15,-0.007843828974442904,-0.012528
2024-04-16,-0.006217568771665192,-0.001824
2024-04-17,-0.003409911775533179,-0.005918
2024-04-18,-0.0009212067286372192,-0.002058
2024-04-19,0.006238374403863001,-0.008728
2024-04-22,0.007828676856483585,0.009209
2024-04-23,0.00819861622017718,0.011867
2024-04-24,0.0017818511916421252,-0.000475
2024-04-25,-0.005702921847837403,-0.003799
2024-04-26,0.0007434449870055524,0.009474
2024-04-29,0.008901433847485865,0.003541
2024-04-30,-0.016677998448925122,-0.015841
2024-05-01,-0.0008942209415635547,-0.003247
2024-05-02,0.005164428367451517,0.009353
2024-05-03,0.006159835477940997,0.012395
2024-05-06,0.007490226114196586,0.010327
2024-05-07,0.0022674295131051283,0.001103
2024-05-08,-0.0016464047295422564,9.7e-05
2024-05-09,0.009059410861681667,0.005762
2024-05-10,0.0007997448620542405,0.001288
2024-05-13,0.002231614049863568,0.000134
2024-05-14,0.005345053791576347,0.004588
2024-05-15,0.006271188307547534,0.012383
2024-05-16,-0.002048853483439612,-0.002058
2024-05-17,0.0003869956194829166,0.001438
2024-05-20,-0.0011079138228142537,0.001152
2024-05-21,-0.002296294574762032,0.002453
2024-05-22,-0.003157658643601539,-0.002879
2024-05-23,-0.014527300966127196,-0.007304
2024-05-24,0.006641115442993971,0.006616
2024-05-28,-0.0070707066854344474,0.000699
2024-05-29,-0.012293606455613313,-0.007003
2024-05-30,0.006672558493252476,-0.006634
2024-05-31,0.013858051148040474,0.009108
2024-06-03,-0.004368778825921847,0.000815
2024-06-04,-0.006983821651766343,0.001118
2024-06-05,0.006166524846927793,0.011885
2024-06-06,-0.0018719248331109022,-1.9e-05
2024-06-07,-0.004988769463030045,-0.001216
2024-06-10,0.001001757649235928,0.00309
2024-06-11,-0.004372176516406664,0.002408
2024-06-12,0.006453727627586124,0.008213
2024-06-13,-0.005801850704360217,0.002014
2024-06-14,-0.008661977942883928,0.000608
2024-06-17,0.006357111754496632,0.007959
2024-06-18,3.963782593182667e-05,0.002541
2024-06-20,0.0014424617649799406,-0.002717
2024-06-21,0.002827372796654001,-0.001336
2024-06-24,0.00664291076775092,-0.003251
2024-06-25,-0.009811883721803348,0.003851
2024-06-26,-0.002948152158483079,0.001248
2024-06-27,-0.0010061598895683935,0.001576
2024-06-28,0.0012944085844077914,-0.003935
2024-07-01,-0.010932184549442205,0.002058
2024-07-02,0.003262010349196581,0.00673
2024-07-03,0.015843572883731696,0.004463
2024-07-05,-0.016264024915926805,0.005767
2024-07-08,0.0029132934411735235,0.001154
2024-07-09,-0.0021708381049956368,0.000972
2024-07-10,0.009842911513120276,0.009895
2024-07-11,0.019928045490102287,-0.008623
2024-07-12,0.009602799042803367,0.006308
2024-07-15,-0.00035463997181443705,0.00275
2024-07-16,0.024631458461030528,0.00593
2024-07-17,0.0006231383243352919,-0.014021
2024-07-18,-0.012660757005716408,-0.007685
2024-07-19,-0.009223973169296318,-0.006641
2024-07-22,0.008539081646473667,0.01031
2024-07-23,-0.003642348548922223,-0.001569
2024-07-24,-0.009828643982278118,-0.022663
2024-07-25,0.005161048908576656,-0.00521
2024-07-26,0.016154507421996016,0.0112
2024-07-29,0.002872540634208255,0.000588
2024-07-30,0.009454791333223985,-0.005066
2024-07-31,0.0049556457707192175,0.016255
2024-08-01,-0.011757808342664254,-0.014161
2024-08-02,-0.020194568646004975,-0.018618
2024-08-05,-0.022855291050482427,-0.029124
2024-08-06,0.007199201644456966,0.00922
2024-08-07,-0.008212104493419954,-0.006684
2024-08-08,0.01853050095369465,0.023117
2024-08-09,0.0004917108772712564,0.00441
2024-08-12,-0.007718022728744569,0.000525
2024-08-13,0.013849690257363628,0.016446
2024-08-14,-0.001129614655979469,0.003155
2024-08-15,0.015613437470162719,0.01714
2024-08-16,0.0027554156192245737,0.002242
2024-08-19,0.008336131036465058,0.009561
2024-08-20,-0.007379267395131419,-0.001626
2024-08-21,0.007769238258719698,0.003437
2024-08-22,-0.004295055394102768,-0.007849
2024-08-23,0.016159517827541332,0.010625
2024-08-26,-0.00028941737885577963,-0.002384
2024-08-27,-0.0011354903101303898,0.001373
2024-08-28,-0.0009223095938887368,-0.005805
2024-08-29,0.0047414424578864625,9e-05
2024-08-30,0.0055707802834872025,0.009546
2024-09-03,-0.012454858588139812,-0.020579
2024-09-04,-0.0022553598287390693,-0.002047
2024-09-05,-0.005016234705765345,-0.002432
2024-09-06,-0.011496042845510574,-0.01683
2024-09-09,0.006782414783985511,0.011196
2024-09-10,-0.00133163752063526,0.004356
2024-09-11,-0.000655301216945217,0.010259
2024-09-12,0.004399574103249452,0.008423
2024-09-13,0.01366217443581463,0.005223
2024-09-16,0.006989918459622592,0.001477
2024-09-17,0.004738436049245835,0.000409
2024-09-18,0.0011507885063009897,-0.002966
2024-09-19,0.01027127384209241,0.017064
2024-09-20,-0.008295143736965275,-0.001724
2024-09-23,0.004160111722793086,0.002499
2024-09-24,0.003572035264715781,0.002861
2024-09-25,-0.010474002529065751,-0.002206
2024-09-26,0.015477298800459057,0.003965
2024-09-27,0.005449300270305337,-0.00145
2024-09-30,0.0012443847741992744,0.004007
2024-10-01,-0.007090453699285845,-0.008958
2024-10-02,-0.0019016255310985752,0.000422
2024-10-03,-0.004493784485976089,-0.001828
2024-10-04,0.007704029713293028,0.009087
2024-10-07,-0.007769315989300043,-0.00904
2024-10-08,-0.0005470331901259144,0.009458
2024-10-09,0.005696751844456933,0.006926
2024-10-10,-0.003388022597925326,-0.00175
2024-10-11,0.00954857608524285,0.005988
2024-10-14,0.006602872414198036,0.008178
2024-10-15,-0.0023080987846477333,-0.00777
2024-10-16,0.006877907754530255,0.004346
2024-10-17,-0.0017307745427347046,8.6e-05
2024-10-18,0.0038399939613018557,0.003847
2024-10-21,-0.009349965801298323,-0.001642
2024-10-22,-0.006364214464130244,-0.000531
2024-10-23,-0.004355354918742997,-0.009137
2024-10-24,0.0008965300800701485,0.002163
2024-10-25,-0.004570812878526231,-0.000345
2024-10-28,0.007269185451796963,0.003091
2024-10-29,-0.002859239469341769,0.001618
2024-10-30,-0.002116147919547864,-0.003025
2024-10-31,-0.009456197220786647,-0.019603
2024-11-01,0.0017686876179858573,0.004221
2024-11-04,0.0032657024543774776,-0.002154
2024-11-05,0.010483981794719903,0.012092
2024-11-06,0.0236487838184132,0.024866
2024-11-07,-0.00023187249413942837,0.007732
2024-11-08,0.001971784367416755,0.004332
2024-11-11,0.006259464201685198,0.000953
2024-11-12,-0.00792480901804129,-0.003106
2024-11-13,-0.0007899717511659277,0.000486
2024-11-14,-0.006702658266363638,-0.00643
2024-11-15,-0.009727671127356218,-0.012809
2024-11-18,0.0032112229212909655,0.004097
2024-11-19,-0.005073263960243248,0.003655
2024-11-20,0.00482327387078589,0.000339
2024-11-21,0.014615191197794005,0.005368
2024-11-22,0.008277645281997334,0.003099
2024-11-25,0.014190666970259164,0.003392
2024-11-26,-0.003304884658114579,0.005221
2024-11-27,0.00027831410852325407,-0.00303
2024-11-29,0.0033058573307433426,0.006212
2024-12-02,-0.00015182174313582792,0.001792
2024-12-03,-0.004453079332487167,0.000464
2024-12-04,-0.0011845394873336852,0.00621
2024-12-05,-0.006617190833645428,-0.001646
2024-12-06,-0.001504178297893723,0.001896
2024-12-09,0.0007128961596884881,-0.00515
2024-12-10,-0.005209910301218505,-0.003109
2024-12-11,-0.00013325183258599519,0.007731
2024-12-12,-0.002710355547456498,-0.005153
2024-12-13,-0.004684743786514985,-0.000199
2024-12-16,-0.004806722254287119,0.00427
2024-12-17,-0.007676879275705297,-0.00412
2024-12-18,-0.028514803397843895,-0.029804
2024-12-19,-0.00471632178393761,-0.000307
2024-12-20,0.014473467917609763,0.01197
2024-12-23,0.0002809417691636783,0.005988
2024-12-24,0.006856233751724474,0.011115
2024-12-26,0.0019091386739640067,6.7e-05
2024-12-27,-0.006433009759311953,-0.010527
2024-12-30,-0.00904565770054651,-0.011412
2024-12-31,0.0016832479587427615,-0.003638
