,inverse_v,spy_v,inverse_v_with_25bps_slip
2015-01-02,1.0,1.0,1.0
2015-01-05,0.9838666718627344,0.9819404103141073,0.9838666718627344
2015-01-06,0.9747401810744271,0.9726914988117652,0.9747401810744271
2015-01-07,0.9851086521856562,0.9848121570191954,0.9851086521856562
2015-01-08,1.0044354281766361,1.0022878541743203,1.0044354281766361
2015-01-09,0.9951489527669491,0.9942560581316587,0.9951489527669491
2015-01-12,0.9883048388027789,0.9864678645641991,0.9883048388027789
2015-01-13,0.9834215824319001,0.9836930745143736,0.9834215824319001
2015-01-14,0.9838171861988998,0.9777539636526451,0.9838171861988998
2015-01-15,0.974858492170041,0.96879708810732,0.974858492170041
2015-01-16,0.9902741446187924,0.981502266686949,0.9902741446187924
2015-01-20,0.9883368965520765,0.9835952209427811,0.9883368965520765
2015-01-21,1.0019974098321716,0.9885605497451323,1.0019974098321716
2015-01-22,1.0201960141288264,1.0032611877755326,1.0201960141288264
2015-01-23,1.0179519226229252,0.9977605793074945,1.0179519226229252
2015-01-26,1.025818634917458,1.0000975844966935,1.025818634917458
2015-01-27,1.0179998896928346,0.9869055597331925,1.0179998896928346
2015-01-28,1.00401247456185,0.9742489940186444,1.00401247456185
2015-01-29,1.0119568751438222,0.9832548411955823,1.0119568751438222
2015-01-30,0.9953959826352765,0.970890221746418,0.9953959826352765
2015-02-02,1.0082136575784988,0.9829138336069526,1.0082136575784988
2015-02-03,1.0247690510838412,0.9971279842200128,1.0247690510838412
2015-02-04,1.0178833263511822,0.9933311580122612,1.0178833263511822
2015-02-05,1.0292749517523154,1.0033589516554924,1.0292749517523154
2015-02-06,1.023188596532545,1.0005843409889328,1.023188596532545
2015-02-09,1.018037137476864,0.9961058583704537,1.018037137476864
2015-02-10,1.0299666387659334,1.0067176342360855,1.0299666387659334
2015-02-11,1.029108791581924,1.0073017061501195,1.029108791581924
2015-02-12,1.0430515094783395,1.0169882231298217,1.0430515094783395
2015-02-13,1.044016733530313,1.021174938866183,1.044016733530313
2015-02-17,1.0456753365668894,1.022781495396308,1.0456753365668894
2015-02-18,1.0454773594991418,1.0228790798930014,1.0454773594991418
2015-02-19,1.0428257690911122,1.0221485415422942,1.0428257690911122
2015-02-20,1.0487695637380072,1.0282817450978141,1.0487695637380072
2015-02-23,1.048428925691807,1.0281361755774705,1.048428925691807
2015-02-24,1.0502119992245262,1.0310567145309055,1.0502119992245262
2015-02-25,1.051441505809866,1.0301805169682219,1.051441505809866
2015-02-26,1.04919702045457,1.0289636705834404,1.04919702045457
2015-02-27,1.046476716252681,1.0254587009494398,1.046476716252681
2015-03-02,1.0568276598511241,1.0319327327103234,1.0568276598511241
2015-03-03,1.0489327807166768,1.0276978525670464,1.0489327807166768
2015-03-04,1.0429755382033328,1.0233653879270757,1.0429755382033328
2015-03-05,1.0468905976330778,1.0244850982733285,1.0468905976330778
2015-03-06,1.0325967896734594,1.0100764961999449,1.0325967896734594
2015-03-09,1.036078798403457,1.0142628531697742,1.036078798403457
2015-03-10,1.0246809722161079,0.9978095509391073,1.0246809722161079
2015-03-11,1.0243872565486483,0.9954727251331741,1.0243872565486483
2015-03-12,1.0367486653184432,1.0081293805393552,1.0367486653184432
2015-03-13,1.0306116132262537,1.0019472053522227,1.0306116132262537
2015-03-16,1.0413926957962905,1.015333591884414,1.0413926957962905
2015-03-17,1.038603527731808,1.0123157375091845,1.038603527731808
2015-03-18,1.0475892445986792,1.0244850982733285,1.0475892445986792
2015-03-19,1.0459841289799723,1.0198120745028931,1.0459841289799723
2015-03-20,1.055967175720391,1.0288138855563465,1.055967175720391
2015-03-23,1.05285470392489,1.026809008484111,1.05285470392489
2015-03-24,1.0484763631871235,1.0210394148087343,1.0484763631871235
2015-03-25,1.0271497906703537,1.0060771462849007,1.0271497906703537
2015-03-26,1.0231090243211387,1.0036816621509919,1.0231090243211387
2015-03-27,1.027887610453089,1.0059798308631063,1.027887610453089
2015-03-30,1.0387638892267976,1.0182524266968223,1.0387638892267976
2015-03-31,1.0299589432965,1.0093532228715099,1.0298466310876015
2015-04-01,1.0264908037308933,1.005784213411554,1.026378869706405
2015-04-02,1.0301081694563243,1.0094025532696547,1.0299958409750105
2015-04-06,1.03813553700251,1.0161987573762399,1.0380223331742842
2015-04-07,1.0353350534732044,1.0135095331442874,1.0352221550246183
2015-04-08,1.040031099548496,1.0169319864759367,1.039917689018034
2015-04-09,1.0416362866764874,1.0214309187867376,1.0415227011078716
2015-04-10,1.047789694453371,1.0270048053189291,1.0476754378843969
2015-04-13,1.0472063522089885,1.0223594962630878,1.0470921592507598
2015-04-14,1.047314435173269,1.0243154017037106,1.0472002304290984
2015-04-15,1.0514512156980624,1.02891147005304,1.0513365598573101
2015-04-16,1.059462210983729,1.0286185371796932,1.059346681581383
2015-04-17,1.0491473903763682,1.0167858788057953,1.0490329857569995
2015-04-20,1.055690251954283,1.026076048459313,1.0555751338664396
2015-04-21,1.0553921986705177,1.0248533721183872,1.0552771130839917
2015-04-22,1.0554526132970374,1.029889736694067,1.0553375211225788
2015-04-23,1.0591179291270456,1.032481286737693,1.0590024372670268
2015-04-24,1.0587452221508566,1.0348767708716018,1.0586297709327916
2015-04-27,1.056249087949707,1.030574083853784,1.0561339089234103
2015-04-28,1.0556897234958629,1.033849891365494,1.0555746054656454
2015-04-29,1.0500573954392909,1.029596265670922,1.0499428915881233
2015-04-30,1.0411219653427755,1.019279126819664,1.041008435858497
2015-05-01,1.0534507896041987,1.030329584462252,1.0533359157192577
2015-05-04,1.0587223050378864,1.0332631287024705,1.0586068563188256
2015-05-05,1.0460964622834998,1.0214309187867376,1.04598239035358
2015-05-06,1.0441147926426926,1.0172254574990816,1.0440009368045853
2015-05-07,1.0507252880686573,1.0212834657421015,1.05061071138692
2015-05-08,1.059173059229912,1.0347301250516623,1.0590575613582132
2015-05-11,1.0571652983572444,1.0297917037392084,1.0570500194224848
2015-05-12,1.0526632704041674,1.0267111549125183,1.0525484823945144
2015-05-13,1.0520328078717902,1.0269067723640706,1.0519180886111297
2015-05-14,1.061060280171038,1.037615146118433,1.0609445765067163
2015-05-15,1.0662972901251762,1.0387396998128673,1.0661810153893958
2015-05-18,1.0698999761433625,1.0419669841511296,1.0697833085515103
2015-05-19,1.0689228113290292,1.041624451804739,1.068806250292433
2015-05-20,1.0679785667426822,1.0408913123966752,1.0678621086715447
2015-05-21,1.0686954247878369,1.0439226205168535,1.06857888854668
2015-05-22,1.0659505186730676,1.041429013736453,1.0658342817510933
2015-05-26,1.0550260097514728,1.0302318205822925,1.054910964096137
2015-05-27,1.0658717818214667,1.040010989018874,1.0657555534853782
2015-05-28,1.066776994326711,1.038837284309561,1.0666606672814294
2015-05-29,1.060680627040694,1.0323834331661004,1.0605649647757718
2015-06-01,1.0632677547031129,1.0344857153517635,1.0631518103240107
2015-06-02,1.0623844122404282,1.0334589255372888,1.062268564185693
2015-06-03,1.0612724468401273,1.036197031709221,1.0611567200400218
2015-06-04,1.0548449006129483,1.0274451912369122,1.0547298747067175
2015-06-05,1.0567976737911844,1.0256843650980436,1.0566824349441655
2015-06-08,1.0493337151266224,1.0193768906996235,1.0492192901894106
2015-06-09,1.0511124898688884,1.019230334571317,1.0509978709646046
2015-06-10,1.0615620166001096,1.0314542278483192,1.0614462582237754
2015-06-11,1.0635622328846692,1.0347789173000093,1.0634462563940978
2015-06-12,1.055941548442162,1.0268578904240908,1.055826402951611
2015-06-15,1.0494811571477616,1.0224572601430475,1.0493667161326865
2015-06-16,1.0564999885662198,1.0280315054417708,1.0563847821803836
2015-06-17,1.0591495132104338,1.0296940295508816,1.0590340179063185
2015-06-18,1.0706416617743093,1.0404020445387123,1.0705249133051056
2015-06-19,1.0666797497477902,1.0357835532811352,1.0665634333065757
2015-06-22,1.072769412833083,1.0410897999804831,1.072652432342571
2015-06-23,1.0710610765461528,1.0418267961287657,1.0709442823417286
2015-06-24,1.064891778873365,1.0342603202780585,1.0647756574020175
2015-06-25,1.0606581086825608,1.0311159110086794,1.06054244887316
2015-06-26,1.059415999317006,1.0309193966407972,1.0593004749538262
2015-06-29,1.037324261303214,1.0093003944996786,1.0372111459408113
2015-06-30,1.04148974511423,1.0114136190645664,1.0412076649065107
2015-07-01,1.0506975315202671,1.019520397312408,1.0504129574480485
2015-07-02,1.0502057428316987,1.0185868867962435,1.049921301957004
2015-07-06,1.0455613026991182,1.0156878738347264,1.0452781197385255
2015-07-07,1.0521047933337841,1.02207553255304,1.0518198381145532
2015-07-08,1.036646111099869,1.0049279273913942,1.0363653427565205
2015-07-09,1.0410022856994767,1.0067456180255787,1.0407203375167282
2015-07-10,1.0521453891146608,1.0194220952826507,1.0518604229003468
2015-07-13,1.0632424904754538,1.0306732827998715,1.0629545186889084
2015-07-14,1.0643950232231565,1.0351444107044452,1.0641067392811834
2015-07-15,1.0622154140789903,1.034800802058459,1.0619277204688982
2015-07-16,1.070259737823847,1.0431046328239806,1.0699698654649736
2015-07-17,1.0663097299161954,1.0439891717085323,1.0660209273893162
2015-07-20,1.0653648038886732,1.0445292050307677,1.0650762572883947
2015-07-21,1.0623369114594232,1.0404019548470793,1.0620491849426161
2015-07-22,1.0676206688192798,1.0385347544314842,1.0673315112337745
2015-07-23,1.0630112090654205,1.0326883847182677,1.0627232999198262
2015-07-24,1.0538886582666844,1.0219769614483836,1.0536032199001222
2015-07-27,1.0481999156865096,1.0160318412472447,1.0479160180760576
2015-07-28,1.0594716632800067,1.0285118041364345,1.059184712795614
2015-07-29,1.066043486165899,1.035586859529987,1.0657547557492761
2015-07-30,1.0668528936594495,1.035832524912748,1.0665639440204722
2015-07-31,1.0661055779719828,1.0342603202780585,1.065816830738229
2015-08-03,1.0631729406574117,1.0307717642128948,1.0628849877079478
2015-08-04,1.0646809776372939,1.0287572004442964,1.0643926162465693
2015-08-05,1.0708481890561687,1.0321477235546015,1.0705581573193979
2015-08-06,1.065281645699092,1.0236967088193425,1.064993121621627
2015-08-07,1.0741062833408683,1.0217316548321547,1.073815369172065
2015-08-10,1.0834002690380267,1.0346046464571088,1.0831068376582489
2015-08-11,1.0767621476232287,1.025268913454032,1.0764705141321738
2015-08-12,1.0780536077603047,1.026497330059469,1.0777616244863109
2015-08-13,1.076087080456575,1.025220121205685,1.075795629802737
2015-08-14,1.0819779638355507,1.0289538045038116,1.081684917677182
2015-08-17,1.0861658997151202,1.0347025897203344,1.0858717192836314
2015-08-18,1.0823948731152377,1.0317054541123254,1.0821017140399085
2015-08-19,1.0755717096947577,1.0235494351579721,1.0752803986254833
2015-08-20,1.0543773541981873,1.0021765468577792,1.0540917834717527
2015-08-21,1.0268257274848487,0.972008227951644,1.026547618923666
2015-08-24,0.9868374938781679,0.9310801419854426,0.9865702158501661
2015-08-25,0.9736639730031629,0.9201234120993296,0.9734002629310842
2015-08-26,1.0054253280973962,0.9554501658936444,1.0051530156845987
2015-08-27,1.032439306836775,0.9790836421117285,1.0321596778769162
2015-08-28,1.0316093077385102,0.9791326137433413,1.0313299035780978
2015-08-31,1.0210471989302827,0.9712222601717487,1.020770655443113
2015-09-01,0.9920066110795808,0.942233296547805,0.9917379330323655
2015-09-02,1.008347687141907,0.9601177184744673,1.008074583228617
2015-09-03,1.0110983986072575,0.96080583268277,1.0108245496830204
2015-09-04,0.9951659152992768,0.9462623343933688,0.9948963815766266
2015-09-08,1.019602884479183,0.9700427255062913,1.0193267321744732
2015-09-09,1.006711603033432,0.9570717009264786,1.0064389422420712
2015-09-10,1.0118927515626304,0.962279735287702,1.0116186874934552
2015-09-11,1.0180956345622816,0.9666529199290503,1.0178198904856621
2015-09-14,1.0137899724925816,0.9630662412173953,1.0135153945743967
2015-09-15,1.0240438915601855,0.9751034862061444,1.0237665364397919
2015-09-16,1.0311450043181902,0.9835545009414034,1.0308657259111094
2015-09-17,1.029138078249662,0.9813434228049228,1.0288593434044595
2015-09-18,1.0144183793848773,0.9653071866676617,1.0141436312670842
2015-09-21,1.0180738214883496,0.9702952074531594,1.0177980833196485
2015-09-22,1.002539845188976,0.9577013361900716,1.0022683142890279
2015-09-23,1.0009428229791077,0.9561703000149246,1.0006717246214472
2015-09-24,1.0001348372599788,0.9527131360213079,0.9998639577395948
2015-09-25,1.0030014348176763,0.9524658561891532,1.002729778899408
2015-09-28,0.9810295273968916,0.9285616906227039,0.9807638224159594
2015-09-29,0.9848087511930492,0.9291049528437271,0.9845420226358039
2015-09-30,1.0025474549553661,0.9464402825932219,1.000965284728337
2015-10-01,1.004673920456494,0.9489100313992469,1.0030883943480173
2015-10-02,1.017747296502474,0.9630847176937913,1.016141138646099
2015-10-05,1.0429896351834014,0.9802222773925422,1.0413436411312191
2015-10-06,1.043974420080199,0.9768641329617469,1.0423268718897702
2015-10-07,1.0601367217217255,0.9848648956993938,1.05846366699559
2015-10-08,1.0871565278697843,0.993755040669774,1.0854408318376276
2015-10-09,1.0858677576523181,0.9943476332889419,1.08415409549283
2015-10-12,1.0872943649189897,0.995286076844921,1.0855784513592992
2015-10-13,1.0819299246534355,0.989013582183367,1.0802224769849413
2015-10-14,1.0782308340863425,0.9842725721551249,1.0765292241374829
2015-10-15,1.088113685405613,0.9993853432391164,1.0863964788353282
2015-10-16,1.0854479603371323,1.0039289419831465,1.0837349606807607
2015-10-19,1.0882575513986992,1.004422694422759,1.0865401177863032
2015-10-20,1.0885348748645691,1.0031392071546656,1.086817003594156
2015-10-21,1.0794729827909184,0.9969159531996235,1.077769412545129
2015-10-22,1.0959820389352293,1.013757440817873,1.0942524149231279
2015-10-23,1.1021106878600009,1.0248699650704904,1.1003713919208373
2015-10-26,1.1191647465677463,1.0223516033993847,1.117398536766497
2015-10-27,1.116126596746588,1.0203757864162382,1.1143651816013607
2015-10-28,1.1268564600964113,1.031982152800101,1.1250781116177557
2015-10-29,1.1242505639620353,1.031389380797667,1.1224763279782628
2015-10-30,1.1303822707412252,1.0269445325415596,1.1285983580046377
2015-11-02,1.1464251083830717,1.0390940714548127,1.144615877642884
2015-11-03,1.14080752557792,1.0421069927902278,1.1390071602258176
2015-11-04,1.1406403186395984,1.0389459008771125,1.1388402171651193
2015-11-05,1.1405642196322017,1.037908796524844,1.138764238253368
2015-11-06,1.141293158934118,1.0373655343038206,1.1394920271797537
2015-11-09,1.1286459473440296,1.0276852957384277,1.126864774786144
2015-11-10,1.1280516851017082,1.030056383748163,1.126271450378757
2015-11-11,1.1303176918948363,1.0260059992939474,1.1285338810733527
2015-11-12,1.1116843755426955,1.0116835011882348,1.109929970888688
2015-11-13,1.1046251554562625,1.0003237867950956,1.10288189131016
2015-11-16,1.1192920006378724,1.0155353083670096,1.1175255900106171
2015-11-17,1.1133642588239847,1.0147948142450405,1.1116072030622424
2015-11-18,1.140095418824952,1.0308955386664218,1.138296177284094
2015-11-19,1.1347087328386682,1.0300065152002205,1.1329179922960901
2015-11-20,1.142139260093903,1.0337598409659716,1.1403367930650263
2015-11-23,1.145586914137388,1.0325749248025349,1.1437790061934165
2015-11-24,1.1488406778300755,1.0339577007083487,1.1470276349590591
2015-11-25,1.1538895080270546,1.0338094404390155,1.1520684973448592
2015-11-27,1.1575250564342752,1.0349949844438833,1.1556983083115022
2015-11-30,1.1521559209540344,1.0306980376905768,1.1503376461322108
2015-12-01,1.1520377079234305,1.040526088067138,1.1502196196594967
2015-12-02,1.1334440578869978,1.0299077647122978,1.1316553131911453
2015-12-03,1.1245057741020865,1.0154865161186628,1.1227311353584415
2015-12-04,1.1394067798007472,1.0352911462160177,1.1376086250355386
2015-12-07,1.1297779773099816,1.0290187412460967,1.1279950182390492
2015-12-08,1.1200932977700064,1.022104502950496,1.1183256225757134
2015-12-09,1.1131474058571171,1.0141524427695627,1.1113906923218762
2015-12-10,1.1183899938662778,1.016770362153288,1.1166250067409742
2015-12-11,1.0982378547652902,0.9970642134689567,1.0965046707375243
2015-12-14,1.1009353017723131,1.002102013110764,1.099197860768658
2015-12-15,1.1049484767385438,1.012621406594416,1.103204702342972
2015-12-16,1.1232349526492753,1.0274381952895388,1.1214623194524567
2015-12-17,1.109155880656275,1.0117819826012582,1.1074054663463744
2015-12-18,1.0963407080928518,0.9937570138856998,1.0946105180470331
2015-12-21,1.1071946023582884,1.001954470374495,1.1054472832396574
2015-12-22,1.1187687842882865,1.0110466009023695,1.117003199374893
2015-12-23,1.135073732573461,1.0235671941013043,1.1332824160065658
2015-12-24,1.1345436262610162,1.02187758311903,1.1327531462813771
2015-12-28,1.1334908500759266,1.019542192379225,1.1317020315349833
2015-12-29,1.1465519242159,1.0304229534521951,1.1447424933413106
2015-12-30,1.1357586899730485,1.023119632852682,1.1339662924406597
2015-12-31,1.1287577907646598,1.0128847412288757,1.125505475216782
2016-01-04,1.11283587126578,0.9987253025119398,1.1096294319074282
2016-01-05,1.1165805066296823,1.000414465036049,1.1133632777681133
2016-01-06,1.0945723392296713,0.9877950316575588,1.0914185230024167
2016-01-07,1.0714886866096403,0.9640963496222906,1.0684013818367757
2016-01-08,1.058272761280359,0.9535138132290136,1.055223535854348
2016-01-11,1.0547415352733456,0.954457817666238,1.0517024844493081
2016-01-12,1.0549600971886162,0.962158741274798,1.051920416617151
2016-01-13,1.031497416971808,0.9381614757933046,1.0285253399555863
2016-01-14,1.0432044396147708,0.9535638611602223,1.0401986308873947
2016-01-15,1.026481454708197,0.9330941676042432,1.023523830298363
2016-01-19,1.0236954472491102,0.934336307029528,1.0207458502260638
2016-01-20,1.0139015979979717,0.922362743100202,1.0109802202159826
2016-01-21,1.0231497095555697,0.9275296986935158,1.0202016849789772
2016-01-22,1.0417276218060125,0.9465583167822373,1.0387260682674466
2016-01-25,1.0220479118420074,0.9322496311880052,1.0191030619002779
2016-01-26,1.0454289066480902,0.9449684428958487,1.0424166885131532
2016-01-27,1.036329257608748,0.9346842208738979,1.0333432584999769
2016-01-28,1.0403835625101585,0.9395532208624173,1.0373858816402741
2016-01-29,1.074873475730981,0.9624569659544912,1.071776418288079
2016-02-01,1.0752150052397946,0.9621091418017542,1.0721169637401349
2016-02-02,1.049680244143682,0.9447695965455088,1.0466557765331277
2016-02-03,1.057599728498801,0.9504336231688556,1.0545524422974821
2016-02-04,1.0692233348519105,0.9519239393426249,1.066142557288695
2016-02-05,1.0515158425588234,0.9337899056013501,1.0484860859967207
2016-02-08,1.0345478217345738,0.9212198923126378,1.0315669555175875
2016-02-09,1.0284069174087396,0.9212697608605804,1.0254437451193437
2016-02-10,1.0409404513936402,0.9204748239173861,1.0379411659471238
2016-02-11,1.0285811117540695,0.9085012599880602,1.0256174375545364
2016-02-12,1.0540486929670225,0.9272317430887216,1.0510116384453128
2016-02-16,1.075410548449043,0.9428816773626929,1.0723119435262782
2016-02-17,1.0992194831332673,0.9582829864300147,1.096052276984371
2016-02-18,1.1018280933027267,0.9543587084117836,1.0986533709058965
2016-02-19,1.097336577757802,0.9539113265464273,1.0941747968670767
2016-02-22,1.1185890010771513,0.9677232998771583,1.1153659850947555
2016-02-23,1.106475052731338,0.955500931357917,1.1032869409443982
2016-02-24,1.1135573716619447,0.9598733087745683,1.1103488534280581
2016-02-25,1.1215694308462134,0.9714992279344232,1.1183378272835973
2016-02-26,1.1230296848753565,0.9692634845988704,1.119793873849526
2016-02-29,1.124840703440679,0.9616619393196638,1.1215996742857814
2016-03-01,1.151155915971631,0.9842679081902094,1.1478390641951217
2016-03-02,1.159522683383047,0.9886895263133725,1.1561817242489096
2016-03-03,1.1717193955469727,0.9925645636250918,1.1683432937481042
2016-03-04,1.1772332210735013,0.99579382117928,1.1738412321634784
2016-03-07,1.1847647271321529,0.9965891168890062,1.1813510375220737
2016-03-08,1.1641983059599184,0.985708535199302,1.1608438748478889
2016-03-09,1.1708596673431244,0.9905773558045555,1.1674860426987235
2016-03-10,1.170150453037087,0.9913722927477499,1.1667788718680296
2016-03-11,1.1924069978056293,1.007369961482825,1.1889712883468848
2016-03-14,1.1920330417247889,1.0060784019677627,1.188598409754223
2016-03-15,1.1823004824194792,1.0044387492250644,1.1788938930938528
2016-03-16,1.1946508523673371,1.0102519330340742,1.1912086776393045
2016-03-17,1.2052201801737528,1.0166609383610397,1.2017475518006275
2016-03-18,1.2055286210505618,1.0206558933860672,1.2020551039597087
2016-03-21,1.2047989878752396,1.02210432356723,1.2013275730930837
2016-03-22,1.2035182950580214,1.0215548726235304,1.2000505703652675
2016-03-23,1.1901696266437267,1.0148131113381704,1.1867403637735026
2016-03-24,1.1896514775443376,1.0143636665652553,1.1862237076289226
2016-03-28,1.1935036700036696,1.0149630757485304,1.190064800678327
2016-03-29,1.207005838941819,1.0243514577401727,1.2035280655093887
2016-03-30,1.2110890677416326,1.028846264235856,1.2075995292090014
2016-03-31,1.2096465843388513,1.0263489800985028,1.2059681460980187
2016-04-01,1.2148100168392837,1.0333406222733743,1.211115877014361
2016-04-04,1.207605422082701,1.0299947655962987,1.2039331908525737
2016-04-05,1.194118010052037,1.0197073146755602,1.19048679296011
2016-04-06,1.2008668929902953,1.0308437865941862,1.197215153086661
2016-04-07,1.1848773659424359,1.018508855075542,1.1812742489080819
2016-04-08,1.191341261511564,1.0212553025693425,1.187718488289234
2016-04-11,1.1904897163852386,1.0188580246027736,1.1868695326433378
2016-04-12,1.2025425252883002,1.0283465024568332,1.1988856899212452
2016-04-13,1.2190300022715588,1.038734049239989,1.2153230298094089
2016-04-14,1.2144550735706483,1.0387838280962987,1.2107620130997365
2016-04-15,1.2194330047751663,1.037635416427489,1.2157248068147264
2016-04-18,1.2247815565115205,1.0449264492732826,1.221057094034242
2016-04-19,1.2291402543592032,1.0482224374024156,1.2254025374313677
2016-04-20,1.2314257205581964,1.049221153735764,1.2276810537109606
2016-04-21,1.2199761672419613,1.043577935571271,1.2162663175680255
2016-04-22,1.2329100607691352,1.043577935571271,1.2291608801623723
2016-04-25,1.2281176324323897,1.0417802461712435,1.2243830252158123
2016-04-26,1.2385161557994033,1.0433278752984938,1.2347499275073015
2016-04-27,1.2424137951407779,1.045475720833716,1.238635714440057
2016-04-28,1.2270368925294286,1.0359872429796566,1.2233055717562134
2016-04-29,1.2194396423503344,1.030394341821271,1.215731424205561
2016-05-02,1.232714270536559,1.0385841745212618,1.2289656853121897
2016-05-03,1.2177382863447557,1.0295451414401176,1.2140352418871345
2016-05-04,1.2136786262956785,1.0238020964881063,1.2099879269386535
2016-05-05,1.2123199545619134,1.0236025326047025,1.2086333868166559
2016-05-06,1.2175671929738106,1.0273479655067506,1.2138646687974077
2016-05-09,1.217938442087427,1.028196986504638,1.2142347889722462
2016-05-10,1.2329062022318809,1.0409812731045647,1.2291570333586201
2016-05-11,1.2198015129951294,1.0312431834358928,1.2160921944307501
2016-05-12,1.2160064625381415,1.0315426637984477,1.2123086844178117
2016-05-13,1.2124461337942916,1.022553588956879,1.2087591823481088
2016-05-16,1.2233772144630706,1.0326412966109477,1.219657022477323
2016-05-17,1.2148679987116047,1.0230033028046932,1.211173682568459
2016-05-18,1.2176998813080295,1.0233027831672483,1.2139969536370447
2016-05-19,1.2149500248885672,1.01975709353187,1.2112554593103961
2016-05-20,1.2272667877768997,1.026199284763042,1.223534767910676
2016-05-23,1.2291552712437515,1.0248009922047208,1.2254175086507748
2016-05-24,1.24705242829777,1.038084502433872,1.2432602418856697
2016-05-25,1.2559987873751313,1.0451259234650532,1.2521793958026375
2016-05-26,1.255066526472048,1.0454256729025073,1.2512499698301867
2016-05-27,1.259748654909111,1.0499206587814567,1.255917860290212
2016-05-31,1.2582089991436995,1.0479227776565945,1.254382886494492
2016-06-01,1.2588950978121374,1.0500699953503858,1.2550668987919091
2016-06-02,1.2647844710741838,1.0532661566920003,1.2609383629422344
2016-06-03,1.2559081350818866,1.0501200432815945,1.2520890191757457
2016-06-06,1.2656258816053998,1.0554636017002663,1.2617772148115123
2016-06-07,1.2673658546877002,1.057111416381567,1.2635118967752272
2016-06-08,1.27000059151483,1.060557548304326,1.2661386215789905
2016-06-09,1.2662381473894113,1.0591092078147961,1.2623876187443823
2016-06-10,1.2469292126980733,1.0490713687086701,1.2431374009747285
2016-06-13,1.2364483060449016,1.0409812731045647,1.232688365918047
2016-06-14,1.2315323757999375,1.0389335234317598,1.227787384622666
2016-06-15,1.2315288317027209,1.037485093250597,1.2277838513027648
2016-06-16,1.2343500317605292,1.0405816071879592,1.2305964723174772
2016-06-17,1.2390616285414797,1.0367063904929739,1.23529374151052
2016-06-20,1.2485805577757656,1.0433826768862509,1.244783724444489
2016-06-21,1.2503314166476343,1.0463444739908614,1.24652925909496
2016-06-22,1.2487638951588818,1.0446378215983192,1.2449665043133282
2016-06-23,1.2712264940369573,1.0582417103405124,1.2673607962298736
2016-06-24,1.2187664957046733,1.0202410695834865,1.2150603245448584
2016-06-27,1.1903901575234075,1.0019690901106724,1.1867702765320203
2016-06-28,1.2124434736053757,1.0200403397088538,1.2087565302486138
2016-06-29,1.2364587453369031,1.0374089450541881,1.2326987734649986
2016-06-30,1.2539008202534783,1.0515650651807036,1.249855126501295
2016-07-01,1.2538122834275804,1.0537737216430934,1.2497668753382483
2016-07-05,1.2418438532365585,1.0461937023558046,1.2378370611226408
2016-07-06,1.2493401735266272,1.0524685289998164,1.2453091946383872
2016-07-07,1.2472153804446569,1.0518162017530768,1.2431912571720745
2016-07-08,1.2724416754354355,1.0674783340891347,1.2683361598689917
2016-07-11,1.2802574475222814,1.071243230075542,1.2761267144746866
2016-07-12,1.2959162762731493,1.0790239792374632,1.2917350202299391
2016-07-13,1.2989815484253535,1.0788733869856724,1.2947904023236998
2016-07-14,1.3018516587652416,1.0848973461322098,1.2976512522920471
2016-07-15,1.2977568987072883,1.0834414715455087,1.2935697039211074
2016-07-18,1.3002519204718381,1.0863531310272778,1.296056675532247
2016-07-19,1.2988028895861394,1.0852485785670003,1.2946123199247732
2016-07-20,1.3058638243221363,1.0897667945788942,1.3016504726519504
2016-07-21,1.2979564980875757,1.0856502176995315,1.2937686592967397
2016-07-22,1.3121252614245593,1.09051948676295,1.3078917073136733
2016-07-25,1.3117420955967454,1.0875575102750734,1.3075097777651332
2016-07-26,1.3134259378989288,1.08805978341982,1.3091881871732858
2016-07-27,1.305252088508945,1.086905183028334,1.3010407105959474
2016-07-28,1.3099597058875316,1.0881598792822373,1.3057331389118039
2016-07-29,1.311091765247483,1.0899171177557863,1.306861545697799
2016-08-01,1.3045784267843603,1.0890132951701414,1.3003692224316525
2016-08-02,1.2883196296875963,1.0820359139649156,1.284162884120121
2016-08-03,1.2943145242796201,1.0851983512525256,1.2901384362671888
2016-08-04,1.2924176487675814,1.0863531310272778,1.2882476809979027
2016-08-05,1.307937641515141,1.0952382532662106,1.3037175987023022
2016-08-08,1.3085415053815062,1.094585567252939,1.3043195142102073
2016-08-09,1.3083844068398207,1.0952382532662106,1.304162922544806
2016-08-10,1.3025066227519448,1.0925274133507072,1.298304103046455
2016-08-11,1.311108432759952,1.0975976813636572,1.3068781594327683
2016-08-12,1.3119107711582685,1.0966441696133358,1.3076779090972768
2016-08-15,1.318822266286738,1.099806248134414,1.3145671043817653
2016-08-16,1.3100076515352415,1.0941341492640981,1.3057809298635408
2016-08-17,1.312993346968649,1.096191854708165,1.3087569919916935
2016-08-18,1.3188302773195342,1.098651468359662,1.3145750895670745
2016-08-19,1.3174590895624967,1.0970451809044361,1.3132083259284777
2016-08-22,1.3186912429382416,1.0969951329732275,1.3144365037783006
2016-08-23,1.3245890035048904,1.0992039688188833,1.3203152353015908
2016-08-24,1.3184765875298639,1.093581469421611,1.3142225409526458
2016-08-25,1.32278012922509,1.09282832877939,1.3185121973297775
2016-08-26,1.3210607758583226,1.0907703542604243,1.3167983914330026
2016-08-29,1.330367314238207,1.0961417170853234,1.3260749023947929
2016-08-30,1.328233255399343,1.0943344306805658,1.323947729067424
2016-08-31,1.324452656726235,1.0912223103990633,1.3201793284439416
2016-09-01,1.3255143733440642,1.091272448021905,1.3212376194477045
2016-09-02,1.3300866102258504,1.096191854708165,1.3257951040700722
2016-09-06,1.3324886684287276,1.099504973939199,1.3281894120651918
2016-09-07,1.3395224954823197,1.0994044296186167,1.3352005445725288
2016-09-08,1.3326880034700217,1.0968948577275441,1.3283881039547167
2016-09-09,1.2947675309006794,1.070640681685112,1.2905899812686155
2016-09-12,1.3136141268060992,1.086001808900854,1.3093757688915353
2016-09-13,1.2900538391832825,1.0703898141876378,1.2858914982127192
2016-09-14,1.2871964540441097,1.0699879059802075,1.2830433323874013
2016-09-15,1.300673564687611,1.080680583698797,1.2964769593187566
2016-09-16,1.2952963032371978,1.0765031062006338,1.2911170475284617
2016-09-19,1.2987268071468843,1.0767050917581282,1.2945364829644619
2016-09-20,1.2954106533194225,1.076755408764236,1.2912310286617188
2016-09-21,1.3109170082890222,1.0888638689095793,1.3066873525902614
2016-09-22,1.3239768387715736,1.0957256375998805,1.319705045709367
2016-09-23,1.317733692790554,1.089721410612601,1.3134820431529963
2016-09-26,1.3114512969880603,1.0808925250275532,1.3072199174141599
2016-09-27,1.3185364999942717,1.0876024457832016,1.3142822601103115
2016-09-28,1.3265685618167602,1.0930010748645298,1.3222884065957914
2016-09-29,1.3158110186428278,1.083112303252434,1.3115655724869655
2016-09-30,1.3267431986802263,1.0912852739254224,1.3223023763501731
2016-10-03,1.3219157471210656,1.088661793660452,1.31749108304583
2016-10-04,1.3137268323977662,1.083112303252434,1.3093295779338237
2016-10-05,1.317775599746882,1.0879052447361774,1.3133647934090946
2016-10-06,1.3167044270303478,1.088661793660452,1.3122972060794866
2016-10-07,1.3100039913261794,1.0849283794372244,1.3056191978085439
2016-10-10,1.318478207758158,1.0905793110821547,1.3140650496786401
2016-10-11,1.2985520202456817,1.0768054566954446,1.294205558312446
2016-10-12,1.3024982402697667,1.0782182792983102,1.2981385697050345
2016-10-13,1.2935816866912042,1.074686850632577,1.2892518612617463
2016-10-14,1.292499202631542,1.0752415933826232,1.2881730004498904
2016-10-17,1.2874180908221404,1.0715084482342947,1.2831088959368573
2016-10-18,1.2952103671706756,1.0782182792983102,1.2908750902863702
2016-10-19,1.3039074398794215,1.0810941518185158,1.2995430524975233
2016-10-20,1.30149709639673,1.0790760900762306,1.2971407768211505
2016-10-21,1.2994908580064881,1.079580426128536,1.2951412536326534
2016-10-24,1.3043469206284195,1.08417183051295,1.2999810622339505
2016-10-25,1.2987838430403453,1.0805390503019379,1.2944366051590255
2016-10-26,1.291048705233047,1.0783700375413299,1.2867273580988854
2016-10-27,1.2811625959315123,1.0754940753294913,1.2768743391911714
2016-10-28,1.2844048833863142,1.0723154038563096,1.2801057741897153
2016-10-31,1.2879718082930616,1.0723659899373164,1.2836607600265721
2016-11-01,1.2745426671313385,1.0645963625378858,1.2702765683547004
2016-11-02,1.2705039438337726,1.058188612893782,1.2662513633119277
2016-11-03,1.2652666390763507,1.0533453544039308,1.2610315886537289
2016-11-04,1.2735318057751035,1.0521851034395664,1.2692690905135937
2016-11-07,1.3030693502177775,1.075392813475845,1.2987077680564285
2016-11-08,1.307618481344766,1.080236341040595,1.3032416725117362
2016-11-09,1.3207817130139752,1.0916892450404114,1.3163608447328243
2016-11-10,1.336999251977402,1.0944137180841293,1.3325241009916258
2016-11-11,1.3512054880147053,1.091890961523007,1.3466827864778632
2016-11-14,1.3642141559838143,1.0927485929176617,1.3596479123483514
2016-11-15,1.3652391266552897,1.1012752176995315,1.3606694522785572
2016-11-16,1.3647485500036316,1.099206838951139,1.3601805176656534
2016-11-17,1.3732552662998259,1.104857322137904,1.368658760617706
2016-11-18,1.3734953262944725,1.1023852413494213,1.368898017093039
2016-11-21,1.379634348227644,1.1107099702654297,1.3750164907349418
2016-11-22,1.3845718191155667,1.1128793417925698,1.3799374351157034
2016-11-23,1.3861616509280763,1.1134845809319893,1.3815219455060865
2016-11-25,1.3918526429587597,1.1176216971953068,1.3871938888734605
2016-11-28,1.3809463472550787,1.1123746469737326,1.3763240982911524
2016-11-29,1.381372676626409,1.1145442875757714,1.3767490006696825
2016-11-30,1.3783986945352609,1.1118699521548954,1.3737849729736975
2016-12-01,1.375503216686401,1.1077836013558504,1.3708991867537075
2016-12-02,1.3768246433520162,1.1083386131807953,1.372216190392282
2016-12-05,1.3916157550022807,1.114998396313602,1.3869577938189748
2016-12-06,1.3934354591820508,1.118529914670968,1.3887714071569273
2016-12-07,1.4141822559236177,1.133161400452333,1.4094487610414748
2016-12-08,1.4206932478716325,1.1359359214272593,1.4159379596549075
2016-12-09,1.421590642054078,1.1427977798091935,1.416832350115059
2016-12-12,1.4189454887912718,1.1414856809101763,1.414196050604575
2016-12-13,1.424738516530874,1.149103998524752,1.4199696881509805
2016-12-14,1.4136227776057724,1.1396192877192781,1.4088911553873142
2016-12-15,1.4224120513461394,1.1443108776577424,1.4176510100184447
2016-12-16,1.422769879935916,1.1420730714146308,1.4180076408985265
2016-12-19,1.430230937692953,1.144559682247658,1.4254437252983028
2016-12-20,1.4395390927591174,1.1489751116481448,1.4347207244761913
2016-12-21,1.4330268499671748,1.1457782327734662,1.4282302792056059
2016-12-22,1.4276819948737582,1.143798469358468,1.4229033141996408
2016-12-23,1.4282882198385787,1.1454732812212987,1.4235075100322496
2016-12-27,1.4360002300610009,1.148315788454032,1.4311937069192504
2016-12-28,1.4183478958920834,1.1388250683091476,1.4136004579446897
2016-12-29,1.417246042709998,1.1385713306794176,1.4125022928419706
2016-12-30,1.4133480228467075,1.1344098182919269,1.4083987900031905
2017-01-03,1.42069145024957,1.1430881116251836,1.4157165023440164
2017-01-04,1.4359978140992062,1.1498885312385194,1.4309692666856373
2017-01-05,1.432049015768757,1.1489751116481448,1.4270342961754237
2017-01-06,1.435096126956036,1.15308576887973,1.4300707370518357
2017-01-09,1.4248733586231803,1.1492796147421473,1.4198837665974693
2017-01-10,1.4318871434682667,1.1492796147421473,1.4268729907160034
2017-01-11,1.4358971679863308,1.1525275281559975,1.430868973013236
2017-01-12,1.4294101303664264,1.1496345245338906,1.4244046515673574
2017-01-13,1.4348944374955988,1.1522739699095335,1.4298697538633758
2017-01-17,1.4276316005390526,1.1482138090673217,1.422632349758909
2017-01-18,1.4325237826244956,1.1507513647478875,1.4275074005024166
2017-01-19,1.4235522172353472,1.1464883214318515,1.4185672515551944
2017-01-20,1.4297158596787507,1.150700330208716,1.4247093102831052
2017-01-23,1.4259282841511955,1.147706244116229,1.4209349980091126
2017-01-24,1.4448393037112761,1.1550649941449302,1.4397797953524436
2017-01-25,1.4560121711056175,1.1650624720162106,1.450913537831074
2017-01-26,1.4525935471375169,1.1638446390234662,1.4475068851296036
2017-01-27,1.4515187822001268,1.1620177101510838,1.446435883781818
2017-01-30,1.4436246273635773,1.1548109874403012,1.4385693725332303
2017-01-31,1.4456746845350237,1.154709904969921,1.4406122508569188
2017-02-01,1.4437091342650485,1.1551661663069435,1.4386535835101832
2017-02-02,1.4451805844955286,1.1559279173459314,1.440119881046712
2017-02-03,1.4477499041015631,1.1638954941793718,1.442680203462547
2017-02-06,1.438067163293813,1.1618147379856263,1.4330313694760797
2017-02-07,1.4414421024467594,1.161865503449899,1.436394490336977
2017-02-08,1.4468075386283719,1.1633880189199117,1.4417411379452585
2017-02-09,1.46027602788952,1.1702899694617928,1.4551624635295723
2017-02-10,1.4661726096466896,1.174908191644471,1.461038396758831
2017-02-13,1.4706774822028912,1.181302756618525,1.4655274942455871
2017-02-14,1.4759554570849707,1.1860222406548493,1.4707869868245038
2017-02-15,1.4809310940295193,1.192213923155079,1.4757452001866185
2017-02-16,1.4789100022770367,1.1911989726361591,1.4737311858513886
2017-02-17,1.483413652935306,1.193076487589548,1.4782190657190295
2017-02-21,1.493393888113368,1.2001814999885194,1.4881643523161823
2017-02-22,1.4880292909592392,1.199115784005327,1.4828185407972958
2017-02-23,1.4838739543320023,1.1999276726671566,1.4786777552418255
2017-02-24,1.4874430333931525,1.2014503675204353,1.482234336175816
2017-02-27,1.4917124717842105,1.2033281515487233,1.4864888239359133
2017-02-28,1.4865046883352115,1.2000799690599744,1.4812992769951705
2017-03-01,1.5046161855793325,1.2168782253111223,1.4993473517732343
2017-03-02,1.494073761127082,1.2092151515716845,1.4888418445646538
2017-03-03,1.4914041779170772,1.2099762747692413,1.4861816096458609
2017-03-06,1.4825649923180375,1.2063730031054831,1.4773733769239394
2017-03-07,1.4762860863196443,1.2027698211333577,1.4711164582685687
2017-03-08,1.4729608862993948,1.2005368582384277,1.4678029023649033
2017-03-09,1.4702990164821812,1.2020594634000734,1.4651503538283024
2017-03-10,1.4737932344721427,1.20627183094347,1.468632335838053
2017-03-13,1.4753454662655736,1.206880837131475,1.4701791320583282
2017-03-14,1.4696489270914253,1.2022619871073659,1.4645025409071146
2017-03-15,1.4834543067407886,1.2126658577677258,1.478259577163858
2017-03-16,1.4811555378884178,1.210280508788345,1.4759688580926589
2017-03-17,1.4827091165787907,1.2081551758530034,1.4775169964933403
2017-03-20,1.4770163892382608,1.2068298025923034,1.4718442038275457
2017-03-21,1.4623389959294804,1.1913349451517725,1.4572182075107636
2017-03-22,1.4667788041492607,1.194138346832522,1.4616424685020446
2017-03-23,1.4673563624028425,1.1928640081109938,1.462218004274092
2017-03-24,1.4667888422559665,1.191997497244673,1.461652471457516
2017-03-27,1.4643702971226626,1.1907744621372154,1.4592423955354847
2017-03-28,1.4762307801720378,1.1994393017255236,1.4710613457908848
2017-03-29,1.479939142158051,1.200560447137904,1.474756721911676
2017-03-30,1.4876275570444517,1.204383283919223,1.4824182136660133
2017-03-31,1.4877631085456278,1.2015798822384736,1.4823132876884364
2017-04-03,1.4834852669166534,1.1994903362646951,1.4780511162090977
2017-04-04,1.4810368712563005,1.2002546883610397,1.4756116892599997
2017-04-05,1.47552093765246,1.1966872036588445,1.4701159610570251
2017-04-06,1.4825567904788692,1.2000509089708853,1.477126040870741
2017-04-07,1.4801502172772565,1.1988276047885287,1.4747282831806519
2017-04-10,1.4868054161877489,1.1995411914206007,1.4813591034507392
2017-04-11,1.4880472820202217,1.1981141078480897,1.482596420207975
2017-04-12,1.4770074808102627,1.1928640081109938,1.4715970588627685
2017-04-13,1.467102773702329,1.185116355161646,1.4617286336595756
2017-04-17,1.4810589286219913,1.1956163752525717,1.4756336658274167
2017-04-18,1.4780533318100142,1.1920484420922115,1.4726390788086652
2017-04-19,1.4802628975743692,1.189857096114989,1.4748405507188858
2017-04-20,1.492814581451463,1.1995411914206007,1.4873462565580824
2017-04-21,1.4877045344768745,1.1957185340225478,1.4822549281821895
2017-04-24,1.4977386253562184,1.2088690315599744,1.492252263211464
2017-04-25,1.5069456673860318,1.2159027391107182,1.5014255789515214
2017-04-26,1.5099443709787903,1.2151380282478417,1.5044132980015856
2017-04-27,1.5040530142992232,1.2161577324233102,1.4985435219340966
2017-04-28,1.4895469413872806,1.2135076137433414,1.4840905861770257
2017-05-01,1.4897280489849878,1.2165653808952517,1.484271030360001
2017-05-02,1.4927670661911252,1.2170241535979978,1.487298915350761
2017-05-03,1.4868416055685867,1.2155459457946822,1.481395160266358
2017-05-04,1.4796870182046975,1.2169728499839272,1.4742667808513128
2017-05-05,1.4892586311562643,1.221764177018277,1.4838033320544057
2017-05-08,1.4787582930577903,1.2215605770113886,1.473341457714878
2017-05-09,1.478070296464691,1.2204392522157421,1.4726559813201632
2017-05-10,1.4889970991786803,1.2226309569594966,1.483542758093873
2017-05-11,1.4828969140383066,1.2201336728221437,1.4774649185245246
2017-05-12,1.4779686533987189,1.2180946232377388,1.4725547105826202
2017-05-15,1.486245408223431,1.2248225720116184,1.4808011468500197
2017-05-16,1.481453529362018,1.2237013369076046,1.4760268211065826
2017-05-17,1.4558172122426036,1.2019877997853141,1.450484412308282
2017-05-18,1.463068931454992,1.2068298025923034,1.4577095677684262
2017-05-19,1.4744329083910261,1.2146796143116274,1.4690319173525175
2017-05-22,1.4829735252190988,1.2208469903793167,1.4775412490711157
2017-05-23,1.4794724135472421,1.223548412673356,1.474052962311574
2017-05-24,1.4810725131173668,1.226402759201644,1.4756472005614654
2017-05-25,1.485602234105328,1.2322646455673678,1.4801603287412193
2017-05-26,1.486149890388548,1.2320093831798768,1.4807059789062496
2017-05-30,1.4803731500564643,1.2309392723066679,1.4749503993354236
2017-05-31,1.4805181358269648,1.2306332444549044,1.475094854008956
2017-06-01,1.4972709395262975,1.2404196779137582,1.4917862905601904
2017-06-02,1.4979460700156406,1.2445482734719415,1.492458947980938
2017-06-05,1.4963721976787543,1.2436308177580824,1.4908908408913801
2017-06-06,1.4907789093324677,1.2396550567425146,1.485318041303899
2017-06-07,1.4919290849047693,1.2419489202562455,1.4864640036712975
2017-06-08,1.496706198817309,1.2425602584267084,1.4912236185513041
2017-06-09,1.5033876382691287,1.240674491843084,1.497880583241066
2017-06-12,1.5071714978743813,1.2404196779137582,1.5016505822008441
2017-06-13,1.5171613456658313,1.2464851642863704,1.5116038362089557
2017-06-14,1.5134850990387039,1.2449048874047115,1.5079410560305047
2017-06-15,1.5099035725507217,1.2425095826540686,1.5043726490221243
2017-06-16,1.510280642378004,1.2427811689187638,1.504748337605983
2017-06-19,1.5232180207196349,1.2531275472423768,1.5176383250734091
2017-06-20,1.5034858195015768,1.24467599435732,1.4979784048261173
2017-06-21,1.494692486413661,1.2443685314394288,1.489217282571897
2017-06-22,1.4938704360421975,1.2438055370591476,1.488398243450836
2017-06-23,1.495063632793241,1.2452907408098366,1.489587069406218
2017-06-26,1.4981884532127943,1.2461103429521032,1.4927004433048838
2017-06-27,1.4880617050039695,1.2360714275463813,1.4826107903589316
2017-06-28,1.5000920059966645,1.247134531709221,1.4945970231899066
2017-06-29,1.492028784333072,1.2361734966247244,1.4865633378909047
2017-06-30,1.4956872545050393,1.238478212826047,1.4900334856856587
2017-07-03,1.5055518389061069,1.2405786114874173,1.499860781489438
2017-07-05,1.4955321940805757,1.2434465014522869,1.4898790113969602
2017-07-06,1.4778127726172914,1.2320760240631887,1.4722265701879134
2017-07-07,1.487370666539848,1.240066472263042,1.4817483348177487
2017-07-10,1.4830650574612863,1.2413978548631521,1.4774590011458826
2017-07-11,1.4746664511430363,1.2404759145676432,1.469092141958181
2017-07-12,1.4874873587741106,1.2497980144425056,1.4818645859498267
2017-07-13,1.494417794896905,1.2518976955708119,1.4887688246951025
2017-07-14,1.4999168225891306,1.257737069336655,1.4942470658016236
2017-07-17,1.5021554319180177,1.2575832481860765,1.4964772130809851
2017-07-18,1.4993617725900723,1.2582490291777646,1.493694113917909
2017-07-19,1.5093511627744665,1.265061198395022,1.5036457437332291
2017-07-20,1.5016913872528699,1.265624641233468,1.4960149225266983
2017-07-21,1.4980105659232752,1.264498024631475,1.492348014876451
2017-07-24,1.4937263856136946,1.2641906514052168,1.4880800289718021
2017-07-25,1.505591897532141,1.2672640249012674,1.499900688691964
2017-07-26,1.503638100600762,1.2673146109822742,1.4979542772057288
2017-07-27,1.5085475452916168,1.2661366907662106,1.5028451639626106
2017-07-28,1.5105143139841926,1.2646513076322556,1.5048044981761697
2017-07-31,1.50564583091787,1.26393431271813,1.4999544182069355
2017-08-01,1.5124744170228839,1.266751706293626,1.5067571919323322
2017-08-02,1.5066560813897407,1.2673661836712435,1.5009608498840674
2017-08-03,1.5079740085966535,1.2649075566277095,1.502273795263579
2017-08-04,1.5190120127337616,1.2672124522122978,1.513270075221096
2017-08-07,1.5180653913519357,1.269568472027691,1.5123270321130278
2017-08-08,1.5114663738267042,1.2664441536841018,1.505752959187284
2017-08-09,1.5128959916521927,1.2663928500700312,1.507177172989531
2017-08-10,1.493572680024202,1.2485172179234019,1.4879269043967343
2017-08-11,1.494714582624887,1.2503611882060526,1.4890644905513843
2017-08-14,1.5063194479100421,1.2627564821936994,1.5006254888949013
2017-08-15,1.5011835248102412,1.262602750734754,1.4955089798282104
2017-08-16,1.5014799868540445,1.2648052184744674,1.495804321231415
2017-08-17,1.4869697964914836,1.2450856160451873,1.4813489800771953
2017-08-18,1.4855224651306946,1.2431393076092947,1.4799071196976523
2017-08-21,1.4860076325882186,1.244112641210507,1.4803904531991565
2017-08-22,1.4964725721352663,1.2571221435008726,1.4908158347779665
2017-08-23,1.4930182399716139,1.2526149595598366,1.4873745601538633
2017-08-24,1.4931712046815349,1.2496955865976305,1.4875269466499192
2017-08-25,1.5044863309807757,1.2526149595598366,1.498799301234642
2017-08-28,1.503591575570535,1.2526661734822742,1.4979079280423249
2017-08-29,1.5020644881234326,1.2541002530021583,1.4963866130582602
2017-08-30,1.5130805679238262,1.2600418752296105,1.5073610515540967
2017-08-31,1.521019286434902,1.2676223429750644,1.5152697613323647
2017-09-01,1.5381655626561286,1.2694146508771125,1.5323512238155752
2017-09-05,1.5218836213498488,1.2602979448417984,1.5161308290203048
2017-09-06,1.5305922142727693,1.264600093709818,1.524806503048597
2017-09-07,1.5289927786825923,1.2644463622508726,1.5232131134008728
2017-09-08,1.5253457641731454,1.2629614275750827,1.5195798847793882
2017-09-11,1.541870784361758,1.27643167578412,1.5360424396072776
2017-09-12,1.5472265101236682,1.2807343628019379,1.5413779204715818
2017-09-13,1.5531382286399342,1.2813490195628214,1.547267292411239
2017-09-14,1.5522028065042308,1.280939039108422,1.546335406215611
2017-09-15,1.5591339495239234,1.2826637195191954,1.553240349185681
2017-09-18,1.5603724232333047,1.2853917802282329,1.554474141405653
2017-09-19,1.56013220814065,1.286678586086747,1.5542348343374512
2017-09-20,1.5629448948657088,1.2871416639878765,1.5570368889731763
2017-09-21,1.5578194553307763,1.2836930206993937,1.5519308238429803
2017-09-22,1.5605520765506162,1.2839504356860765,1.5546531156248975
2017-09-25,1.5620535884983728,1.281325430663345,1.556148951786218
2017-09-26,1.5617835487035507,1.2820972271652278,1.5558799327546382
2017-09-27,1.59166613377143,1.287090270682173,1.5856495602324931
2017-09-28,1.5941682121372454,1.2886342224524705,1.588142180623317
2017-09-29,1.6013765370625688,1.2931641880682863,1.5949567706216397
2017-10-02,1.603916577989525,1.2987746687867376,1.597486628765769
2017-10-03,1.6062362880568728,1.3015540331098456,1.5997970393357788
2017-10-04,1.6113790804810293,1.3030984333383082,1.6049192147935614
2017-10-05,1.616807977373088,1.310819358181025,1.610326347753607
2017-10-06,1.6117522667521262,1.3093268894080639,1.6052909049963417
2017-10-09,1.6068291046826126,1.3071648725948293,1.6003874794159707
2017-10-10,1.614871192799932,1.3106134261916789,1.6083973275658527
2017-10-11,1.61518262305893,1.3126725667018737,1.6087075093305208
2017-10-12,1.6173966723003406,1.3107165715696178,1.6109126826588098
2017-10-13,1.6259262667759877,1.312312275412151,1.6194080828003312
2017-10-16,1.6237371275430668,1.3140623385550607,1.6172277196186737
2017-10-17,1.6282231088949142,1.3149889428154848,1.621695717097353
2017-10-18,1.623531313894011,1.3162755692907329,1.6170227310569898
2017-10-19,1.6275251422555872,1.3166356811971895,1.6210005485399919
2017-10-20,1.635903740110422,1.323430181162748,1.6293455573918116
2017-10-23,1.6308882731156125,1.318283137111958,1.6243501969278238
2017-10-24,1.6333689015242632,1.3205993338423034,1.6268208807327902
2017-10-25,1.5938640365892265,1.3140623385550607,1.5874743870491699
2017-10-26,1.601827589627572,1.3157609187006338,1.59540601495975
2017-10-27,1.6022260310444385,1.3265187125447742,1.5958028590628197
2017-10-30,1.5905699321128404,1.3215772417167984,1.584193488324761
2017-10-31,1.594615868502241,1.3236360234604612,1.5882232049394527
2017-11-01,1.593369990549238,1.3253862659866367,1.5869823215928325
2017-11-02,1.6010163359792073,1.325900826885103,1.59459801355021
2017-11-03,1.597386689605438,1.3303280058895113,1.590982918084015
2017-11-06,1.6026651151293219,1.332386787633174,1.5962401829013104
2017-11-07,1.5972234615682088,1.3314602730643827,1.5908203444124844
2017-11-08,1.6001381818823346,1.3337251661806575,1.5937233798897061
2017-11-09,1.599730283635881,1.3288863922724559,1.5933171168685811
2017-11-10,1.60498649511083,1.3284749767519288,1.5985522566909531
2017-11-13,1.6093899059195245,1.3297102099214733,1.6029380146439447
2017-11-14,1.611700150071174,1.3266219476143462,1.6052389972462136
2017-11-15,1.6056679803438816,1.3199817172575312,1.5992310099144322
2017-11-16,1.6169860469406736,1.3312030374609662,1.610503703457209
2017-11-17,1.6211526659276203,1.327290688429923,1.614653618864376
2017-11-20,1.6215245053395126,1.3295558506210967,1.615023967607383
2017-11-21,1.6224635713966962,1.3382547730299412,1.6159592690379343
2017-11-22,1.6225872389352265,1.3370707537828344,1.616082440805048
2017-11-24,1.621671439131866,1.3401592851648605,1.615170312356118
2017-11-27,1.6192296378141244,1.3394903649660177,1.6127382999879412
2017-11-28,1.6447876595880317,1.3530789164389696,1.6381938620800163
2017-11-29,1.663618666340024,1.3522554575564842,1.656949377114479
2017-11-30,1.6751230234999772,1.3640944840363245,1.668407614399243
2017-12-01,1.674422538231406,1.3612632779493479,1.6677099373095823
2017-12-04,1.685705920877938,1.3596162704927444,1.6789480859467618
2017-12-05,1.674608398715214,1.3547259238955731,1.6678950526963636
2017-12-06,1.6692659311619187,1.3549837873404207,1.66257400258807
2017-12-07,1.6764096472499315,1.3592558895113886,1.669689080196785
2017-12-08,1.6860992790193365,1.3666675576035543,1.6793398671527313
2017-12-11,1.6843416315280857,1.3707858386239438,1.6775892659033347
2017-12-12,1.6869729007157261,1.373205091040595,1.6802099865827158
2017-12-13,1.685189820222782,1.3730509111234845,1.6784340542901137
2017-12-14,1.6717341964820926,1.367439981946868,1.665032372867007
2017-12-15,1.6828784342220064,1.3788275007462343,1.676131934416283
2017-12-18,1.6972071347916824,1.3875708205134092,1.6904031925862928
2017-12-19,1.687471283010959,1.3822417024476488,1.6807063709106629
2017-12-20,1.679328542592112,1.3815175322028839,1.6725962739647704
2017-12-21,1.6790398383324403,1.3843634477176707,1.6723087270930554
2017-12-22,1.6805469237643633,1.3840010038287565,1.6738097707626223
2017-12-26,1.6840654288877572,1.3823454756670188,1.6773141705331585
2017-12-27,1.6843968733408257,1.3830182526060801,1.6776442862568945
2017-12-28,1.6892223470856345,1.3858635402794361,1.6824504151357758
2017-12-29,1.678319131906144,1.3806381954330456,1.6714110770924098
2018-01-02,1.689105664420052,1.3905197020228692,1.6821532116390665
2018-01-03,1.7091868807376989,1.3993149532455456,1.7021517725544055
2018-01-04,1.7105048123586002,1.4052128956477314,1.7034642794955157
2018-01-05,1.7229735956847951,1.4145773299733653,1.7158817406166302
2018-01-08,1.7338115140893346,1.4171643057437087,1.7266750495467367
2018-01-09,1.7308664844300161,1.420372126997612,1.7237421417931558
2018-01-10,1.7276338192967915,1.4181983605804556,1.7205227824892635
2018-01-11,1.7408738860706365,1.4285460842785636,1.7337083524124963
2018-01-12,1.7513014651287153,1.4378585871486957,1.7440930109756958
2018-01-16,1.7432713164995568,1.4329434856608192,1.7360959148845425
2018-01-17,1.7630840629133384,1.4466018172242376,1.7558271109330597
2018-01-18,1.7603149759461436,1.4441697389040686,1.7530694216817049
2018-01-19,1.7739027184361797,1.45074117577838,1.7666012362685595
2018-01-22,1.7749262923205018,1.4625367018162196,1.7676205970658923
2018-01-23,1.782633341178758,1.465640749850753,1.775295923282755
2018-01-24,1.7817756300467675,1.4650719255143276,1.7744417425374484
2018-01-25,1.781807829154949,1.4656929503811535,1.7744738091123111
2018-01-26,1.790607689230501,1.4826621588847815,1.7832374484747702
2018-01-29,1.7825026650757567,1.4728321352922942,1.7751657850498557
2018-01-30,1.7593379117883468,1.4577254632393462,1.7520963791742785
2018-01-31,1.762736951631515,1.458449633484111,1.7554814283805622
2018-02-01,1.7494878046306888,1.4567939259391072,1.7422868156050664
2018-02-02,1.7144479865211826,1.4250796820467486,1.7073912233341164
2018-02-05,1.6506578180419058,1.3654793228496969,1.6438636187332196
2018-02-06,1.6739043744159738,1.392382238473549,1.6670144909894045
2018-02-07,1.645170159738804,1.3848289472928912,1.638398547936651
2018-02-08,1.5929152193040632,1.332885562804234,1.5863586917406283
2018-02-09,1.606257466961656,1.3529075157283248,1.5996460219654127
2018-02-12,1.6195025489905521,1.372774122744076,1.612836586500628
2018-02-13,1.6181865622084683,1.3761888625952885,1.611526016393271
2018-02-14,1.6664368252198147,1.3947619368800515,1.6595776786407201
2018-02-15,1.6830099274638919,1.4125594476143462,1.6760825650749673
2018-02-16,1.6977209052997964,1.412973374500597,1.6907329917085878
2018-02-20,1.6977127134201913,1.404126729972217,1.6907248335472145
2018-02-21,1.6885114794657654,1.397141724978187,1.6815614723830716
2018-02-22,1.6832310511783921,1.398952868123163,1.6763027786319706
2018-02-23,1.707015827180622,1.4212513740758175,1.6999896551744185
2018-02-26,1.7190302215827764,1.437754903620959,1.7119545976615556
2018-02-27,1.7057062393863378,1.4198024954364896,1.698685457716272
2018-02-28,1.6942616047224943,1.4054196348617745,1.6872879298047005
2018-03-01,1.6744302150644756,1.3849841138179648,1.6675381672485754
2018-03-02,1.6872324446906275,1.3921234781123715,1.6802877021861462
2018-03-05,1.703572803145248,1.4082132601545279,1.6965608028173078
2018-03-06,1.7105955316611916,1.4117833459140796,1.7035546253924163
2018-03-07,1.7122636797784014,1.411265735500092,1.7052159073192743
2018-03-08,1.7169491272622295,1.4180952152025166,1.709882069240881
2018-03-09,1.7471172182317387,1.4427733298700405,1.7399259866714725
2018-03-12,1.7441261310445924,1.4409628145664952,1.7369472109654072
2018-03-13,1.7399377618257539,1.43165022200473,1.7327760813070279
2018-03-14,1.7250586504878471,1.4243037597297483,1.717958213218243
2018-03-15,1.7220274302491163,1.4227517357124817,1.7149394696504645
2018-03-16,1.7307481772039606,1.4242947905664494,1.723624321526217
2018-03-19,1.7118441774062965,1.4050229287690577,1.704798131642245
2018-03-20,1.7137529564732596,1.4074125829468223,1.706699054068495
2018-03-21,1.7248380833983084,1.404711340036049,1.7177385539951022
2018-03-22,1.6917332887201748,1.3695973347951873,1.6847700204915486
2018-03-23,1.652040570395243,1.3404053093141532,1.645240679601029
2018-03-26,1.6899935555265526,1.3770773479116918,1.6830374481364312
2018-03-27,1.6689671339355163,1.3536508799825495,1.662097572465135
2018-03-28,1.669627287157057,1.3496515300675056,1.6627550084593299
2018-03-29,1.6908402923399566,1.366896360959313,1.6836741391198486
2018-04-02,1.648648943295135,1.337392477670371,1.6416616062962797
2018-04-03,1.6712468063701622,1.3545340734926066,1.6641636946550455
2018-04-04,1.6911084982730116,1.3690261784763043,1.683941208337142
2018-04-05,1.701644268088575,1.3798307016612326,1.6944323252418827
2018-04-06,1.664538886606507,1.3490801046737233,1.6574842045313938
2018-04-09,1.6644985084403183,1.3557286763524063,1.6574439974967583
2018-04-10,1.688017859493114,1.3772854325002295,1.6808636683644733
2018-04-11,1.6812118628897723,1.3700650766612326,1.6740865170723631
2018-04-12,1.6886891273910551,1.381336713870775,1.681532091281354
2018-04-13,1.6801848206196115,1.3772854325002295,1.6730638276333387
2018-04-16,1.69784114427341,1.3886090908569066,1.6906453199023048
2018-04-17,1.7115859120330503,1.4034648954123805,1.7043318343117104
2018-04-18,1.7160832932078505,1.404503703905676,1.708810154595465
2018-04-19,1.7046718046365679,1.3967124608226946,1.6974470304237905
2018-04-20,1.6904715102368901,1.384868770377939,1.683306919996484
2018-04-23,1.6921816379277514,1.384661223939199,1.685009799789886
2018-04-24,1.6799312097900712,1.366013436524155,1.6728112916622997
2018-04-25,1.687153421503695,1.3693896986648144,1.6800028940534693
2018-04-26,1.7543305042060198,1.3833110060961609,1.7468952654973113
2018-04-27,1.7652186494952609,1.3846094718669637,1.7577372644309337
2018-04-30,1.7475853891199173,1.3739609224318057,1.740178737693174
2018-05-01,1.7531038592151966,1.3764025977567047,1.745673819297877
2018-05-02,1.739335772837127,1.3671565563866184,1.731964085099478
2018-05-03,1.7328364362491846,1.3641433659763043,1.725492294130142
2018-05-04,1.7522927769428873,1.3818044557368203,1.744866174570712
2018-05-07,1.756480915316634,1.3864794527231814,1.7490365626924516
2018-05-08,1.758092092428024,1.3864794527231814,1.7506409112807118
2018-05-09,1.7726024431022773,1.3998806383748164,1.765089763895876
2018-05-10,1.7810484765311299,1.4129703249850754,1.7735000011765485
2018-05-11,1.78064610039346,1.4172817120912933,1.773099330397491
2018-05-14,1.7808239407527657,1.4179573591626102,1.7732764170302213
2018-05-15,1.7722103926597037,1.4081917341626102,1.7646993750493465
2018-05-16,1.7892754652195482,1.4141132654642725,1.7816921220765964
2018-05-17,1.7870830746451642,1.4129184832212067,1.7795090233358912
2018-05-18,1.7795593814085966,1.409386157639144,1.7720172171668125
2018-05-21,1.7931985321327826,1.4199828653104336,1.7855985621690007
2018-05-22,1.7876504323565736,1.416035536542524,1.7800739764604752
2018-05-23,1.7913487845227631,1.419931023546565,1.7837566541963799
2018-05-24,1.787687071054688,1.4170219651221527,1.7801104598757256
2018-05-25,1.7834020254240084,1.4136458823647593,1.775843575211332
2018-05-29,1.771833975721496,1.397387210977682,1.7643245534489518
2018-05-30,1.7973087776965364,1.416035536542524,1.7896913876076161
2018-05-31,1.7791593139240012,1.4073607411829536,1.7716188452562494
2018-06-01,1.7969113606307934,1.4211779166283982,1.7892956548828471
2018-06-04,1.8066288289621002,1.4279306202929831,1.7989719384450844
2018-06-05,1.814753446764596,1.4289694287862784,1.8070621223295504
2018-06-06,1.8272025072697529,1.4409160852257072,1.8194584209769313
2018-06-07,1.8283412994215773,1.4407605599341018,1.8205923866770306
2018-06-08,1.836995584288345,1.4450198362015523,1.8292099927801997
2018-06-11,1.8445951377681213,1.4469415691300056,1.836777337680084
2018-06-12,1.8494426195531564,1.4488118190611223,1.8416042747706491
2018-06-13,1.8303924840433266,1.4441885741469966,1.822634877927
2018-06-14,1.8346882911712783,1.4478247626400624,1.8269124784790711
2018-06-15,1.834189464157247,1.445977653150257,1.8264157656036901
2018-06-18,1.8369658600638505,1.4430034786002939,1.8291803945335097
2018-06-19,1.8318583923749443,1.4374724646686718,1.8240945734165424
2018-06-20,1.8347264725902561,1.4399252617560616,1.8269504980767948
2018-06-21,1.8289404857983964,1.430898426737004,1.8211890335701368
2018-06-22,1.8363110468105623,1.4335073769574302,1.8285283565228765
2018-06-25,1.8115738231281062,1.4139935271342303,1.8038959746376926
2018-06-26,1.8178517474159792,1.417123675433964,1.810147291701007
2018-06-27,1.8005641097166403,1.4053842066667432,1.792932922814298
2018-06-28,1.78995427031418,1.4134192316081926,1.7823680502458692
2018-06-29,1.7908308206408357,1.4154540656858468,1.7829600508052683
2018-07-02,1.7953233516768956,1.4184807098411094,1.7874328369958878
2018-07-03,1.7951769301302274,1.41347134244696,1.7872870589775083
2018-07-05,1.80822328074302,1.4250026369340099,1.8002760703812117
2018-07-06,1.817333474580575,1.4370556676501653,1.8093462245689982
2018-07-09,1.8343584703132563,1.4499951207751653,1.826296394795373
2018-07-10,1.8348749172567627,1.4552125727578527,1.8268105719348438
2018-07-11,1.8291068744985934,1.4445686872876102,1.821067879944836
2018-07-12,1.8355767070487703,1.4576654595368754,1.827509277333919
2018-07-13,1.8357460025796626,1.4588131536726212,1.827677828804489
2018-07-16,1.8305891958676423,1.457508947637307,1.822543686454869
2018-07-17,1.8328197674275561,1.4634044683654022,1.8247644545676078
2018-07-18,1.8475581539026042,1.4664827749012674,1.8394380652713458
2018-07-19,1.8491376813766531,1.4609520300445444,1.8410106506618351
2018-07-20,1.841853623841065,1.4592828687545922,1.8337586068372418
2018-07-23,1.844869632633226,1.4619957715776544,1.8367613601556014
2018-07-24,1.8387129886453053,1.4693530865402278,1.830631774853086
2018-07-25,1.8488071196916627,1.4818752941885562,1.840681541808072
2018-07-26,1.8552252419714974,1.4783796524843864,1.8470714561954256
2018-07-27,1.8572366476452933,1.4683615455375183,1.8490740216644839
2018-07-30,1.8501570774385396,1.4606916552339733,1.8420255664391065
2018-07-31,1.8487966487075287,1.4678924582969783,1.840671116844313
2018-08-01,1.8437933461916485,1.4654393024430565,1.8356898040340304
2018-08-02,1.8582439478613457,1.4734232031537013,1.8500768947576254
2018-08-03,1.8725307949601389,1.479735969358468,1.8643009506179082
2018-08-06,1.8864571012079991,1.4851627616125551,1.8781660502180644
2018-08-07,1.8922545607185868,1.4900671897961058,1.8839380296727404
2018-08-08,1.8951616808581884,1.4894412318894654,1.8868323729083263
2018-08-09,1.892467510224422,1.487406487503444,1.8841500432573668
2018-08-10,1.8767172451449134,1.4774404017037106,1.8684690011942706
2018-08-13,1.8666369326310122,1.4719093877720886,1.858432992038762
2018-08-14,1.884029753357649,1.4813012677374173,1.8757493706541997
2018-08-15,1.8893671213133092,1.4702397780239713,1.8810632806738992
2018-08-16,1.894528663087352,1.4821362968405585,1.8862021372747633
2018-08-17,1.9067901100187958,1.4873541972814108,1.8984096946787672
2018-08-20,1.915804067145717,1.4905366358031777,1.9073840351199383
2018-08-21,1.9201478591722823,1.4940325465822466,1.9117087360146885
2018-08-22,1.917499344291895,1.493145316948705,1.9090718614583289
2018-08-23,1.9127831184611606,1.4911623246349193,1.9043763636201985
2018-08-24,1.9216355692230302,1.5001373178901083,1.913189907522959
2018-08-27,1.9213697554458424,1.51198118771813,1.9129252620074713
2018-08-28,1.9221804094906498,1.5127123539102683,1.913732353196799
2018-08-29,1.9247205253413593,1.5208515108376195,1.9162613051413555
2018-08-30,1.9119070380153742,1.514694180232825,1.9035041335814225
2018-08-31,1.9088017399328203,1.5147469189130236,1.90041248340251
2018-09-04,1.9102536149446812,1.5121381480758633,1.9018579773682576
2018-09-05,1.915679005570266,1.5080683005372888,1.9072595231948868
2018-09-06,1.914501947309412,1.5035290069916423,1.9060876381500327
2018-09-07,1.910404712939517,1.5006066742055475,1.9020084112816367
2018-09-10,1.9213305608338336,1.5032154450427075,1.912886239657279
2018-09-11,1.9229829567880716,1.5081725222148237,1.9145313732682046
2018-09-12,1.9246573753322147,1.5085379259276268,1.9161984326789125
2018-09-13,1.931099244443296,1.5174599114277185,1.9226119895292821
2018-09-14,1.9321948614793665,1.5177207346964547,1.9237027912866456
2018-09-17,1.9272052784966798,1.5096859788299044,1.9187351377116837
2018-09-18,1.9366562729324284,1.517877336287656,1.9281445946660225
2018-09-19,1.938217750304192,1.5194944764304739,1.9296992092851157
2018-09-20,1.9457619824689072,1.5318085994902646,1.9372102842614076
2018-09-21,1.9402999538971644,1.5304088718658155,1.9317722615137924
2018-09-24,1.9206144328285077,1.525325150107917,1.91217325906188
2018-09-25,1.9158682585093896,1.5239103542891257,1.9074479443601162
2018-09-26,1.905453485415797,1.5193500729013594,1.8970789445919352
2018-09-27,1.9041562569038102,1.5235955366573293,1.8957874174487903
2018-09-28,1.902438496699462,1.5237528557815945,1.8937998211253275
2018-10-01,1.8970602808709454,1.5290464559606907,1.8884460269334578
2018-10-02,1.8901745490015975,1.5281552798952975,1.881591562095246
2018-10-03,1.891702320545716,1.5289938966637582,1.8831123962678042
2018-10-04,1.8879529044004484,1.5170435628673768,1.8793800056346508
2018-10-05,1.8833242020241876,1.5085522765889052,1.874772321471713
2018-10-08,1.890859710362327,1.5085522765889052,1.882273612245431
2018-10-09,1.883177772343375,1.5063517820651176,1.874626556705172
2018-10-10,1.8268490129120836,1.458655565473457,1.8185535773577381
2018-10-11,1.7859593567616834,1.4265264080868847,1.777849594738669
2018-10-12,1.7957870223351557,1.4463386619730436,1.7876326344203248
2018-10-15,1.795859852923944,1.4382144835484019,1.787705134296804
2018-10-16,1.830679792630534,1.469661984524247,1.8223669621048189
2018-10-17,1.8242088220070773,1.4699243325507438,1.8159253751465696
2018-10-18,1.8045798302484775,1.4486971931541606,1.7963855155685606
2018-10-19,1.8016960818236523,1.4479110459909992,1.7935148617941654
2018-10-22,1.7888785597742707,1.4414119005728785,1.7807555421070893
2018-10-23,1.7817529704118695,1.434073869311398,1.7736623089311734
2018-10-24,1.7371485159129725,1.390623475242239,1.7292603962817221
2018-10-25,1.7636474915279785,1.4155723689497612,1.755639044194265
2018-10-26,1.7429319773905387,1.3906762139224376,1.7350175959655505
2018-10-29,1.75014906362667,1.3829712541903931,1.7422019105422069
2018-10-30,1.7890371810035672,1.4034647160291147,1.7809134430622002
2018-10-31,1.7908369560504576,1.4184551477257072,1.7827050456121807
2018-11-01,1.8190904808569779,1.4335498907914677,1.810830275582861
2018-11-02,1.8231436479803724,1.425058694204629,1.8148650379084723
2018-11-05,1.8383860939683576,1.4329210627525717,1.8300382703339293
2018-11-06,1.8575319697934858,1.441987989931576,1.8490972077323375
2018-11-07,1.88090289385242,1.4728599396985214,1.8723620080815362
2018-11-08,1.8828835758662696,1.470186321810709,1.8743336961282413
2018-11-09,1.8737691904959255,1.4558257944526083,1.865260697755905
2018-11-12,1.8509993616490628,1.4286230396996693,1.8425942631394618
2018-11-13,1.8517839227103128,1.4259495115034901,1.8433752616316785
2018-11-14,1.836767954913456,1.4162013763719232,1.8284274789953159
2018-11-15,1.8450805259913032,1.4309813018058872,1.8367023039884134
2018-11-16,1.8543358703277928,1.4347034148833577,1.845915621254284
2018-11-19,1.8341860979923956,1.4104359982032972,1.825857345882599
2018-11-20,1.80441221531469,1.384333670095518,1.7962186617479634
2018-11-21,1.8162740475482795,1.3890514499908155,1.8080266312571822
2018-11-23,1.810078003491979,1.3797739268575495,1.8018587224675608
2018-11-26,1.8305346226938919,1.4020496511354243,1.8222224513621468
2018-11-27,1.8339456083602628,1.406766803189291,1.8256179482762607
2018-11-28,1.8674852917926321,1.4391576807609294,1.859005333253498
2018-11-29,1.8597843054504675,1.4360131817999173,1.851339315885482
2018-11-30,1.866614371820613,1.4447660088801892,1.858138367992815
2018-12-03,1.885772188512693,1.4638970548137857,1.8772091920365652
2018-12-04,1.8249012324499145,1.4164631862486223,1.8166146414619146
2018-12-06,1.8242664516254345,1.414314623180336,1.8159827430778464
2018-12-07,1.7894757993679449,1.381451339777737,1.781350069729208
2018-12-10,1.7883716592452668,1.384071949910452,1.7802509433340825
2018-12-11,1.7867211269929657,1.3843859603175515,1.7786079058905109
2018-12-12,1.7875388475010268,1.391357332183367,1.7794219132576787
2018-12-13,1.7840565327214284,1.3908853748105712,1.7759554111246811
2018-12-14,1.7579544299127556,1.3652031623117193,1.7499718338811487
2018-12-17,1.7162552054413713,1.3384198056346437,1.7084619590641827
2018-12-18,1.7150896205635535,1.3369526299021859,1.707301666924937
2018-12-19,1.687571480935099,1.316930946052994,1.679908482863281
2018-12-20,1.6582522596747076,1.2954938385435801,1.6507223955995967
2018-12-21,1.631348200175185,1.2689497791433229,1.6239405032250804
2018-12-24,1.5863886826742024,1.2354202662908707,1.579185139859086
2018-12-26,1.6569357956428359,1.2978399025877112,1.6494119094249309
2018-12-27,1.6728402103743352,1.307803566713354,1.6652441046974047
2018-12-28,1.6765685937139154,1.3061168258633358,1.6689555580315505
2018-12-31,1.6913733631983525,1.3175568142680014,1.6833559999924408
2019-01-02,1.6914778950772216,1.3189273921117286,1.6834600363745391
2019-01-03,1.657253617898257,1.2874543290204812,1.6493979873981548
2019-01-04,1.70543468514933,1.3305786940037196,1.6973506691701814
2019-01-07,1.7332355818419478,1.3410694758564474,1.7250197854463136
2019-01-08,1.755364177343914,1.3536691770756797,1.7470434880894727
2019-01-09,1.766447516216379,1.3599956661002939,1.7580742902747653
2019-01-10,1.7812031817309153,1.364793271548953,1.7727600117235212
2019-01-11,1.7833647097506795,1.365320120201139,1.774911293776551
2019-01-14,1.7742068645078757,1.3569906376285819,1.7657968580925667
2019-01-15,1.7891303001284249,1.3725428977142267,1.780649554391891
2019-01-16,1.7950564212972706,1.375864178883863,1.7865475848583248
2019-01-17,1.8103787438257235,1.3863024911312913,1.8017972772818334
2019-01-18,1.8363004568888095,1.4047540332533524,1.8275961175404472
2019-01-22,1.8127093527137859,1.3857751940209404,1.8041168387345081
2019-01-23,1.8119570517369383,1.3886751935904207,1.8033681037770284
2019-01-24,1.8272307219074149,1.3894130866550332,1.8185693744620295
2019-01-25,1.8509827598447646,1.4011693277576232,1.8422088241801435
2019-01-28,1.8399482573620154,1.3905197020228692,1.8312266268927613
2019-01-29,1.8441375864412795,1.3886751935904207,1.8353960979243888
2019-01-30,1.8638307453007805,1.4106590612945444,1.8549959082597358
2019-01-31,1.8693641997950983,1.4230479871762491,1.8605031333505224
2019-02-01,1.8760757445165728,1.423732782794131,1.8671828643442445
2019-02-04,1.885638051321823,1.4337499031330363,1.8766998443822578
2019-02-05,1.8935849978005426,1.4397601394597264,1.8846091211437623
2019-02-06,1.89174934665927,1.4378616366642174,1.8827821712639847
2019-02-07,1.894395545603888,1.4241550510022503,1.885415826829054
2019-02-08,1.8984206770917653,1.425894440840834,1.8894218785904835
2019-02-11,1.9131174800717166,1.4266854313521766,1.904049016521889
2019-02-12,1.9358855507004837,1.4450316754971069,1.9267091630839186
2019-02-13,1.9450654539384469,1.4497237138937362,1.9358455522048597
2019-02-14,1.9420405794658775,1.4465079100844966,1.9328350160905887
2019-02-15,1.962174911941075,1.462270586741137,1.952873908812581
2019-02-19,1.965647994397162,1.4648017743157604,1.95633052833736
2019-02-20,1.9696080465238814,1.4677537053407421,1.9602718092235567
2019-02-21,1.968159237545141,1.4625345492170279,1.9588298678164902
2019-02-22,1.9746708164885916,1.4716019248541974,1.9653105808999423
2019-02-25,1.971672409865625,1.4736055462435709,1.962326387173701
2019-02-26,1.9673288619323792,1.4725510417145022,1.95800342830857
2019-02-27,1.9667872515262306,1.4719187157019196,1.9574643852169111
2019-02-28,1.9644336691964175,1.4691771115563006,1.9551219592200426
2019-03-01,1.9775803639536655,1.4783499645538667,1.9682063366740155
2019-03-04,1.9734960220194262,1.4729729511560892,1.964141355132612
2019-03-05,1.9671034525634543,1.4709697782248805,1.9577790874138334
2019-03-06,1.9496350336351238,1.4620598114036094,1.9403934714089903
2019-03-07,1.9354764021575277,1.449828742795968,1.92630195396637
2019-03-08,1.9328249054465367,1.4469294607595518,1.9236630257471345
2019-03-11,1.9579476041524175,1.4679115626148054,1.9486666390963343
2019-03-12,1.9681672912834178,1.4734470611280768,1.9588378833788402
2019-03-13,1.9817233749898047,1.4832005777576232,1.9723297092169831
2019-03-14,1.980183421653416,1.482251371205685,1.970797055490182
2019-03-15,1.9855573405179738,1.4895750518058872,1.9761455011740017
2019-03-18,1.999175914580506,1.4949755644115081,1.9896995211546369
2019-03-19,1.996667805696946,1.4953461702390247,1.9872033010830432
2019-03-20,1.9828215970954048,1.4908455337871969,1.9734227255852264
2019-03-21,2.010637583286834,1.5076840615815577,2.0011068598336843
2019-03-22,1.9702837840129814,1.4786665760183229,1.9609443436156944
2019-03-25,1.9727673591876589,1.4775546688441403,1.963416146271863
2019-03-26,1.9931906069264005,1.4885682632255695,1.983742584755753
2019-03-27,1.9910074387521717,1.4807846439313923,1.9815697651258328
2019-03-28,2.00357891110779,1.4863977257072005,1.9940816468185618
2019-03-29,2.0147666274804665,1.4957697838216386,2.0048966815329576
2019-04-01,2.0420117002994433,1.5135091743777553,2.0320082860919415
2019-04-02,2.0422700182135998,1.5142502066495225,2.0322653385573775
2019-04-03,2.0494030850679144,1.5166324164217486,2.0393634619183216
2019-04-04,2.0555046449773604,1.520656521227498,2.045435131484301
2019-04-05,2.0701569947341034,1.5280171547804924,2.0600157022577457
2019-04-08,2.072321969312994,1.5291818903265062,2.062170071051441
2019-04-09,2.0542487961278644,1.5213453529688648,2.044185434791632
2019-04-10,2.0680106951697104,1.5265345520871603,2.057879916993321
2019-04-11,2.074064801102101,1.5261110281961794,2.0639043650499564
2019-04-12,2.093671730049355,1.5364361496027736,2.083415243503686
2019-04-15,2.087305312550423,1.5354303476304187,2.077080013833526
2019-04-16,2.0888832483107533,1.5364361496027736,2.07865021959652
2019-04-17,2.0747143975140565,1.532676993880878,2.0645507792166913
2019-04-18,2.0780143328208376,1.5356956554808046,2.067834548788609
2019-04-22,2.067761364779127,1.5370187864506797,2.057631808023345
2019-04-23,2.087838507822158,1.550839011411646,2.0776105970863603
2019-04-24,2.087396987187402,1.5473971846872705,2.0771712393744663
2019-04-25,2.070725018699611,1.546444121395114,2.060580943585424
2019-04-26,2.083722017596615,1.553645462607917,2.073514272737831
2019-04-29,2.0864410740969155,1.5560813079766715,2.076220009114439
2019-04-30,2.091074974423832,1.556875796461701,2.0808312088738923
2019-05-01,2.0757422005167756,1.545173908488703,2.06557354721439
2019-05-02,2.0789181517173976,1.5418370209749266,2.0687339400539324
2019-05-03,2.0958926445490196,1.5569285351418993,2.085625278179471
2019-05-06,2.0796861799297,1.5505218617973917,2.0694982058468865
2019-05-07,2.042474743180956,1.524628604886113,2.032469060617333
2019-05-08,2.036945144155406,1.5225102678981448,2.0269665500112306
2019-05-09,2.03638892560803,1.5179037056277553,2.0264130562692597
2019-05-10,2.0460618066851506,1.5255282119650073,2.0360385518020276
2019-05-13,1.9969182181675391,1.487191496659166,1.9871357080712913
2019-05-14,2.0140431574292297,1.5006408467177168,2.0041767556193895
2019-05-15,2.0188054495425356,1.5094310752089457,2.0089157181990895
2019-05-16,2.0307144013236176,1.523410771893369,2.020766330364671
2019-05-17,2.0194121286195803,1.5135615542914218,2.009519425274505
2019-05-20,2.006391798345607,1.5035538515739806,1.9965628790409622
2019-05-21,2.0258450567392035,1.51710903775946,2.015920839742891
2019-05-22,2.014431456256,1.5124491986590742,2.0045631522464817
2019-05-23,1.9896260771475616,1.4939698521307863,1.9798792898177762
2019-05-24,1.992818776509713,1.4973585814084314,1.9830563487728938
2019-05-28,1.9747262553238643,1.4834323409372705,1.9650524592944214
2019-05-29,1.9570161432635957,1.4734773769000276,1.9474291055943396
2019-05-30,1.9607467871733064,1.477501930163942,1.9511414738123463
2019-05-31,1.9380655512759235,1.4575920917810892,1.9285713488343508
2019-06-03,1.9482494055074144,1.453885405664493,1.9387053143643758
2019-06-04,1.99423410984012,1.4854447521066771,1.9844647486633293
2019-06-05,2.013371624072726,1.4983115550089547,2.003508511972891
2019-06-06,2.0240040754295614,1.5080544880258082,2.014088877039061
2019-06-07,2.0344978933076017,1.5231458228095152,2.0245312877646167
2019-06-10,2.0444086297676205,1.5301351330019288,2.0343934734734836
2019-06-11,2.0439816299239864,1.5297647065576783,2.0339685654182076
2019-06-12,2.039291644841305,1.527063373955272,2.0293015556511924
2019-06-13,2.051715960205719,1.5333652874724468,2.0416650067351436
2019-06-14,2.0446216683941865,1.5316715506750551,2.034605468465665
2019-06-17,2.0370408340897175,1.532253469989897,2.02706177117935
2019-06-18,2.0556161889189095,1.5482975092992286,2.04554612899399
2019-06-19,2.063511284208739,1.5517927922368662,2.053402547762828
2019-06-20,2.0783619582873425,1.5666189985534533,2.0681804713062366
2019-06-21,2.0675625152556396,1.5643413692252939,2.057433932624613
2019-06-24,2.0599576299058966,1.5624259147111499,2.0498663021143715
2019-06-25,2.0512620592849533,1.5471017404482,2.041213329385829
2019-06-26,2.045760929396223,1.545558864977498,2.0357391484518366
2019-06-27,2.0623957111115336,1.5510392031364806,2.052292439639094
2019-06-28,2.084741700157376,1.5590203234065025,2.0742908067228925
2019-07-01,2.093790069246718,1.5731742012421932,2.083293815976481
2019-07-02,2.0924931587645847,1.5772714944204629,2.0820034069584104
2019-07-03,2.1108920162960785,1.589881420485856,2.100310030282009
2019-07-05,2.1110540725109255,1.5880728783982365,2.1004712741025773
2019-07-08,2.1020931161803684,1.5793464206580639,2.091555239404122
2019-07-09,2.1018008750106394,1.5813151520022042,2.091264463251052
2019-07-10,2.1013423757254825,1.5888707751653197,2.0908082624411297
2019-07-11,2.099402178920135,1.5925958480666789,2.088877791919885
2019-07-12,2.1185127925978477,1.5997254359730897,2.1078926033277052
2019-07-15,2.1168854985534593,1.600257486739989,2.106273466973377
2019-07-16,2.11565774684098,1.5950959126446547,2.1050518700292833
2019-07-17,2.0936963809397886,1.5842414312201507,2.0832005973327767
2019-07-18,2.102607577589346,1.590041430359111,2.092067121797502
2019-07-19,2.088854112793315,1.5812089571087435,2.078382603669985
2019-07-22,2.0864738571890324,1.5850929635837618,2.076014280382144
2019-07-23,2.103991719148291,1.596426577711701,2.0934443245995116
2019-07-24,2.1250605349355185,1.603929103428086,2.1144075215714357
2019-07-25,2.1097596893093002,1.5962671059882438,2.0991833796956554
2019-07-26,2.1209101615215142,1.606961577539493,2.1102779541451757
2019-07-29,2.1196090920553736,1.6040345807884828,2.1089834069922495
2019-07-30,2.122508397376055,1.60009765625,2.111868177979523
2019-07-31,2.1014166444921587,1.5825921814727222,2.090882158895512
2019-08-01,2.0706031199963215,1.5688110620637399,2.0602231038290633
2019-08-02,2.0592194277437414,1.556998494615632,2.048896478480558
2019-08-05,2.0023904822101226,1.5101747982297025,1.9923524187213832
2019-08-06,2.029555892422864,1.5313517103118113,2.01938164764739
2019-08-07,2.0306443632678977,1.5322565195054187,2.0204646619445903
2019-08-08,2.06485893878889,1.562320078584221,2.054507718431521
2019-08-09,2.047059683835379,1.5516779869466386,2.036797691854226
2019-08-12,2.025555851806112,1.5327883908890523,2.015401659394063
2019-08-13,2.0447438073692874,1.5566259155721895,2.034493424969384
2019-08-14,1.9880043997558556,1.5106002953366091,1.9780384542732259
2019-08-15,1.9968443382880636,1.51459085547162,1.9868340778403906
2019-08-16,2.0266705044179743,1.5369387815140523,2.016510724207848
2019-08-19,2.048004993134533,1.5554557985281963,2.0377382622800946
2019-08-20,2.0283815942827466,1.5435370361866274,2.0182132363107654
2019-08-21,2.0447067842883637,1.556094582338354,2.0344565874866447
2019-08-22,2.047067745899576,1.5556150908683872,2.036805713502973
2019-08-23,1.9953070851301922,1.5156551363886848,1.9853045309940176
2019-08-26,2.015601729104363,1.5324159912288757,2.005497437107115
2019-08-27,2.004276330362406,1.526403243536462,1.9942288130415333
2019-08-28,2.0201048666677686,1.5371515300675056,2.0099780002620014
2019-08-29,2.0474822472361947,1.5567855666789125,2.0372181369278315
2019-08-30,2.0512335714278382,1.556094582338354,2.040950655581425
2019-09-03,2.0343725825760552,1.5469953661714733,2.0241741915404026
2019-09-04,2.05272666148672,1.5645542971620132,2.042436260720187
2019-09-05,2.082892269334793,1.5846671077103234,2.072450647170913
2019-09-06,2.088993582196485,1.585891039734111,2.0785213739074635
2019-09-09,2.1059439432026403,1.58668911588446,2.0953867620766773
2019-09-10,2.113422928721414,1.5863167162242837,2.102828255142239
2019-09-11,2.13516022543442,1.5975975916720242,2.124456581918354
2019-09-12,2.1379475413230393,1.603130309744673,2.127229924881062
2019-09-13,2.138073469985118,1.6020663875941403,2.1273552222577266
2019-09-16,2.139546769480801,1.5971179208187913,2.1288211360441744
2019-09-17,2.144346874305876,1.6011621165503307,2.1335971777519824
2019-09-18,2.1416372437893214,1.6021196644241367,2.1309011307214654
2019-09-19,2.130239822658148,1.602013469530676,2.1195608453177837
2019-09-20,2.121379340646771,1.594443675089548,2.1107447812567317
2019-09-23,2.1222515495205654,1.5940701991297759,2.1116126177125953
2019-09-24,2.1050281788946745,1.581561445226396,2.0944755885317767
2019-09-25,2.120657452847097,1.5909164619305658,2.1100265123094406
2019-09-26,2.1189367841588997,1.5876021767083026,2.1083144694021216
2019-09-27,2.1119355332813363,1.5790490032030675,2.1013483160749287
2019-09-30,2.1235374688066226,1.5863721456534716,2.112616164376903
2019-10-01,2.092057450684857,1.5675031786714733,2.081298047265318
2019-10-02,2.056306975132162,1.539813398351396,2.0457314355872915
2019-10-03,2.07039470988133,1.5524290646813006,2.0597467174402055
2019-10-04,2.0935043533081528,1.5734364595770574,2.0827375085016557
2019-10-07,2.082766377462814,1.5666480586425422,2.0720547578194637
2019-10-08,2.048494074753127,1.5423263785245225,2.037958716775464
2019-10-09,2.067039691097449,1.5569723046587987,2.0564089534408736
2019-10-10,2.0807698177037044,1.5675031786714733,2.0700684663213407
2019-10-11,2.1122309146563545,1.5837527912036187,2.1013677595749445
2019-10-14,2.107307820438934,1.5819896330822925,2.096469984718014
2019-10-15,2.1230321804382326,1.5976514066518186,2.1121134746949854
2019-10-16,2.12030719181337,1.5950855084152278,2.1094025006240336
2019-10-17,2.1272932421109694,1.599789296415779,2.116352621825404
2019-10-18,2.1293391552078846,1.5927870706282146,2.118388012838252
2019-10-21,2.150317766426946,1.6035846875574027,2.13925873154164
2019-10-22,2.1501606983752746,1.5983463374242286,2.1391024712873508
2019-10-23,2.1520124985046767,1.6029968485947832,2.14094474765122
2019-10-24,2.155494851697413,1.6056162030446364,2.144409191181465
2019-10-25,2.1635047709066955,1.612190779126102,2.1523779155602227
2019-10-28,2.170361281974198,1.6212781559974283,2.1591991637487817
2019-10-29,2.17093353488044,1.6207972294613335,2.159768473571471
2019-10-30,2.174391856987149,1.625768657294728,2.163209009607014
2019-10-31,2.1632396740950615,1.6214387040204812,2.152114182135403
2019-11-01,2.1830478485065274,1.6364595411806575,2.1718204835608144
2019-11-04,2.198895459958509,1.6430339378788574,2.1875865911110797
2019-11-05,2.2020475606955454,1.641216785394471,2.1907224806664205
2019-11-06,2.198861589865235,1.6415911582705731,2.187552895210917
2019-11-07,2.198316958092021,1.6473644293029022,2.1870110644664043
2019-11-08,2.1977813152792782,1.6514271015108377,2.1864781764523444
2019-11-11,2.1956422655477184,1.6482731849283614,2.1843501278044246
2019-11-12,2.1991898749376553,1.6517473006406136,2.1878794919207496
2019-11-13,2.1932674363238,1.6522822215397686,2.1819875122726615
2019-11-14,2.1986747689761152,1.6546877511365723,2.1873670351373384
2019-11-15,2.211547695922094,1.6666612253742652,2.2001737569156936
2019-11-18,2.2128221858863046,1.6678905388960323,2.201441692207289
2019-11-19,2.206095244012465,1.6674094329766715,2.1947493468410064
2019-11-20,2.1962976855202956,1.6612086916215099,2.185002176967136
2019-11-21,2.1860850438306594,1.6585365984914584,2.174842058659151
2019-11-22,2.1936712384258037,1.6622245390567598,2.1823892376297285
2019-11-25,2.2145668129806477,1.6751071276864438,2.203177346724556
2019-11-26,2.2191327859497063,1.6789023394448017,2.207719836999504
2019-11-27,2.2293365901996065,1.6863863886847905,2.217871163318503
2019-11-29,2.2189197269467886,1.6801316529665686,2.2075078737541447
2019-12-02,2.2018236395773103,1.6658595615585967,2.1904997111693527
2019-12-03,2.184334119226044,1.6546877511365723,2.1731001390195623
2019-12-04,2.197154583867181,1.6648975291031411,2.1858546683055047
2019-12-05,2.204137199560906,1.6678905388960323,2.19280137256709
2019-12-06,2.2239906869322903,1.6831259184423217,2.212552753908909
2019-12-09,2.2198348659549403,1.6778333945628214,2.2084183062233955
2019-12-10,2.2145494222501005,1.6759626064819066,2.2031600454341373
2019-12-11,2.221833150442789,1.6807198506957202,2.2104063135800187
2019-12-12,2.2440716782979773,1.6952059463400073,2.2325304691972123
2019-12-13,2.235329727468214,1.6962214350087252,2.2238334780197855
2019-12-16,2.2486739398570808,1.7078745307333763,2.23710906143082
2019-12-17,2.2520062737838993,1.7082485448429463,2.240424257240788
2019-12-18,2.2530918243324978,1.708355277886205,2.241504224827848
2019-12-19,2.261334830669064,1.715358938739897,2.249704837572146
2019-12-20,2.2702801205724286,1.7228792233996142,2.258604122054988
2019-12-23,2.268385013031824,1.725510596528288,2.2567187610089388
2019-12-24,2.269690274141028,1.7255644115080824,2.2580173091902385
2019-12-26,2.2758613439927773,1.734750090409166,2.264156641371473
2019-12-27,2.2724496933125304,1.7343204674871417,2.260762536732318
2019-12-30,2.2665585814247753,1.7247589806438282,2.254901722697698
2019-12-31,2.2765246001087203,1.728948835587344,2.264448126423798
2020-01-02,2.2803703640704125,1.7451177256497978,2.268273489434285
2020-01-03,2.270419473955196,1.7319032779780492,2.2583753866522764
2020-01-06,2.2718876796368717,1.7385101430473917,2.2598358038183863
2020-01-07,2.268029727946711,1.733622666582476,2.255998317732711
2020-01-08,2.273848107012228,1.7428614429302902,2.261785831547894
2020-01-09,2.28274162330268,1.7546793918763777,2.270632169646006
2020-01-10,2.2774409350017106,1.7496304704720793,2.2653596003571383
2020-01-13,2.2955883461898425,1.7616631411875459,2.283410743429542
2020-01-14,2.2946116406307304,1.75897651801295,2.2824392190834866
2020-01-15,2.30215591230895,1.7629520099536187,2.289943470022027
2020-01-16,2.324442520840277,1.7776169507140889,2.312111852885404
2020-01-17,2.3297339962504635,1.7831500275532697,2.317375258155894
2020-01-21,2.317933779210388,1.7796585116642174,2.305637638730865
2020-01-22,2.316223471922383,1.7798732334335967,2.3039364042554076
2020-01-23,2.326304093407988,1.7819144356171932,2.3139635502107705
2020-01-24,2.306176067922773,1.7660678972837067,2.2939422995744154
2020-01-27,2.2695671687309478,1.7377587065461977,2.257527602724046
2020-01-28,2.287314842035542,1.7559689781755143,2.275181128436464
2020-01-29,2.281843364969111,1.754517767553729,2.269738676379825
2020-01-30,2.2882775439707292,1.7602124687155585,2.2761387234448085
2020-01-31,2.2451838585327524,1.7282504965328802,2.233273640745477
2020-02-03,2.2568167148038043,1.741089315645665,2.24484478721439
2020-02-04,2.287438207264575,1.7676258409487509,2.275303839239473
2020-02-05,2.3146189511344524,1.7880380421679831,2.3023403951053796
2020-02-06,2.3129075620544226,1.7940549156755143,2.3006380845765704
2020-02-07,2.293610716719792,1.7844925319158707,2.281443604858756
2020-02-10,2.3062995904931123,1.7978146095472078,2.294065166884069
2020-02-11,2.3186641602095523,1.80093031749403,2.306364145215817
2020-02-12,2.333623118125833,1.8125330065209404,2.321243749075647
2020-02-13,2.33354078028715,1.8105990755304004,2.3211618480215006
2020-02-14,2.3347543338683847,1.8134998823245776,2.322368963961829
2020-02-18,2.3304246083215556,1.808827127629041,2.3180622066783907
2020-02-19,2.336530217498824,1.817475374265246,2.324135426911319
2020-02-20,2.3419474709497434,1.8100089045853234,2.3295239429970716
2020-02-21,2.3252053623518134,1.7913684718841845,2.312870647686687
2020-02-24,2.252956104810216,1.7319570929578434,2.241004656927013
2020-02-25,2.1821249460174332,1.6794749308298127,2.1705492422071013
2020-02-26,2.157842330264853,1.6732973299159626,2.1463954405117573
2020-02-27,2.064536588585205,1.5981468632324578,2.0535846657364827
2020-02-28,2.0402268351183004,1.5914323682035267,2.0294038702865556
2020-03-02,2.1132427402906933,1.6603517777599193,2.1020324417761262
2020-03-03,2.057566887870985,1.61281216275946,2.0466519377864767
2020-03-04,2.1358793880817326,1.6806032515728324,2.124549007016179
2020-03-05,2.0563516678396363,1.62473666536554,2.0454431642361937
2020-03-06,2.0165004616325035,1.5978783264832843,2.0058033601123286
2020-03-09,1.8555876681978334,1.4730925997944986,1.8457441744600598
2020-03-10,1.944465123556812,1.549317661932862,1.9341501540217747
2020-03-11,1.833780081125764,1.4737908491573293,1.8240522719500611
2020-03-12,1.6511622936907198,1.332782776192827,1.6424032326252958
2020-03-13,1.7820601591766645,1.4467176988140613,1.772606713070166
2020-03-16,1.5521368008447176,1.2884122356608192,1.5439030487341951
2020-03-17,1.6304098634532973,1.357976169291881,1.621760889569733
2020-03-18,1.4983049468750893,1.2892182046748715,1.490356761179199
2020-03-19,1.523324181826274,1.2919578356045647,1.5152432744666287
2020-03-20,1.456891700984127,1.2362819338090099,1.4491632036562805
2020-03-23,1.4083770491044378,1.2046722703607182,1.4009059115770217
2020-03-24,1.559217382530882,1.3138196329961884,1.550946069456422
2020-03-25,1.6062663854147106,1.3334874833532329,1.5977454874927155
2020-03-26,1.6879853091484853,1.411350045635103,1.679030909900836
2020-03-27,1.6389276106603732,1.3693118463273788,1.6302334519586892
2020-03-30,1.6733703420998511,1.413781316730575,1.6644934721110383
2020-03-31,1.6535158758468336,1.392708446942735,1.6442538043103558
2020-04-01,1.5512682015444164,1.3300295121349193,1.5425788643176972
2020-04-02,1.5650564188647222,1.3607203744948568,1.5562898477528944
2020-04-03,1.5455572142703609,1.3410521653712804,1.5368998668016165
2020-04-06,1.6914282746352989,1.431125436260103,1.6819538390357796
2020-04-07,1.7275545157187886,1.4325844500539584,1.717877721113138
2020-04-08,1.813876264905206,1.4806745922977131,1.8037159441188895
2020-04-09,1.8784782697787252,1.5032063861877756,1.8679560846769354
2020-04-13,1.825070047935045,1.489482041582476,1.8148470258340934
2020-04-14,1.8644921427813477,1.533411030205272,1.8540483001440355
2020-04-15,1.786741222992582,1.5008291991469966,1.7767328975411827
2020-04-16,1.762899886572102,1.5080688386870866,1.7530251069588028
2020-04-17,1.8519034508090333,1.5488103660566679,1.841530122986427
2020-04-20,1.801658124090184,1.521523301168718,1.791566242498147
2020-04-21,1.752573691283164,1.4753252039228968,1.7427567532430013
2020-04-22,1.7952823537303313,1.5080688386870866,1.7852261856394684
2020-04-23,1.807197151609682,1.507961208727498,1.7970742434820812
2020-04-24,1.8295607285922286,1.5289799047690118,1.8193125522087554
2020-04-27,1.8843667362522782,1.5510259287747978,1.8738115672532576
2020-04-28,1.9256893713125676,1.5438932913528656,1.9149027360134077
2020-04-29,2.012020350262189,1.5843103143942874,2.0007501370823904
2020-04-30,1.9591163133603027,1.5695587315163482,1.9481424390191624
2020-05-01,1.8706530751323611,1.5280076474673954,1.8601747223962957
2020-05-04,1.8713601447620007,1.5322217191518186,1.8608778314171577
2020-05-05,1.8644189803505076,1.5463790052695627,1.8539755475282318
2020-05-06,1.8298103621091308,1.5358963853554373,1.8195607874182544
2020-05-07,1.87066960620003,1.5544295468635194,1.8601911608661652
2020-05-08,1.936568424571163,1.5801498783063923,1.9257208508975956
2020-05-11,1.9050416999581081,1.580473844484754,1.8943707213707708
2020-05-12,1.853585900235502,1.5489723491458487,1.8432031482717843
2020-05-13,1.7865011197722693,1.5215776542983102,1.77649413924488
2020-05-14,1.8100827750421418,1.539786849628031,1.7999437032652832
2020-05-15,1.820506468993605,1.546865133920371,1.8103090095106091
2020-05-18,1.9388437041347242,1.5939824807127112,1.92798338561704
2020-05-19,1.9017874774258234,1.5776103494099007,1.8911347271738346
2020-05-20,1.941681780148255,1.6044105681139786,1.9308055643153723
2020-05-21,1.9407337313261661,1.5933338308229243,1.929862825932777
2020-05-22,1.9419094520167421,1.596359308986958,1.9310319608933322
2020-05-26,2.0220877248217546,1.6160279665686994,2.010761119837849
2020-05-27,2.0740878023063813,1.6400728583073108,2.0624699219591136
2020-05-28,2.036054728715452,1.6370468419934792,2.0246498883840056
2020-05-29,2.0141116597937305,1.6443416418878583,2.0028297322670836
2020-06-01,2.0571101069302826,1.6509870743593864,2.0455873261411104
2020-06-02,2.0902818900650004,1.6646575142932587,2.0785732994914325
2020-06-03,2.1630015101799858,1.6868111682586333,2.1508855849485236
2020-06-04,2.1915728390006066,1.682381119121969,2.179296873157927
2020-06-05,2.3005412241871337,1.7254998335323293,2.2876548783695436
2020-06-08,2.3839810002841473,1.74635618771813,2.3706272714879675
2020-06-09,2.3003420952196376,1.7333347564405768,2.2874568648112006
2020-06-10,2.2143610716395354,1.723662051972355,2.2019574588574007
2020-06-11,2.0388956175173716,1.6242948443814291,2.0274748641150575
2020-06-12,2.0962384875172453,1.6437468069778656,2.084496531414793
2020-06-15,2.1158176527381625,1.6590923278494674,2.1039660250978978
2020-06-16,2.1657082936775023,1.6910259574761204,2.153577206558118
2020-06-17,2.1213785034020787,1.6840016675468406,2.1094957269851955
2020-06-18,2.119740560972634,1.6846499586700956,2.107866959393546
2020-06-19,2.088714487041369,1.6750229969346988,2.07701467618328
2020-06-22,2.0974105409281854,1.6857682339502205,2.085662019637763
2020-06-23,2.0969860346998352,1.693528712803086,2.0852398912559824
2020-06-24,2.0142148436371237,1.6503287377732365,2.0029323381322706
2020-06-25,2.0379027547095045,1.6680213092969325,2.0264875627695798
2020-06-26,1.987781368101377,1.6284032593221895,1.9766469281488104
2020-06-29,2.0375999281464985,1.6523371128191586,2.0261864324716843
2020-06-30,2.0620435897107114,1.6735027237555107,2.049963394119774
2020-07-01,2.0562872135374994,1.6852254201873622,2.044240740875803
2020-07-02,2.069908886712323,1.6945056340696178,2.0577826133727712
2020-07-06,2.098513720689387,1.720664198831282,2.086219869908206
2020-07-07,2.0568206604165487,1.7029176329445261,2.0447710626305002
2020-07-08,2.0607867648994977,1.715942472504133,2.048713932241924
2020-07-09,2.0197907281945087,1.7061743361384092,2.0079580651164335
2020-07-10,2.061854142765868,1.723594783247612,2.049775057023509
2020-07-13,2.059355356198992,1.7086706336677995,2.047290909250217
2020-07-14,2.0942554087040675,1.7308135246372154,2.081986504651427
2020-07-15,2.151120700163939,1.74671459548356,2.138518658709839
2020-07-16,2.1421342661164067,1.7409626710598824,2.1295848704363833
2020-07-17,2.14001855381289,1.746009081098457,2.1274815527391535
2020-07-20,2.121917348417562,1.7601195481837804,2.109486390738204
2020-07-21,2.148761794153576,1.7638643532443976,2.136173572022274
2020-07-22,2.163574913282716,1.7739042552580824,2.150899910553135
2020-07-23,2.1612528064974086,1.7527386443217303,2.1485914075074812
2020-07-24,2.145847874953407,1.7414500553935526,2.133276723612484
2020-07-27,2.1498519379872043,1.754150031858468,2.1372573293998633
2020-07-28,2.1423842023918107,1.7430241435525349,2.1298333424948783
2020-07-29,2.181733020373336,1.76446098198705,2.1689516408987077
2020-07-30,2.167880778373443,1.7581655262674505,2.1551805503320667
2020-07-31,2.16847929029744,1.7720589396009367,2.1557755559571943
2020-08-03,2.170908016941161,1.7843786235419727,2.1581900542436507
2020-08-04,2.1821412994601292,1.7912708873874907,2.169357528139253
2020-08-05,2.20148847275217,1.802396237543626,2.188591358707278
2020-08-06,2.206210985050106,1.814444155836701,2.1932862048237003
2020-08-07,2.2349245677065834,1.8157473752640523,2.221831572949536
2020-08-10,2.2703714916168014,1.8211744365930382,2.257070835985819
2020-08-11,2.269976061236554,1.8061412219875093,2.256677722179458
2020-08-12,2.276577750774962,1.8313230448659075,2.263240736637837
2020-08-13,2.260540320874488,1.828012347308964,2.247297259790026
2020-08-14,2.2661538052709016,1.8280667004385562,2.2528778583688
2020-08-17,2.258080687784603,1.8338738749081558,2.244852036118523
2020-08-18,2.242831749221161,1.8378360924871417,2.229692431340904
2020-08-19,2.2306749715725624,1.8301834229771308,2.2176068724834517
2020-08-20,2.2188018595057706,1.8358818911875459,2.2058033173924456
2020-08-21,2.21556217380984,1.8423944006589823,2.2025826109446043
2020-08-24,2.2607279395765127,1.8610635346826783,2.247483779353977
2020-08-25,2.2618128891797533,1.8675760441541147,2.2485623729308575
2020-08-26,2.2516938369684247,1.8862997106906687,2.2385026017795986
2020-08-27,2.2721838227267015,1.8904240907421015,2.2588725498059614
2020-08-28,2.296217037997128,1.902635068423953,2.282764969827153
2020-08-31,2.273401595971193,1.895742983961701,2.260083188895263
2020-09-01,2.2868873080279415,1.9135980767243754,2.273489896783455
2020-09-02,2.325002484929348,1.941276197132164,2.3113817812218653
2020-09-03,2.2825714701904016,1.8744684873828985,2.2691993426816612
2020-09-04,2.2868062232782096,1.8591640452792064,2.273409287057454
2020-09-08,2.2449788880310555,1.8083664714020022,2.2318269914366957
2020-09-09,2.261860794224049,1.8440768363106173,2.2486099973301137
2020-09-10,2.2335157167505546,1.812057282099559,2.2204309755508964
2020-09-11,2.237610382432486,1.812979312086701,2.2245016532033977
2020-09-14,2.280464441653186,1.8368586330708119,2.2671046578780945
2020-09-15,2.2743647557267863,1.8461395644861316,2.2610407061133806
2020-09-16,2.2942806454688345,1.8388124756038757,2.2808399213851813
2020-09-17,2.2799875577622792,1.8226396391095703,2.266630567745139
2020-09-18,2.248893748590856,1.8016562815714547,2.2357189173303644
2020-09-21,2.175496190550083,1.7816048201001102,2.162751348675586
2020-09-22,2.1937872900862394,1.799749437454078,2.1809352923489502
2020-09-23,2.144838264119305,1.758010897892175,2.132273027443041
2020-09-24,2.143745651278918,1.7626969269493937,2.1311868155230234
2020-09-25,2.1689494758816625,1.7911946494994488,2.156242987024563
2020-09-28,2.212341029510583,1.8209450053958487,2.199380337271245
2020-09-29,2.1866289136788604,1.8110286984524246,2.1738188522942004
2020-09-30,2.1993393463433852,1.8247594111636665,2.1860791806940663
2020-10-01,2.2102883833465086,1.8364743941150807,2.196962204217002
2020-10-02,2.2329356367778646,1.8190381612784716,2.2194729137664413
2020-10-05,2.266933381874794,1.8512950395504224,2.2532656810674547
2020-10-06,2.2489456003569774,1.8249771824485672,2.2353863507365754
2020-10-07,2.283327142417747,1.85674434440439,2.269560601028675
2020-10-08,2.3234150600210564,1.8731997095426158,2.3094068222203603
2020-10-09,2.32068734101607,1.8899273784786004,2.3066955490657675
2020-10-12,2.3312099213083037,1.9203319451460323,2.3171546870529434
2020-10-13,2.2968794431963295,1.907799512651543,2.2830311928369937
2020-10-14,2.294288127092689,1.8958118671358377,2.2804555001890257
2020-10-15,2.3064069991436935,1.893469121682127,2.292501305638849
2020-10-16,2.2932705000862805,1.892324835828435,2.279444008617194
2020-10-19,2.26001399267648,1.863554630097355,2.246388009963764
2020-10-20,2.2809500396937974,1.871020023477682,2.2671978302339664
2020-10-21,2.274773199911212,1.867478280274155,2.2610582315978376
2020-10-22,2.300147402206175,1.877721782294728,2.286279448803796
2020-10-23,2.310494952232781,1.8840970635676892,2.296564611810572
2020-10-26,2.250648160677827,1.849279668557127,2.2370786460512906
2020-10-27,2.212379978349277,1.8429040285176341,2.199041188661854
2020-10-28,2.133074939975881,1.779915388501102,2.120214292939523
2020-10-29,2.160111365014371,1.7980058321087435,2.147087711084524
2020-10-30,2.167728072926216,1.7792620746463996,2.154658496656654
2020-11-02,2.216765477381432,1.7992044710920279,2.2034002468249723
2020-11-03,2.2880241572405025,1.8309710948980529,2.2742292968043
2020-11-04,2.2706551791901544,1.871891826150349,2.256965039076667
2020-11-05,2.3129050073623816,1.908398832143185,2.2989601363356544
2020-11-06,2.2946096274836463,1.9079629308068515,2.2807750622031477
2020-11-09,2.4614226699588633,1.9319380424549963,2.4465823623951803
2020-11-10,2.487984357876278,1.929103966235764,2.4729839056844827
2020-11-11,2.482663358481251,1.9434354335047759,2.467694987438513
2020-11-12,2.4344350327703483,1.9245815347171198,2.4197574379504707
2020-11-13,2.501766106853784,1.951226945662656,2.486682562312151
2020-11-16,2.5731885654966655,1.9755834261342762,2.5576744036270327
2020-11-17,2.57362548663811,1.964957658373898,2.5581086905016375
2020-11-18,2.5419904535276663,1.9413101005694342,2.5266643900219092
2020-11-19,2.5468551919646263,1.9494833403173217,2.5314997981794747
2020-11-20,2.5275758804963306,1.9361329201299595,2.512336724736975
2020-11-23,2.579582620928831,1.9477395555887216,2.564029908285148
2020-11-24,2.6480451985884463,1.979124451804739,2.632079714208535
2020-11-25,2.625381922866351,1.9760733218336701,2.6095530789692876
2020-11-27,2.613718839208042,1.981576800433964,2.5979603138916696
2020-11-30,2.5691229323420153,1.9728042411944342,2.553633282819325
2020-12-01,2.6037606585334028,1.9943813573429463,2.5880621726673008
2020-12-02,2.6255326390114204,1.9985774907007714,2.6097028864228204
2020-12-03,2.65379764536239,1.9980319861889235,2.6377974785687637
2020-12-04,2.703106980724301,2.0152504477406317,2.6868095201292226
2020-12-07,2.6890247073572744,2.011109385045463,2.67281215102123
2020-12-08,2.6915816683384945,2.0169938737027002,2.6753536956792594
2020-12-09,2.681965478681239,1.9989041476281226,2.665795483554202
2020-12-10,2.685543544484449,1.9982502956236223,2.6693519766313427
2020-12-11,2.667090613554964,1.9959066532535819,2.6510103013483537
2020-12-14,2.636900744603593,1.9869712140085416,2.6210024519038364
2020-12-15,2.720390965210091,2.0138338580891806,2.7039892967319754
2020-12-16,2.685791887831713,2.0169938737027002,2.669598822677188
2020-12-17,2.699984811835659,2.028272775934515,2.6837061752918645
2020-12-18,2.6788053544463235,2.0201743390085416,2.6626544122093736
2020-12-21,2.67848262532079,2.0129512924205546,2.6623336288689106
2020-12-22,2.6809279119590474,2.009558796094324,2.664764172486296
2020-12-23,2.701393909039423,2.01136482681622,2.6851067768251595
2020-12-24,2.705774654251045,2.0191895248783065,2.689461109829282
2020-12-28,2.7199720010313007,2.036536066081925,2.703572858554651
2020-12-29,2.6993609904814035,2.032650624540779,2.6830861150554677
2020-12-30,2.7271473445203047,2.035550713801892,2.7107049407600265
2020-12-31,2.7538418996354803,2.0458932353852863,2.7364288970545707
2021-01-04,2.704475720931871,2.0180403956764326,2.687374868949472
2021-01-05,2.730383963820681,2.0319393698911647,2.7131192896884517
2021-01-06,2.7996793202887025,2.044087563429923,2.7819764800361955
2021-01-07,2.825776867353345,2.0744573297437547,2.807909007949066
2021-01-08,2.83283111801597,2.0862772519057677,2.814918653405774
2021-01-11,2.830544081431972,2.0722137832361316,2.81264607813633
2021-01-12,2.864091407048691,2.072651657788391,2.8459812784064114
2021-01-13,2.851377083539067,2.0782329887261204,2.8333473496892827
2021-01-14,2.8703222222837566,2.0709550508587435,2.8521726951553887
2021-01-15,2.845946042539325,2.055852235546014,2.827950650069472
2021-01-19,2.8572682608979756,2.071994576885103,2.8392012761491587
2021-01-20,2.8717795577110414,2.100668991952149,2.853620815607203
2021-01-21,2.857089578899409,2.1025833701666974,2.839023723986733
2021-01-22,2.846934588852527,2.0951414759942137,2.828932945639119
2021-01-25,2.8384782545568124,2.1034047661416237,2.8205300821584625
2021-01-26,2.8231809073348018,2.1001215142243757,2.805329462619582
2021-01-27,2.7686244465592096,2.048793145263134,2.751117971463495
2021-01-28,2.796225224202672,2.0664130665641074,2.7785442247769994
2021-01-29,2.74691889643882,2.025044774063189,2.7295496691641645
2021-02-01,2.780049129077449,2.058752504190393,2.7624704138047655
2021-02-02,2.8118822854466794,2.087864076276635,2.794102283805998
2021-02-03,2.8253420396918716,2.089504895010562,2.8074769297755693
2021-02-04,2.859615136430607,2.113254163126837,2.8415333119955637
2021-02-05,2.871394353041565,2.121571627020573,2.8532380466512297
2021-02-08,2.909293325395849,2.1368936486843313,2.8908973774692646
2021-02-09,2.913767978049858,2.135470421852039,2.8953437361466934
2021-02-10,2.9242195403823628,2.13454067838446,2.9057292115038
2021-02-11,2.9190738419107234,2.137987886606815,2.900616050143598
2021-02-12,2.9365003898880246,2.1485488970081743,2.9179324071455413
2021-02-16,2.945232137558442,2.146688513156686,2.9266089425161
2021-02-17,2.942538973082672,2.1471810996050698,2.92393280736942
2021-02-18,2.917716854655172,2.138042777886205,2.8992676433452558
2021-02-19,2.944942126632985,2.134267118903839,2.926320765378195
2021-02-22,2.958520624724577,2.1178510387008633,2.939813404356979
2021-02-23,2.9684557795920705,2.1204224978186996,2.949685737579784
2021-02-24,3.02012785059231,2.143788244512307,3.001031077439135
2021-02-25,2.9510959485561177,2.092132321707384,2.932435675656819
2021-02-26,2.933468451205436,2.0813517461884645,2.9149196399179695
2021-03-01,3.0070237960888537,2.1318049041949854,2.9880098820623853
2021-03-02,2.993000576448588,2.115169617640981,2.974075333583606
2021-03-03,2.993428082038407,2.0871524628604887,2.974500135984132
2021-03-04,2.947442059525993,2.061324322074761,2.928804890777706
2021-03-05,3.0242154036441606,2.0992461238863886,3.0050927842098876
2021-03-08,3.0582949576353973,2.0887939991274798,3.0389568474855233
2021-03-09,3.0573735992833475,2.118617005246602,3.038041315036321
2021-03-10,3.09386003474187,2.1318049041949854,3.0742970406654613
2021-03-11,3.1069041598514597,2.1534193320628217,3.0872586855919177
2021-03-12,3.1284190853570504,2.1563190625574027,3.108637568627749
2021-03-15,3.148177245215092,2.169178869512307,3.128270794338829
2021-03-16,3.1050471422661015,2.1664425571730344,3.085413410239117
2021-03-17,3.1211611192448316,2.1738299188326597,3.1014254958482814
2021-03-18,3.0896861072791957,2.1422012407581743,3.0701495056437227
2021-03-19,3.0834964514338745,2.13823758811306,3.0639989880267877
2021-03-22,3.071748068935584,2.15531182551892,3.05232489251454
2021-03-23,3.017622101121476,2.1383479088216384,2.9985411722409925
2021-03-24,3.017058179872289,2.1274772829031963,2.997980816760114
2021-03-25,3.0609378563229455,2.1394455550261755,3.0415830346829624
2021-03-26,3.1239099721123567,2.173923018747704,3.10415696725971
2021-03-29,3.1032516244497135,2.172824475626837,3.0836292457819665
2021-03-30,3.1123501517274885,2.167059994374541,3.0926702415511276
2021-03-31,3.101385932313744,2.1758438547598273,3.0812074998964527
2021-04-01,3.138700290455727,2.199340910004133,3.118279081012165
2021-04-05,3.1693491321476763,2.230908597768185,3.148728513280637
2021-04-06,3.1775954274979448,2.2295912070628217,3.1569211560649073
2021-04-07,3.169509519737218,2.2321712765774246,3.1488878573463452
2021-04-08,3.1740593162631336,2.242766907949118,3.153408051699648
2021-04-09,3.196504567127941,2.2590721292937177,3.1757072678601155
2021-04-12,3.208464317760579,2.2598954984845703,3.1875892052101964
2021-04-13,3.198573143532786,2.266593131486499,3.1777623855629176
2021-04-14,3.207332593423021,2.2588525641761574,3.186464844168778
2021-04-15,3.229509591891601,2.283117917948659,3.208497553253649
2021-04-16,3.2467379352039947,2.2907492408500185,3.225613804434079
2021-04-19,3.2344353832250925,2.279494914125643,3.213391296093437
2021-04-20,3.2062721353829797,2.26280509505878,3.1854112857476036
2021-04-21,3.246902457690193,2.2842161023029943,3.2257772564937213
2021-04-22,3.2252930411893423,2.2633541872359477,3.204308436539044
2021-04-23,3.258362970523956,2.2878945355551985,3.2371632042173264
2021-04-26,3.2623575753243825,2.292670794395206,3.241131819068497
2021-04-27,3.270500323727462,2.2921767728806945,3.2492215886092466
2021-04-28,3.2716103925099094,2.2915180775280124,3.2503244349922915
2021-04-29,3.302557567861829,2.3061207722951873,3.2810702598834895
2021-04-30,3.276316721303042,2.290968985350845,3.255000143172718
2021-05-03,3.300736492024913,2.2959100974122886,3.2792610324448392
2021-05-04,3.2955831485418345,2.281745815347171,3.274141217969588
2021-05-05,3.307728048482196,2.282459581362509,3.2862070999973083
2021-05-06,3.334114884108483,2.300686356252296,3.312422255932318
2021-05-07,3.3668279439483424,2.317430528448751,3.3449224760026213
2021-05-10,3.358780648656514,2.294482206615081,3.336927538530082
2021-05-11,3.316457586635696,2.2740054274200956,3.294879841480059
2021-05-12,3.2428697854130464,2.2256932086930568,3.221770821842842
2021-05-13,3.287711686201183,2.2524292081879134,3.266320969432807
2021-05-14,3.341187829338122,2.28701609570169,3.319449182720391
2021-05-17,3.3355432310258752,2.281196364403472,3.3138413096490678
2021-05-18,3.3062891592135752,2.2615427750160726,3.2847775725206407
2021-05-19,3.283382311024519,2.2556132611590742,3.2620197623094973
2021-05-20,3.3062435529513063,2.279879153081374,3.2847322629847064
2021-05-21,3.3106433024951647,2.278012311432311,3.2891033866010746
2021-05-24,3.3317818246745015,2.3012354484294635,3.3101043759965174
2021-05-25,3.3113529061227727,2.2961294831465833,3.289808373360884
2021-05-26,3.3260872699433106,2.300686356252296,3.3044468715358506
2021-05-27,3.34586042224555,2.3018943231654116,3.3240913745096545
2021-05-28,3.352074827732591,2.306011348502939,3.3302653474404553
2021-06-01,3.3677446617473903,2.3039801917822373,3.345833229394608
2021-06-02,3.37072856182598,2.3076035543717857,3.348797715434639
2021-06-03,3.3693192193871884,2.2990389003375276,3.3473975425483546
2021-06-04,3.3801941536122597,2.3200663861590742,3.358201721591682
2021-06-07,3.370238146653183,2.317814767404482,3.348310491031916
2021-06-08,3.381450999904476,2.3183089683022593,3.3594503905114204
2021-06-09,3.36450065783247,2.314850100167616,3.3426103318222036
2021-06-10,3.3590566514188085,2.3256102259942137,3.337201745545827
2021-06-11,3.3760217505766787,2.3294538712343864,3.3540564653074267
2021-06-14,3.3576645481422336,2.334669619076047,3.3358186996592383
2021-06-15,3.358653209548309,2.330387202367285,3.336800928574225
2021-06-16,3.3418797955836825,2.317375457786095,3.3201366468515974
2021-06-17,3.298307633743601,2.3166069798746327,3.2768479769542003
2021-06-18,3.241258779525068,2.285355186041973,3.2201702975828006
2021-06-21,3.3059570545604795,2.3180718236246327,3.284447628627749
2021-06-22,3.3072073339580186,2.330464695938189,3.2856897733787545
2021-06-23,3.297547860791111,2.327656450909258,3.276093147284331
2021-06-24,3.3177179936579497,2.3414262691724836,3.296132047962789
2021-06-25,3.347963542119729,2.349743015533156,3.3261808109328954
2021-06-28,3.3267807497740547,2.3544794512881153,3.305135839404457
2021-06-29,3.325988512798964,2.3557469734455365,3.3043487569314536
2021-06-30,3.336125136063484,2.3577293379178914,3.3140602238560297
2021-07-01,3.362668798529068,2.370783416949853,3.3404283282840455
2021-07-02,3.3663851886188154,2.3889045350959774,3.3441201384141968
2021-07-06,3.3368851814143854,2.3845530558298127,3.314815242316975
2021-07-07,3.346842795538603,2.392980481665595,3.324706997436363
2021-07-08,3.308118753666907,2.3734824175698015,3.2862390738304295
2021-07-09,3.3692750997296166,2.3988190482067413,3.346990935843002
2021-07-12,3.3758508284055475,2.4074111478806945,3.353523173082005
2021-07-13,3.3426685675271157,2.3992040046955365,3.3205603774943726
2021-07-14,3.338599941854789,2.402784674067781,3.3165186614446185
2021-07-15,3.330715669040435,2.394577889649155,3.3086865346920478
2021-07-16,3.302500037533325,2.3757957441678914,3.28065751951577
2021-07-19,3.2388829776367585,2.340709812408156,3.217461218668778
2021-07-20,3.303986683873816,2.3742532274637216,3.282134333275152
2021-07-21,3.3528159266266897,2.3934757588629685,3.3306406226283314
2021-07-22,3.339857559312641,2.3984882654642727,3.317767961103327
2021-07-23,3.3679064338115325,2.4231638687660726,3.345631322191272
2021-07-26,3.3769835524755805,2.4291123972492654,3.3546484053895465
2021-07-27,3.3773557196965176,2.418041579605988,3.3550181111209665
2021-07-28,3.370484646921908,2.4170501282949117,3.3481924831697234
2021-07-29,3.395630848560584,2.427074603347722,3.3731723694848195
2021-07-30,3.3854549558355105,2.4152876877066496,3.363063779444884
2021-08-02,3.381623806472652,2.410219931059423,3.3592579690519067
2021-08-03,3.408452584855808,2.429828495247061,3.38590930365957
2021-08-04,3.371677323010447,2.4178760088514877,3.3493772709770644
2021-08-05,3.3999623330803397,2.433188343818883,3.377475205850877
2021-08-06,3.4231714572030167,2.437208681576047,3.4005308263532474
2021-08-09,3.420936664441142,2.4352263171036923,3.3983108143637017
2021-08-10,3.439719605878068,2.4382559210828436,3.4169695266614606
2021-08-11,3.462892197262499,2.444314411508082,3.4399888560507126
2021-08-12,3.461395831388065,2.4516397065576783,3.4385023870417455
2021-08-13,3.4563886244554087,2.456101506532421,3.4335282974463794
2021-08-16,3.4553092745649305,2.461884643644379,3.43245608630508
2021-08-17,3.428157350446355,2.4457462487371417,3.4054837432266347
2021-08-18,3.3926406046726454,2.4189776014878768,3.3702019028732635
2021-08-19,3.384301537677706,2.4227234828480895,3.361917989918906
2021-08-20,3.407561005254032,2.4420012642932587,3.3850236209066353
2021-08-23,3.429400860777189,2.463482231011205,3.4067190290619354
2021-08-24,3.446926030352052,2.4673922480597907,3.4241282883179958
2021-08-25,3.468469662735645,2.472569966649063,3.445529432534092
2021-08-26,3.441868921041692,2.4579744472125276,3.4191046263959697
2021-08-27,3.4793511336072123,2.479950691127847,3.4563389340730724
2021-08-30,3.468581715929924,2.490856655549688,3.4456407446159165
2021-08-31,3.4716766040414417,2.4871663830019286,3.448715163341037
2021-09-01,3.4695520528541373,2.488488078905676,3.4466046637955383
2021-09-02,3.4902635517634106,2.4961441566977407,3.4671791782133794
2021-09-03,3.474692986805375,2.495537841258725,3.451711595947781
2021-09-07,3.441528713691457,2.4866154969921013,3.4187666691547713
2021-09-08,3.4410979832446644,2.483586072396216,3.4183387875308195
2021-09-09,3.4338737430145825,2.4729554612876563,3.4111623279504273
2021-09-10,3.408612894612052,2.4534577559583948,3.386068553137632
2021-09-13,3.4248805020722424,2.4597367084175237,3.4022285677121245
2021-09-14,3.3998994366913857,2.4464625261182036,3.3774127254545028
2021-09-15,3.4293336222974045,2.4668967914791513,3.4066522352930346
2021-09-16,3.425932056763318,2.4629862362807677,3.4032731674896426
2021-09-17,3.3981693893455645,2.438994262605621,3.375694120528029
2021-09-20,3.3519689915925532,2.398325744225294,3.3297992891668025
2021-09-21,3.3399355460440097,2.396060671725753,3.3178454320355852
2021-09-22,3.378455075702253,2.41943359375,3.356110196058393
2021-09-23,3.4267043717814265,2.4488296676960872,3.4040403744670225
2021-09-24,3.4316470932418897,2.4528636385814657,3.408950405092867
2021-09-27,3.4428243587133487,2.445845806449761,3.420053744865712
2021-09-28,3.3928050230954163,2.3965575633725202,3.370365233843402
2021-09-29,3.403828097958142,2.4005915342578987,3.3813154028140584
2021-09-30,3.3472472409253884,2.3712503515912013,3.3209447363969447
2021-10-01,3.3604311778978424,2.3994311039102683,3.334025074639767
2021-10-04,3.304864714756953,2.3684880286783616,3.278895250038906
2021-10-05,3.3386753036942305,2.393132239908615,3.3124401570278175
2021-10-06,3.3303965512685347,2.4030781450909258,3.304226458632342
2021-10-07,3.3375351451298245,2.4238541355735674,3.3113089577734502
2021-10-08,3.327812091785698,2.41943359375,3.301662307705272
2021-10-11,3.3035430265758445,2.4019177147432953,3.2775839476186537
2021-10-12,3.307455705696502,2.396005421679831,3.2814658810988253
2021-10-13,3.308907728469129,2.404624787610213,3.282906493947772
2021-10-14,3.3539752956082345,2.4450723058068515,3.327619922356321
2021-10-15,3.3645276589271096,2.4636935444985304,3.3380893657221704
2021-10-18,3.374194713318855,2.4709869093267818,3.347680456874988
2021-10-19,3.401493160849543,2.4900503277691035,3.3747643945448513
2021-10-20,3.423663749176183,2.499831020963446,3.3967607674766054
2021-10-21,3.4354162960751533,2.5063510645320535,3.408420963438885
2021-10-22,3.467591021096327,2.5037541329904482,3.440342861050056
2021-10-25,3.4726788220520333,2.51718132921565,3.445390682315574
2021-10-26,3.4675195091011615,2.519446401715191,3.440271910992638
2021-10-27,3.4473704184546676,2.5082851749058594,3.420281150911478
2021-10-28,3.469481567510563,2.53248720638547,3.4422185516433603
2021-10-29,3.427279734214842,2.537625819422759,3.4003483382823116
2021-11-01,3.455097877725772,2.54199129058367,3.4279478881869134
2021-11-02,3.4531523899415113,2.5522686960415135,3.4260176879501714
2021-11-03,3.4989155767285,2.5678511822074763,3.4714212698615534
2021-11-04,3.4608978719946446,2.5799521979472813,3.433702306385498
2021-11-05,3.4643203866182786,2.58890378168626,3.4370979270572044
2021-11-08,3.485567230322529,2.5911137835231446,3.458177814106471
2021-11-09,3.471873113899359,2.582548950105621,3.4445913053780157
2021-11-10,3.4477622415464015,2.5617726008564476,3.4206698950765904
2021-11-11,3.412456959436103,2.562601530928545,3.385642040140248
2021-11-12,3.429997231146122,2.5819411996004775,3.4030444812560883
2021-11-15,3.4796177902901215,2.5828252003352317,3.452275124481826
2021-11-16,3.5038108478580767,2.5930478938969506,3.4762780741908648
2021-11-17,3.4670600143237555,2.5867483123622335,3.439816026902639
2021-11-18,3.4630354740056197,2.59553396658018,3.4358231112247903
2021-11-19,3.4338490344326473,2.59089260395619,3.4068660172614424
2021-11-22,3.422357554259896,2.583599059744673,3.3954648365758597
2021-11-23,3.4114515233220217,2.5870249213583763,3.384644504693802
2021-11-24,3.414026326182377,2.5939317152484387,3.387199074879656
2021-11-26,3.344435206593975,2.5360782799871417,3.318154798893286
2021-11-29,3.389774584528327,2.5671878228898786,3.3631379022211934
2021-11-30,3.332480387670774,2.5172363998783065,3.3062939203504134
2021-12-01,3.2995419132871495,2.489277365275992,3.2736142748817976
2021-12-02,3.3567507178043368,2.5274036640108375,3.33037353542103
2021-12-03,3.341755567867553,2.5054118137513774,3.315496216636453
2021-12-06,3.4032717232413123,2.5350844966936075,3.3765289810806434
2021-12-07,3.4688143811404113,2.5875219923884094,3.441556607990957
2021-12-08,3.4877746959952534,2.5943735362325495,3.4603679336222877
2021-12-09,3.455566070199296,2.576857477842579,3.428412401626959
2021-12-10,3.4477413973259026,2.6011151181346435,3.420649214648952
2021-12-13,3.4505182008501136,2.5780729788528656,3.4234041981873617
2021-12-14,3.4027219814590994,2.5603364584290045,3.3759835591423726
2021-12-15,3.423127364534709,2.60034089995867,3.3962285977193187
2021-12-16,3.403186793676914,2.5774101576850663,3.376444718888593
2021-12-17,3.3801824266894185,2.5499790480345332,3.353621119087777
2021-12-20,3.3246997847511484,2.522864191081925,3.2985744570266404
2021-12-21,3.4211443510510215,2.5676678525096435,3.3942611666582527
2021-12-22,3.459167523718259,2.5933406473870315,3.431985555100939
2021-12-23,3.452235754761985,2.609476710311811,3.4251082556448957
2021-12-27,3.4962921398437787,2.646406881429096,3.4688184478151083
2021-12-28,3.492604643690405,2.6442440573911647,3.4651599278255163
2021-12-29,3.5006348116677968,2.6476265082545005,3.4731269951370805
2021-12-30,3.502844119244755,2.6403073122359477,3.475318942083537
2021-12-31,3.4955113187295987,2.6336534487509184,3.4636980256303613
2022-01-03,3.495521565439918,2.6489022820421564,3.4637081790834814
2022-01-04,3.5330323366115457,2.648014514258817,3.5008775578095257
2022-01-05,3.4821845389514214,2.59716707183367,3.4504925353324603
2022-01-06,3.501500075001843,2.594727280033064,3.46963227712742
2022-01-07,3.507486854771976,2.5844688892014145,3.4755645701108757
2022-01-10,3.486407497987308,2.581253085392175,3.4546770604394306
2022-01-11,3.51495544988138,2.604763773764695,3.482965192158947
2022-01-12,3.5160835231657233,2.611806002020573,3.484082998640309
2022-01-13,3.510480646747821,2.5758192074990816,3.4785311150338796
2022-01-14,3.5084754418814024,2.5768725460369213,3.4765441599067204
2022-01-18,3.4539418165041136,2.5312369050215833,3.4225068551102287
2022-01-19,3.412186426813748,2.5049533101235304,3.3811314889213104
2022-01-20,3.3610696584523403,2.477228729449853,3.330479943694912
2022-01-21,3.3093873473986295,2.428599002342028,3.2792680028845442
2022-01-24,3.3351148081496396,2.4389126432195996,3.304761313271003
2022-01-25,3.3131788303503535,2.4091359179831007,3.2830249788507584
2022-01-26,3.298969751055548,2.403092316368938,3.2689452190068318
2022-01-27,3.2747742676265643,2.39122575455777,3.2449699431342887
2022-01-28,3.3306821215205886,2.4506130961264696,3.3003689693403726
2022-01-31,3.3807880014511476,2.494750886870867,3.350018826417939
2022-02-01,3.4053291755808317,2.5116077117583577,3.37433664679637
2022-02-02,3.4306606410625458,2.5360058091476856,3.399437565939503
2022-02-03,3.385069075112749,2.4763969292454995,3.3542609372386996
2022-02-04,3.3819319786392805,2.4880414145733836,3.3511523920587285
2022-02-07,3.400474765152693,2.4800568860213077,3.3695264172527133
2022-02-08,3.4389572169573883,2.5004622706764326,3.407658633167201
2022-02-09,3.5034365461710353,2.5370593270687913,3.471551124115407
2022-02-10,3.4551987087911233,2.4914792948659072,3.423752308188757
2022-02-11,3.418713853753612,2.4423505235121232,3.387599508544907
2022-02-14,3.3847536186083325,2.434365994960048,3.3539483517621007
2022-02-15,3.4356371535680124,2.473624740253031,3.4043687862869656
2022-02-16,3.451085430590431,2.4763969292454995,3.419676465691476
2022-02-17,3.395832022855024,2.423497880407329,3.364925929408836
2022-02-18,3.3876514533838993,2.4078052529160545,3.356819812809001
2022-02-22,3.349749031270897,2.3819658109845703,3.319262347629021
2022-02-23,3.293074144383976,2.339712800215834,3.263103269338754
2022-02-24,3.314463962936704,2.37492412087849,3.284298415208456
2022-02-25,3.409636960251074,2.427323946087436,3.378605225523954
2022-02-28,3.398881249618337,2.421113518035911,3.3679474045970865
2022-03-01,3.3308899120552207,2.384239314497612,3.3005748687350285
2022-03-02,3.409192844021115,2.428100137479335,3.3781651512777016
2022-03-03,3.407006848447822,2.4160118579514145,3.3759990508532285
2022-03-04,3.3774522812312164,2.396382664688189,3.346713465202852
2022-03-07,3.2818743352071547,2.325739561328986,3.2520053916905423
2022-03-08,3.26311086622145,2.30810636566633,3.233412692496142
2022-03-09,3.3376289053820622,2.369988569698292,3.3072525292409036
2022-03-10,3.336186461213651,2.3592865640498712,3.305823213022862
2022-03-11,3.3108392713718597,2.3292881210966203,3.2807067126299536
2022-03-14,3.2957731804808184,2.312265007921565,3.2657777410103646
2022-03-15,3.3458588331657606,2.363112450346712,3.315407554934209
2022-03-16,3.411517394414258,2.4155128137054556,3.380468545509058
2022-03-17,3.4598859258055423,2.445732974375459,3.4283968659767834
2022-03-18,3.4767073232319334,2.4725208156341845,3.445065168763258
2022-03-21,3.480994872847766,2.4717979010722813,3.4493136965993956
2022-03-22,3.501119568790404,2.500721120729243,3.469255233973179
2022-03-23,3.462731820518886,2.468515904837895,3.431216859677547
2022-03-24,3.5052915505794133,2.505726990149706,3.473389245786594
2022-03-25,3.5402957633687313,2.517964337171657,3.5080748787803864
2022-03-28,3.540997914925782,2.5358743212137216,3.508770639926637
2022-03-29,3.5806563184940123,2.5672455843015247,3.548068105050811
2022-03-30,3.5629651664674045,2.551393126320261,3.5305379634611227
2022-03-31,3.523218217103258,2.512123797414585,3.4904855042812355
2022-04-01,3.53187319331081,2.5192436986246327,3.4990600708084263
2022-04-04,3.5314213737534788,2.540824761204996,3.4986124489132617
2022-04-05,3.495900982312926,2.5087309423218223,3.463422062229923
2022-04-06,3.47385042124147,2.483645448257256,3.441576363485646
2022-04-07,3.481985706651967,2.496160480574945,3.4496360674405953
2022-04-08,3.493248949644469,2.489485808631062,3.4607946684621504
2022-04-11,3.468415599669396,2.4469344834909994,3.436192034515164
2022-04-12,3.4617533252241355,2.437867915078527,3.4295916564108975
2022-04-13,3.499021588859999,2.465790534877847,3.4665136765569176
2022-04-14,3.478032595804383,2.435087474455823,3.445719683254306
2022-04-18,3.468131808594438,2.4360882536967305,3.4359108800216456
2022-04-19,3.5338502407618066,2.4754133707981265,3.5010187503575616
2022-04-20,3.5552807541591664,2.4735779212206097,3.522250162025355
2022-04-21,3.49976562139656,2.436588553625551,3.4672507966055623
2022-04-22,3.4094665636148855,2.369730975328343,3.3777906687295407
2022-04-25,3.424659781026632,2.383469401520022,3.392842732459699
2022-04-26,3.3383643471771114,2.314442362004041,3.3073490325590833
2022-04-27,3.346291464513831,2.320950207510562,3.3152025024407488
2022-04-28,3.3928306806197925,2.3795758877319066,3.3613093426046348
2022-04-29,3.296851661064465,2.2916370086333577,3.2662220230492647
2022-05-02,3.3020230363901715,2.3054315817872886,3.271345353339722
2022-05-03,3.321700137694187,2.3160003056690854,3.2908396431156217
2022-05-04,3.4078248307687735,2.3865289625045922,3.3761641885207814
2022-05-05,3.3029108137476095,2.3017048944365355,3.272224882737625
2022-05-06,3.2761097344377372,2.2879661094783246,3.245672800787073
2022-05-09,3.1912738475777402,2.214711903299504,3.1616250878494596
2022-05-10,3.178847342654902,2.219829169728141,3.1493140322663904
2022-05-11,3.1348833735749833,2.1845643928522227,3.105758513610411
2022-05-12,3.149426627639106,2.1822833552420096,3.1201666525242815
2022-05-13,3.218030598603006,2.234457516302351,3.1881332533505304
2022-05-16,3.202935567169254,2.225390768506613,3.1731784633944575
2022-05-17,3.2749312791232725,2.2711683016853415,3.244505293996658
2022-05-18,3.145919848348469,2.1796137734776817,3.116692453219435
2022-05-19,3.142344944087727,2.1662644295899156,3.1131507618644285
2022-05-20,3.1426914678340183,2.167209958784901,3.1134940662068744
2022-05-23,3.1779650211993196,2.2077584697602863,3.1484399080818943
2022-05-24,3.1514795342801833,2.1909054119213813,3.122200486488223
2022-05-25,3.1899036674457637,2.210261942620316,3.1602676374747714
2022-05-26,3.2657121312649644,2.2544257439382807,3.235371797296103
2022-05-27,3.3426736547413665,2.3097697866917706,3.3116183041907683
2022-05-31,3.3099870361873296,2.296809883874449,3.2792353630226696
2022-06-01,3.272907499740722,2.2782324146996693,3.242500316682349
2022-06-02,3.327783461142862,2.321617692643277,3.296866449009273
2022-06-03,3.2871645628334383,2.2835165075656687,3.2566249235026614
2022-06-06,3.3030694015372166,2.29046886480529,3.2723819971559394
2022-06-07,3.3296911921002135,2.3124399066058965,3.298756456054644
2022-06-08,3.280789393609094,2.2872986243456097,3.25030898324756
2022-06-09,3.213116963777054,2.232899931403839,3.1832652690031344
2022-06-10,3.1183307301268304,2.168155846746418,3.0893596536894337
2022-06-13,2.9864582376976094,2.085835072155125,2.9587123321573356
2022-06-14,2.9651303427534472,2.079549303131888,2.9375825855586033
2022-06-15,3.000253655899421,2.109196154883817,2.9723795830318815
2022-06-16,2.884888572232491,2.039390053843681,2.8580863069910096
2022-06-17,2.900884833319186,2.043786737692873,2.8739339536609663
2022-06-21,2.9465233563899784,2.095236190358652,2.919148468743253
2022-06-22,2.9422394150230753,2.09143757031824,2.9149043276424327
2022-06-23,2.965773837125853,2.111938925020665,2.938220101500154
2022-06-24,3.065226910575232,2.179085669142634,3.03674919900144
2022-06-27,3.065334314013551,2.1707622856011204,3.0368556046003747
2022-06-28,3.016860308346301,2.1264072617216203,2.9888319501770906
2022-06-29,2.9995991004151685,2.1246753162885748,2.97173110874254
2022-06-30,2.983918236880297,2.107413802753031,2.9556922651567037
2022-07-01,3.0217607432962756,2.129703249850753,2.993176805492096
2022-07-05,3.027593305663973,2.1337257402071086,2.99895419552349
2022-07-06,3.0180674788783826,2.1409313866182953,2.9895184770103627
2022-07-07,3.0667716500429805,2.1729966835621783,3.037761937643043
2022-07-08,3.0514049649416837,2.171209667466477,3.0225406116249114
2022-07-11,3.0133088205653635,2.146406163896032,2.9848048325832224
2022-07-12,3.006210925959153,2.127412704927443,2.9777740795528023
2022-07-13,2.9931182216714967,2.116239997589089,2.9648052239337983
2022-07-14,2.9623371438515074,2.1111012051685343,2.934315315563907
2022-07-15,3.0203770835894628,2.151433918074945,2.9918062343274827
2022-07-18,3.0138519042134924,2.1336697726281226,2.9853427790049
2022-07-19,3.1093585701217674,2.1913196078825314,3.07994601250071
2022-07-20,3.1412846804313608,2.205285133288942,3.111570122079954
2022-07-21,3.1567936915904564,2.2277417655905585,3.126932427841754
2022-07-22,3.134737253456493,2.2070728669177075,3.105084629606632
2022-07-25,3.1435235177248337,2.209754467360856,3.1137877813942985
2022-07-26,3.112942495576541,2.1836106120270022,3.083496036296485
2022-07-27,3.1905800360722627,2.2403107922713077,3.160399174959196
2022-07-28,3.2430635530574783,2.2684097458210872,3.2123862312009264
2022-07-29,3.2762146895519857,2.3014804859707936,3.245223778995271
2022-08-01,3.265062462230934,2.2946649981631153,3.2341770446629767
2022-08-02,3.242758401541613,2.2795263061971895,3.2120839662246294
2022-08-03,3.276396883765542,2.315222858594324,3.245404249767259
2022-08-04,3.2639227595594322,2.3136584571317047,3.233048122855031
2022-08-05,3.2593354385920077,2.309748260699853,3.2285041950309967
2022-08-08,3.272873791571554,2.3070664808734387,3.241914483788251
2022-08-09,3.2446915789011017,2.297905377479794,3.2139988569538698
2022-08-10,3.317497722301799,2.3461705977911462,3.286116300470123
2022-08-11,3.33684818506871,2.3461705977911462,3.3052837201468632
2022-08-12,3.394285108064027,2.3858887436283065,3.3621773263232675
2022-08-15,3.400621000123534,2.3957203816701873,3.3684532848672024
2022-08-16,3.421684265282069,2.4004132272915135,3.389317304912576
2022-08-17,3.382901707335124,2.383375045922116,3.350901605336764
2022-08-18,3.39340804437533,2.3903022895045005,3.3613085591001286
2022-08-19,3.334585794905185,2.358180845598365,3.303042730757659
2022-08-22,3.2502082723097736,2.3090777260516164,3.2194633659460137
2022-08-23,3.2513531529009594,2.3034915517657053,3.2205974166938094
2022-08-24,3.2723367504834604,2.310865459680382,3.2413825227678297
2022-08-25,3.32482435590683,2.34348935611453,3.293373628773685
2022-08-26,3.21552135748745,2.2641641026818515,3.185104567311611
2022-08-29,3.1963154181573596,2.249193134069618,3.166080303971752
2022-08-30,3.165657255083798,2.2245017450404116,3.135712147652839
2022-08-31,3.1339291245314396,2.207575857595518,3.104284145068045
2022-09-01,3.1384847840751906,2.2145025630281046,3.1087967109653687
2022-09-02,3.1154870841062685,2.191151705145573,3.0860165546345426
2022-09-06,3.106022651652075,2.1828844685663116,3.0766416497014224
2022-09-07,3.1805186468915685,2.2220999824921934,3.1504329601311376
2022-09-08,3.21012023066133,2.2366241073888684,3.1797545317155333
2022-09-09,3.2570232858070836,2.2713710047759,3.2262139137431944
2022-09-12,3.2893037921735386,2.2957823765269105,3.2581890670176428
2022-09-13,3.1563412924679124,2.1959563065416052,3.126484308127634
2022-09-14,3.156598760291721,2.204335478278839,3.1267393404693227
2022-09-15,3.1394799867877303,2.17930900130878,3.109782499692205
2022-09-16,3.103020548778581,2.162683042684607,3.073667944814766
2022-09-19,3.1359835495374564,2.1794548399040226,3.1063191365180707
2022-09-20,3.086791419762664,2.154438049630327,3.0575923330537926
2022-09-21,3.02998369531957,2.1168563584909994,3.001321973610852
2022-09-22,2.9734955321553125,2.099074812867377,2.945368152599969
2022-09-23,2.9258581023320858,2.06390546788896,2.898181342612954
2022-09-26,2.883273678669145,2.0434878851717486,2.855999740556626
2022-09-27,2.881754757772064,2.038271240413758,2.8544951876867115
2022-09-28,2.953630440398755,2.078377033488703,2.9256909719970348
2022-09-29,2.8949369098969715,2.0349616191564106,2.8675526450232236
2022-09-30,2.8558653101819207,2.0034942066380417,2.828451701901479
2022-10-03,2.932328180633074,2.056388950277829,2.904180601051159
2022-10-04,3.0380376975090657,2.120109653402829,3.0088754064571024
2022-10-05,3.0200982243817283,2.1151737434560984,2.991108135319584
2022-10-06,2.9857584226858824,2.0933541011319803,2.957097963270053
2022-10-07,2.911562641683234,2.0349616191564106,2.8836143916524963
2022-10-10,2.8900773620702838,2.0194243375734753,2.862335350420958
2022-10-11,2.881407174530566,2.0066353870086333,2.8537483884885844
2022-10-12,2.8696314797660314,2.000016682643736,2.84208572926615
2022-10-13,2.939378723798457,2.052799311742285,2.911163465664682
2022-10-14,2.8808087650200385,2.006018487956925,2.8531557231438818
2022-10-17,2.9448644411017333,2.0575671395687913,2.9165965252656654
2022-10-18,2.988942165914903,2.0817424429417706,2.960251145572607
2022-10-19,2.9469026055137144,2.0669903219140338,2.918615125225291
2022-10-20,2.9119707183387122,2.0496583107549595,2.884018551157701
2022-10-21,2.981620796674928,2.099467841603141,2.9530000545588853
2022-10-24,3.013865345432925,2.125157857274063,2.984935086118828
2022-10-25,3.0765929903575078,2.159093583532329,3.047060604927663
2022-10-26,3.066896290057886,2.1428269295899156,3.037456983787859
2022-10-27,3.0682404614968215,2.13138425043626,3.038788252451179
2022-10-28,3.1363652289425925,2.182091235764144,3.1062590865050996
2022-10-31,3.120021546606483,2.1663291869489347,3.0900722880751825
2022-11-01,3.126527144950819,2.1568498576414403,3.096515438822986
2022-11-02,3.0471305687020998,2.1027211365149707,3.0178809946791425
2022-11-03,3.020499083439101,2.0810699350776085,2.9915051465088047
2022-11-04,3.06912793790205,2.1110228146813004,3.039667209921552
2022-11-07,3.08982792350075,2.131215809549504,3.0601684952192993
2022-11-08,3.105996412835802,2.1427149944319432,3.0761817823354183
2022-11-09,3.048554863811102,2.0985700283569066,3.0192916179010085
2022-11-10,3.232232789471672,2.213895350672759,3.201206409044742
2022-11-11,3.2843494671876248,2.235322502410911,3.2528228159031407
2022-11-14,3.2428561506069693,2.2163075174504043,3.2117277959518615
2022-11-15,3.2744688332484366,2.235210208486407,3.243037026712899
2022-11-16,3.2326078521157244,2.218158214605529,3.2015778714418333
2022-11-17,3.2106003175667395,2.2113712487371417,3.179781588428133
2022-11-18,3.236406365960046,2.2214118682838904,3.2053399231427164
2022-11-21,3.2365651650837615,2.2133345985833026,3.2054971979449043
2022-11-22,3.277915965294501,2.2431192166835046,3.2464510695487454
2022-11-23,3.2905594833350458,2.2572547974260653,3.2589732217638026
2022-11-25,3.3013661725983168,2.256749654149063,3.269676177022107
2022-11-28,3.2458654358732257,2.2207386428866642,3.2147081949232357
2022-11-29,3.264550746602981,2.2169245958853785,3.23321414432698
2022-11-30,3.338876171275841,2.2867588600982733,3.306826115158022
2022-12-01,3.340156538188742,2.2850762450633724,3.3080941917584634
2022-12-02,3.3374922923694244,2.2824398492032514,3.3054555201813893
2022-12-05,3.2734404740964576,2.241380634069618,3.2420185388370135
2022-12-06,3.232818119058159,2.2090713758840006,3.201786120020315
2022-12-07,3.218921586444372,2.205313296461701,3.1880229809878617
2022-12-08,3.239322252945341,2.222589519425055,3.20822782036837
2022-12-09,3.2229111509779154,2.2059863424756614,3.191974249471888
2022-12-12,3.272731355490365,2.237790636767542,3.241316227099446
2022-12-13,3.2949537596114657,2.254730336723916,3.2633253171404144
2022-12-14,3.270514712691914,2.2403147387031592,3.239120861977207
2022-12-15,3.1932005018642835,2.1855129715627295,3.1625487945141746
2022-12-16,3.1540601728048365,2.1597106619673037,3.1237841756273963
2022-12-19,3.1233513807242916,2.1413970655767818,3.093370158932042
2022-12-20,3.1282894462335706,2.144326932460048,3.0982608236787397
2022-12-21,3.177208438889719,2.176389718038207,3.1467102402322027
2022-12-22,3.13751927440828,2.145340986062638,3.1074020542248504
2022-12-23,3.162584683248098,2.1576818372290596,3.13222685882578
2022-12-27,3.163830486381182,2.1491731507737875,3.1334607034260284
2022-12-28,3.1176378580533735,2.122463700002296,3.087711480679677
2022-12-29,3.1792646429742004,2.1606683892243757,3.148746706700516
2022-12-30,3.165021570892139,2.1549770963445996,3.134119962537961
2023-01-03,3.1677519880189324,2.145904787667616,3.13682372130594
2023-01-04,3.2276078802488044,2.1624717291972813,3.1960952120402917
2023-01-05,3.199238064763894,2.137790206247704,3.1680023845339984
2023-01-06,3.274308157376708,2.186814576540687,3.2423395321892263
2023-01-09,3.2779364531666113,2.185574679406227,3.2459324032046117
2023-01-10,3.3049296073085377,2.2009020825679646,3.272662010366257
2023-01-11,3.3508792815374746,2.228738419016348,3.3181630561087148
2023-01-12,3.3642012980042995,2.2368526416697283,3.331355003403456
2023-01-13,3.3715446758166014,2.245530665928086,3.3386266843315298
2023-01-17,3.366253823817405,2.241417228255878,3.3333874894325075
2023-01-18,3.3125332424392213,2.2060295738427627,3.28019140759694
2023-01-19,3.269591569006354,2.189970107572557,3.237668994110577
2023-01-20,3.3337715240764556,2.2307674231378583,3.3012223298065795
2023-01-23,3.3803153153279992,2.257533200254868,3.3473116919250625
2023-01-24,3.3712784942993084,2.255110629247796,3.3383631016707733
2023-01-25,3.3772440223730085,2.255955524430566,3.344270385461446
2023-01-26,3.403119813307968,2.2807493413046473,3.3698935387636393
2023-01-27,3.4132830687010274,2.285990023420279,3.3799575654687657
2023-01-30,3.3770208648694418,2.257307894872796,3.3440494067505435
2023-01-31,3.444665657888377,2.290497924894379,3.411033751537374
2023-02-01,3.4817234367278798,2.3148411310043167,3.4477297176869706
2023-02-02,3.533635060736584,2.3485377393690303,3.499134503862751
2023-02-03,3.4851936613749848,2.3235749434583948,3.451166060883177
2023-02-06,3.4506629441296846,2.309374964123347,3.416972483425584
2023-02-07,3.4854923236420037,2.339578262766348,3.451461807168678
2023-02-08,3.435720574355157,2.3139956976717486,3.402176003101829
2023-02-09,3.4063512125531146,2.293935267037105,3.3730933883236816
2023-02-10,3.4043455174934873,2.299288422460507,3.371107275817229
2023-02-13,3.450867782269997,2.3262796843428544,3.4171753216338754
2023-02-14,3.447119469709328,2.3252093043947464,3.413463605628441
2023-02-15,3.466587030314975,2.3327600842096805,3.4327410951966653
2023-02-16,3.424692208858916,2.300640972286003,3.3912553127742138
2023-02-17,3.417507359696148,2.294892994294177,3.3841406127052
2023-02-21,3.3340270109010017,2.2488557141463077,3.3014753221919517
2023-02-22,3.333291242814082,2.245756509459956,3.300746737758208
2023-02-23,3.3403468652923474,2.257702538057954,3.307733472844196
2023-02-24,3.3089229777937277,2.2335849960966203,3.2766163916793407
2023-02-27,3.313215155742806,2.241191922873806,3.2808666630571683
2023-02-28,3.307985880248447,2.2329083624173403,3.2756884434623292
2023-03-01,3.2997970243739125,2.22434334961655,3.267579539275782
2023-03-02,3.3274464241200388,2.24164253363795,3.294958984804204
2023-03-03,3.3727961726188997,2.2775939896560433,3.3398659621763347
2023-03-06,3.355350336603534,2.2791714860970793,3.3225904581412977
2023-03-07,3.3043301292544944,2.24423480121464,3.272068385301087
2023-03-08,3.31449473059877,2.247897448739438,3.2821337448162695
2023-03-09,3.2443796795054842,2.2064243964111867,3.2127032602575514
2023-03-10,3.1801634049368106,2.174586736831833,3.149113959667486
2023-03-13,3.1495534917803774,2.1714875321454814,3.1188029056268385
2023-03-14,3.1842782026778265,2.2073823030515247,3.153188582684444
2023-03-15,3.1342666576142992,2.193576428751837,3.103665324080938
2023-03-16,3.173539565841894,2.232062929084772,3.1425547922586654
2023-03-17,3.11371726716545,2.2059646371004775,3.0833165670879255
2023-03-20,3.155443369905324,2.2271759907696547,3.124635278075127
2023-03-21,3.1968880171751435,2.25641994770619,3.1656752815756612
2023-03-22,3.1280722284442715,2.2179560496647683,3.0975313740640233
2023-03-23,3.114849717972068,2.223952114713446,3.084437961239628
2023-03-24,3.134599278228312,2.2385453021675237,3.103994697161967
2023-03-27,3.1609827852912815,2.24273156944572,3.1301206095185465
2023-03-28,3.1690149800140537,2.2376971780859662,3.1380743821105397
2023-03-29,3.216106470848727,2.2702216961907604,3.184706096361079
2023-03-30,3.232103626703527,2.283514534349743,3.200547064387791
2023-03-31,3.285932024207776,2.315700197465099,3.2533306089867238
2023-04-03,3.2846936851336412,2.3245235221689016,3.2521045561090305
2023-04-04,3.251050348457274,2.311627479794269,3.218795012213624
2023-04-05,3.239990046987683,2.3055747296335416,3.207844445661866
2023-04-06,3.243079727373816,2.314568647823292,3.2109034717458327
2023-04-10,3.2671615692103524,2.3169442204146766,3.234746385290726
2023-04-11,3.294844773989535,2.3175665009643645,3.262154930811284
2023-04-12,3.273057276698199,2.3081198194112784,3.240583598443808
2023-04-13,3.3020358122125826,2.3387782134000736,3.269274623059658
2023-04-14,3.2916337228997667,2.3330653945283797,3.2589757382046196
2023-04-17,3.3243881766816283,2.341437032168442,3.2914052182681526
2023-04-18,3.3245672948977827,2.342963763145206,3.2915825593607098
2023-04-19,3.3294277795642673,2.3425682230437177,3.296394820668457
2023-04-20,3.3104341270491187,2.3297841158270574,3.2775896139116667
2023-04-21,3.3098044548714265,2.3315946311306024,3.2769661890342743
2023-04-24,3.31461019599181,2.3340265300675056,3.2817242499346895
2023-04-25,3.2599684142941387,2.296976710311811,3.2276245973499824
2023-04-26,3.2441048336697835,2.2872475001148054,3.211918407437005
2023-04-27,3.302751522651347,2.332782507117928,3.2699832325684506
2023-04-28,3.344941337951192,2.3526931527254775,3.311754461093964
2023-05-01,3.3411263429784963,2.3503175801340928,3.307977316641076
2023-05-02,3.2897979458483975,2.323901600385746,3.257158174837972
2023-05-03,3.2764858205158602,2.3079504816081924,3.2439781259215756
2023-05-04,3.235628478969871,2.2916034639626193,3.2035261509950894
2023-05-05,3.290077132180416,2.3340265300675056,3.2574345912193436
2023-05-08,3.2745150399706278,2.3346488106171934,3.242026898499898
2023-05-09,3.2599597905549134,2.3244108694778656,3.2276160591712912
2023-05-10,3.252782202158854,2.335271091166881,3.2205096833072835
2023-05-11,3.2395357930291837,2.3311985528793167,3.207394698589634
2023-05-12,3.235248147770262,2.328144014626194,3.2031495932561813
2023-05-15,3.259702503669533,2.3361762591270208,3.227361324960929
2023-05-16,3.2176656422774474,2.320564354105437,3.185741532809087
2023-05-17,3.2677626180348875,2.3487336258954814,3.235341470801914
2023-05-18,3.298569868420586,2.371359416616918,3.2658430666718625
2023-05-19,3.28486409279159,2.367908979495775,3.252273273065293
2023-05-22,3.2950455348142196,2.3688710119512306,3.262353699784963
2023-05-23,3.260531584032276,2.342284976866734,3.228182179592598
2023-05-24,3.2250749484771477,2.325316037438005,3.1930773274856823
2023-05-25,3.219161337634711,2.3454528853439567,3.187222388606364
2023-05-26,3.242882680155355,2.3758278537725017,3.210708379533785
2023-05-30,3.242124212324252,2.3767328423493757,3.2099574368506496
2023-05-31,3.202760687503278,2.363553733181025,3.1709844577280646
2023-06-01,3.2258618309953078,2.3860096479495776,3.1938564029392063
2023-06-02,3.2989135331934833,2.420514557310801,3.2661833217704648
2023-06-05,3.28849055099222,2.415875885435801,3.2558637513160305
2023-06-06,3.321069731071014,2.4211364790939567,3.2881196966567097
2023-06-07,3.3541201807844483,2.4127650208371603,3.3208422359245193
2023-06-08,3.349508527075187,2.427358387674504,3.3162763367945747
2023-06-09,3.340509323302847,2.431713633989254,3.3073664187337717
2023-06-12,3.3595943744575636,2.453774188039585,3.326262117317398
2023-06-13,3.3940763901886326,2.469951867882072,3.3604020193028905
2023-06-14,3.381661521422963,2.472892856527829,3.3481103248112354
2023-06-15,3.419364051614125,2.5035512505166237,3.3854387888827726
2023-06-16,3.411312582585879,2.495023370051892,3.377467202604078
2023-06-20,3.3882927197057686,2.4820788941954444,3.3546757315782587
2023-06-21,3.3896531417937554,2.469361338170463,3.356022656221674
2023-06-22,3.3675423370295445,2.4782747132737875,3.334131224080415
2023-06-23,3.339849104359032,2.459539207441679,3.306712750160372
2023-06-26,3.3614861233801827,2.449490336264695,3.328135097229683
2023-06-27,3.4097196134654606,2.476344728715099,3.37589003814649
2023-06-28,3.408210418416177,2.4775939537793903,3.374395816594554
2023-06-29,3.437063943329898,2.487358861246326,3.4029630709039638
2023-06-30,3.4704356133753724,2.516711165675514,3.435544721118533
2023-07-03,3.4857171026135,2.519606949738244,3.4506725740833124
2023-07-05,3.4669415081084196,2.515859812695169,3.432085744712618
2023-07-06,3.4428790237269973,2.496159045508817,3.4082651785349936
2023-07-07,3.456917765786411,2.4898567732251102,3.4221627785905815
2023-07-10,3.4815831649711257,2.496159045508817,3.44658019801676
2023-07-11,3.526359034936791,2.512055990540044,3.490905902577062
2023-07-12,3.5452071533406886,2.5322676412679095,3.509564526709421
2023-07-13,3.559371720172785,2.552366280538207,3.523586686526878
2023-07-14,3.529819999236505,2.5507764066518184,3.4943320712067405
2023-07-17,3.542544004372571,2.5596329172598273,3.506928152375403
2023-07-18,3.565211490013448,2.5786522074187177,3.5293677447811564
2023-07-19,3.5856338796382348,2.584386911048861,3.549584812805022
2023-07-20,3.5862800121143423,2.567241099719875,3.5502244492267088
2023-07-21,3.587178359862035,2.567241099719875,3.551113765210678
2023-07-24,3.6006612175561745,2.5787092512972998,3.5644610696234653
2023-07-25,3.596277805245075,2.585749326953986,3.5601217270441508
2023-07-26,3.6164824381800598,2.586147019654666,3.5801232276495507
2023-07-27,3.579346605552577,2.569000670175882,3.543360749401581
2023-07-28,3.6030667527364098,2.594152356665595,3.5668424201542366
2023-07-31,3.6159798133475336,2.599091495511113,3.5796256560814643
2023-08-01,3.6003079507808406,2.591654444686811,3.564111354503995
2023-08-02,3.569459381382146,2.5556021752732367,3.533572928911749
2023-08-03,3.556434344731523,2.5482783152897683,3.520678842724137
2023-08-04,3.5439401226737126,2.53675276106723,3.5083102344520922
2023-08-07,3.578205445261637,2.558895113886848,3.5422310620509845
2023-08-08,3.5691849080475766,2.547767431748255,3.533301215063483
2023-08-09,3.5508550729636923,2.530734631876837,3.515155663560176
2023-08-10,3.5432992075667418,2.5316430287357643,3.507675762945415
2023-08-11,3.549072665153422,2.5301668838400073,3.5133911756325364
2023-08-14,3.5424339602116053,2.54413366492928,3.5068192145709265
2023-08-15,3.4927493841607555,2.514497755556576,3.4576341548295395
2023-08-16,3.4729885627231236,2.496045316518185,3.438072003751625
2023-08-17,3.451314505554139,2.4770260263592947,3.416615852136209
2023-08-18,3.456104979668803,2.478218028161738,3.421358164021453
2023-08-21,3.453192199832721,2.4943424311742284,3.418474668545823
2023-08-22,3.435894104486499,2.487586139844324,3.40135048392673
2023-08-23,3.4660992370274393,2.5152922440416052,3.43125194161457
2023-08-24,3.4393925134277166,2.4804323351970057,3.4048137207388454
2023-08-25,3.450038478186925,2.4979187953480895,3.4153526536292134
2023-08-28,3.4748350519870312,2.5137588758840006,3.4398999288739853
2023-08-29,3.5123954352314124,2.550094929624357,3.477082689413062
2023-08-30,3.525528305115494,2.5605985373806024,3.4900835247057564
2023-08-31,3.515132834614371,2.5568510415709955,3.4797925676668098
2023-09-01,3.529565838922001,2.56162030446363,3.494080466156513
2023-09-05,3.4851094615043814,2.5505491280538206,3.450071042046031
2023-09-06,3.471018757712626,2.5334029579583026,3.4361220026683705
2023-09-07,3.449275229871189,2.525625078928637,3.4145970788212776
2023-09-08,3.4545592680909043,2.529428721700496,3.419827992641425
2023-09-11,3.4526134856571087,2.5460640082545005,3.4179017726178897
2023-09-12,3.456233997895734,2.532097406548494,3.4214858851313785
2023-09-13,3.436523396680297,2.5350496963400073,3.401973449374096
2023-09-14,3.480419904497025,2.5569075472997795,3.4454286326727206
2023-09-15,3.458653717263053,2.526101520883082,3.423881277244963
2023-09-18,3.4495833403701734,2.5275826885102863,3.4149020916543162
2023-09-19,3.446521698128956,2.5223412888615906,3.4118712303989644
2023-09-20,3.429798833005586,2.499152234684974,3.395316492781835
2023-09-21,3.372561002179115,2.4578454706442874,3.33865411680048
2023-09-22,3.3515111075782054,2.4523188516026817,3.3178158525786814
2023-09-25,3.357408511428919,2.4626312367973915,3.3236539654050765
2023-09-26,3.3119607924512207,2.4264521434147683,3.2786631664347854
2023-09-27,3.306941418631901,2.4274206336677993,3.2736942561453035
2023-09-28,3.329071646961336,2.4414934302672666,3.2956019926903384
2023-09-29,3.3224043190485713,2.435568400991918,3.2884525450290742
2023-10-02,3.281998276425611,2.434599551972355,3.2484594132671702
2023-10-03,3.239963918781256,2.4020099177420096,3.2068546062959875
2023-10-04,3.258459895683495,2.419501041858009,3.2251615721183726
2023-10-05,3.2509544158478736,2.4185895954835597,3.2177327910619535
2023-10-06,3.2675975878785284,2.4473050893185158,3.2342058858950447
2023-10-09,3.284901869805613,2.462973500068883,3.2513333347178053
2023-10-10,3.314681340703604,2.47579258702241,3.2808084880887134
2023-10-11,3.3197722786740815,2.485934199347906,3.2858474015736303
2023-10-12,3.2703628235613396,2.470778824738244,3.236942863530972
2023-10-13,3.2618871261061697,2.4584722357756243,3.2285537795451535
2023-10-16,3.30533387777336,2.4843387645802717,3.271556547231816
2023-10-17,3.3228893667524457,2.484224676823108,3.2889326360123183
2023-10-18,3.268539765362009,2.4511223652185894,3.235138435231577
2023-10-19,3.2274119264454315,2.429585610304923,3.194430883239383
2023-10-20,3.186189788304583,2.399730673964456,3.153629995670217
2023-10-23,3.163960902760432,2.395571852325955,3.1316282679389715
2023-10-24,3.1854440346522113,2.413633056461242,3.1528918629023144
2023-10-25,3.1506736444172807,2.378991815817873,3.1184767925858723
2023-10-26,3.1478339377638926,2.3505046768805107,3.115666105001001
2023-10-27,3.1132989701766465,2.3398502077975754,3.0814840515393986
2023-10-30,3.1404785066399343,2.367825207510562,3.108385839302848
2023-10-31,3.1680237546898233,2.3826953627273144,3.135649601432513
2023-11-01,3.178331921324129,2.4081060786531046,3.1458524285263794
2023-11-02,3.2454210845784313,2.4542561908752756,3.212256005111742
2023-11-03,3.3016021061540473,2.476647168901543,3.267862910726279
2023-11-06,3.276267542880556,2.482344560812362,3.2427872423025854
2023-11-07,3.269718141720328,2.4894097501262857,3.2363047697178113
2023-11-08,3.2664201268303565,2.49123282225845,3.2330404573653717
2023-11-09,3.2407789480417994,2.4718043588698566,3.2076613067420277
2023-11-10,3.2753408806993947,2.510376245637399,3.2418700497169177
2023-11-13,3.2651810422913865,2.5079830934859477,3.2318140350776554
2023-11-14,3.370344761443005,2.556640445616734,3.3359030822493416
2023-11-15,3.391024472393904,2.5620526181346435,3.356371466460456
2023-11-16,3.380527918216775,2.565186264408064,3.3459821769631137
2023-11-17,3.394060939037791,2.5683769545600663,3.3593769033381227
2023-11-20,3.4076286784837295,2.5881473224536187,3.3728059935471264
2023-11-21,3.3964317710401817,2.5825066156548493,3.3617235077195926
2023-11-22,3.4133925449028726,2.5924770963445996,3.37851095879972
2023-11-24,3.423510945595924,2.5940725311122335,3.388525959177584
2023-11-27,3.4150826771257563,2.589400673333027,3.380183819498195
2023-11-28,3.4141002653653776,2.5919647777369583,3.3792114470403427
2023-11-29,3.4244556951904914,2.590141346838262,3.389461054340702
2023-11-30,3.4495872381251944,2.6003400030423403,3.414335777098046
2023-12-01,3.5085336712334327,2.615723194399798,3.472679834401308
2023-12-04,3.517053268305246,2.601992122922024,3.4811123693919463
2023-12-05,3.484710519016353,2.601479445547851,3.4491001318679007
2023-12-06,3.4903385445278206,2.5909959287173954,3.4546706443761366
2023-12-07,3.510282907476417,2.6107664759942137,3.47441119513369
2023-12-08,3.517735042011192,2.6219906663299044,3.4817871760268884
2023-12-11,3.5473511138044094,2.6321891431507165,3.511100600074584
2023-12-12,3.554884624050728,2.6442108714869583,3.5185571250978853
2023-12-13,3.638385713033295,2.680674825495959,3.6012049133285657
2023-12-14,3.689992867410313,2.6892780469324027,3.652284692264505
2023-12-15,3.6615610368143807,2.6848503297781963,3.6241434076089982
2023-12-18,3.664428679303051,2.6999526069411277,3.626981745551806
2023-12-19,3.698589029854015,2.7163706603600293,3.6607930102026347
2023-12-20,3.630544543209037,2.67872923459313,3.5934438727120592
2023-12-21,3.6774890460925755,2.704128649373163,3.639908647964552
2023-12-22,3.6873445336317703,2.7095630654160545,3.6496634219079134
2023-12-26,3.707867997780605,2.7210046682701137,3.6699771560088768
2023-12-27,3.7116177508887938,2.725924074956374,3.6736885902497844
2023-12-28,3.7197576030730852,2.72695391428637,3.6817452609801142
2023-12-29,3.7040006915104824,2.719059077367285,3.665577873645814
2024-01-02,3.71362694262922,2.7038428918304556,3.6751042684944655
2024-01-03,3.660921215164846,2.681760991171473,3.622945274882336
2024-01-04,3.652993998869208,2.673123328147961,3.6151002902095493
2024-01-05,3.668455215131294,2.676784181840099,3.630401122188294
2024-01-08,3.7067932738742195,2.7149978402254775,3.668341487633877
2024-01-09,3.6876621323024783,2.71087902105529,3.6494087996881945
2024-01-10,3.6934373053061247,2.7262100118823476,3.655124064922124
2024-01-11,3.6759952494061965,2.7250085027668076,3.637862941206837
2024-01-12,3.664301891905081,2.7268965116412565,3.626290882750434
2024-01-16,3.64023567128467,2.7168856697166603,3.6024743089547946
2024-01-17,3.612718624389519,2.701783213170463,3.575242705440756
2024-01-18,3.6331606654448954,2.7258094490494122,3.5954726944784174
2024-01-19,3.6605909924738373,2.7597900211241733,3.622618477699952
2024-01-22,3.679791933268217,2.765625179383266,3.6416202408179705
2024-01-23,3.684436466910736,2.773690968554831,3.6462165951848706
2024-01-24,3.670491332877814,2.776723263282972,3.6324161186155037
2024-01-25,3.7112987396040484,2.791825540445904,3.6728002166853004
2024-01-26,3.721141661703668,2.7882787745109296,3.68254103491546
2024-01-29,3.740344317581714,2.8103603164033797,3.7015444953260173
2024-01-30,3.7419916695048467,2.8081863706029573,3.7031747587256394
2024-01-31,3.6925648014739574,2.7623643503742654,3.6542606118592786
2024-02-01,3.7382000039287897,2.798518688866183,3.699422425344136
2024-02-02,3.735674985957642,2.8279796995545556,3.696923600215185
2024-02-05,3.7053514225076043,2.81768274132072,3.6669145930658864
2024-02-06,3.7257209542598004,2.825862797632715,3.687072824963224
2024-02-07,3.7438779312455877,2.849431964949945,3.7050414536527234
2024-02-08,3.7479549200782296,2.850690697327333,3.7090761505387935
2024-02-09,3.7520842740549742,2.8671654358582845,3.7131626693680944
2024-02-12,3.779830787519588,2.8659070622474285,3.740621359119373
2024-02-13,3.715264158464543,2.826434671484662,3.676724500951252
2024-02-14,3.7556157485711967,2.8521207407237323,3.7166575107372335
2024-02-15,3.7992422812795184,2.871799443768369,3.7598314910677537
2024-02-16,3.788411438671962,2.8574982922713077,3.7491130003541344
2024-02-20,3.780235262817404,2.8417662004615174,3.7410216386618433
2024-02-21,3.790109987180367,2.844340350328343,3.750793929260004
2024-02-22,3.8242375086630824,2.9032056865930382,3.7845674347337304
2024-02-23,3.834938616303615,2.905207603841385,3.7951575362638272
2024-02-26,3.8089209237968182,2.8945673060364623,3.769409733841752
2024-02-27,3.827284745055619,2.8999443194342396,3.7875830611405648
2024-02-28,3.8322661993413876,2.8961119753398235,3.792512841162028
2024-02-29,3.851269025106282,2.906523559480621,3.8113185443629454
2024-03-01,3.8632729741416316,2.933810983135103,3.823197972485408
2024-03-04,3.868784597062728,2.9306640625,3.828652421528507
2024-03-05,3.8509504129211427,2.901374721597171,3.8110032372468328
2024-03-06,3.8722654658192663,2.9160773328434972,3.8320971820881584
2024-03-07,3.8947113161941838,2.945023154791973,3.854310194271993
2024-03-08,3.896411034472223,2.9273465483789494,3.8559922808130924
2024-03-11,3.906225074670364,2.9248292630074393,3.8657045167432407
2024-03-12,3.909254807678077,2.9562929084772227,3.868702821333622
2024-03-13,3.917159467628272,2.9516590799504043,3.8765254836453575
2024-03-14,3.8815732697005627,2.9458237423080456,3.841308433057336
2024-03-15,3.8806390277812346,2.925596305852774,3.840383882336823
2024-03-18,3.8881687106051475,2.94298356705777,3.847835457283383
2024-03-19,3.916198687192225,2.9593379394172485,3.875574669700891
2024-03-20,3.958985419844004,2.9867100319732733,3.9179175614971666
2024-03-21,3.985817568141665,2.996579878650808,3.944471371092214
2024-03-22,3.958415317435706,2.990899528150257,3.9173533729487238
2024-03-25,3.9517380076496806,2.982635879236315,3.91074532909408
2024-03-26,3.9489332398893082,2.977126839754776,3.9079696561125132
2024-03-27,4.014804907914885,3.0021459620109296,3.97315801565254
2024-03-28,4.034403797890809,3.0015724737095884,3.991794777345926
2024-04-01,4.008626400561593,2.9963500886870866,3.9662896258570903
2024-04-02,3.969964169863845,2.9772994064566496,3.9280357230969125
2024-04-03,3.9749818483205046,2.9805697427787474,3.9330004077594047
2024-04-04,3.93667881394002,2.9441890226051615,3.8951019076944253
2024-04-05,3.956861075323788,2.974946436156778,3.915071015801272
2024-04-08,3.971213707513047,2.976610215948751,3.929272063858039
2024-04-09,3.99029067434394,2.980053298355988,3.9481475508886072
2024-04-10,3.9176474711653437,2.950213788976396,3.876271562865395
2024-04-11,3.909752127379737,2.972479198716477,3.8684596050972577
2024-04-12,3.8419745124253044,2.9314494024384645,3.8013978177923997
2024-04-15,3.808875865970399,2.8947237282443976,3.768648739942288
2024-04-16,3.7903611467162874,2.889444837493112,3.7503295623574293
2024-04-17,3.7851840723416363,2.872344230747153,3.74520716522369
2024-04-18,3.7879626404645332,2.866433731516348,3.747956387730193
2024-04-19,3.8007405450538703,2.8414146092601946,3.7605993395417614
2024-04-22,3.830627036010327,2.867581425652094,3.7901701868068605
2024-04-23,3.860113676630409,2.9016098930588723,3.8193454067217
2024-04-24,3.8658616491695605,2.900232767725937,3.8250326725264037
2024-04-25,3.8572241503230744,2.8892150475293903,3.8164863979064068
2024-04-26,3.862354460946732,2.916586960702149,3.8215625251806244
2024-04-29,3.891434055893579,2.926916028540595,3.850334998401288
2024-04-30,3.8356797130535876,2.880550118249449,3.7951695004212933
2024-05-01,3.8240758256956258,2.871196536611407,3.783688166555646
2024-05-02,3.8420949475404624,2.898052184744673,3.8015169809420937
2024-05-03,3.8706190248192227,2.9339742219071456,3.8297398035483705
2024-05-06,3.8983579041921397,2.9642731318309146,3.8571857210512572
2024-05-07,3.9079134531465085,2.9675441856860765,3.8666403498691917
2024-05-08,3.907187180542203,2.967830481378582,3.865921747732661
2024-05-09,3.941615298103076,2.9849312675078066,3.899986255590103
2024-05-10,3.946211117273876,2.9887761684308414,3.9045335363985365
2024-05-13,3.947795222517815,2.9891769106470427,3.906100911246545
2024-05-14,3.9672120675727833,3.00289219639741,3.9253126869055603
2024-05-15,3.9965163565229105,3.040077091752388,3.9543074810424548
2024-05-16,3.9868511173147008,3.033822356034166,3.9447443204551833
2024-05-17,3.9956287129043297,3.03818280446363,3.9534292121982086
2024-05-20,3.992061825633758,3.041683289515981,3.9498999963112196
2024-05-21,3.9910909493178726,3.0491434807815945,3.9489393738248872
2024-05-22,3.9756161077684693,3.0403637462114252,3.9336279685289024
2024-05-23,3.9155590242659595,3.0181568154160545,3.874205172924436
2024-05-24,3.9486879230971272,3.038126478118112,3.906984183642853
2024-05-28,3.9206008102987013,3.0402489409211975,3.87919371055285
2024-05-29,3.87538441679334,3.018959734914585,3.834454866231049
2024-05-30,3.9025312573722832,2.9989328489506795,3.8613149977084986
2024-05-31,3.956070096562026,3.026247000711793,3.91428839089599
2024-06-03,3.9377130331462933,3.028714955685158,3.896125204080471
2024-06-04,3.916928073055426,3.0321009942138133,3.8755597626188503
2024-06-05,3.9421330059340933,3.0681376572832475,3.900498495692872
2024-06-06,3.9362174331879896,3.068080254638134,3.8946453997768775
2024-06-07,3.9192165590045906,3.064350517771859,3.877824078913783
2024-06-10,3.9229987084669697,3.0738187253168627,3.8815662835188247
2024-06-11,3.9116685153612822,3.081221513937362,3.8703557533063444
2024-06-12,3.932049197484664,3.1065274700358194,3.8905211865486464
2024-06-13,3.9227379816672174,3.112782205754041,3.8813083103635067
2024-06-14,3.896479884764263,3.1146761342762677,3.8553275361695496
2024-06-17,3.9252968762553895,3.1394654665686996,3.8838401793990727
2024-06-18,3.93639104343172,3.147442281640338,3.894817176450441
2024-06-20,3.9320977374756536,3.1388910813510287,3.890569213888554
2024-06-21,3.940253434316962,3.1346834674641806,3.8986387750152263
2024-06-24,3.964054394514366,3.1244941391899337,3.92218836334882
2024-06-25,3.9337406293055235,3.1365264511388684,3.8921947544528495
2024-06-26,3.921182487294097,3.1404405940025715,3.8797692442149856
2024-06-27,3.9178819968465914,3.1453908546105804,3.8765036116231433
2024-06-28,3.9193966520032544,3.1330137680244308,3.8773259979997206
2024-07-01,3.881135690399972,3.1394618789033797,3.839475728097322
2024-07-02,3.8937064225529983,3.1605892812040777,3.8519115264914214
2024-07-03,3.8915952846697492,3.174694187408156,3.849823049481601
2024-07-05,3.8892226580957066,3.1930006084680382,3.847475890590605
2024-07-08,3.8971027179948616,3.19668585828435,3.8552713662276967
2024-07-09,3.8870707039590613,3.1997938527507346,3.845347035447491
2024-07-10,3.922609275763227,3.2314571517955546,3.880504137578924
2024-07-11,3.981606873009787,3.2035931903242103,3.938868456869416
2024-07-12,4.021972376799579,3.2238007152369583,3.978800678882853
2024-07-15,4.034339477481941,3.232665836241734,3.991035031578717
2024-07-16,4.116595424979591,3.2518365258771125,4.072408046876808
2024-07-17,4.11363026334851,3.206241963629684,4.069474713177451
2024-07-18,4.072770856781835,3.18160223698108,4.029053889920681
2024-07-19,4.03849377963671,3.1604737583807863,3.9951447416127857
2024-07-22,4.067713204337959,3.193058728646216,4.024050526125013
2024-07-23,4.050892733529981,3.1880499890934972,4.007410605608413
2024-07-24,4.004738740744489,3.115800867353968,3.961752028019126
2024-07-25,4.016162839965823,3.0995663230161647,3.9730535013956376
2024-07-26,4.079144270105137,3.1342805726487875,4.035358891268735
2024-07-29,4.0879129732033395,3.1361224800238796,4.044033471442708
2024-07-30,4.117221948887069,3.1202334278563555,4.0730278457005875
2024-07-31,4.128845813387294,3.170951893713262,4.084526940083115
2024-08-01,4.081650178875567,3.1260479570398605,4.037837901710107
2024-08-02,4.012916637812518,3.0678463388592947,3.9698421438522935
2024-08-05,3.917159901710722,2.978499301122796,3.8751132568994184
2024-08-06,3.9590818693870276,3.0059594708624173,3.9165852357754454
2024-08-07,3.9278431874015296,2.985867827539493,3.885681868609554
2024-08-08,3.9970545362455487,3.054893073222814,3.9541503054778633
2024-08-09,4.006510275738454,3.0683636801983836,3.963504547424109
2024-08-12,3.9839939220133647,3.0699763357595518,3.9412298833801365
2024-08-13,4.022238372492904,3.120464114736407,3.9790638193885637
2024-08-14,4.031055674656068,3.1303079508403746,3.9877864769669933
2024-08-15,4.085025498550876,3.1839622032283246,4.041176990832907
2024-08-16,4.097296055096064,3.1911005809147683,4.053315835692682
2024-08-19,4.130568352329799,3.221612239391991,4.086230989358383
2024-08-20,4.110088611127618,3.216373889258817,4.065971076916266
2024-08-21,4.142284499825579,3.227426409808964,4.097821376174317
2024-08-22,4.134075988938062,3.2020967751193976,4.089700975129232
2024-08-23,4.194417082214244,3.2361196816449302,4.149394369414262
2024-08-26,4.193374731333407,3.22840584244122,4.1483632070879795
2024-08-27,4.200768187887274,3.232838044177076,4.15567730256151
2024-08-28,4.196785819082995,3.214070966890154,4.151737680351916
2024-08-29,4.212632313829619,3.2143590564153195,4.167414079429014
2024-08-30,4.243864711533685,3.245042922827884,4.198311229768709
2024-09-03,4.194974973449692,3.1782635556346435,4.149946272266492
2024-09-04,4.195000678107674,3.1717576833440484,4.1499717010116575
2024-09-05,4.16012914631672,3.164043844140338,4.115474478911409
2024-09-06,4.115217504897155,3.110792486567781,4.0710449173359216
2024-09-09,4.1485217837654265,3.1456215414906317,4.10399170934652
2024-09-10,4.140666303100473,3.1593228353462526,4.096220549111068
2024-09-11,4.137632543861265,3.191733803843681,4.093219354127693
2024-09-12,4.15536644534685,3.218619050215834,4.110762900591885
2024-09-13,4.195200690060814,3.2354286973043718,4.150169566044129
2024-09-16,4.226424474317412,3.240207108743571,4.181058195392772
2024-09-17,4.2428945619011165,3.2415316747795737,4.19735149368525
2024-09-18,4.239086506789337,3.231917808022594,4.193584314091635
2024-09-19,4.276707585434966,3.2870684756153565,4.23080156951561
2024-09-20,4.247301248247677,3.2813866900486772,4.201710878828832
2024-09-23,4.272517124602141,3.2895862991366642,4.2266560889293565
2024-09-24,4.282650107580062,3.2989988978692137,4.236680304854913
2024-09-25,4.246672693123173,3.2917223950679646,4.201089070591035
2024-09-26,4.29015772336949,3.304773245201139,4.244107334183127
2024-09-27,4.3093094142821435,3.2999801243341293,4.263053451576818
2024-09-30,4.3172261719064515,3.313204258702241,4.270123927637346
2024-10-01,4.28696723250015,3.283522785979978,4.240195122418714
2024-10-02,4.281620314737459,3.284909059859478,4.234906541147215
2024-10-03,4.2564840411180835,3.278902949347906,4.210044511881246
2024-10-04,4.295470395148031,3.3086999448934606,4.248605512988374
2024-10-07,4.266163688554088,3.278787426524614,4.219618551433899
2024-10-08,4.264821791487253,3.309796694181668,4.218291294870226
2024-10-09,4.294342327376224,3.3327222343405585,4.247489752777405
2024-10-10,4.277276763279953,3.3268897668304556,4.230610379150808
2024-10-11,4.321479693911466,3.346811713583762,4.274331042429834
2024-10-14,4.346632003690979,3.374183447373255,4.299208932896578
2024-10-15,4.338859633824299,3.347966941816679,4.291521361937678
2024-10-16,4.369150031482161,3.3625181535865174,4.321481282188826
2024-10-17,4.359671683774519,3.3628076781778105,4.312106346123571
2024-10-18,4.371451391793654,3.375741929188097,4.3237575339627465
2024-10-21,4.33549102639493,3.3701986275027553,4.288189507034972
2024-10-22,4.310960027180981,3.368408741274798,4.263926148447461
2024-10-23,4.295328859669531,3.337630160497796,4.248465521704787
2024-10-24,4.297351340077693,3.344848901887399,4.250465936239534
2024-10-25,4.2817304460381616,3.343692956121418,4.2350154708820895
2024-10-28,4.311989369654752,3.3540297374403014,4.264944260483282
2024-10-29,4.295554256834903,3.359458233835415,4.2486884597188626
2024-10-30,4.260575089276882,3.3492947367514696,4.214090925466358
2024-10-31,4.210874163545082,3.2836386675698015,4.164932251877717
2024-11-01,4.204553110767602,3.297497101166422,4.158680163699289
2024-11-04,4.209386641395362,3.2903942413666423,4.1634609590448886
2024-11-05,4.258644691464917,3.330181449761205,4.212181588878812
2024-11-06,4.353667659664074,3.4129879942367745,4.306167827733463
2024-11-07,4.3467927485939555,3.439377784028288,4.299367924024011
2024-11-08,4.362887675840068,3.4542762818010653,4.315287250742274
2024-11-11,4.3841994016259385,3.457567605965283,4.336366459149204
2024-11-12,4.36032453529797,3.4468272122979426,4.312752074839296
2024-11-13,4.360827204746943,3.4485015757026085,4.313249260012434
2024-11-14,4.331232617133891,3.4263272926616457,4.283977558307896
2024-11-15,4.308249566556031,3.3824408178728875,4.261245259768328
2024-11-18,4.328368464274458,3.39629961023604,4.281144654223084
2024-11-19,4.317144071424458,3.4087150848411096,4.270042722896463
2024-11-20,4.327564528104616,3.4098695955409624,4.280349489240186
2024-11-21,4.393270293754432,3.428175657834313,4.3453383850990095
2024-11-22,4.434399585479171,3.4388005286783616,4.3860189438020605
2024-11-25,4.4935269337156605,3.4504651049320354,4.444501194772687
2024-11-26,4.480393776814469,3.4684816426340928,4.431511324588414
2024-11-27,4.488746337716857,3.4579715770802717,4.439772756523212
2024-11-29,4.494939570812117,3.4794527231814842,4.445898419570841
2024-12-02,4.50540796373621,3.485689520573108,4.456252599159571
2024-12-03,4.4763512266962655,3.4873064813326597,4.427512879915594
2024-12-04,4.472217092857523,3.508960552902278,4.423423850728347
2024-12-05,4.4521208507003,3.5031865643368847,4.4035468646557705
2024-12-06,4.448880619749699,3.5098269740769656,4.400341985605591
2024-12-09,4.440432406061683,3.491752674963262,4.391985944486011
2024-12-10,4.407411008370149,3.4808967584726305,4.3593248202381725
2024-12-11,4.4057121853937895,3.5078060422024246,4.3576445319346835
2024-12-12,4.38910979315844,3.4897321018552536,4.341223276823817
2024-12-13,4.367027821829448,3.4890389649155034,4.319382226485774
2024-12-16,4.341195879524589,3.5039374626882807,4.293832118490245
2024-12-17,4.314284443672674,3.48950105620867,4.267214294548999
2024-12-18,4.18966632717036,3.385501096390522,4.143955799417006
2024-12-19,4.172365920216271,3.3844617497474285,4.126844145139258
2024-12-20,4.23158681879338,3.425112509184423,4.185418925787969
2024-12-23,4.235361786428103,3.445623191816679,4.1891527073831965
2024-12-24,4.269744270939919,3.483921160337068,4.223160068582132
2024-12-26,4.274497330545303,3.4841532822832475,4.227861270868572
2024-12-27,4.242731106889861,3.4474772972538577,4.196441626328179
2024-12-30,4.202549245281778,3.408136035658523,4.156698160992444
2024-12-31,4.210528805651167,3.3957370643139235,4.163829851280285
2025-01-02,4.195808055151647,3.3873935898466203,4.149272368552491
2025-01-03,4.237762569027398,3.4297477727773695,4.190761565120229
2025-01-06,4.242411328025643,3.4495050456925056,4.195358764755184
2025-01-07,4.223753843265021,3.4105117876331743,4.1769082100667045
2025-01-08,4.213866380384479,3.4154943372290596,4.167130408988567
2025-01-10,4.149687106738087,3.363348698108009,4.103662947351999
2025-01-13,4.189434484494575,3.3685637284166052,4.142969487136372
2025-01-14,4.223302867951831,3.3731982744764877,4.176462236518509
2025-01-15,4.260560894980303,3.4345563206052536,4.213307034951602
2025-01-16,4.292243019083577,3.427951428751837,4.24463777277155
2025-01-17,4.311107589335512,3.462367902162932,4.2632931161671666
2025-01-21,4.361649986743568,3.4940606200633724,4.313274948093001
2025-01-22,4.332525527016608,3.5137023701552166,4.284473507606298
2025-01-23,4.34866558321688,3.5328805938877665,4.300434554522261
2025-01-24,4.349241662357126,3.5225671323934606,4.301004244371584
2025-01-27,4.365627998088798,3.472739125068883,4.317208839333873
2025-01-28,4.331666536646297,3.5025777375321456,4.283624044293979
2025-01-29,4.315986167115329,3.4868763202608375,4.26811758566471
2025-01-30,4.35648976266314,3.5055906588675607,4.308171956032586
2025-01-31,4.325540325336424,3.4869340816724836,4.277565778763749
2025-02-03,4.289170216786775,3.4634685978829904,4.241599050909974
2025-02-04,4.3054034056254356,3.4867026772593683,4.257652197530697
2025-02-05,4.317685594079576,3.5008395136847907,4.269798164292818
2025-02-06,4.31578683198122,3.5130074393828066,4.267920461355601
2025-02-07,4.302589505815642,3.4808511951230714,4.254869506669917
2025-02-10,4.326932781900867,3.5044896043809697,4.27894279159925
2025-02-11,4.318591893688341,3.507154880946914,4.270694412137058
2025-02-12,4.297849054824223,3.495856964088905,4.250181631997234
2025-02-13,4.3474812429278185,3.5327647122979426,4.299263349745549
2025-02-14,4.364725677117011,3.532590710529941,4.316316525999568
2025-02-18,4.424490542897786,3.5429615746693606,4.375418539946545
2025-02-19,4.4407042034608555,3.5513050491366642,4.391452374879686
2025-02-20,4.434054488249009,3.5365303258174134,4.384876411626698
2025-02-21,4.373153828041172,3.4760412122290596,4.324651200343087
2025-02-24,4.386437829285,3.46022427213446,4.337787868794155
2025-02-25,4.379870014247301,3.4430156766623807,4.331292897360884
2025-02-26,4.377513907258969,3.4447539005097356,4.328962921943625
2025-02-27,4.321130291795436,3.389768983054739,4.273204656883173
2025-02-28,4.362953076539032,3.4426680318929095,4.3145635853259225
2025-03-03,4.296161318774304,3.382352920072557,4.248512614619583
2025-03-04,4.235627733780776,3.3423163689382807,4.1886504073208775
2025-03-05,4.277508003146775,3.378239303017083,4.2300661828243635
2025-03-06,4.242749047589237,3.3182714771996693,4.195692738672747
2025-03-07,4.289556190318052,3.3368702929831007,4.241980743610704
2025-03-10,4.250146005129956,3.247990548654482,4.203007656593599
2025-03-11,4.204802148664706,3.2209904969921013,4.158166708618424
2025-03-12,4.179829258977996,3.238082493341293,4.133470793128974
2025-03-13,4.139992865746065,3.19491749804831,4.09407622513936
2025-03-14,4.23008603736785,3.260910807770022,4.183170173835735
2025-03-17,4.289307832604325,3.286056753995224,4.2417351404311665
2025-03-18,4.260149647343952,3.2505399436306024,4.212900348460771
2025-03-19,4.292018879956386,3.2859408724054004,4.244416119570316
2025-03-20,4.2726401991819944,3.2764385820398605,4.225252367649527
2025-03-21,4.256114383035653,3.2775191868341293,4.208909839249162
2025-03-24,4.310852044873718,3.3362151852957385,4.263040405947747
2025-03-25,4.296139370095825,3.3442350523512125,4.248490909373793
2025-03-26,4.295673871295672,3.3043107951414403,4.248030573418552
2025-03-27,4.286049645023929,3.2955350070031226,4.238513089393273
2025-03-28,4.228494075332707,3.2291689388547025,4.1815958682437335
2025-03-31,4.265379919192979,3.250845253949302,4.217282057836389
2025-04-01,4.265921702034328,3.2600271658018003,4.217817731351845
2025-04-02,4.307906342107255,3.280658035222263,4.259328938474932
2025-04-03,4.093395471519561,3.1189845615585967,4.047236964751872
2025-04-04,3.8714117552089897,2.9363899763501102,3.8277564116325755
2025-04-07,3.829519764078727,2.931159698463905,3.786336808711454
2025-04-08,3.7437958853992965,2.8852497804348824,3.701579581376051
2025-04-09,4.04699304085083,3.1882566386159072,4.001357783528491
2025-04-10,3.9043217703891213,3.0485500809377295,3.86029532239121
2025-04-11,3.968623816413071,3.1029451862141806,3.9238722768750867
2025-04-14,4.022112887358061,3.133048209611499,3.9767581870308506
2025-04-15,4.000871958561989,3.1242731390062453,3.955756778105853
2025-04-16,3.9443040869511012,3.054826342647869,3.8998267848780244
2025-04-17,3.9815298013221123,3.059184997244673,3.9366327295491135
2025-04-21,3.9083071586674785,2.986367948085048,3.864235770088308
2025-04-22,4.01183749074287,3.064066374678545,3.9665986592505944
2025-04-23,4.044248689672122,3.111545896284901,3.9986443785784913
2025-04-24,4.1132887802343685,3.177040520527186,4.06690594981378
2025-04-25,4.103483910830027,3.1999958383082294,4.057211643420977
2025-04-28,4.1143144288220785,3.2012160032834314,4.06792003284238
2025-04-29,4.135366213045457,3.221381911278472,4.088734430052627
2025-04-30,4.136115587981279,3.2226598376653195,4.089475354784142
2025-05-01,4.121679442343586,3.2454985563234753,4.075201995989489
2025-05-02,4.193974586528497,3.2936751613014326,4.146681915765876
2025-05-05,4.1431425926064644,3.2747886147593683,4.096423120537149
2025-05-06,4.11608067371484,3.247416880969875,4.069666360962523
2025-05-07,4.1433469313989635,3.2610736877755326,4.096625155136566
2025-05-08,4.189986638932254,3.283796166077333,4.1427389376106225
2025-05-09,4.191854338449175,3.2796118720150624,4.144585576318397
2025-05-12,4.315684579483744,3.387994882554188,4.267019465825582
2025-05-13,4.32323141278753,3.4103686397869213,4.27448119849383
2025-05-14,4.285298458820892,3.414727294383725,4.2369759892991254
2025-05-15,4.321197757374328,3.431405991688097,4.272470475264387
2025-05-16,4.367981755490059,3.453140785727406,4.318726921251655
2025-05-19,4.3597662342276715,3.4569178797759,4.310604040975565
2025-05-20,4.346545248271076,3.4452949204399337,4.297532139311947
2025-05-21,4.247774210128906,3.3872393202378768,4.199874876680662
2025-05-22,4.230613679834834,3.3885760843359662,4.1829078543091045
2025-05-23,4.212540248269963,3.3654460472538577,4.165038224849111
2025-05-27,4.292467159237624,3.435415925215834,4.244063853034183
2025-05-28,4.247050171551568,3.4155409768782143,4.199159002606319
2025-05-29,4.264853770834899,3.4290234231493386,4.216761842504503
2025-05-30,4.256704607272587,3.425188208922667,4.208704571656701
2025-06-02,4.246202628624445,3.4444815967119764,4.198321016858851
2025-06-03,4.2820722429131,3.4641244231034167,4.2337861532891115
2025-06-04,4.271536620064008,3.4631945002525715,4.22336933367366
2025-06-05,4.25882578327921,3.44645732400349,4.210801828567861
2025-06-06,4.296265406805325,3.481848924848457,4.2478192702823385
2025-06-09,4.308936118161671,3.484987055703527,4.26034710242754
2025-06-10,4.338064558601426,3.5047461224513228,4.289147080756918
2025-06-11,4.31664434701346,3.494750169337803,4.267968410693206
2025-06-12,4.319861944662996,3.508639815622704,4.271149725627347
2025-06-13,4.260626184157499,3.4694126417845332,4.212581927519132
2025-06-16,4.308748960197805,3.5024213153242103,4.260162054919942
2025-06-17,4.252399909760309,3.4724930112279573,4.204448415364212
2025-06-18,4.256602215431236,3.471969570857825,4.208603334420256
2025-06-20,4.264963088613173,3.4638155251193976,4.216869927578672
2025-06-23,4.298663334885182,3.4980292954399337,4.250190158517094
2025-06-24,4.343894531648608,3.5366731148971344,4.294911313063382
2025-06-25,4.307133343944443,3.5386545824531592,4.258564656899895
2025-06-26,4.340160044275317,3.566340236958119,4.291218937028191
2025-06-27,4.354690914310731,3.58405935720518,4.305585952076339
2025-06-30,4.368152339247802,3.601195481837803,4.318109826981577
2025-07-01,4.444351646561319,3.600029849375459,4.3934361783002585
2025-07-02,4.454181151542613,3.616349780147869,4.403153074314326
2025-07-03,4.473536833191448,3.6448516285130417,4.422287013024476
2025-07-07,4.422200150633625,3.6176901319112784,4.371538454773473
2025-07-08,4.4440861660435305,3.6157086643552536,4.393173739185567
2025-07-09,4.462885818954008,3.6373907197143645,4.411758019144666
2025-07-10,4.493123724519268,3.64764928992928,4.441649512624765
2025-07-11,4.451870260305398,3.6348262565439016,4.4008686571545015
2025-07-14,4.447834869950058,3.641762289906319,4.396879497117078
2025-07-15,4.373024116134497,3.6262000740494122,4.322925791722615
2025-07-16,4.391127432313428,3.638323153930933,4.340821712336652
2025-07-17,4.430799999375464,3.660588563671014,4.380039781759951
2025-07-18,4.430172290687234,3.6579071426111316,4.379419264240274
2025-07-21,4.411520394407986,3.664843534740081,4.360981048179992
2025-07-22,4.49694815797049,3.665368051409809,4.445430132526678
2025-07-23,4.5305954504129105,3.696551320834864,4.478691954199311
2025-07-24,4.513226568179181,3.6977747147088538,4.461522053693948
2025-07-25,4.535398121253218,3.71339540951047,4.483439604587998
2025-07-28,4.499051358655225,3.7124633340604336,4.44750923848259
2025-07-29,4.4878872515734365,3.702671160337068,4.436473029862713
2025-07-30,4.452367000232774,3.698008271721161,4.401359706320209
2025-07-31,4.407624744311523,3.684136204996326,4.357130027506364
2025-08-01,4.366311382307227,3.623751851235305,4.316289960447912
2025-08-04,4.399310078076098,3.678831841821271,4.3489106159128905
2025-08-05,4.401089838986815,3.6601806461241733,4.350669987491851
2025-08-06,4.3868712712636135,3.688216097997796,4.336614310802305
2025-08-07,4.382084773555283,3.6851267593910726,4.331882648262636
2025-08-08,4.394791621509052,3.7138621647685524,4.344443923776344
2025-08-11,4.380053078113117,3.7065178550927627,4.329874228369533
2025-08-12,4.443058283320143,3.7459775096436445,4.392157632112336
2025-08-13,4.528978012106492,3.758800184262491,4.477093045621249
2025-08-14,4.495550905360579,3.7591503403976856,4.444048887149446
2025-08-15,4.487556384366557,3.750349079835599,4.436145953143201
2025-08-18,4.483692065947869,3.749532885975386,4.432325905204763
2025-08-19,4.521805338031026,3.729191182379684,4.470002543274816
2025-08-20,4.512028507684603,3.7192827682999634,4.4603377184434345
2025-08-21,4.49794409450679,3.7043613094691406,4.4464146593953515
2025-08-22,4.600590702705181,3.7612480483100663,4.547885325513222
2025-08-25,4.570747644599127,3.744695278058413,4.518384156033146
2025-08-26,4.570595758103565,3.7603737342716754,4.518234009582624
2025-08-27,4.594278705991448,3.7689421553545186,4.541645640419696
2025-08-28,4.584964022723861,3.7822893466430934,4.532437668208745
2025-08-29,4.593706016378155,3.7597329772455916,4.541079511664352
2025-09-02,4.556146235620179,3.7318722446730344,4.503950024001336
2025-09-03,4.549915571633252,3.7520973491458487,4.497790739869043
2025-09-04,4.583705574391674,3.783454979105437,4.531193636936958
2025-09-05,4.597076220609786,3.77249753168626,4.544411106096348
2025-09-08,4.584921227400578,3.781764829973365,4.532395363158082
2025-09-09,4.551382426192386,3.790507970357274,4.499240789820284
2025-09-10,4.535107778808197,3.801465776542983,4.483152588369772
2025-09-11,4.61094770770146,3.8330569635148786,4.558123678386285
2025-09-12,4.566431146919725,3.8317740143965833,4.514117109098883
2025-09-15,4.552267768122581,3.852174196936995,4.500115989078943
2025-09-16,4.54711214016413,3.846870551295004,4.495019425126349
2025-09-17,4.5420773938939245,3.8420907047896766,4.49004235801484
2025-09-18,4.569701926348486,3.860043382049045,4.517350417760386
2025-09-19,4.553721710758869,3.879161333004225,4.5015532750291625
2025-09-22,4.553190715366162,3.8975140349467305,4.501028362836256
2025-09-23,4.5556900170399075,3.8762976585461058,4.503499031961287
2025-09-24,4.554853665996136,3.863964700243387,4.5026722623387005
2025-09-25,4.507994979222534,3.8461383088032695,4.45635039896903
2025-09-26,4.5599541468203695,3.868173390429831,4.507714310934751
2025-09-29,4.565819413849354,3.8790443751148054,4.51351238417688
2025-09-30,4.579781308471633,3.893656218428545,4.526468324367651
2025-10-01,4.589001004256065,3.906923763547024,4.535580694176956
2025-10-02,4.6029361910518585,3.911423772157421,4.549353662224282
2025-10-03,4.621861188390221,3.911366010745775,4.5680583547021465
2025-10-06,4.608521294354416,3.9253930646124173,4.554873749644304
2025-10-07,4.583911269992762,3.910839700243387,4.530550209232257
2025-10-08,4.586052103283701,3.934160242353968,4.53266612119977
2025-10-09,4.542927690856782,3.9227629471666052,4.4900437177028305
2025-10-10,4.442584288237463,3.8167391853416603,4.390868407153517
2025-10-13,4.487239541614981,3.87530351648604,4.435003831165152
2025-10-14,4.5324564292135445,3.8705692333302717,4.479694351444536
2025-10-15,4.538027180359273,3.8877527151451137,4.485200253780402
2025-10-16,4.4992108320566935,3.8612761038528656,4.446835764468601
2025-10-17,4.518450874824327,3.8831942275900073,4.465851834949098
2025-10-20,4.5595039263491595,3.92358129362601,4.506426990143096
2025-10-21,4.582756538780693,3.9235228146813004,4.529408920183168
2025-10-22,4.561220923497432,3.903124784740081,4.508123999821332
2025-10-23,4.576255280530258,3.926269890016532,4.522983342724985
2025-10-24,4.581326704860963,3.9583576098686626,4.52799573088201
2025-10-27,4.592940531629744,4.005057173034533,4.539474361727624
2025-10-28,4.5399504736667415,4.0156946007072,4.487101158135512
2025-10-29,4.473812903113036,4.017623688349559,4.42173349142876
2025-10-30,4.466580968290756,3.973437284740081,4.414585743164802
2025-10-31,4.477819656081234,3.986470555313189,4.42569360200447
2025-11-03,4.4623556414914,3.99395227257072,4.410409603163966
2025-11-04,4.455456714831892,3.9466097997795737,4.403590986532942
2025-11-05,4.480974411784169,3.9602863387444893,4.428811633368554
2025-11-06,4.4466324762695075,3.9177951069985304,4.394869470449759
2025-11-07,4.501760423178537,3.921652205983652,4.449355675939429
2025-11-10,4.519073705711863,3.9828470133403746,4.466467415496285
2025-11-11,4.553437043497901,3.991964705983652,4.5004307315437835
2025-11-12,4.565483877484589,3.994186188349559,4.5123373289939295
2025-11-13,4.535421944597006,3.9279065829353415,4.482625345425369
2025-11-14,4.510383416179682,3.9272633145435343,4.457878289149962
2025-11-17,4.438604912447406,3.8906752273144747,4.386935355059715
2025-11-18,4.4476837514525505,3.858003076781778,4.395908507795805
2025-11-19,4.425629265414942,3.872907314819067,4.374110756825739
2025-11-20,4.386973156088238,3.8138755108835416,4.335904641156644
2025-11-21,4.4865552228001455,3.8518663752525715,4.434327478468268
2025-11-24,4.510994998227283,3.908560097699302,4.458482751804344
2025-11-25,4.578708778580035,3.9453239805290226,4.525408279737952
2025-11-26,4.6066398747492325,3.9725604593359662,4.553014231541996
2025-11-28,4.625544203581703,3.994244308527737,4.571698496114919
2025-12-01,4.6007326976146325,3.976008564474651,4.547175819533822
2025-12-02,4.589528191309168,3.9833733238427627,4.536101744274368
2025-12-03,4.618600514925289,3.997166820697098,4.564835638558952
2025-12-04,4.612602083487182,4.000088974099927,4.558907034533634
2025-12-05,4.629736022522273,4.007687290480345,4.575841518320123
2025-12-08,4.596038211956342,3.9956470856677075,4.542535982126709
2025-12-09,4.579659160899639,3.992198621762491,4.526347598708872
2025-12-10,4.652899611733084,4.018675591821271,4.598735461453925
2025-12-11,4.702160694142993,4.028026841476855,4.647423098293712
2025-12-12,4.685285250025478,3.9847176220380236,4.630744100299582
2025-12-15,4.692883102100702,3.9786971608651727,4.638253506193725
2025-12-16,4.64758598978433,3.9678261761801985,4.593483695088092
2025-12-17,4.6581148202688,3.924165724306576,4.603889960031887
2025-12-18,4.657650058730406,3.953798404780492,4.603430608757182
2025-12-19,4.65591597961558,3.989633441058964,4.601716715962629
2025-12-22,4.692764668643972,4.014488427626745,4.6381364514144
2025-12-23,4.670951482481415,4.032836465604335,4.6165771913607125
2025-12-24,4.688642455262405,4.047022453044637,4.634062224493686
2025-12-26,4.688956577465749,4.046612024132072,4.634372690017615
2025-12-29,4.6843897099967275,4.032191403379867,4.629858985203399
2025-12-30,4.683142439593286,4.027267691495224,4.627838575919617
