,inverse_return,spy_return
2015-01-02,0.0,0.0
2015-01-05,-0.016133328137265646,-0.01805958968589272
2015-01-06,-0.009276145893862164,-0.009419015049379142
2015-01-07,0.010637163946396688,0.012460948021275842
2015-01-08,0.019618928275677572,0.017745208596957163
2015-01-09,-0.009245467801294871,-0.008013462409237837
2015-01-12,-0.006877476929599946,-0.007833186937874603
2015-01-13,-0.004941042661284811,-0.0028128539707183986
2015-01-14,0.0004022728136812148,-0.0060375649840378465
2015-01-15,-0.009106055631607601,-0.009160664009854269
2015-01-16,0.015813220659786298,0.013114385597968958
2015-01-20,-0.0019562745096830536,0.002132398800154478
2015-01-21,0.013821717399958855,0.005048142464124661
2015-01-22,0.01816232668675566,0.014870751249572267
2015-01-23,-0.0021996670000886676,-0.005482728261654635
2015-01-26,0.007727980192092865,0.0023422504733761063
2015-01-27,-0.007621956707047461,-0.013190737552015941
2015-01-28,-0.013740094937736314,-0.012824495302235173
2015-01-29,0.007912651270034488,0.009243886554904268
2015-01-30,-0.016365215668100452,-0.012575193053847133
2015-02-02,0.012876960693861683,0.01238411057318789
2015-02-03,0.01642052096884372,0.014461237727115162
2015-02-04,-0.0067192941915804605,-0.003807762160763728
2015-02-05,0.011191484432669707,0.01009511637921201
2015-02-06,-0.005913245250366406,-0.002765322083369659
2015-02-09,-0.005034711169708661,-0.0044758671858213805
2015-02-10,0.011718139594235177,0.010653261173457773
2015-02-11,-0.0008328883205744875,0.0005801745138567238
2015-02-12,0.013548342031927563,0.00961630157137705
2015-02-13,0.0009253848378554252,0.004116778976531732
2015-02-17,0.0015886747628726106,0.0015732432015111986
2015-02-18,-0.00018932938439342184,9.54108938544529e-05
2015-02-19,-0.0025362485222060194,-0.0007141981540805808
2015-02-20,0.005699700585722445,0.006000305539022532
2015-02-23,-0.00032479779922889307,-0.00014156579268043146
2015-02-24,0.001700709975683612,0.0028406149134814207
2015-02-25,0.0011707222791661476,-0.0008498053990000365
2015-02-26,-0.0021346744853555366,-0.0011811972413947602
2015-02-27,-0.0025927486914807396,-0.003406310382185973
2015-03-02,0.009891231632471298,0.006313303261154646
2015-03-03,-0.007470356269402956,-0.004103833524259137
2015-03-04,-0.005679336772442034,-0.004215698835167148
2015-03-05,0.003753740415129325,0.001094145218767828
2015-03-06,-0.013653583279795822,-0.014064237828024906
2015-03-09,0.003372089439769299,0.004144593984296119
2015-03-10,-0.011000925996084931,-0.016221931207720974
2015-03-11,-0.0002866410867612412,-0.0023419557406860747
2015-03-12,0.012067124703837973,0.01271421615744206
2015-03-13,-0.005919517716769351,-0.006132323198263512
2015-03-16,0.010460858806245588,0.013360371145988204
2015-03-17,-0.0026783057685552114,-0.002972278667180195
2015-03-18,0.00865172958394922,0.012021309472168173
2015-03-19,-0.001532199406382606,-0.004561338938273707
2015-03-20,0.009544166554567246,0.008826931234209301
2015-03-23,-0.002947508092169371,-0.0019487266845656936
2015-03-24,-0.004158542219970696,-0.00561895506146215
2015-03-25,-0.02034053724582019,-0.01465395782653145
2015-03-26,-0.003933960154514415,-0.0023810143613286483
2015-03-27,0.004670651923064595,0.0022897386679250342
2015-03-30,0.010581194542187866,0.012199644025851386
2015-03-31,-0.008476368905018128,-0.008739683394795472
2015-04-01,-0.003367260013788953,-0.003535937052642879
2015-04-02,0.003524011819963091,0.003597530971208629
2015-04-06,0.0077927423393044926,0.006732897677513172
2015-04-07,-0.0026976087702301754,-0.0026463565443594073
2015-04-08,0.004535774249638358,0.003376833882392516
2015-04-09,0.001543403008514188,0.004424024783005853
2015-04-10,0.005907443755168051,0.005456939309035347
2015-04-13,-0.0005567360010032552,-0.004523161948009391
2015-04-14,0.00010321076075658908,0.0019131288433980043
2015-04-15,0.003949893542820382,0.004486965969353607
2015-04-16,0.007618989037307067,-0.0002847017278674313
2015-04-17,-0.009735902328959378,-0.011503446560802932
2015-04-20,0.006236360722936762,0.009136800428846348
2015-04-21,-0.00028233024148283103,-0.0011916040168383768
2015-04-22,5.724376833171618e-05,0.00491422940363595
2015-04-23,0.0034727431471872627,0.0025163373818490875
2015-04-24,-0.0003519031884354762,0.0023201235360670314
2015-04-27,-0.002357634442098022,-0.004157680546055698
2015-04-28,-0.000529576271568688,0.003178623995143015
2015-04-29,-0.005335211597893408,-0.0041143552174232045
2015-04-30,-0.008509468277948073,-0.010020567474120723
2015-05-01,0.01184186355857375,0.010841444067502426
2015-05-04,0.005004045263156787,0.0028471901461992744
2015-05-05,-0.011925547137627168,-0.011451303726081163
2015-05-06,-0.0018943469481595976,-0.004117225365227184
2015-05-07,0.006331196026093444,0.003989290882472352
2015-05-08,0.008039942749243911,0.013166432005035977
2015-05-11,-0.0018955928449760906,-0.004772666024590033
2015-05-12,-0.0042585846887641665,-0.002991429058424644
2015-05-13,-0.0005989213741020016,0.0001905282226810634
2015-05-14,0.008580979824678536,0.010427795436299014
2015-05-15,0.004935638485396909,0.0010837868921256266
2015-05-18,0.003378688149684228,0.003106923071144463
2015-05-19,-0.0009133235219386249,-0.00032873627629348423
2015-05-20,-0.000883360871654526,-0.0007038423558448637
2015-05-21,0.0006712288687038548,0.00291222348008513
2015-05-22,-0.0025684643642169824,-0.0023886892873016263
2015-05-26,-0.010248607913990293,-0.010751758407409051
2015-05-27,0.010280099229543094,0.009492201892050245
2015-05-28,0.0008492696032325053,-0.001128550295819708
2015-05-29,-0.005714753241247483,-0.006212571728930638
2015-06-01,0.002439120312432541,0.0020363385522526034
2015-06-02,-0.0008307808252223658,-0.0009925606504150863
2015-06-03,-0.001046669536458933,0.0026494581490104085
2015-06-04,-0.006056452559676462,-0.008446116138619453
2015-06-05,0.0018512419950091896,-0.0017137908220182796
2015-06-08,-0.007062807621240785,-0.00614952768419863
2015-06-09,0.001695146850448248,-0.00014377030678602853
2015-06-10,0.009941397169131339,0.011993258895834913
2015-06-11,0.0018842199073454413,0.003223302946390172
2015-06-12,-0.007165245442984469,-0.007654801178773818
2015-06-15,-0.006118133436392781,-0.004285529986263081
2015-06-16,0.006687906086407347,0.005451812526563238
2015-06-17,0.002507832156070089,0.0016171917886858012
2015-06-18,0.010850355328060557,0.010399220234870388
2015-06-19,-0.0037005023884024713,-0.0044391408896402584
2015-06-22,0.005708989119492136,0.005122930058639064
2015-06-23,-0.001592454321025616,0.0007079083363379368
2015-06-24,-0.005759986809232176,-0.007262700363268482
2015-06-25,-0.003975681167604939,-0.0030402493528260965
2015-06-26,-0.001171074218343171,-0.0001905841678748743
2015-06-29,-0.02085275097604178,-0.020970603726696013
2015-06-30,0.004015604345147361,0.0020937518467287752
2015-07-01,0.00884097654271887,0.008015294727135913
2015-07-02,-0.0004680592404713302,-0.0009156369196980929
2015-07-06,-0.00442240976521191,-0.0028461125890157923
2015-07-07,0.0062583519663304,0.006288997715604205
2015-07-08,-0.014693101230849326,-0.016777238682950113
2015-07-09,0.004202181007543437,0.0018087771119097429
2015-07-10,0.010704206482790468,0.012591539540974583
2015-07-13,0.010547117799119654,0.011036829169472906
2015-07-14,0.00108397920326464,0.004338065203774111
2015-07-15,-0.0020477445841168285,-0.00033194271488401483
2015-07-16,0.007573156666937919,0.008024569317112373
2015-07-17,-0.00369070027401297,0.0008479867280015707
2015-07-20,-0.0008861646864992689,0.0005172786623366399
2015-07-21,-0.0028421179470148328,-0.003951301853323375
2015-07-22,0.004973711543730275,-0.0017946913756707872
2015-07-23,-0.004317507040170976,-0.005629440602030633
2015-07-24,-0.00858180113336382,-0.010372367335966914
2015-07-27,-0.00539785919086655,-0.005817274190519139
2015-07-28,0.010753433028197534,0.012283043092301105
2015-07-29,0.006202924640331231,0.0068789248359604205
2015-07-30,0.0007592631107964376,0.0002372233487710762
2015-07-31,-0.0007004861606582091,-0.0015178174047218995
2015-08-03,-0.0027507944571021348,-0.003372996137206319
2015-08-04,0.001418430550865546,-0.0019544227330836605
2015-08-05,0.005792544009343592,0.003295746662906218
2015-08-06,-0.005198256311179983,-0.008187795741247839
2015-08-07,0.008283854018704462,-0.0019195665769543568
2015-08-10,0.008652761687838462,0.012599190368697055
2015-08-11,-0.006127118115534569,-0.009023478712420263
2015-08-12,0.0011993922148234581,0.001198140887056276
2015-08-13,-0.0018241461181278673,-0.0012442398205848582
2015-08-14,0.0054743556408800575,0.003641835758876555
2015-08-17,0.0038706295502761723,0.005587019739234034
2015-08-18,-0.0034718698136919635,-0.002896615547100412
2015-08-19,-0.006303765464855116,-0.007905375436219497
2015-08-20,-0.01970519985374586,-0.02088114903496996
2015-08-21,-0.02613070795160488,-0.030102798754096605
2015-08-24,-0.038943544689545084,-0.04210672789514436
2015-08-25,-0.013349230199224071,-0.011767762399860549
2015-08-26,0.032620448095936894,0.038393495187470705
2015-08-27,0.026868209885360983,0.024735435778567627
2015-08-28,-0.0008039204752943174,5.001782228442053e-05
2015-08-31,-0.010238477618413233,-0.008078939931691509
2015-09-01,-0.028441964172789325,-0.029847919279380464
2015-09-02,0.016472749152893762,0.01898088508672746
2015-09-03,0.002727939480029029,0.0007166977497259364
2015-09-04,-0.015757599191064897,-0.015136771441939145
2015-09-08,0.024555673384932142,0.02513086514023377
2015-09-09,-0.01264343367598042,-0.0133716013106977
2015-09-10,0.0051466065490717305,0.005441634473343893
2015-09-11,0.006129980662547885,0.004544608476079848
2015-09-14,-0.004229133220427839,-0.0037104100527812767
2015-09-15,0.010114441201655167,0.01249887543927719
2015-09-16,0.006934383200299932,0.008666787530562159
2015-09-17,-0.0019463082884790817,-0.0022480484145660506
2015-09-18,-0.014302938717241531,-0.016341105228407815
2015-09-21,0.0036034856798323744,0.005167288563050043
2015-09-22,-0.015258202275218125,-0.012979422310189892
2015-09-23,-0.001592976296684978,-0.0015986572403017263
2015-09-24,-0.0008072246491804824,-0.0036156362455127544
2015-09-25,0.002866211085648329,-0.0002595532934366318
2015-09-28,-0.021906157516891955,-0.025097136460188407
2015-09-29,0.0038523038202382676,0.000585057758153873
2015-09-30,0.018012333603684372,0.018658096371606092
2015-10-01,0.0021210621907394867,0.0026095136179726808
2015-10-02,0.013012556392465902,0.014937861151749665
2015-10-05,0.024802167264578845,0.01779444672301378
2015-10-06,0.0009441943271319975,-0.0034259009494542747
2015-10-07,0.015481511166034911,0.008190251302798268
2015-10-08,0.025487095762683376,0.009026766015522325
2015-10-09,-0.0011854504704961188,0.0005963165920330749
2015-10-12,0.0013137946647903131,0.000943778136098139
2015-10-13,-0.004933751556740473,-0.006302202761077402
2015-10-14,-0.003418974263308172,-0.004793675348498061
2015-10-15,0.009165802912365129,0.01535425400598256
2015-10-16,-0.0024498589662412806,0.004546393215357547
2015-10-19,0.0025884161786016158,0.0004918201069461503
2015-10-20,0.00025483256745006955,-0.0012778357908679316
2015-10-21,-0.00832485231562119,-0.006203779007595611
2015-10-22,0.015293626063366261,0.01689358823499254
2015-10-23,0.005591924600083509,0.010961719051504337
2015-10-26,0.015473998116160015,-0.0024572499506633205
2015-10-27,-0.002714658257844227,-0.0019326198311586662
2015-10-28,0.009613482360423697,0.011374599964417698
2015-10-29,-0.002312536003168497,-0.0005744014088088223
2015-10-30,0.005454039318051107,-0.0043095734151051834
2015-11-02,0.014192400267678096,0.011830764494343837
2015-11-03,-0.004900087030608402,0.00289956551402204
2015-11-04,-0.00014656892996645077,-0.003033365993113213
2015-11-05,-6.671604199248726e-05,-0.0009982274836379812
2015-11-06,0.000639104128789425,-0.0005234199987920185
2015-11-09,-0.011081474983955841,-0.00933155984586409
2015-11-10,-0.000526526714351716,0.0023072121587881522
2015-11-11,0.0020087792279870342,-0.003932196837106328
2015-11-12,-0.01648502583455491,-0.013959468185925528
2015-11-13,-0.00635002186028466,-0.011228525897473918
2015-11-16,0.013277667187971742,0.015206597876323391
2015-11-17,-0.005295974428933259,-0.0007291662986684821
2015-11-18,0.02400935703576712,0.01586599004583955
2015-11-19,-0.004724767679389008,-0.0008623797784123033
2015-11-20,0.006548400519176489,0.00364398254803433
2015-11-23,0.003018593409705117,-0.00114621995987918
2015-11-24,0.002840259130523881,0.0013391530944626417
2015-11-25,0.0043947174698890645,-0.00014339103933525
2015-11-27,0.003150690236742637,0.0011467722759084253
2015-11-30,-0.004638461561065621,-0.004151659493901172
2015-12-01,-0.00010260159102948307,0.009535334324088263
2015-12-02,-0.016139792915240703,-0.010204764182861203
2015-12-03,-0.007885950544020859,-0.014002466131191382
2015-12-04,0.013251159791117129,0.019502602725884666
2015-12-07,-0.008450715461294167,-0.00605859037126566
2015-12-08,-0.008572197134727788,-0.006719254002339969
2015-12-09,-0.006201172640455832,-0.007780085263276115
2015-12-10,0.004709697908448884,0.0025813864595898295
2015-12-11,-0.01801888358400061,-0.01938112027832728
2015-12-14,0.002456159196588148,0.005052633093991066
2015-12-15,0.0036452414231518127,0.010497327962646352
2015-12-16,0.016549618643493025,0.01463211087444205
2015-12-17,-0.01253439626303765,-0.015238106545054642
2015-12-18,-0.01155398694351284,-0.017815071848993336
2015-12-21,0.009900110600032042,0.008248954597806613
2015-12-22,0.010453611230894388,0.00907439489189188
2015-12-23,0.01457401074659681,0.012383794364928313
2015-12-24,-0.00046702368069329037,-0.0016507084166151875
2015-12-28,-0.0009279292225712332,-0.0022853918887983937
2015-12-29,0.011522875671293065,0.010672202832114897
2015-12-30,-0.009413646268338516,-0.007087692073478258
2015-12-31,-0.0061640727649241445,-0.010003611791974953
2016-01-04,-0.014105700646454666,-0.013979318811493835
2016-01-05,0.003364948471370699,0.0016913184434805828
2016-01-06,-0.01971032744109158,-0.01261420523146417
2016-01-07,-0.02108919784714891,-0.023991497502777293
2016-01-08,-0.012334171601100619,-0.010976637757650454
2016-01-11,-0.003336782478215894,0.0009900270180960291
2016-01-12,0.00020721845870408373,0.008068375014612439
2016-01-13,-0.0222403485016488,-0.024941066844851978
2016-01-14,0.011349541404894081,0.016417627204201146
2016-01-15,-0.01603040043881443,-0.021466515657454943
2016-01-19,-0.002714133262036289,0.0013312047898381696
2016-01-20,-0.009567151321671519,-0.01281504725786864
2016-01-21,0.009121310762167711,0.005601869364266321
2016-01-22,0.018157569783714855,0.020515373378905855
2016-01-25,-0.018891416097700287,-0.015116538876203234
2016-01-26,0.022876613253818956,0.013643139436414042
2016-01-27,-0.008704225587675807,-0.010883138055314157
2016-01-28,0.003912178365749863,0.005209245946151908
2016-01-29,0.03315115161720539,0.024377272711651576
2016-02-01,0.0003177392656203981,-0.0003613919011870026
2016-02-02,-0.02374851631689956,-0.01802243061922615
2016-02-03,0.007544663624282633,0.005995140660809639
2016-02-04,0.0109905534578838,0.0015680381432638946
2016-02-05,-0.01656107916456917,-0.019049876772505248
2016-02-08,-0.016136723896578165,-0.013461286327160926
2016-02-09,-0.005935834184579436,5.4133164469005735e-05
2016-02-10,0.012187329521743395,-0.0008628709819497038
2016-02-11,-0.011873243683655166,-0.013008029788765363
2016-02-12,0.02475991530655497,0.020616903823454935
2016-02-16,0.020266478792255294,0.016878126089427736
2016-02-17,0.022139391061917202,0.0163342966960609
2016-02-18,0.002373147682957377,-0.004095113942125472
2016-02-19,-0.004076421333078839,-0.00046877747477236387
2016-02-22,0.01936727869107835,0.014479305304756496
2016-02-23,-0.010829668747098453,-0.012630024016981656
2016-02-24,0.006400794046936609,0.004576005394822058
2016-02-25,0.007195012478172558,0.012111930870019938
2016-02-26,0.0013019738136419434,-0.002301333105849679
2016-02-29,0.001612618606358307,-0.007842599458239619
2016-03-01,0.023394612633111933,0.023507188905217857
2016-03-02,0.007268144388898001,0.004492291261728898
2016-03-03,0.01051873528540237,0.0039193672114323785
2016-03-04,0.004705755957854274,0.003253448362486422
2016-03-07,0.006397632961617994,0.0007986549954532851
2016-03-08,-0.01735907619567445,-0.010917821101307457
2016-03-09,0.005721844250334618,0.004939412038538427
2016-03-10,-0.0006057210149246206,0.0008024986019881108
2016-03-11,0.019020241978949137,0.01613689312491795
2016-03-14,-0.0003136144634580118,-0.0012821104107186843
2016-03-15,-0.008164672424874508,-0.0016297464884360569
2016-03-16,0.010446049994485396,0.005787494571963592
2016-03-17,0.008847210702165542,0.006343967398030559
2016-03-18,0.00025592077023195436,0.003929486099335966
2016-03-21,-0.0006052391976278937,0.0014191170506618889
2016-03-22,-0.0010629929391597903,-0.0005375683587581781
2016-03-23,-0.011091371414217788,-0.006599509694516947
2016-03-24,-0.00043535735393473995,-0.00044288427878358405
2016-03-28,0.003238084877836389,0.0005909213855270767
2016-03-29,0.011313051880358138,0.0092499739310401
2016-03-30,0.0033829403869274355,0.004387953433091507
2016-03-31,-0.0011910630202213168,-0.0024272665646581926
2016-04-01,0.00426854634013174,0.006812148996533818
2016-04-04,-0.00593063496078805,-0.003237902976962914
2016-04-05,-0.011168724306821143,-0.009987867185696553
2016-04-06,0.005651772171130887,0.010921243535621183
2016-04-07,-0.013314986982482013,-0.011965859113724497
2016-04-08,0.005455328757999256,0.002696537668881449
2016-04-11,-0.0007147785054006928,-0.0023473836175319507
2016-04-12,0.010124244449299713,0.009312855790441388
2016-04-13,0.01371051471074236,0.01010121273164133
2016-04-14,-0.00375292543447292,4.792261921715557e-05
2016-04-15,0.004098901073287253,-0.0011055347972775964
2016-04-18,0.004386097239790887,0.007026584415262382
2016-04-19,0.0035587552935538724,0.0031542776349715584
2016-04-20,0.001859402286181533,0.0009527713753421096
2016-04-21,-0.009297802640540143,-0.005378483024670477
2016-04-22,0.010601759177323977,0.0
2016-04-25,-0.0038870867301997736,-0.001722621127518864
2016-04-26,0.00846704183085345,0.0014855619819420518
2016-04-27,0.003147023414368677,0.0020586486626821277
2016-04-28,-0.012376635442628015,-0.00907575151194595
2016-04-29,-0.00619154177461867,-0.005398619718809949
2016-05-02,0.010885842747115682,0.007948250846869787
2016-05-03,-0.012148787881951617,-0.008703226279478837
2016-05-04,-0.0033337705602267675,-0.005578235203925086
2016-05-05,-0.0011194658160141868,-0.00019492427695577685
2016-05-06,0.004328262017095463,0.0036590695926839167
2016-05-09,0.0003049105755796866,0.0008264200897782903
2016-05-10,0.012289422541586381,0.012433693900802956
2016-05-11,-0.010629104803778766,-0.009354721281036649
2016-05-12,-0.003111203270825147,0.0002904071196447866
2016-05-13,-0.0029278863670004762,-0.008714205584544832
2016-05-16,0.009015724793125957,0.009865211723875777
2016-05-17,-0.006955512699491129,-0.009333341439942133
2016-05-18,0.002331020818251872,0.00029274623232788954
2016-05-19,-0.002258238225751108,-0.003464946732973706
2016-05-20,0.010137670386452413,0.006317378199213852
2016-05-23,0.0015387717533468237,-0.0013625935810742673
2016-05-24,0.014560533947764576,0.01296203880577207
2016-05-25,0.007174003974775189,0.006783090408027492
2016-05-26,-0.0007422466585589316,0.00028680700643257673
2016-05-27,0.003730581876185024,0.004299670455260252
2016-05-31,-0.0012221928234744661,-0.0019028877164689595
2016-06-01,0.0005452978550501975,0.0020490228283738254
2016-06-02,0.004678208114625049,0.003043760278616414
2016-06-03,-0.007018062124654723,-0.0029870070261127646
2016-06-06,0.007737625270561432,0.005088521500811849
2016-06-07,0.0013747925888598633,0.001561223597522643
2016-06-08,0.002078907852365086,0.003259951476595413
2016-06-09,-0.0029625530496256713,-0.0013656406404777277
2016-06-10,-0.015249054635691595,-0.00947762424503562
2016-06-13,-0.008405374215664896,-0.007711673243035677
2016-06-14,-0.003975847773765029,-0.0019671340164436613
2016-06-15,-2.8777945966229623e-06,-0.0013941509716409728
2016-06-16,0.002290811213820909,0.0029846346299400306
2016-06-17,0.0038170670066985934,-0.003724087249108332
2016-06-20,0.007682369476238904,0.006439900876951565
2016-06-21,0.0014022794612369438,0.0028386489158986894
2016-06-22,-0.001253684797391852,-0.001631061696185876
2016-06-23,0.017987867014058523,0.013022588748872854
2016-06-24,-0.04126723174694846,-0.03590922601680324
2016-06-27,-0.023282834145238795,-0.01790947259187836
2016-06-28,0.018526124348885675,0.01803573560955396
2016-06-29,0.019807333087549672,0.017027371045239104
2016-06-30,0.014106475434263466,0.01364565072819568
2016-07-01,-7.060911394884961e-05,0.002100351690563551
2016-07-05,-0.009545631630201834,-0.00719321343055479
2016-07-06,0.006036443527526636,0.005997767554786648
2016-07-07,-0.001700732216088463,-0.0006198068909095689
2016-07-08,0.020226093573176618,0.014890560071192827
2016-07-11,0.006142342111021604,0.003526906229548654
2016-07-12,0.012230999929875752,0.007263288993081929
2016-07-13,0.002365331934111925,-0.00013956339681830965
2016-07-14,0.002209508166892249,0.005583564502752436
2016-07-15,-0.0031453353616625046,-0.0013419468596650441
2016-07-18,0.0019225648247642724,0.002687417417773119
2016-07-19,-0.0011144231843724928,-0.0010167526826503348
2016-07-20,0.005436494477038645,0.0041633005572419
2016-07-21,-0.0060552456445183145,-0.0037774842285899224
2016-07-22,0.010916208176360298,0.004485117751586998
2016-07-25,-0.00029201924471600194,-0.0027161151394632377
2016-07-26,0.0012836687240851408,0.0004618359397099425
2016-07-27,-0.0062233043783644915,-0.0010611552867592078
2016-07-28,0.003606672933168298,0.0011543750765889982
2016-07-29,0.0008641940319715768,0.0016148715891897147
2016-08-01,-0.0049678738252872945,-0.0008292580884552425
2016-08-02,-0.012462874414411518,-0.0064070670543427966
2016-08-03,0.004653266513898746,0.002922673126460218
2016-08-04,-0.0014655444843242327,0.0010641186225719412
2016-08-05,0.012008496450322426,0.008178852700070793
2016-08-08,0.0004616916336055432,-0.0005959306217849791
2016-08-09,-0.000120056216053821,0.0005962859668520171
2016-08-10,-0.004492398455032576,-0.0024751143483339177
2016-08-11,0.006604043202354859,0.004640861136289365
2016-08-12,0.0006119542657714305,-0.0008687260974684641
2016-08-15,0.005268266165973534,0.002883413424970005
2016-08-16,-0.006683701797297381,-0.005157361926191428
2016-08-17,0.0022791435072218036,0.0018806701586371322
2016-08-18,0.0044455140342951616,0.0022437802661394723
2016-08-19,-0.0010396999376025562,-0.0014620537099213626
2016-08-22,0.0009352498195249748,-4.562066547464383e-05
2016-08-23,0.004472434770634859,0.0020135329494754828
2016-08-24,-0.004614575508971486,-0.005115064680228265
2016-08-25,0.0032640258734428773,-0.0006886918471828984
2016-08-26,-0.0012998028385674543,-0.001883163590080339
2016-08-29,0.007044746577868688,0.004924375514900214
2016-08-30,-0.0016041125003781742,-0.0016487707534416085
2016-08-31,-0.0028463364079612807,-0.0028438475426265653
2016-09-01,0.0008016267040105163,4.594629560261687e-05
2016-09-02,0.0034494057354135244,0.004507954631473909
2016-09-06,0.0018059411954154392,0.0030223899373127416
2016-09-07,0.00527871434875804,-9.14450802547151e-05
2016-09-08,-0.005102185320028596,-0.0022826648897014135
2016-09-09,-0.028454126150010972,-0.023934997832721572
2016-09-12,0.014555968894516269,0.014347602775157675
2016-09-13,-0.01793547065461365,-0.01437566179472316
2016-09-14,-0.0022149347975909395,-0.00037547835573836785
2016-09-15,0.01047012722973184,0.009993269698496121
2016-09-16,-0.00413421291583238,-0.003865598735812381
2016-09-19,0.0026484317921027234,0.0001876311887358817
2016-09-20,-0.0025533882947614828,4.673239357066983e-05
2016-09-21,0.011970223442169026,0.01124532093991526
2016-09-22,0.009962362529414959,0.006301769106520805
2016-09-23,-0.004715449544277606,-0.005479681027114935
2016-09-26,-0.004767576208201563,-0.008101965785993426
2016-09-27,0.005402566624078009,0.006207759421296144
2016-09-28,0.006091649205405725,0.004963789022596865
2016-09-29,-0.008109300554507204,-0.009047357628007346
2016-09-30,0.00830832078657795,0.007545820178061158
2016-10-03,-0.0036385726823116027,-0.0024040279179555757
2016-10-04,-0.006194732713589057,-0.005097533908449914
2016-10-05,0.0030818943857042758,0.004425156532107621
2016-10-06,-0.000812864281855008,0.0006954180319793668
2016-10-07,-0.005088792569248324,-0.003429360931896497
2016-10-10,0.006468847795952026,0.005208575747517541
2016-10-11,-0.01511301999170489,-0.012629851168772577
2016-10-12,0.0030389387275668867,0.0013120500031651439
2016-10-13,-0.0068457317659912365,-0.0032752446638460997
2016-10-14,-0.0008368115216836891,0.0005161901345676068
2016-10-17,-0.003931230130785668,-0.003471912890371298
2016-10-18,0.006052638536063304,0.006262042147285429
2016-10-19,0.006714795471985058,0.00266724519090622
2016-10-20,-0.0018485541296661134,-0.0018666845425909795
2016-10-21,-0.0015414851064948776,0.00046737765477655735
2016-10-24,0.0037368963329076355,0.004252952603891691
2016-10-25,-0.004265029111575558,-0.003350742113723215
2016-10-26,-0.005955677573868612,-0.0020073432422473836
2016-10-27,-0.007657425518853844,-0.0026669530047364054
2016-10-28,0.0025307384598163285,-0.0029555453127045883
2016-10-31,0.0027771031961068005,4.71746286818675e-05
2016-11-01,-0.010426580050320045,-0.007245313141537313
2016-11-02,-0.003168762726991292,-0.006018947527519525
2016-11-03,-0.0041222262888993555,-0.004576933101374636
2016-11-04,0.006532351714249263,-0.001101491509421404
2016-11-07,0.02319340931159286,0.022056679913461164
2016-11-08,0.0034910890400638994,0.00450396125402297
2016-11-09,0.010066569000823478,0.010602220611078295
2016-11-10,0.012278742810891252,0.0024956488818546063
2016-11-11,0.010625462965885957,-0.0023051214722880076
2016-11-14,0.009627453473581182,0.0007854551643677876
2016-11-15,0.0007513268111019045,0.00780291536144051
2016-11-16,-0.000359333864727418,-0.0018781669787442112
2016-11-17,0.0062331748190329606,0.005140509489694356
2016-11-18,0.00017481090408888456,-0.0022374660862991558
2016-11-21,0.0044696343814536466,0.007551560564996507
2016-11-22,0.0035788257187605588,0.001953139510057378
2016-11-23,0.0011482479930331468,0.0005438497388627894
2016-11-25,0.0041055760176837985,0.0037154679410600355
2016-11-28,-0.007835812044367452,-0.0046948356807512415
2016-11-29,0.0003087226177742597,0.0019504585149809905
2016-11-30,-0.0021529179934347553,-0.0023994878002496778
2016-12-01,-0.002100609831059197,-0.0036752057118957238
2016-12-02,0.0009606859871971185,0.0005010110496901365
2016-12-05,0.010742916116212253,0.006008798262197246
2016-12-06,0.001307619702657803,0.0031672855934516964
2016-12-07,0.014888954206565996,0.013080996394869704
2016-12-08,0.00460406847896877,0.0024484781901490393
2016-12-09,0.0006316593562964989,0.006040709033404479
2016-12-12,-0.0018606996870661474,-0.0011481461744143884
2016-12-13,0.004082628815104794,0.0066740369520019716
2016-12-14,-0.00780195017971963,-0.008254005570993206
2016-12-15,0.006217552433084972,0.004116804610997393
2016-12-16,0.00025156464994657846,-0.0019555929134328354
2016-12-19,0.005244036904529459,0.002177278227869728
2016-12-20,0.006508148314270823,0.003857753744930026
2016-12-21,-0.004523838793054846,-0.0027823743458574857
2016-12-22,-0.003729766189334849,-0.0017278766155349734
2016-12-23,0.0004246218464596385,0.0014642543312459733
2016-12-27,0.0053994775811381235,0.0024815133441635773
2016-12-28,-0.01229270984738462,-0.008264904341045098
2016-12-29,-0.0007768567819480543,-0.00022280650188599704
2016-12-30,-0.0027504185905764533,-0.003655030014682925
2017-01-03,0.005195767273280527,0.007650051324770368
2017-01-04,0.010773883271379958,0.005949164849302191
2017-01-05,-0.0027498637474780985,-0.0007943549009840067
2017-01-06,0.002127798108672474,0.0035776729973626686
2017-01-09,-0.00712340319288518,-0.003300842175236074
2017-01-10,0.004922391735826759,0.0
2017-01-11,0.0028005171611158453,0.0028260428290802775
2017-01-12,-0.0045177591853612364,-0.002510138414425156
2017-01-13,0.003836762460726728,0.002295899539649815
2017-01-17,-0.005061582766480277,-0.003523607187386646
2017-01-18,0.003426781869773521,0.002210002754301499
2017-01-19,-0.00626276889638222,-0.0037045737651330013
2017-01-20,0.004329762104107182,0.0036738348730880332
2017-01-23,-0.002649180606002499,-0.0026019685698221995
2017-01-24,0.013262251524337687,0.0064117016583522535
2017-01-25,0.0077329481317696125,0.008655337943715757
2017-01-26,-0.002347936394999195,-0.0010452941554600637
2017-01-27,-0.0007398937848154263,-0.0015697360378919
2017-01-30,-0.005438548183705816,-0.006201904366711974
2017-01-31,0.0014200763360419089,-8.753161467944803e-05
2017-02-01,-0.0013596075873787417,0.0003951307034422147
2017-02-02,0.0010192151559871299,0.0006594298389324127
2017-02-03,0.001777853670053009,0.0068927973049861535
2017-02-06,-0.006688130857628427,-0.001787751739010357
2017-02-07,0.002346857809628622,4.3694973572705464e-05
2017-02-08,0.003722269644063303,0.0013104059510260502
2017-02-09,0.009309109125818393,0.005932629896162167
2017-02-10,0.004037991204780544,0.003946220426722213
2017-02-13,0.0030725390220509574,0.005442608213586331
2017-02-14,0.0035888051227750406,0.0039951519708916194
2017-02-15,0.0033711294745815135,0.0052205450184568125
2017-02-16,-0.001364743951039138,-0.0008513157741304456
2017-02-17,0.0030452499823079293,0.001576155618430386
2017-02-21,0.00672788413286729,0.005955202766023904
2017-02-22,-0.0035922185009782392,-0.0008879623483636356
2017-02-23,-0.0027925099677024168,0.0006770727836786783
2017-02-24,0.0024052440914745787,0.001268988863215581
2017-02-27,0.0028703206073839027,0.001562931003270096
2017-02-28,-0.003491144270430402,-0.002699332251612674
2017-03-01,0.012183948955051482,0.013997614062591257
2017-03-02,-0.007006720088014506,-0.006297321769792252
2017-03-03,-0.001786781402272175,0.0006294357100700143
2017-03-06,-0.005926753947668728,-0.002977968856823554
2017-03-07,-0.00423516407774871,-0.0029867892955578457
2017-03-08,-0.0022524089680606707,-0.0018565172285632814
2017-03-09,-0.0018071558056786952,0.0012682702336017648
2017-03-10,0.0023765356235643242,0.0035042921516392767
2017-03-13,0.00105322222759896,0.0005048664591038587
2017-03-14,-0.0038611561186191468,-0.003827096994171497
2017-03-15,0.0093936581688836,0.008653580311053233
2017-03-16,-0.0015496054323514974,-0.0019670290575936056
2017-03-17,0.0010488963857149258,-0.0017560663994080628
2017-03-20,-0.0038394094140765667,-0.0010970223752624353
2017-03-21,-0.009937190552333663,-0.012839306261121064
2017-03-22,0.0030361005431289723,0.002353159950657213
2017-03-23,0.00039375961252519076,-0.0010671617111269738
2017-03-24,-0.0003867636801919705,-0.0007264121143977231
2017-03-27,-0.0016488706919696172,-0.0010260383182721933
2017-03-28,0.008099374231148815,0.00727664210463197
2017-03-29,0.0025120475983986257,0.0009347245923720937
2017-03-30,0.005195088546134041,0.003184210166537138
2017-03-31,9.111924589877418e-05,-0.0023276657175337334
2017-04-03,-0.0028753513273737097,-0.001738998800384084
2017-04-04,-0.001650434766663933,0.0006372307247799469
2017-04-05,-0.0037243729112304003,-0.0029722730823626975
2017-04-06,0.004768385623590721,0.0028108475646404507
2017-04-07,-0.0016232586954294526,-0.0010193769057728064
2017-04-10,0.0044962996544597456,0.0005952370709696453
2017-04-11,0.0008352578077479578,-0.0011896911775250985
2017-04-12,-0.007418985500898256,-0.004381969716161227
2017-04-13,-0.006705928870786804,-0.006495001019954483
2017-04-17,0.009512731602601354,0.008859906493732916
2017-04-18,-0.00202935666764692,-0.0029841789007000186
2017-04-19,0.0014949161283979162,-0.0018383027902594273
2017-04-20,0.008479361265935736,0.00813887259002044
2017-04-21,-0.003423095565974532,-0.0031867662614618597
2017-04-24,0.006744679905726247,0.010997987539079768
2017-04-25,0.006147295578775358,0.005818419834667576
2017-04-26,0.0019899215065664055,-0.0006289243689309165
2017-04-27,-0.0039017044553423252,0.0008391673635124164
2017-04-28,-0.009644655324002271,-0.002179091255447685
2017-05-01,0.00012158569339115743,0.002519775827757531
2017-05-02,0.0020399811953650815,0.0003771048477545502
2017-05-03,-0.003969447582775065,-0.0012146084356217113
2017-05-04,-0.004811936481393553,0.0011738792714348634
2017-05-05,0.0064686740059258785,0.003937086217176589
2017-05-08,-0.007050714952258841,-0.00016664427613621857
2017-05-09,-0.00046525290598820046,-0.0009179444857249086
2017-05-10,0.007392613693762984,0.0017958327215183978
2017-05-11,-0.0040968415208723075,-0.002042549408010519
2017-05-12,-0.003323400698276968,-0.0016711690119072253
2017-05-15,0.005600088205984122,0.0055233383725119545
2017-05-16,-0.0032241504901543427,-0.000915426552085985
2017-05-17,-0.017304840557809786,-0.017744147585196268
2017-05-18,0.004981201727390916,0.00402832941220721
2017-05-19,0.00776721909112843,0.00650448945034543
2017-05-22,0.005792475723695345,0.00507736854642471
2017-05-23,-0.0023608726739334784,0.0022127443613553233
2017-05-24,0.0010815339005125768,0.002332843145986807
2017-05-25,0.003058405950986831,0.004779740033804103
2017-05-26,0.00036864260880009603,-0.00020714899872298354
2017-05-30,-0.0038870509424681066,-0.0008685898726249475
2017-05-31,9.793866532570306e-05,-0.00024861328145786565
2017-06-01,0.011315500495355346,0.007952355832210989
2017-06-02,0.00045090736186770286,0.003328386054893162
2017-06-05,-0.0010506869161650556,-0.0007371796927568841
2017-06-06,-0.0037378991369682035,-0.003196898113810742
2017-06-07,0.0007715265926431236,0.0018504046760867698
2017-06-08,0.0032019711666420037,0.0004922409935641525
2017-06-09,0.004464095529970624,-0.001517645982024196
2017-06-12,0.002516888864144917,-0.00020538338702147385
2017-06-13,0.00662820906946493,0.004889866293328771
2017-06-14,-0.0024231085491530635,-0.0012677863539303225
2017-06-15,-0.0023664101419016426,-0.0019240865506090499
2017-06-16,0.0002497310650408924,0.00021857880895770343
2017-06-19,0.008566208146096876,0.008325181119870573
2017-06-20,-0.012954285564935608,-0.006744367645300953
2017-06-21,-0.005848630545002953,-0.0002470224534618648
2017-06-22,-0.000549979597098238,-0.00045243379759041247
2017-06-23,0.0007987284052588528,0.0011940803497310082
2017-06-26,0.00209009192051246,0.0006581612754412713
2017-06-27,-0.006759328699342482,-0.008056201011813369
2017-06-28,0.008084544446134379,0.008950214296919778
2017-06-29,-0.005375151411619816,-0.008788975692521572
2017-06-30,0.002452010450725073,0.0018643954166752685
2017-07-03,0.006595352318043313,0.001695951240496596
2017-07-05,-0.006655131073275533,0.0023117357806379246
2017-07-06,-0.01184823806095181,-0.009144323761269946
2017-07-07,0.006467594609856464,0.006485353211810763
2017-07-10,-0.002894778803577025,0.0010736380910940646
2017-07-11,-0.00566300599963343,-0.0007426630325623185
2017-07-12,0.008694106807092927,0.00751493823087368
2017-07-13,0.0046591563161288985,0.0016800163738801555
2017-07-14,0.0036797124010456983,0.004664417696831569
2017-07-17,0.0014924889801708474,-0.00012229992605661266
2017-07-18,-0.0018597671509786862,0.0005294130568680444
2017-07-19,0.006662428219133432,0.005414007131568255
2017-07-20,-0.005074879663865994,0.00044538781140457395
2017-07-21,-0.0024511170276658722,-0.0008901664563791822
2017-07-24,-0.002859913279009474,-0.00024307924589106467
2017-07-25,0.00794356451939593,0.002431099686296845
2017-07-26,-0.001297693574587866,3.991755467902536e-05
2017-07-27,0.0032650440879977705,-0.0009294615605753842
2017-07-28,0.0013037498875752007,-0.001173161748480811
2017-07-31,-0.003223063178713792,-0.0005669506762840948
2017-08-01,0.004535320302285983,0.002229066453174333
2017-08-02,-0.0038468985443045334,0.0004850811524979015
2017-08-03,0.0008747365926384809,-0.0019399500122466717
2017-08-04,0.007319757551643935,0.0018221850067314804
2017-08-07,-0.0006231822881520577,0.0018592145391880255
2017-08-08,-0.004346991613684459,-0.0024609293727964054
2017-08-09,0.0009458482505759758,-4.050996952476016e-05
2017-08-10,-0.012772399249262545,-0.014115392506867663
2017-08-11,0.0007645443813732999,0.001476928196246785
2017-08-14,0.007763933944349155,0.009913370716049474
2017-08-15,-0.0034095842730615944,-0.00012174275967957726
2017-08-16,0.0001974855431754463,0.0017443869328113148
2017-08-17,-0.009663925253484806,-0.015591019187179422
2017-08-18,-0.000973342810461908,-0.001563192451033757
2017-08-21,0.00032659718645255964,0.0007829642223156075
2017-08-22,0.007042318839789896,0.010456852425924534
2017-08-23,-0.002308316388801912,-0.0035853190275403346
2017-08-24,0.00010245334305092335,-0.002330622782304892
2017-08-25,0.007577916225389725,0.002336067273914555
2017-08-28,-0.0005947248518086701,4.088560658388474e-05
2017-08-29,-0.0010156264985209384,0.0011448217811276251
2017-08-30,0.007333959285700242,0.004737756980136787
2017-08-31,0.005246725573885946,0.006016044303347012
2017-09-01,0.011272885474986616,0.0014139131516424097
2017-09-05,-0.01058529829400412,-0.007181818824144592
2017-09-06,0.005722246301064882,0.003413596670237995
2017-09-07,-0.0010449782608732416,-0.00012156527562356967
2017-09-08,-0.0023852398522047347,-0.0011743753789180689
2017-09-11,0.010833622498418016,0.01066560538978667
2017-09-12,0.003473524381050641,0.0033708713904914145
2017-09-13,0.003820848775266672,0.00047992525127438235
2017-09-14,-0.0006022787402011343,-0.0003199600172474337
2017-09-15,0.0044653591596721665,0.0013464188053584625
2017-09-18,0.0007943343865737251,0.002126871344002801
2017-09-19,-0.00015394728148110381,0.0010011001146168486
2017-09-20,0.001802851521417459,0.00035990177044764593
2017-09-21,-0.0032793475648242865,-0.0026793035956882427
2017-09-22,0.0017541321688396838,0.0002005269036537971
2017-09-25,0.0009621671524575603,-0.00204447535494523
2017-09-26,-0.00017287485961459126,0.0006023422960419467
2017-09-27,0.01913362776338956,0.003894434377636813
2017-09-28,0.001571986934148617,0.0011995675870342115
2017-09-29,0.004521684017058325,0.0035153230737536845
2017-10-02,0.0015861609485146033,0.004338567963927398
2017-10-03,0.001446278502997611,0.0021399896301521615
2017-10-04,0.003201765806435608,0.0011865817239815613
2017-10-05,0.0033690997716304683,0.005925051128284453
2017-10-06,-0.0031269703587039066,-0.001138577000443619
2017-10-09,-0.003054540186522847,-0.001651242963636057
2017-10-10,0.005004943023426245,0.0026381932908003947
2017-10-11,0.00019285145489411626,0.0015711272821141709
2017-10-12,0.0013707733167767078,-0.001490086089915299
2017-10-13,0.0052736565010462755,0.0012174286013812985
2017-10-16,-0.0013463951457416412,0.0013335721807221645
2017-10-17,0.0027627509870611355,0.0007051448270278815
2017-10-18,-0.002881543060820113,0.0009784314022391882
2017-10-19,0.0024599638623519215,0.00027358397805010704
2017-10-20,0.00514806047372196,0.005160501164134024
2017-10-23,-0.00306586926347574,-0.003889169314748253
2017-10-24,0.0015210290303404594,0.00175697971485822
2017-10-25,-0.02418612531325326,-0.00495002164526559
2017-10-26,0.004996381658367133,0.0012926176298766467
2017-10-27,0.0002487417618766141,0.008176100757548044
2017-10-30,-0.007274940430221255,-0.003725142194561437
2017-10-31,0.002543702296714523,0.0015578217289731189
2017-11-01,-0.00078130286899325,0.0013222989516405992
2017-11-02,0.004798851161577078,0.0003882346691461702
2017-11-03,-0.0022670889060911747,0.0033389970913653144
2017-11-06,0.003304413113137672,0.001547574533910634
2017-11-07,-0.003395377805221589,-0.000695379583009248
2017-11-08,0.001824866954598825,0.0017010594773978482
2017-11-09,-0.000254914388689631,-0.0036280142497859824
2017-11-10,0.0032856860489021145,-0.00030959420076792643
2017-11-13,0.0027435812214671174,0.0009298128991217514
2017-11-14,0.001435478216404995,-0.002322507779578098
2017-11-15,-0.0037427369644571495,-0.005005367481486389
2017-11-16,0.007048821260275728,0.008501117899382127
2017-11-17,0.0025767810395334045,-0.002938957409912013
2017-11-20,0.00022936730124656357,0.0017066059537065303
2017-11-21,0.0005791254181428673,0.006542728088316796
2017-11-22,7.622207407953496e-05,-0.0008847487570891044
2017-11-24,-0.0005644071279405916,0.0023099236695500736
2017-11-27,-0.0015057312220093655,-0.0004991348463182499
2017-11-28,0.0157840624807295,0.010144568283846356
2017-11-29,0.011448898368260352,-0.0006085815634851999
2017-11-30,0.006915260926509514,0.008755022147393099
2017-12-01,-0.0004181694471058206,-0.0020755205157043655
2017-12-04,0.006738671027714416,-0.0012099110313800177
2017-12-05,-0.006583308526877607,-0.0035968579541924006
2017-12-06,-0.00319027872868316,0.00019034362618985945
2017-12-07,0.004279555434909321,0.0031528806550173982
2017-12-08,0.005779990460744733,0.005452739362291847
2017-12-11,-0.0010424341633508138,0.0030133743919484868
2017-12-12,0.001562194473132772,0.001764865341095101
2017-12-13,-0.0010569704422564996,-0.00011227741443464723
2017-12-14,-0.007984633884692283,-0.004086468412176636
2017-12-15,0.006666273719449611,0.008327618725286534
2017-12-18,0.00851440025512007,0.006341126618407911
2017-12-19,-0.005736395741653744,-0.0038406097814802642
2017-12-20,-0.004825409771903155,-0.0005239099959742921
2017-12-21,-0.0001719164846838428,0.00205999232615528
2017-12-22,0.0008975876554662143,-0.0002618126688563871
2017-12-26,0.002093666694835683,-0.0011961900006992598
2017-12-27,0.0001968120996862499,0.0004866923290189895
2017-12-28,0.002864808063457236,0.0020573030529384972
2017-12-29,-0.006454576686308666,-0.003770461300494965
2018-01-02,0.006426985374144767,0.007157202098645676
2018-01-03,0.011888667915006756,0.006325153976517894
2018-01-04,0.0007710869043955348,0.004214878422120982
2018-01-05,0.007289534198387848,0.006664068024594405
2018-01-08,0.00629024056531291,0.0018287977019906254
2018-01-09,-0.0016985869775270057,0.0022635492870530793
2018-01-10,-0.0018676571314448775,-0.0015304203566366414
2018-01-11,0.007663699694900661,0.007296386729619853
2018-01-12,0.005989853223437702,0.006518867660356253
2018-01-16,-0.004585246337681981,-0.0034183483214599297
2018-01-17,0.01136526840444163,0.009531661018103321
2018-01-18,-0.0015705927048192958,-0.0016812354935622498
2018-01-19,0.0077189268259976185,0.00455032168122993
2018-01-22,0.000577018048218747,0.008130689494982413
2018-01-23,0.0043421796677427515,0.002122372745025025
2018-01-24,-0.0004811483731271826,-0.00038810625078711247
2018-01-25,1.8071359624949324e-05,0.00042388694780837177
2018-01-26,0.004938725676003619,0.011577601228971668
2018-01-29,-0.004526409778921048,-0.006629982112635324
2018-01-30,-0.012995634587971594,-0.010256886505229601
2018-01-31,0.001931999430236253,0.0004967809529481393
2018-02-01,-0.007516236037693247,-0.0011352517817488916
2018-02-02,-0.02002861524199251,-0.021769890255352586
2018-02-05,-0.03720740960401758,-0.041822474874844695
2018-02-06,0.014083207385552576,0.019702177230854545
2018-02-07,-0.017165983383725436,-0.0054247253174806165
2018-02-08,-0.03176263569176152,-0.037508881216122614
2018-02-09,0.008375993584531116,0.015021509334955274
2018-02-12,0.00824592713268446,0.014684379223849797
2018-02-13,-0.0008125870397079904,0.002487473936634732
2018-02-14,0.029817490849445294,0.013496021359842292
2018-02-15,0.009945232842469842,0.012760249805860102
2018-02-16,0.008740874070821691,0.00029303325035279215
2018-02-20,-4.825221613047326e-06,-0.006261012902317953
2018-02-21,-0.0054197826768283,-0.004974625754876394
2018-02-22,-0.0031272682191322287,0.001296320274884355
2018-02-23,0.014130428490835234,0.015939426167066006
2018-02-26,0.007038244292085993,0.011611970863263377
2018-02-27,-0.0077508714094454145,-0.012486417635757308
2018-02-28,-0.0067096164624226295,-0.010130184036825085
2018-03-01,-0.011705033982203017,-0.014540511984393545
2018-03-02,0.007645723011310279,0.0051548347906502645
2018-03-05,0.009684710903965943,0.011557726232714005
2018-03-06,0.004122353035325377,0.0025351882847346463
2018-03-07,0.0009751855925812514,-0.00036663586908414203
2018-03-08,0.0027364053440848135,0.004839258497269849
2018-03-09,0.017570754130388222,0.017402297393690702
2018-03-12,-0.0017120128838141735,-0.0012548854806654353
2018-03-13,-0.002401414177729211,-0.006462757031358124
2018-03-14,-0.008551519292445131,-0.0051314644890666505
2018-03-15,-0.0017571693796460952,-0.0010896720637465496
2018-03-16,0.0050642323122476185,0.0010845566483845825
2018-03-19,-0.01092244385789487,-0.013530809720737058
2018-03-20,0.0011150425325834323,0.0017007937228883385
2018-03-21,0.006468334238711293,-0.0019192971155036487
2018-03-22,-0.019192986864546624,-0.024997310294341712
2018-03-23,-0.02346275183540314,-0.021314312418254988
2018-03-26,0.02297339775513474,0.027358917741308053
2018-03-27,-0.012441717024468169,-0.01701172992545985
2018-03-28,0.00039554596859203706,-0.002954491423294847
2018-03-29,0.012705233884275913,0.012777246946806153
2018-04-02,-0.024952888357322567,-0.021584579586001462
2018-04-03,0.01370689810400827,0.012817176788742612
2018-04-04,0.01188435593542736,0.010698959344987546
2018-04-05,0.006230096901720161,0.007892123141833185
2018-04-06,-0.021805604248735233,-0.022285775313223177
2018-04-09,-2.425786895909887e-05,0.004928226022791193
2018-04-10,0.014129992267060576,0.015900494342143467
2018-04-11,-0.004031945850019203,-0.005242454228162163
2018-04-12,0.0044475444566698386,0.008227081619371468
2018-04-13,-0.005036040460912106,-0.0029328702624525915
2018-04-16,0.010508560389973942,0.008221722302051093
2018-04-17,0.00809543802492918,0.010698334508458585
2018-04-18,0.0026276105354583468,0.0007401741908124038
2018-04-19,-0.006649728842678337,-0.005547328256461981
2018-04-20,-0.008330221900223922,-0.008479691258556854
2018-04-23,0.0010116276319982465,-0.00014986722437482225
2018-04-24,-0.00723942859507809,-0.01346740061225471
2018-04-25,0.00429911157762608,0.0024716170795877623
2018-04-26,0.0398168191737136,0.010166067004096835
2018-04-27,0.006206439016557486,0.000938665105012948
2018-04-30,-0.009989278314267436,-0.007690651878034527
2018-05-01,0.003157768501405478,0.0017771068194409878
2018-05-02,-0.007853548610766925,-0.006717541353929213
2018-05-03,-0.003736677350883788,-0.002203983440110191
2018-05-04,0.011228030693893443,0.012946652236860867
2018-05-07,0.0023900905310205722,0.0033832551103392117
2018-05-08,0.0009172756147477479,0.0
2018-05-09,0.00825346450094866,0.009665621531796731
2018-05-10,0.004764764632768426,0.009350573364208747
2018-05-11,-0.0002259209353209224,0.0030512934560487093
2018-05-14,9.987406215450356e-05,0.00047672037644508336
2018-05-15,-0.004836833050111067,-0.006887107667163717
2018-05-16,0.009629258823064202,0.004205060403357441
2018-05-17,-0.001225295163880702,-0.0008448985468455517
2018-05-18,-0.004210041124171893,-0.002500020789599766
2018-05-21,0.0076643414469204085,0.007518668757922287
2018-05-22,-0.0030939685019762964,-0.0027798425349637723
2018-05-23,0.0020688340960006713,0.0027509811042967236
2018-05-24,-0.002044109723194243,-0.002048732210347959
2018-05-25,-0.0023969774688539225,-0.0023825197071679627
2018-05-29,-0.006486506989225815,-0.011501233505437525
2018-05-30,0.014377646170074643,0.01334513828260575
2018-05-31,-0.01009813338573684,-0.006126114165715957
2018-06-01,0.009977772405125096,0.009817792298107308
2018-06-04,0.005407872944770853,0.004751483671098011
2018-06-05,0.004497115108676342,0.000727492273456587
2018-06-06,0.006859918369270135,0.008360330318316178
2018-06-07,0.0006232435361124278,-0.00010793500967898328
2018-06-08,0.0047334077447716005,0.00295626933849813
2018-06-11,0.0041369470589776025,0.0013299007254494732
2018-06-12,0.0026279380693263743,0.001292553874336022
2018-06-13,-0.010300473941944999,-0.003191059634729987
2018-06-14,0.0023469322374305435,0.002517807271265493
2018-06-15,-0.00027188651959664245,-0.001275782496244382
2018-06-18,0.0015136909031800982,-0.002056860659971793
2018-06-19,-0.002780382477401422,-0.003832987247533892
2018-06-20,0.0015656669900085962,0.0017063263107131021
2018-06-21,-0.003153596396138103,-0.006268960798735512
2018-06-22,0.004029962193629499,0.0018232951911028028
2018-06-25,-0.013471151156783323,-0.01361266090211366
2018-06-26,0.0034654531919835474,0.0022136935139140945
2018-06-27,-0.009509927156553188,-0.008284011459780194
2018-06-28,-0.005892508545074837,0.005717315523636524
2018-06-29,0.0004897054305761372,0.001439653594736301
2018-07-02,0.002508629505523219,0.002138284970622628
2018-07-03,-8.155720056302052e-05,-0.0035315019509222223
2018-07-05,0.007267445561394581,0.008158138153043337
2018-07-06,0.0050382018274930385,0.008458251517406534
2018-07-09,0.009368118713936502,0.0090041418827973
2018-07-10,0.00028154090482557237,0.0035982548547459636
2018-07-11,-0.003143561832973707,-0.007314316595046
2018-07-12,0.0035371539194233304,0.009066216348532663
2018-07-13,9.223015864279205e-05,0.0007873508480542579
2018-07-16,-0.0028091068725050183,-0.0008940185602458461
2018-07-17,0.0012184992487387358,0.004044929355426552
2018-07-18,0.008041372499890675,0.0021035240785507447
2018-07-19,0.0008549270672277842,-0.003771435267690304
2018-07-20,-0.003939164513788507,-0.0011425161508562542
2018-07-23,0.0016374856031562413,0.001859065765211998
2018-07-24,-0.0033371702146417492,0.005032377730227022
2018-07-25,0.005489780682842893,0.008522259056067627
2018-07-26,0.0034714937061175455,-0.002358931090813532
2018-07-27,0.0010841840808819558,-0.0067764101934391086
2018-07-30,-0.00381188375521746,-0.005223434464662002
2018-07-31,-0.000735304449335894,0.004929721503647233
2018-08-01,-0.0027062481530232274,-0.0016712095222343182
2018-08-02,0.007837430208512686,0.005448127873556308
2018-08-03,0.007688359278788859,0.004284421604909383
2018-08-06,0.007437157394336369,0.0036674057848575803
2018-08-07,0.003073199759949574,0.003302283298717734
2018-08-08,0.0015363261370593406,-0.0004200870342806473
2018-08-09,-0.0014216046372077518,-0.0013661125678924302
2018-08-10,-0.008322607915018154,-0.006700310831950995
2018-08-13,-0.005371247341590335,-0.003743646055193839
2018-08-14,0.009317730953775749,0.006380746018302519
2018-08-15,0.002832953113478087,-0.007467413924745814
2018-08-16,0.0027318892743590784,0.008091550095710387
2018-08-17,0.006472030310411103,0.003520526723470141
2018-08-20,0.004727293832477608,0.0021396641953770335
2018-08-21,0.0022673466984737267,0.002345404128349493
2018-08-22,-0.001379328611458508,-0.0005938489329240237
2018-08-23,-0.0024595710265945536,-0.001328063847019334
2018-08-24,0.0046280473078366136,0.0060187902463175735
2018-08-27,-0.00013832684065862022,0.007895190451417955
2018-08-28,0.00042191464839591575,0.000483581540615452
2018-08-29,0.0013214762975253258,0.005380505359338095
2018-08-30,-0.006657323573619922,-0.004048607349841249
2018-08-31,-0.0016241888443369046,3.4818038444184296e-05
2018-09-04,0.0007606211695467824,-0.0017222486506408563
2018-09-05,0.0028401415304961652,-0.0026914521955241355
2018-09-06,-0.0006144339722006231,-0.0030100052789580056
2018-09-07,-0.0021401045716632483,-0.0019436490899114034
2018-09-10,0.005719127376683009,0.0017384774318300877
2018-09-11,0.000860026893821475,0.0032976491749492354
2018-09-12,0.0008707401894709754,0.00024228243614099476
2018-09-13,0.003347021237984915,0.005914326280265891
2018-09-14,0.0005673540804405075,0.0001718814887774478
2018-09-17,-0.0025823394328181593,-0.005293961980533446
2018-09-18,0.004903989492557326,0.0054258684074819374
2018-09-19,0.0008062749149591042,0.0010653958025177435
2018-09-20,0.0038923553163885405,0.008104092019286968
2018-09-21,-0.0028071411719188255,-0.0009137744917444568
2018-09-24,-0.010145607141368806,-0.0033218062514892566
2018-09-25,-0.0024711749729634525,-0.0009275371999807325
2018-09-26,-0.005436059106535662,-0.002992486647873438
2018-09-27,-0.0006807977848399815,0.0027942630416062375
2018-09-28,-0.0009021109471032407,0.00010325517532705497
2018-10-01,-0.002827011668365298,0.0034740543120301837
2018-10-02,-0.0036296853288112496,-0.0005828312553349813
2018-10-03,0.0008082700853873082,0.0005487771952847886
2018-10-04,-0.001982032851863269,-0.007815815238018109
2018-10-05,-0.002451704364802798,-0.00559725935781441
2018-10-08,0.004001174269432806,0.0
2018-10-09,-0.004062669470851543,-0.0014586796612466868
2018-10-10,-0.02991154646074512,-0.03166339839042909
2018-10-11,-0.022382613922329653,-0.022026555238311984
2018-10-12,0.005502737526621004,0.013888459248875051
2018-10-15,4.0556362131072277e-05,-0.005617065102552887
2018-10-16,0.019389007249033252,0.021865654487261743
2018-10-17,-0.0035347364675710757,0.00017850909206296173
2018-10-18,-0.010760276741235808,-0.014440974223311254
2018-10-19,-0.0015980165446203287,-0.0005426580287973826
2018-10-22,-0.007114142156765868,-0.004488635842730515
2018-10-23,-0.003983271711468395,-0.005090863519694899
2018-10-24,-0.025034028420104937,-0.030298574570654768
2018-10-25,0.015254294824112558,0.017940797168821243
2018-10-26,-0.011745835966059381,-0.017587341751940655
2018-10-29,0.004140773323200175,-0.005540441157264375
2018-10-30,0.02221988868554603,0.014818429361150187
2018-10-31,0.0010060020361795097,0.010681017859148989
2018-11-01,0.01577671530122493,0.010641678088984863
2018-11-02,0.0022281283784657546,-0.005923195726484698
2018-11-05,0.00836052935536391,0.005517224364103068
2018-11-06,0.010414502093953448,0.006327583154920768
2018-11-07,0.012581707577034251,0.021409297430008634
2018-11-08,0.0010530485227724373,-0.0018152560306309296
2018-11-09,-0.004840652649567456,-0.009767828162361103
2018-11-12,-0.012151885601682011,-0.018685446333341904
2018-11-13,0.0004238580939062153,-0.0018714021277027593
2018-11-14,-0.00810892005957109,-0.006836241432762069
2018-11-15,0.00452565118833359,0.010436316247501187
2018-11-16,0.005016227858953171,0.0026010913439422634
2018-11-19,-0.010866301330748285,-0.016914587662031466
2018-11-20,-0.016232749070715702,-0.018506566863742857
2018-11-21,0.006573792913234566,0.003407978868976036
2018-11-23,-0.0034114037276832265,-0.0066790349150330774
2018-11-26,0.011301512510758283,0.016144473992640185
2018-11-27,0.0018633822185516458,0.0033644686192437767
2018-11-28,0.018288265082385458,0.023025051130155294
2018-11-29,-0.004123719943610604,-0.002184957911873453
2018-11-30,0.0036725045749277374,0.006095227530781511
2018-12-03,0.010263403615281552,0.01324162239145199
2018-12-04,-0.032279061295726996,-0.032402461914370906
2018-12-06,-0.0003478439343415074,-0.0015168506242485558
2018-12-07,-0.019071036594731527,-0.023236190069717444
2018-12-10,-0.0006170187510041725,0.001896997785775456
2018-12-11,-0.000922924630217814,0.00022687433779711164
2018-12-12,0.0004576654384991219,0.00503571407515313
2018-12-13,-0.0019481057905211818,-0.0003392064438653142
2018-12-14,-0.014630759917039327,-0.018464650620364398
2018-12-17,-0.02372031024345367,-0.019618586754313494
2018-12-18,-0.0006791442636983058,-0.0010961999563074976
2018-12-19,-0.016044724018219214,-0.014975612001044913
2018-12-20,-0.017373617409169206,-0.01627808016332488
2018-12-21,-0.01622434665326511,-0.020489529637669812
2018-12-24,-0.0275597309612714,-0.026423041639274447
2018-12-26,0.044470257345577524,0.05052502213214005
2018-12-27,0.009598691013449345,0.007677113414202186
2018-12-28,0.0022287743422582107,-0.001289750917454091
2018-12-31,0.008830398911172432,0.008758778830602498
2019-01-02,6.180295914748335e-05,0.0010402419302795174
2019-01-03,-0.020233357632735705,-0.02386261994366201
2019-01-04,0.029072838780208388,0.03349584059890365
2019-01-07,0.016301355270127882,0.00788437534736186
2019-01-08,0.012767217413370613,0.009395263590788794
2019-01-09,0.006313982600029799,0.004673585785768708
2019-01-10,0.008353299704110029,0.00352766230676016
2019-01-11,0.0012135213107264953,0.0003860281723018222
2019-01-14,-0.0051351499739411555,-0.006100754284152798
2019-01-15,0.008411327855327944,0.011460845531567676
2019-01-16,0.0033122915465801928,0.002419801359336393
2019-01-17,0.008535844526479819,0.007586731603039576
2019-01-18,0.01431839229856835,0.013309896101393992
2019-01-22,-0.012847082886965788,-0.013510435836555534
2019-01-23,-0.000415014671668823,0.002092691211383002
2019-01-24,0.008429377592495957,0.0005313647626301599
2019-01-25,0.01299892654637258,0.00846130010974111
2019-01-28,-0.005961429097089299,-0.007600527305145266
2019-01-29,0.0022768733101605765,-0.0013264885278254646
2019-01-30,0.010678790457009146,0.015830820486743447
2019-01-31,0.0029688610450648856,0.00878236720808756
2019-02-01,0.0035902820446707118,0.0004812175162418608
2019-02-04,0.005096972674583755,0.00703581490850147
2019-02-05,0.004214460178690649,0.004191969822321395
2019-02-06,-0.000969405198818496,-0.0013186243621255977
2019-02-07,0.001398810550293561,-0.00953261796021343
2019-02-08,0.002124757681793543,0.0012213486427334885
2019-02-11,0.00774159445127065,0.0005547328670951757
2019-02-12,0.01190103110025098,0.01285934778736908
2019-02-13,0.004741965884626609,0.003247014218574318
2019-02-14,-0.0015551530497055488,-0.0022182183945949063
2019-02-15,0.010367616767686272,0.010897055278266343
2019-02-19,0.0017700167477177065,0.001730998077629664
2019-02-20,0.0020146293425917783,0.0020152426606396823
2019-02-21,-0.0007355823821381113,-0.0035558800531201307
2019-02-22,0.0033084614391121203,0.006199768505997794
2019-02-25,-0.0015184336538169863,0.0013615240341384727
2019-02-26,-0.0022029764739376345,-0.0007155948427017833
2019-02-27,-0.0002753024248405289,-0.000429408553367705
2019-02-28,-0.0011966634052497094,-0.001862605669981976
2019-03-01,0.0066923587003200335,0.006243531106912892
2019-03-04,-0.0020653228605455043,-0.00363717220326798
2019-03-05,-0.0032392107126877345,-0.0013599522853671164
2019-03-06,-0.008880274652340425,-0.006057205901281892
2019-03-07,-0.007262195864011112,-0.008365641755722297
2019-03-08,-0.001369945253806848,-0.0019997410389485104
2019-03-11,0.012997917522217017,0.014501122842739855
2019-03-12,0.005219591734388684,0.0037710027322157558
2019-03-13,0.006887668424540916,0.006619522945112921
2019-03-14,-0.0007770778484139651,-0.0006399718056833148
2019-03-15,0.002713849033273208,0.004940916731448253
2019-03-18,0.006858816809077517,0.0036255391086696953
2019-03-19,-0.001254571378770386,0.000247900926502842
2019-03-20,-0.006934658114902681,-0.0030097622486360276
2019-03-21,0.014028486593133938,0.011294615983176826
2019-03-22,-0.02007015068716922,-0.019246396710459024
2019-03-25,0.0012605164772858668,-0.000751966124220238
2019-03-26,0.010352588024951537,0.007453933592890261
2019-03-27,-0.0010953132965016987,-0.00522893003059921
2019-03-28,0.006314126261375286,0.003790613171747781
2019-03-29,0.0055838661061222705,0.006305215590920676
2019-04-01,0.013522694116215206,0.011859706452147512
2019-04-02,0.00012650168170846854,0.000489612011814744
2019-04-03,0.003492714866643265,0.0015731942857033498
2019-04-04,0.002977237593669413,0.002653315834593384
2019-04-05,0.007128346701889443,0.00484043138620982
2019-04-08,0.0010458021224466485,0.000762252925217366
2019-04-09,-0.008721218735677994,-0.005124660059875663
2019-04-10,0.0066992367564173705,0.0034109277740053123
2019-04-11,0.0029275022351340496,-0.00027744140504504244
2019-04-12,0.009453383007529625,0.006765642352246415
2019-04-15,-0.003040790687268702,-0.0006546331083233659
2019-04-16,0.0007559678743893627,0.000655061933553025
2019-04-17,-0.00678297880370049,-0.0024466722700240418
2019-04-18,0.0015905491911247793,0.0019695354024222844
2019-04-22,-0.004934021811000999,0.0008615841069503638
2019-04-23,0.009709603528246458,0.008991578426233993
2019-04-24,-0.00021147259862386303,-0.002219332051263345
2019-04-25,-0.007986965867118112,-0.0006159138077721504
2019-04-26,0.006276545064958006,0.004656709617355315
2019-04-29,0.0013049036662944324,0.0015678257539308849
2019-04-30,0.002220959117631649,0.0005105700331704544
2019-05-01,-0.007332484054657695,-0.007516263018278457
2019-05-02,0.001530031619452199,-0.002159554659475371
2019-05-03,0.008165060667539636,0.009788008694609163
2019-05-06,-0.00773248795040582,-0.004114943749761624
2019-05-07,-0.017892813400338214,-0.01669970449901481
2019-05-08,-0.0027073035022885383,-0.0013894118090002072
2019-05-09,-0.00027306505969104666,-0.0030256362584332175
2019-05-10,0.004750016539317281,0.005023050084786984
2019-05-13,-0.024018623658895955,-0.02513012542485893
2019-05-14,0.008575683824150415,0.00904345545867069
2019-05-15,0.0023645432302377145,0.00585764975707237
2019-05-16,0.005899009131256516,0.009261566767789109
2019-05-17,-0.005565663343240379,-0.006465240881621259
2019-05-20,-0.006447584467502154,-0.006612022278886687
2019-05-21,0.009695642899675283,0.009015431120933393
2019-05-22,-0.0056339947841690385,-0.00307152550305001
2019-05-23,-0.01231383625955762,-0.012218160150219703
2019-05-24,0.0016046730583310076,0.0022682715269066733
2019-05-28,-0.00907885925158558,-0.009300538056863927
2019-05-29,-0.008968388409543837,-0.006710763789168239
2019-05-30,0.0019062918425851727,0.0027313302036449105
2019-05-31,-0.011567651695648662,-0.013475338323682418
2019-06-03,0.005254649010600465,-0.0025430201889109494
2019-06-04,0.023603089113084508,0.021706900914766347
2019-06-05,0.00959642307699804,0.008661919525468464
2019-06-06,0.005280918450279781,0.0065026082087416
2019-06-07,0.005184682187862277,0.010007154849864142
2019-06-10,0.004871342699650727,0.004588733453978477
2019-06-11,-0.00020886227802840995,-0.0002420874053939981
2019-06-12,-0.002294533871547322,-0.001765848428079475
2019-06-13,0.006092466173655442,0.0041268185883158726
2019-06-14,-0.0034577358411840287,-0.0011045879355880972
2019-06-17,-0.003707695375459341,0.0003799243477398129
2019-06-18,0.009118793555011218,0.01047087810441516
2019-06-19,0.003840743876404984,0.0022575008463454616
2019-06-20,0.007196798094708745,0.009554243576048282
2019-06-21,-0.005196131977224017,-0.0014538501896520506
2019-06-24,-0.003678188830388396,-0.0012244479062090141
2019-06-25,-0.004221237609309703,-0.009807936567528652
2019-06-26,-0.002681826958105926,-0.0009972682664391996
2019-06-27,0.008131341974655815,0.003545861812945139
2019-06-28,0.010834966793932477,0.0051456599252184265
2019-07-01,0.00434028306176204,0.00907870001640787
2019-07-02,-0.0006194080778116895,0.0026044751910083708
2019-07-03,0.008792792203132782,0.00799477205414556
2019-07-05,7.67714376652684e-05,-0.001137532689115206
2019-07-08,-0.0042447782116251664,-0.005494998283060104
2019-07-09,-0.00013902389360376244,0.0012465481406669365
2019-07-10,-0.0002181459198196123,0.004778062838106001
2019-07-11,-0.0009233130344490359,0.002344478204007183
2019-07-12,0.009102883606390444,0.0044767088367496655
2019-07-15,-0.0007681303837646647,0.00033258880238773436
2019-07-16,-0.0005799802177861579,-0.0032254647380837165
2019-07-17,-0.010380396325437413,-0.0068049083058004944
2019-07-18,0.004256202919717289,0.0036610576043913934
2019-07-19,-0.006541146784888596,-0.00555486988057452
2019-07-22,-0.0011395030364756975,0.002456352436884801
2019-07-23,0.008395917302725708,0.007150125821210329
2019-07-24,0.010013735128081347,0.004699574550518282
2019-07-25,-0.007200192829651564,-0.0047770175274369775
2019-07-26,0.005285185923646241,0.0066996754560246785
2019-07-29,-0.0006134486456547128,-0.0018214478752452967
2019-07-30,0.0013678490678061817,-0.002454388817819342
2019-07-31,-0.00993718230277485,-0.010940253995686544
2019-08-01,-0.014663215206084823,-0.008707941041486755
2019-08-02,-0.005497766396005521,-0.007529630389378261
2019-08-05,-0.027597323902429194,-0.030073051803103046
2019-08-06,0.01356648988001452,0.014022821799789975
2019-08-07,0.0005363098641912867,0.0005908565534060717
2019-08-08,0.01684912244600567,0.019620447814120645
2019-08-09,-0.008620082766501613,-0.006811723015956117
2019-08-12,-0.010504741116769578,-0.01217365730292852
2019-08-13,0.009472933341268419,0.015551738795014591
2019-08-14,-0.02774890791156437,-0.029567553626821286
2019-08-15,0.004446639319960033,0.0026417048555664735
2019-08-16,0.01493665057311433,0.014755091093873851
2019-08-19,0.010526865945920338,0.012047986059602556
2019-08-20,-0.009581714359862104,-0.007662552901115283
2019-08-21,0.00804838204587921,0.008135565170985792
2019-08-22,0.001154670013986392,-0.00030813774137450345
2019-08-23,-0.02528527005179204,-0.025687559033254037
2019-08-26,0.010171188247370289,0.011058488463362881
2019-08-27,-0.005618867347861212,-0.003923704612082468
2019-08-28,0.00789738224494263,0.0070415773659791014
2019-08-29,0.013552455132483265,0.012773000076670815
2019-08-30,0.001832164453053231,-0.0004438532546473528
2019-09-03,-0.008219926334399053,-0.005847469858295762
2019-09-04,0.009021984993242249,0.011350344916672306
2019-09-05,0.014695384638413023,0.012855297246502362
2019-09-06,0.0029292503273061765,0.0007723590764474597
2019-09-09,0.008114127851140962,0.0005032351721230288
2019-09-10,0.003551369704266616,-0.00023470234745304186
2019-09-11,0.010285351037691681,0.007111363911357582
2019-09-12,0.0013054364049200906,0.0034631487312510867
2019-09-13,5.890166135724684e-05,-0.0006636529445332995
2019-09-16,0.0006890780491717319,-0.003088802570023419
2019-09-17,0.0022435147917985176,0.0025321835531506576
2019-09-18,-0.0012636157652579083,0.0005980330560586555
2019-09-19,-0.005321826170247013,-6.628399602026658e-05
2019-09-20,-0.004159382393068123,-0.004725175277924154
2019-09-23,0.0004111517714358026,-0.00023423590660942573
2019-09-24,-0.008115612227863278,-0.00784705335449376
2019-09-25,0.007424733839254127,0.005915051060713328
2019-09-26,-0.0008113845476964698,-0.0020832553446843427
2019-09-27,-0.0033041339080545074,-0.005387479074240753
2019-09-30,0.005493508368250355,0.004637691696425694
2019-10-01,-0.014824329019000881,-0.011894413951794247
2019-10-02,-0.017088668163004694,-0.017664895801707825
2019-10-03,0.006850988164480043,0.008192983866364356
2019-10-04,0.01116195057711833,0.013531951554945465
2019-10-07,-0.005129187254075185,-0.0043143788191738475
2019-10-08,-0.016455183394806228,-0.015524661064651446
2019-10-09,0.009053292646968858,0.009495996656873285
2019-10-10,0.00664241072166627,0.006763687434364618
2019-10-11,0.01511993142392365,0.010366557945941546
2019-10-14,-0.002330755687391939,-0.0011132786196931255
2019-10-15,0.00746182396647832,0.00990004816846457
2019-10-16,-0.001283536184694123,-0.0016060438628274776
2019-10-17,0.0032948293174559495,0.002948925293180471
2019-10-18,0.0009617447451133465,-0.004376967518942898
2019-10-21,0.00985216994096616,0.006779071181767904
2019-10-22,-7.304411195585558e-05,-0.003266650133179505
2019-10-23,0.0008612380138848241,0.002909576642850187
2019-10-24,0.0016181844646143695,0.0016340359322286613
2019-10-25,0.003716046550969354,0.004094737004396665
2019-10-28,0.0031691684528289965,0.0056366634699722695
2019-10-29,0.00026366711892400474,-0.0002966341921747384
2019-10-30,0.0015930115091706831,0.0030672731560916766
2019-10-31,-0.005128874474143896,-0.0026633268237880037
2019-11-01,0.009156717421869631,0.009263894541885032
2019-11-04,0.007259397205985785,0.004017451414323858
2019-11-05,0.0014334927669075181,-0.001105973797919435
2019-11-06,-0.0014468219883971845,0.00022810690180219417
2019-11-07,-0.0002476880653716762,0.0035168750777210267
2019-11-08,-0.00024366041064782795,0.002466164824048489
2019-11-11,-0.0009732768754966425,-0.0019098127792567254
2019-11-12,0.0016157501818958586,0.0021077305291496984
2019-11-13,-0.0026930092218723223,0.0003238515352483873
2019-11-14,0.0024654233053214014,0.0014558829995532374
2019-11-15,0.005854857265667146,0.007236092869768562
2019-11-18,0.0005762887079308054,0.0007375905211277622
2019-11-19,-0.003039983021114523,-0.00028845173477587416
2019-11-20,-0.004441131233459017,-0.0037187874990559644
2019-11-21,-0.004649935096214808,-0.0016085234465292864
2019-11-22,0.0034702193387001756,0.0022236112055988855
2019-11-25,0.009525390217468788,0.007750209629918237
2019-11-26,0.0020617905688351534,0.0022656531607023744
2019-11-27,0.004598104410202364,0.0044577037414001985
2019-11-29,-0.00467262920216327,-0.003708957662484469
2019-12-02,-0.007704689431465961,-0.008494626824494422
2019-12-03,-0.007943197646212874,-0.00670633388301467
2019-12-04,0.005869278206247941,0.006170214265232898
2019-12-05,0.003178026591754257,0.0017977141178793232
2019-12-06,0.009007373667727858,0.009134520036532923
2019-12-09,-0.0018686323651302406,-0.0031444610421057506
2019-12-10,-0.0023810076082240172,-0.0011150022922283842
2019-12-11,0.0032890339314657346,0.002838514532134795
2019-12-12,0.010009089949331473,0.00861898289491303
2019-12-13,-0.0038955755800071934,0.0005990355749461163
2019-12-16,0.005969684125294972,0.00687003211027748
2019-12-17,0.0014819106797805404,0.00021899390314672473
2019-12-18,0.00048203708898841846,6.248098005467995e-05
2019-12-19,0.003658531022812772,0.004099651251909364
2019-12-20,0.003955756477123762,0.0043840880703611695
2019-12-23,-0.0008347461282121049,0.0015273114289935386
2019-12-24,0.0005754142712570687,3.118785819267167e-05
2019-12-26,0.002718903950048812,0.005323289492888739
2019-12-27,-0.0014990591097528982,-0.0002476569532403605
2019-12-30,-0.002592405853952151,-0.005513102695009597
2019-12-31,0.004396982617444811,0.0024292408333781434
2020-01-02,0.0016893135973616857,0.009351861506625259
2020-01-03,-0.004363716645332305,-0.007572238524382713
2020-01-06,0.0006466671461013984,0.003814800256660922
2020-01-07,-0.001698126067032124,-0.0028113016679606195
2020-01-08,0.002565389242399574,0.005329173715769908
2020-01-09,0.0039112182836775755,0.0067807736490044235
2020-01-10,-0.002322071077540566,-0.002877403944944734
2020-01-13,0.007968334506167185,0.006877264038628539
2020-01-14,-0.00042547069065468346,-0.0015250493194657322
2020-01-15,0.0032878207120687897,0.0022601165507085685
2020-01-16,0.009680755509288819,0.008318400431589712
2020-01-17,0.0022764492400844105,0.0031126373074683578
2020-01-21,-0.005065049082456308,-0.001958060642739734
2020-01-22,-0.0007378585632362711,0.00012065335454636283
2020-01-23,0.0043521800067238825,0.0011468244733692234
2020-01-24,-0.00865236214914955,-0.008892984992288855
2020-01-27,-0.01587428631362031,-0.016029503045182913
2020-01-28,0.007819849330354067,0.010479171567788992
2020-01-29,-0.0023920961670329532,-0.0008264443391781118
2020-01-30,0.0028197286020572587,0.003245735818206974
2020-01-31,-0.01883236828133994,-0.01815801941569084
2020-02-03,0.0051812488437601445,0.0074287952692861925
2020-02-04,0.013568444552854553,0.015241334872728718
2020-02-05,0.011882613389754049,0.011547806524641047
2020-02-06,-0.0007393826440378337,0.003365070186222452
2020-02-07,-0.00834311135093102,-0.005330039608092529
2020-02-10,0.005532270005900175,0.007465471215524877
2020-02-11,0.005361215761997551,0.0017330529690193774
2020-02-12,0.006451541440537278,0.006442608530826011
2020-02-13,-3.528326319846009e-05,-0.0010669769783955285
2020-02-14,0.0005200481566407511,0.0016021254143894215
2020-02-18,-0.0018544672919207361,-0.0025766501233773775
2020-02-19,0.002619955674801222,0.004781134970891721
2020-02-20,0.0023185034845036867,-0.004108154523381757
2020-02-21,-0.007148797659044193,-0.010298530937564387
2020-02-24,-0.031072204937856118,-0.03316535925400732
2020-02-25,-0.031439209419816594,-0.0303022299694512
2020-02-26,-0.011127967624813717,-0.003678293019115153
2020-02-27,-0.0432402962769739,-0.0449116037777213
2020-02-28,-0.011774920144943302,-0.004201425528158387
2020-03-02,0.035788130964446996,0.04330652746129049
2020-03-03,-0.02634616996817385,-0.028632254704841986
2020-03-04,0.03806073118321773,0.04203284820061404
2020-03-05,-0.03723418123975686,-0.03324198388585076
2020-03-06,-0.01937956762473403,-0.01653088740766062
2020-03-09,-0.07979804443208482,-0.07809463625645541
2020-03-10,0.047897200914951865,0.051744922314453934
2020-03-11,-0.05692313073149036,-0.048748435928438694
2020-03-12,-0.09958543519729723,-0.09567712613029622
2020-03-13,0.07927619591733692,0.0854864908643973
2020-03-16,-0.12902109793991157,-0.10942387950531896
2020-03-17,0.05042922928312832,0.05399198463478028
2020-03-18,-0.08102558720934294,-0.050632673953964535
2020-03-19,0.01669835970532274,0.002125032767734014
2020-03-20,-0.043610205650712386,-0.043094209626045266
2020-03-23,-0.03330010861268384,-0.02556832918434848
2020-03-24,0.10710223765884352,0.09060336601156083
2020-03-25,0.030174755240003792,0.01496997750915896
2020-03-26,0.05087507556393045,0.058390171076877495
2020-03-27,-0.0290628705251349,-0.029785806460796982
2020-03-30,0.02101540740142882,0.03247578009528462
2020-03-31,-0.011864956461522413,-0.014905324846541168
2020-04-01,-0.061836524097509504,-0.04500506545028016
2020-04-02,0.008888351676762607,0.023075324329212554
2020-04-03,-0.012459106495666061,-0.014454262236558324
2020-04-06,0.09438088672362865,0.06716612016646284
2020-04-07,0.021358423307236807,0.0010194870113329202
2020-04-08,0.04996759778113358,0.03356880094708781
2020-04-09,0.035615441981041274,0.015217248953463436
2020-04-13,-0.028431642091857334,-0.009130046766302802
2020-04-14,0.021600318788260298,0.029492795076685896
2020-04-15,-0.041700856766701655,-0.02124794358229809
2020-04-16,-0.013343474764940355,0.004823759788392001
2020-04-17,0.05048702136455163,0.027015694724552786
2020-04-20,-0.027131720445198515,-0.017618079970257328
2020-04-21,-0.027244032677846253,-0.030363056030975888
2020-04-22,0.024369110788087678,0.02219418110469773
2020-04-23,0.00663672644840152,-7.136939430585354e-05
2020-04-24,0.012374730096617936,0.013938485897293296
2020-04-27,0.029955828633368542,0.014418779433936768
2020-04-28,0.021929189401036497,-0.0045986577591043964
2020-04-29,0.044831207065746836,0.026178637647946257
2020-04-30,-0.0262939869842731,-0.009311043893303839
2020-05-01,-0.045154663673954265,-0.026473099231406505
2020-05-04,0.0003779800963841229,0.0027578865141204556
2020-05-05,-0.003709154772223666,0.00923971115980593
2020-05-06,-0.01856268285515439,-0.0067788167573434865
2020-05-07,0.022329769760295104,0.012066674343916173
2020-05-08,0.03522739566234567,0.01654647616212035
2020-05-11,-0.01627968535118307,0.00020502243667475106
2020-05-12,-0.027010327240468146,-0.0199316777362899
2020-05-13,-0.03619189186468741,-0.017685722319475072
2020-05-14,0.013199910713114216,0.01196731253135952
2020-05-15,0.005758683578004131,0.004596924758806686
2020-05-18,0.06500237003087239,0.030459893211844724
2020-05-19,-0.019112539411957563,-0.010271211572846162
2020-05-20,0.020977266490591617,0.016987856801333967
2020-05-21,-0.00048826168725579766,-0.006903929400113085
2020-05-22,0.0006058124675210053,0.001898835074926719
2020-05-26,0.04128836837461414,0.012320946463000748
2020-05-27,0.02571603439668313,0.014879007192966975
2020-05-28,-0.01833725339334069,-0.0018450499308638735
2020-05-29,-0.010777249065188621,0.004456072793552979
2020-06-01,0.021348591537847295,0.004041394015843691
2020-06-02,0.016125429077891384,0.008280161696103239
2020-06-03,0.03478938436993495,0.01330823534279979
2020-06-04,0.01320911182269291,-0.0026262863443319295
2020-06-05,0.04972154392834072,0.025629575796038306
2020-06-08,0.03626962873768802,0.012087137755965482
2020-06-09,-0.0350837129383752,-0.007456343310219937
2020-06-10,-0.03737749431216342,-0.00558040184233366
2020-06-11,-0.07923976643621511,-0.05764889206513635
2020-06-12,0.02812447557746789,0.011975635251027406
2020-06-15,0.009340142038946286,0.009335696231596247
2020-06-16,0.02357983963068566,0.019247650712751918
2020-06-17,-0.02046895715588226,-0.004153862865454605
2020-06-18,-0.0007721122971775518,0.0003849705945953019
2020-06-19,-0.014636731731466512,-0.005714517538703778
2020-06-22,0.004163352119577635,0.0064149788004017605
2020-06-23,-0.0002023953918731669,0.004603526568228489
2020-06-24,-0.03947150323991522,-0.0255088530257902
2020-06-25,0.011760369628498468,0.01072063469461737
2020-06-26,-0.02459459191185609,-0.0237515250877951
2020-06-29,0.025062394106604158,0.014697743547216424
2020-06-30,0.011996300758828626,0.01280949920699892
2020-07-01,-0.002791588015857438,0.0070048863772056436
2020-07-02,0.006624402021831344,0.005506808626957405
2020-07-06,0.013819368649843122,0.015437284028876563
2020-07-07,-0.01986789977200698,-0.010313788070217211
2020-07-08,0.0019282694691260538,0.00764854348068833
2020-07-09,-0.01989339091421638,-0.005692577998532067
2020-07-10,0.020825630093351144,0.010210238625808055
2020-07-13,-0.0012119123826691558,-0.008658734480323838
2020-07-14,0.016947076375148473,0.01295913357033851
2020-07-15,0.02715298775093533,0.00918705026278177
2020-07-16,-0.004177559188960123,-0.00329299614175671
2020-07-17,-0.0009876655898661824,0.0028986319594677123
2020-07-20,-0.008458433859406034,0.008081554235930044
2020-07-21,0.012651032687976072,0.0021275856316018693
2020-07-22,0.0068937930530241776,0.0056919921280895736
2020-07-23,-0.00107327311434946,-0.011931653511520923
2020-07-24,-0.007127778618812974,-0.006440543183519609
2020-07-27,0.00186595847754778,0.007292759517036673
2020-07-28,-0.0034736046066433657,-0.0063426093001551775
2020-07-29,0.01836683538722661,0.012298646874060903
2020-07-30,-0.006349192073704102,-0.003567920052564677
2020-07-31,0.00027608156775404957,0.007902221449525015
2020-08-03,0.0011200137601443672,0.006952186332927601
2020-08-04,0.005174462681655223,0.0038625568332784077
2020-08-05,0.008866141389115123,0.00621086974308005
2020-08-06,0.002145145139929694,0.006684389393474488
2020-08-07,0.013014885181448443,0.0007182471960678338
2020-08-10,0.015860456510437215,0.0029888856803093056
2020-08-11,-0.00017416990202157034,-0.008254681321824608
2020-08-12,0.002908263946542089,0.013942333285925201
2020-08-13,-0.00704453423346274,-0.0018078173407062303
2020-08-14,0.0024832489580375317,2.97334586782938e-05
2020-08-17,-0.0035624755334439095,0.00317667537415689
2020-08-18,-0.006753053000246423,0.0021605725634672446
2020-08-19,-0.005420280702206015,-0.004163956481916031
2020-08-20,-0.005322654451276554,0.003113604974710915
2020-08-21,-0.0014601059044776488,0.003547346647241989
2020-08-24,0.020385690954908497,0.010133082263503734
2020-08-25,0.00047991161795613024,0.0034993482759022587
2020-08-26,-0.004473867957750621,0.010025651482927778
2020-08-27,0.009099809850642737,0.002186492437048937
2020-08-28,0.010577143904486608,0.006459385352552305
2020-08-31,-0.009936099962848388,-0.003622389062743925
2020-09-01,0.005931953281218316,0.009418519764404554
2020-09-02,0.016666836519493522,0.01446391525182067
2020-09-03,-0.018249879307219552,-0.03441432488996676
2020-09-04,0.0018552554183350889,-0.008164683592552624
2020-09-08,-0.018290721278164668,-0.02732280349665195
2020-09-09,0.007519850758062052,0.019747305357264988
2020-09-10,-0.012531751532135593,-0.017363459906105994
2020-09-11,0.0018332826813005632,0.0005088304857965298
2020-09-14,0.019151707355823833,0.013171314655888944
2020-09-15,-0.002674755990484834,0.005052610608255792
2020-09-16,0.008756682362361046,-0.003968870514020617
2020-09-17,-0.006229877645868576,-0.008795261457530734
2020-09-18,-0.013637710024146266,-0.01151261998689257
2020-09-21,-0.03263718354269207,-0.011129459973272526
2020-09-22,0.008407782838512512,0.010184423138767773
2020-09-23,-0.02231256703333806,-0.023191305796959272
2020-09-24,-0.0005094150261422126,0.0026655290151142985
2020-09-25,0.011756909961640583,0.01616711421819672
2020-09-28,0.02000579271736247,0.016609225527060234
2020-09-29,-0.01162213035366022,-0.005445692711224082
2020-09-30,0.005812798223334692,0.007581720114637092
2020-10-01,0.004978329979558271,0.00642001508787593
2020-10-02,0.01024628894672408,-0.009494405635321113
2020-10-05,0.015225582205310673,0.01773293103937945
2020-10-06,-0.007934852281781701,-0.014215917257708655
2020-10-07,0.015287849583961455,0.01740688171958449
2020-10-08,0.017556799837653347,0.008862482973391872
2020-10-09,-0.0011740127934617428,0.008929997613585483
2020-10-12,0.00453425160134957,0.016087690465602877
2020-10-13,-0.014726463626539288,-0.006526180291989148
2020-10-14,-0.0011281898626922526,-0.006283493331563084
2020-10-15,0.005282192723701673,-0.0012357478578557402
2020-10-16,-0.005695655217093143,-0.0006043329888979487
2020-10-19,-0.014501781367941224,-0.015203629517701156
2020-10-20,0.009263680262671103,0.004005996529298006
2020-10-21,-0.0027080118700952838,-0.0018929477820038842
2020-10-22,0.011154607543272022,0.005485205439213603
2020-10-23,0.004498646485299629,0.0033952214503099043
2020-10-26,-0.025902152046305083,-0.018479618531240916
2020-10-27,-0.01700318290399716,-0.003447634312914616
2020-10-28,-0.03584602968273476,-0.03417901260284173
2020-10-29,0.012674859439676167,0.01016365369079475
2020-10-30,0.0035260718661116464,-0.010424747866563222
2020-11-02,0.022621566361421097,0.011208240050635254
2020-11-03,0.0321453399496483,0.017655927559330875
2020-11-04,-0.007591256410201641,0.022349195662520582
2020-11-05,0.018606888689852052,0.019502732734249184
2020-11-06,-0.007910130256321812,-0.00022841207455781554
2020-11-09,0.07269778723021858,0.01256581627506037
2020-11-10,0.010791193337736926,-0.0014669602010791705
2020-11-11,-0.002138678797630744,0.0074290797799647645
2020-11-12,-0.019426043223357503,-0.00970132501580212
2020-11-13,0.02765778226860882,0.01384478156154234
2020-11-16,0.028548815353767187,0.012482648687156317
2020-11-17,0.00016979756062318607,-0.0053785467218513405
2020-11-18,-0.012292011123875013,-0.012034639883300668
2020-11-19,0.001913751654814,0.004210167013240174
2020-11-20,-0.007569849879617063,-0.006848183778369266
2020-11-23,0.020575738530266285,0.005994751361380279
2020-11-24,0.026540176346421473,0.01611349737492551
2020-11-25,-0.00855849278334686,-0.0015416564472672256
2020-11-27,-0.004442433139623003,0.0027850578920760594
2020-11-30,-0.01706224334348816,-0.004427059924000276
2020-12-01,0.013482315600916728,0.010937281914726649
2020-12-02,0.008361744159035345,0.0021039774275746215
2020-12-03,0.010765437051131865,-0.0002729463903131668
2020-12-04,0.01858066889466148,0.008617710662656153
2020-12-07,-0.0052096618696361174,-0.0020548625605375515
2020-12-08,0.0009508878718087477,0.0029259913463655085
2020-12-09,-0.003572691020440666,-0.00896865692574933
2020-12-10,0.0013341207527284293,-0.00032710523177215123
2020-12-11,-0.006871208983888377,-0.0011728472530059264
2020-12-14,-0.011319401297405163,-0.004476882338397159
2020-12-15,0.031662253794482176,0.013519392677282971
2020-12-16,-0.012718420925834084,0.0015691540793330017
2020-12-17,0.005284446672226606,0.005591936782192386
2020-12-18,-0.00784428760357947,-0.003992775045872365
2020-12-21,-0.0001204750188354975,-0.0035754570526481677
2020-12-22,0.000912937278420678,-0.0016853345329340685
2020-12-23,0.007633922937308801,0.000898720020238164
2020-12-24,0.0016216610235786355,0.003890243061708709
2020-12-28,0.005247054390856487,0.008590843499281853
2020-12-29,-0.007577655410453632,-0.001907867778949468
2020-12-30,0.010293678443484389,0.0014267524512572294
2020-12-31,0.00978845355342206,0.005080945177768248
2021-01-04,-0.017926293702679064,-0.013614024049308893
2021-01-05,0.009579765382357719,0.00688736174187099
2021-01-06,0.025379344951563354,0.005978620090130393
2021-01-07,0.009321620113960538,0.014857370524221647
2021-01-08,0.0024963933791530835,0.005697838173163605
2021-01-11,-0.000807332484260348,-0.006740939468514728
2021-01-12,0.01185190007701542,0.0002113076149776738
2021-01-13,-0.00443921708585604,0.0026928456196468886
2021-01-14,0.006644206707720146,-0.0035019836114900116
2021-01-15,-0.00849248894607968,-0.0072926813676941205
2021-01-19,0.003978367189473531,0.007851897651000916
2021-01-20,0.00507873097239564,0.013839039632117744
2021-01-21,-0.0051152877567458566,0.0009113183570959027
2021-01-22,-0.0035543127950485864,-0.0035394050376673647
2021-01-25,-0.0029703296762862985,0.003944024898599574
2021-01-26,-0.005389277581201335,-0.0015609225433441676
2021-01-27,-0.01932446505069907,-0.024440666225067686
2021-01-28,0.009969130221964217,0.008600146550524768
2021-01-29,-0.017633174658851614,-0.020019372297961135
2021-02-01,0.012060870337883056,0.01664542461427687
2021-02-02,0.011450573314074397,0.01414039425671021
2021-02-03,0.004786741719187582,0.0007858838861067863
2021-02-04,0.012130600917428458,0.011365978693318679
2021-02-05,0.0041191615126434655,0.003935855913057562
2021-02-08,0.013198804376744366,0.007222014787818143
2021-02-09,0.0015380548310302,-0.0006660260482166391
2021-02-10,0.0035869576477052245,-0.00043538110294805143
2021-02-11,-0.0017596826779177066,0.0016149648761736302
2021-02-12,0.005969889396800765,0.0049396960887932995
2021-02-16,0.002973521713290239,-0.0008658792239165658
2021-02-17,-0.000914415010425107,0.00022946340159024636
2021-02-18,-0.00843561246072333,-0.004255962257000978
2021-02-19,0.00933101919549717,-0.001765941739528043
2021-02-22,0.004610786055451843,-0.0076916708586163285
2021-02-23,0.003358149605064309,0.001214183184202522
2021-02-24,0.017407054319448223,0.011019382560618851
2021-02-25,-0.022857278052865748,-0.02409562741896376
2021-02-26,-0.005973203737854149,-0.005152912847367963
2021-03-01,0.02507453074983368,0.02424057255046619
2021-03-02,-0.004663488083634593,-0.007803381313772895
2021-03-03,0.00014283511776880253,-0.013245819411749737
2021-03-04,-0.015362327489457872,-0.012374822273562902
2021-03-05,0.02604744811523596,0.01839681480760813
2021-03-08,0.01126889108169049,-0.004978989666804101
2021-03-09,-0.0003012653667526788,0.014277619588901391
2021-03-10,0.011933914607974438,0.00622476781585557
2021-03-11,0.004216132909411918,0.010139027180819049
2021-03-12,0.006924875824498855,0.0013465702900528065
2021-03-15,0.006315701099805393,0.0059637774289547085
2021-03-16,-0.013700023724694588,-0.0012614507626510507
2021-03-17,0.005189607835380583,0.003409904239171313
2021-03-18,-0.01008439191798316,-0.01454974825789035
2021-03-19,-0.002003328373953117,-0.0018502709127884431
2021-03-22,-0.0038100846501144536,0.00798519187052893
2021-03-23,-0.017620575190224974,-0.007870748212128187
2021-03-24,-0.00018687603360845184,-0.0050836563468441565
2021-03-25,0.014543861548110382,0.005625569879950554
2021-03-26,0.02057281746485984,0.016115139569937265
2021-03-29,-0.006612977917758056,-0.0005053275168409588
2021-03-30,0.002931933461692182,-0.002652989837401809
2021-03-31,-0.00352281037776514,0.004053353579544838
2021-04-01,0.012031510736280726,0.01079905398216141
2021-04-05,0.009764819465288621,0.014353249021313852
2021-04-06,0.0026018892228134582,-0.0005905175616255365
2021-04-07,-0.002544662448452084,0.0011571939763801442
2021-04-08,0.0014354891498458144,0.004746782418927786
2021-04-09,0.0070714654731887094,0.007270136404638583
2021-04-12,0.0037415090081924784,0.0003644722893862973
2021-04-13,-0.003082837534779448,0.002963691465565521
2021-04-14,0.0027385491896427805,-0.003415066957899504
2021-04-15,0.006914467964456161,0.010742336245106676
2021-04-16,0.005334662375875654,0.0033425005521465767
2021-04-19,-0.0037892038792251004,-0.004912945740058183
2021-04-20,-0.008707315035006435,-0.007321718054047355
2021-04-21,0.012672137794803806,0.009462152657764733
2021-04-22,-0.006655394420509664,-0.009133074163172772
2021-04-23,0.010253309982158676,0.010842469312865255
2021-04-26,0.0012259545165971275,0.0020876219448848765
2021-04-27,0.0024959705412641586,-0.00021547860936643737
2021-04-28,0.00033941864319464443,-0.0002873667338729735
2021-04-29,0.009459309526210768,0.006372498175064578
2021-04-30,-0.00794561367049107,-0.0065702486731701315
2021-05-03,0.007453421875574628,0.0021567782423239645
2021-05-04,-0.0015612707938151837,-0.006169353966029467
2021-05-05,0.0036852051345557246,0.00031281574421537783
2021-05-06,0.00797732922402572,0.007985584953450253
2021-05-07,0.009811617468786338,0.007277903027047339
2021-05-10,-0.0023901712311413803,-0.009902485339671085
2021-05-11,-0.012600722240598605,-0.008924357371763447
2021-05-12,-0.02218867550701853,-0.021245428064721072
2021-05-13,0.013827845012415407,0.01201243701981558
2021-05-14,0.01626546006493923,0.015355371608594126
2021-05-17,-0.0016893986811166162,-0.0025446831393780567
2021-05-18,-0.008770407033010574,-0.0086154746229129
2021-05-19,-0.006928265220004115,-0.0026218888815650043
2021-05-20,0.006962710936836869,0.010758001976735265
2021-05-21,0.0013307396969988172,-0.0008188335976229144
2021-05-24,0.0063850195408865495,0.01019447387558281
2021-05-25,-0.006131529501852806,-0.0022187930775900977
2021-05-26,0.0044496507132458785,0.001984588908926943
2021-05-27,0.005944868759434785,0.0005250463236037284
2021-05-28,0.0018573415213984923,0.0017885379429001258
2021-06-01,0.004674667130088794,-0.0008808095077331712
2021-06-02,0.00088602325244036,0.0015726535334252834
2021-06-03,-0.0004181121122456277,-0.003711492824680529
2021-06-04,0.0032276354708382637,0.009146207060028333
2021-06-07,-0.002945394999999351,-0.000970497554735883
2021-06-08,0.0033270210481797236,0.00021321846108124376
2021-06-09,-0.005012742184489771,-0.001491978930304727
2021-06-10,-0.001618072625721667,0.00464830350173373
2021-06-11,0.005050554640304794,0.001652746963876739
2021-06-14,-0.005437524930433146,0.0022390431963768
2021-06-15,0.00029444913031051456,-0.0018342709708352167
2021-06-16,-0.004994089272730262,-0.005583511859304946
2021-06-17,-0.013038219357160097,-0.000331615625288606
2021-06-18,-0.017296401837988196,-0.013490330515343207
2021-06-21,0.019960848372894135,0.014315778038564764
2021-06-22,0.0003781898484780388,0.0053461985893854536
2021-06-23,-0.0029207340790899927,-0.0012050150486404565
2021-06-24,0.006116706631211555,0.005915743389814487
2021-06-25,0.009116371107971144,0.003552000107870823
2021-06-28,-0.0063270678067965935,0.002015725006372593
2021-06-29,-0.00023813922066984183,0.0005383449648403982
2021-06-30,0.003047702427567911,0.0008415014408171828
2021-07-01,0.007956434900671772,0.005536716544185527
2021-07-02,0.0011051906424364155,0.007643514804670737
2021-07-06,-0.008763111037965787,-0.0018215375299582837
2021-07-07,0.0029841045115004405,0.003534174177915128
2021-07-08,-0.011570319921603733,-0.008148024710265211
2021-07-09,0.018486744466147176,0.010674876059491467
2021-07-12,0.0019516746128740436,0.0035818040049233613
2021-07-13,-0.00982930306020191,-0.003409115718510769
2021-07-14,-0.0012171789066531824,0.001492440561635
2021-07-15,-0.0023615506354959237,-0.0034155305330512142
2021-07-16,-0.008471341990965775,-0.007843614343242655
2021-07-19,-0.019263303307661128,-0.014768075852423235
2021-07-20,0.020100666398438438,0.014330445780912804
2021-07-21,0.014778886062465357,0.008096243137376335
2021-07-22,-0.0038649205914165208,0.0020942374631298666
2021-07-23,0.008398224774790686,0.010287981666244894
2021-07-26,0.00269518136635849,0.0024548601767580003
2021-07-27,0.00011020699839181525,-0.00455755676674896
2021-07-28,-0.0020344533845038093,-0.0004100224410690245
2021-07-29,0.007460707961284063,0.004147400558830006
2021-07-30,-0.002996760595866066,-0.004856429062713885
2021-08-02,-0.001131649782034394,-0.0020982000086451347
2021-08-03,0.007933696921521571,0.008135591252462548
2021-08-04,-0.010789430373407072,-0.00491906585956714
2021-08-05,0.008389002671417511,0.006332969478723971
2021-08-06,0.006826288602335806,0.0016522920502135552
2021-08-09,-0.0006528427774695755,-0.0008133749429585224
2021-08-10,0.005490584386482533,0.0012440749173385779
2021-08-11,0.006736767539084143,0.002484763954781144
2021-08-12,-0.00043211448384583573,0.002996871030628512
2021-08-13,-0.0014465860527278496,0.0018199248294146209
2021-08-16,-0.00031227677433065537,0.0023546002054788406
2021-08-17,-0.00785803005202601,-0.0065553010166014
2021-08-18,-0.010360302093217921,-0.01094498141951028
2021-08-19,-0.002457987145309204,0.0015485390844085511
2021-08-20,0.006872752713485086,0.00795707045465499
2021-08-23,0.0064092339035111134,0.00879646011328461
2021-08-24,0.005110271527397847,0.0015871910904674547
2021-08-25,0.00625010000037407,0.002098457832695022
2021-08-26,-0.007669302107423448,-0.005902975298335389
2021-08-27,0.010890075544822242,0.00894079429517336
2021-08-30,-0.0030952373772413777,0.004397653735962237
2021-08-31,0.0008922632836654287,-0.001481527465475474
2021-09-01,-0.0006119669052213617,0.0005314063075072539
2021-09-02,0.005969502285528616,0.0030765981388312102
2021-09-03,-0.004461143041811,-0.00024290081059175073
2021-09-07,-0.009544518966094095,-0.0035753191633124404
2021-09-08,-0.0001251567203489623,-0.0012182923333140527
2021-09-09,-0.002099399745446928,-0.00428034736815186
2021-09-10,-0.007356370761714137,-0.007884373833044744
2021-09-13,0.004772500710158223,0.0025592258288857916
2021-09-14,-0.007293996203879716,-0.005396586656569502
2021-09-15,0.008657369476393395,0.008352576482489882
2021-09-16,-0.000991902774337694,-0.0015852123250112982
2021-09-17,-0.008103683014654584,-0.009741010047776721
2021-09-20,-0.013595672392866964,-0.016674298502399876
2021-09-21,-0.0035899632659865954,-0.0009444390550344961
2021-09-22,0.011533015870281771,0.009754728792995326
2021-09-23,0.014281467415737215,0.012149981723831749
2021-09-24,0.0014424125702718893,0.001647305624638884
2021-09-27,0.0032571139070420863,-0.0028610771594964612
2021-09-28,-0.014528576077760036,-0.020151819443100738
2021-09-29,0.0032489561845403525,0.0016832355487850226
2021-09-30,-0.016622712841078746,-0.012222480271208536
2021-10-01,0.003938740111952166,0.011884342916451907
2021-10-04,-0.01653551589044877,-0.012896004882773981
2021-10-05,0.010230551582431024,0.010405039388780457
2021-10-06,-0.0024796518596867934,0.004156019887430418
2021-10-07,0.0021434666266906266,0.008645574229487085
2021-10-08,-0.0029132437326734317,-0.0018237656130745128
2021-10-11,-0.00729279915466341,-0.007239660990056795
2021-10-12,0.0011843887272486864,-0.0024614885960387856
2021-10-13,0.0004390150320459085,0.0035973899943593235
2021-10-14,0.013620073703281,0.016820719142979668
2021-10-15,0.003146225713914097,0.007615823322465687
2021-10-18,0.002873227796506672,0.0029603376785791724
2021-10-19,0.00809035928570867,0.0077149006214345395
2021-10-20,0.006517898839785818,0.003927909843936872
2021-10-21,0.003432739824931197,0.002608193719467744
2021-10-22,0.00936559713532592,-0.0010361403788778922
2021-10-25,0.0014672436641902653,0.005362825386199033
2021-10-26,-0.001485686760926308,0.0008998447879982052
2021-10-27,-0.0058108081565536596,-0.004430031455217032
2021-10-28,0.006413917383965684,0.009648835675361012
2021-10-29,-0.012163728924492245,0.002029077589940975
2021-11-01,0.008116683103867706,0.001720297424268713
2021-11-02,-0.0005630774736665733,0.004043052978156991
2021-11-03,0.013252582457782491,0.006105347054614851
2021-11-04,-0.01086556788815174,0.004712506637320812
2021-11-05,0.0009889094536215115,0.0034696703861802902
2021-11-08,0.006133048140212871,0.0008536438675388336
2021-11-09,-0.003928805706009286,-0.003305464033261374
2021-11-10,-0.006944629472900754,-0.008044900464838634
2021-11-11,-0.010240057067990582,0.0003235767576794668
2021-11-12,0.0051400711916722575,0.007546888752901326
2021-11-15,0.014466646997093546,0.00034237833723360644
2021-11-16,0.006952791664494251,0.003957950216836981
2021-11-17,-0.01048881778443822,-0.0024294119478255327
2021-11-18,-0.0011607933815708238,0.003396408601470613
2021-11-19,-0.008427993242359988,-0.001788211090184677
2021-11-22,-0.0033465303970912075,-0.002815070065189107
2021-11-23,-0.0031867012037650744,0.001326003584333879
2021-11-24,0.0007547528794569214,0.0026697825108061846
2021-11-26,-0.020383884873617752,-0.022303376346110126
2021-11-29,0.013556662077040649,0.012266791269114341
2021-11-30,-0.01690206691591123,-0.019457642548078913
2021-12-01,-0.009884071487858526,-0.011107035717291436
2021-12-02,0.017338408185332943,0.015316211550663539
2021-12-03,-0.00446716220458343,-0.008701360440603434
2021-12-06,0.018408334818160954,0.011843435390288537
2021-12-07,0.019258720204884394,0.020684713177487213
2021-12-08,0.005465935265353883,0.002647917144006806
2021-12-09,-0.009234720876018843,-0.006751556067522535
2021-12-10,-0.00226436789644191,0.009413652287969754
2021-12-13,0.0008053978544808604,-0.008858561899521833
2021-12-14,-0.013851896036728206,-0.00687975886227743
2021-12-15,0.005996782336845419,0.01562468143511575
2021-12-16,-0.005825249467603655,-0.008818360036550565
2021-12-17,-0.006759654518593283,-0.01064289654044459
2021-12-20,-0.01641409691387885,-0.010633364604900386
2021-12-21,0.029008503787987028,0.017759046081867957
2021-12-22,0.011114167882321668,0.009998487480495255
2021-12-23,-0.0020038835669985433,0.0062221146847938336
2021-12-27,0.012761696538546863,0.014152328308334461
2021-12-28,-0.0010546876536291494,-0.0008172681431222184
2021-12-29,0.0022991918057198024,0.0012791749891170046
2021-12-30,0.0006311162677108406,-0.002764436749569388
2021-12-31,-0.0020933847655022486,-0.0025201094789963907
2022-01-03,2.931390971072645e-06,0.005789992338768091
2022-01-04,0.0107310941927794,-0.0003351455391004121
2022-01-05,-0.014392112161897508,-0.019202101103052094
2022-01-06,0.0055469593395638395,-0.0009394050259859954
2022-01-07,0.0017097757080954956,-0.00395355261826158
2022-01-10,-0.006009817757688607,-0.0012442803326734309
2022-01-11,0.008188357760976706,0.009108246109446494
2022-01-12,0.00032093530072518917,0.002703595745152665
2022-01-13,-0.0015934992388513258,-0.013778509772031766
2022-01-14,-0.0005712052189423833,0.0004089334122414634
2022-01-18,-0.015543396634991269,-0.01770970049936038
2022-01-19,-0.012089198923630917,-0.010383696147093224
2022-01-20,-0.014980649345452068,-0.011067903166749993
2022-01-21,-0.015376744996564162,-0.019630697210033077
2022-01-24,0.007774085669129516,0.004246745085386916
2022-01-25,-0.006577278163163558,-0.012209016718692567
2022-01-26,-0.004288654498405986,-0.002508617952623471
2022-01-27,-0.007334254405103935,-0.004938038264421962
2022-01-28,0.0170722771479892,0.024835522725324077
2022-01-31,0.015043729212946833,0.018010917681850147
2022-02-01,0.0072590100648577405,0.006756917083867053
2022-02-02,0.007438771459558957,0.009714135402238755
2022-02-03,-0.013289442098731175,-0.023505024983448197
2022-02-04,-0.0009267451871315391,0.004702188566932053
2022-02-07,0.0054828975362399834,-0.003209162237134633
2022-02-08,0.011316787937688755,0.008227788955220694
2022-02-09,0.018749674725728305,0.014636116218005757
2022-02-10,-0.013768720153539471,-0.01796569426523631
2022-02-11,-0.010559408622341171,-0.019718715485623983
2022-02-14,-0.009933629018992862,-0.0032691984525602402
2022-02-15,0.015033157710486744,0.0161268869899851
2022-02-16,0.004496480952994375,0.001120699088813737
2022-02-17,-0.01601044333636037,-0.021361296411511632
2022-02-18,-0.002409002982499464,-0.006475197530866783
2022-02-22,-0.01118840666891563,-0.01073153316705766
2022-02-23,-0.01691914419792173,-0.017738714205671635
2022-02-24,0.006495395370677004,0.015049420022580362
2022-02-25,0.028714446250923897,0.022063789216795415
2022-02-28,-0.003154503179700785,-0.0025585493281748972
2022-03-01,-0.020004034436552076,-0.015230266265339298
2022-03-02,0.023508111655836883,0.018396149545485185
2022-03-03,-0.0006412061955153314,-0.004978492995955985
2022-03-04,-0.00867464273811791,-0.00812462620935539
2022-03-07,-0.028298829432823136,-0.029479057915149376
2022-03-08,-0.005717302696332638,-0.007581758489149104
2022-03-09,0.022836502410015003,0.026810811214108332
2022-03-10,-0.0004321763171709625,-0.004515635976161225
2022-03-11,-0.007597653829147899,-0.012715048443185606
2022-03-14,-0.004550535274036038,-0.007308290039722776
2022-03-15,0.015196935572379111,0.021990317827303096
2022-03-16,0.019623828894888895,0.022174299556102506
2022-03-17,0.014178011072280894,0.012510867464058384
2022-03-18,0.004861835848670282,0.010952888781967651
2022-03-21,0.0012332213261618818,-0.0002923795655559447
2022-03-22,0.005781305827139649,0.01170128821794636
2022-03-23,-0.01096442081376292,-0.012878371612247919
2022-03-24,0.012290795899449591,0.01507427407653461
2022-03-25,0.009986105944177925,0.004883751130932312
2022-03-28,0.00019833132709301537,0.007112882330248649
2022-03-29,0.011199781677663445,0.012370984959849451
2022-03-30,-0.0049407567923326345,-0.0061748895696618344
2022-03-31,-0.011155581799738634,-0.015391328173056662
2022-04-01,0.0024565541145129544,0.002834215900257453
2022-04-04,-0.00012792632481450905,0.00856648469226906
2022-04-05,-0.01005838377276369,-0.01263126027941941
2022-04-06,-0.006307547377061962,-0.009999276383680256
2022-04-07,0.00234186404824821,0.005038977011179613
2022-04-08,0.0032347183306884464,-0.002673975489887459
2022-04-11,-0.007108955111143844,-0.017092415225881896
2022-04-12,-0.0019208408720960968,-0.0037052763258039745
2022-04-13,0.010765719025762843,0.011453704947103516
2022-04-14,-0.005998532024620751,-0.012451609326801671
2022-04-18,-0.0028466631456784963,0.0004109828708027674
2022-04-19,0.01894923140017646,0.016142730889047385
2022-04-20,0.0060643524590164866,-0.0007414719493596955
2022-04-21,-0.015614837927401815,-0.014953791137012451
2022-04-22,-0.025801458597573546,-0.027439010249689644
2022-04-25,0.004456186071418067,0.005797462384849572
2022-04-26,-0.025198250152501656,-0.028960740789019557
2022-04-27,0.00237455128090569,0.0028118416830591464
2022-04-28,0.013907699493451942,0.025259344225323277
2022-04-29,-0.0282887737674532,-0.036955694311715304
2022-05-02,0.0015685799233189357,0.006019528006382391
2022-05-03,0.005959104793383574,0.0045842713205148655
2022-05-04,0.025927895205607454,0.030452783906317782
2022-05-05,-0.030786211801120178,-0.035542861369273426
2022-05-06,-0.008114381774499968,-0.005968960222233144
2022-05-09,-0.02589531295860481,-0.03201717275240723
2022-05-10,-0.0038939011555746417,0.0023105788256312376
2022-05-11,-0.013830160539637926,-0.015886257085376165
2022-05-12,0.004639169095320472,-0.0010441613063348898
2022-05-13,0.021783003408251345,0.023908059847047358
2022-05-16,-0.004690766905791732,-0.004057695315121457
2022-05-17,0.0224780394248294,0.020570559484008433
2022-05-18,-0.039393629905217775,-0.040311644073105835
2022-05-19,-0.001136362155767734,-0.006124637332634686
2022-05-20,0.00011027552749842684,0.0004364791214175323
2022-05-23,0.011223995013933674,0.018710005835392174
2022-05-24,-0.008334102717449388,-0.0076335604957433745
2022-05-25,0.012192410817719823,0.008834945860104249
2022-05-26,0.023765126386999125,0.01998125220651792
2022-05-27,0.023566536296814045,0.024549064391364173
2022-05-31,-0.009778585028087594,-0.005610906719792141
2022-06-01,-0.011202320746645067,-0.008088379149362335
2022-06-02,0.01676673153961339,0.01904339419616563
2022-06-03,-0.012205992001496968,-0.016411481183290055
2022-06-06,0.004838467438961658,0.003044583744670648
2022-06-07,0.00805971274796935,0.009592377411545394
2022-06-08,-0.014686586734271367,-0.01087218837058912
2022-06-09,-0.02062687411873021,-0.023782943059013073
2022-06-10,-0.029499776920290266,-0.028995515538717487
2022-06-13,-0.04228945029953812,-0.03796810765002223
2022-06-14,-0.007141534636226798,-0.003013550355514094
2022-06-15,0.011845453348050095,0.014256383201532996
2022-06-16,-0.03845177671564093,-0.03309606879308069
2022-06-17,0.0055448453852471324,0.002155881774996926
2022-06-21,0.015732621490723853,0.025173591606655332
2022-06-22,-0.001453896965592616,-0.0018129793948249429
2022-06-23,0.007998812735160454,0.009802518130773041
2022-06-24,0.03353359996787875,0.03179388538487782
2022-06-27,3.503931077619704e-05,-0.0038196678815241025
2022-06-28,-0.015813611404682848,-0.020432925416896786
2022-06-29,-0.005721580108756896,-0.0008144937539591446
2022-06-30,-0.005227653099609708,-0.008124306524959546
2022-07-01,0.012682152596628526,0.010576682694497075
2022-07-05,0.0019301866902059484,0.0018887562652860623
2022-07-06,-0.003146336321912635,0.0033770255827196838
2022-07-07,0.016137535527435576,0.014977265102611215
2022-07-08,-0.005010704041522485,-0.0008223740557081749
2022-07-11,-0.01248478809401432,-0.011423817764862565
2022-07-12,-0.0023555151592058454,-0.008848958453470446
2022-07-13,-0.0043552181167990645,-0.0052517818063586574
2022-07-14,-0.010283949894501543,-0.002428265426609899
2022-07-15,0.01959261789577882,0.01910505891790759
2022-07-18,-0.00216038567218102,-0.008256886394501617
2022-07-19,0.03168923654634548,0.027019099203621888
2022-07-20,0.010267748022494194,0.00637311205365676
2022-07-21,0.00493715557068386,0.010183096944078596
2022-07-22,-0.006986974851324823,-0.009277959856972773
2022-07-25,0.0028028710408352087,0.0012150031307727183
2022-07-26,-0.00972826256137771,-0.011831113239054947
2022-07-27,0.02494024242530779,0.025966250544858793
2022-07-28,0.016449522153290097,0.012542435472219449
2022-07-29,0.010222166772912322,0.014578821225146754
2022-08-01,-0.003403997716211027,-0.0029613493788992473
2022-08-02,-0.006831128331333924,-0.006597342957705976
2022-08-03,0.010373416103998778,0.01565963608320242
2022-08-04,-0.003807268975232758,-0.0006757023224835956
2022-08-05,-0.0014054624773178759,-0.0016900491167132214
2022-08-08,0.00415371576034973,-0.0011610701789648292
2022-08-09,-0.008610846144763706,-0.003970888342227696
2022-08-10,0.02243854049923444,0.02100400685962378
2022-08-11,0.005832848847740824,0.0
2022-08-12,0.01721292663308094,0.01692892489342146
2022-08-15,0.0018666351993987806,0.0041207445519566566
2022-08-16,0.00619394668143558,0.0019588453048324794
2022-08-17,-0.01133434733895533,-0.007098020114071124
2022-08-18,0.0031057175020559047,0.0029064849001574355
2022-08-19,-0.01733426947214456,-0.013438235007838362
2022-08-22,-0.025303749186579405,-0.020822457123422677
2022-08-23,0.00035224837772385165,-0.002419223148223404
2022-08-24,0.006453804491763249,0.0032011873058637175
2022-08-25,0.016039793403174185,0.014117609615689197
2022-08-26,-0.032874818853270704,-0.033849205769041046
2022-08-29,-0.005972885014546292,-0.006612139373864623
2022-08-30,-0.009591720172358875,-0.010977887427804256
2022-08-31,-0.01002260446907366,-0.007608844309801244
2022-09-01,0.0014536574896000243,0.003137697582963783
2022-09-02,-0.007327644245915588,-0.010544516078862198
2022-09-06,-0.0030378660539075453,-0.0037730096733362695
2022-09-07,0.02398436959236916,0.017964997456616727
2022-09-08,0.009307156176773912,0.006536215746865581
2022-09-09,0.014610996403736198,0.01553542111624484
2022-09-12,0.00991104561859335,0.010747417176534269
2022-09-13,-0.04042268762830381,-0.043482374900152165
2022-09-14,8.157160457367141e-05,0.0038157278959845
2022-09-15,-0.005423170571862146,-0.01135329772471827
2022-09-16,-0.011613209245666778,-0.007629004704788778
2022-09-19,0.010622875434018741,0.0077550879571313125
2022-09-20,-0.015686348157677,-0.011478462327210837
2022-09-21,-0.01840348657165236,-0.017443848592339828
2022-09-22,-0.018643058459857365,-0.00839997742515608
2022-09-23,-0.01602068316837091,-0.01675468866703933
2022-09-26,-0.01455450748927245,-0.00989269277826732
2022-09-27,-0.0005268042740159684,-0.0025528141350111833
2022-09-28,0.024941637532771788,0.01967637686277879
2022-09-29,-0.019871656825780737,-0.020889094535179953
2022-09-30,-0.013496528916217887,-0.01546339361988247
2022-10-03,0.02677397641217283,0.026401246115179466
2022-10-04,0.03604968829006361,0.03098669787949948
2022-10-05,-0.005904954089952952,-0.0023281389897962246
2022-10-06,-0.011370425444647836,-0.010315768334220099
2022-10-07,-0.02484989423086159,-0.027894221022613408
2022-10-10,-0.0073792949893495274,-0.007635171807012342
2022-10-11,-0.002999984586401161,-0.00633296842416442
2022-10-12,-0.004086786091401007,-0.003298409072095443
2022-10-13,0.024305296524734343,0.02639109441266152
2022-10-14,-0.019925965410381274,-0.022788795532893813
2022-10-17,0.02223531004886037,0.025696997271628774
2022-10-18,0.014967658340388379,0.011749460276686552
2022-10-19,-0.014065029722085787,-0.0070864294849511955
2022-10-20,-0.011853763714363641,-0.008385143837066789
2022-10-21,0.023918536645159527,0.024301382619152267
2022-10-24,0.010814436495061752,0.012236441617179183
2022-10-25,0.020813021729599646,0.015968567295888025
2022-10-26,-0.003151765712920973,-0.007534019862076025
2022-10-27,0.000438283956093688,-0.005339992229725032
2022-10-28,0.022203203530057447,0.02379063527259584
2022-10-31,-0.005211026504594818,-0.0072233683710707375
2022-11-01,0.002085113274750361,-0.004375756632280403
2022-11-02,-0.02539449445591435,-0.02509619338346547
2022-11-03,-0.008739856944936286,-0.010296753602451858
2022-11-04,0.016099609077709465,0.0143930192343944
2022-11-07,0.006744582180190806,0.009565502905875656
2022-11-08,0.0052328122262332855,0.005395598526866108
2022-11-09,-0.01849375897129757,-0.020602350844490136
2022-11-10,0.060250818458601696,0.054954240629343065
2022-11-11,0.01612404833145442,0.00967848445575381
2022-11-14,-0.01263364845769166,-0.008506595777565962
2022-11-15,0.009748407321598318,0.008528911663733485
2022-11-16,-0.01278405239581526,-0.007628809950910531
2022-11-17,-0.006807981529396212,-0.0030597302860086995
2022-11-18,0.008037764231227706,0.00454044952989352
2022-11-21,4.906649714508937e-05,-0.0036360973018604303
2022-11-22,0.012776137077922689,0.013456898075540069
2022-11-23,0.003857181872387816,0.0063017518807853
2022-11-25,0.0032841494943340876,-0.00022378655594323948
2022-11-28,-0.016811445269462322,-0.01595702527136411
2022-11-29,0.005756649836202721,-0.0017174677504273594
2022-11-30,0.022767428182944194,0.03150051397440734
2022-12-01,0.00038347241623259976,-0.000735807812647371
2022-12-02,-0.0007976410054010286,-0.001153745248464455
2022-12-05,-0.019191600357972294,-0.017989177304263304
2022-12-06,-0.012409681911051518,-0.014414891292673593
2022-12-07,-0.004298581640539423,-0.001701203258222428
2022-12-08,0.006337733291448044,0.007833908674596435
2022-12-09,-0.005066214685032988,-0.007470194925461859
2022-12-12,0.015458137745228528,0.014417267087967867
2022-12-13,0.006790170566191023,0.007569832350734718
2022-12-14,-0.007417113775348927,-0.006393490958081727
2022-12-15,-0.02363976854395322,-0.02446163755194175
2022-12-16,-0.012257397879211096,-0.011806065638208518
2022-12-19,-0.009736273374022608,-0.008479652720628672
2022-12-20,0.0015810150403678946,0.0013682034641608887
2022-12-21,0.015637617137712834,0.014952377407010164
2022-12-22,-0.01249183528396669,-0.014266163692207012
2022-12-23,0.007988925851155182,0.005752396120987324
2022-12-27,0.00039391929635357315,-0.003943438883556194
2022-12-28,-0.014600222270645058,-0.012427779847275278
2022-12-29,0.019767140292332064,0.01800016142657168
2022-12-30,-0.004479989457164768,-0.002634042737959974
2023-01-03,0.0008626851557360649,-0.004209932760943391
2023-01-04,0.018895384631201884,0.007720259363264592
2023-01-05,-0.008789734235846391,-0.011413570229072523
2023-01-06,0.023464991067601026,0.022932264424127657
2023-01-09,0.0011081106650665529,-0.0005669877765407394
2023-01-10,0.008234800926616437,0.007012985328829657
2023-01-11,0.013903374561238246,0.012647694174519941
2023-01-12,0.003975677828868873,0.0036407245391145704
2023-01-13,0.0021827997678551814,0.003879569041204123
2023-01-17,-0.001569266466242225,-0.001831833220815926
2023-01-18,-0.01595856527457673,-0.01578807103247426
2023-01-19,-0.012963393961669789,-0.007279805520572058
2023-01-20,0.019629349328670553,0.018629165496018008
2023-01-23,0.013961302061465508,0.011998461533636817
2023-01-24,-0.002673366294473678,-0.0010731053730675955
2023-01-25,0.0017695150619527755,0.000374657975449999
2023-01-26,0.007661806716820596,0.010990383722365271
2023-01-27,0.002986452417371721,0.002297789599550626
2023-01-30,-0.010623848975228944,-0.01254691763902327
2023-01-31,0.020030907633006523,0.014703368599813249
2023-02-01,0.010758019070628677,0.010627910134893614
2023-02-02,0.014909749424983243,0.014556769323557983
2023-02-03,-0.013708659363228515,-0.010629080168557237
2023-02-06,-0.009907833136502675,-0.006111263755458007
2023-02-07,0.010093532772179614,0.013078559832082837
2023-02-08,-0.01427968983011274,-0.010934690880718967
2023-02-09,-0.008548239347885511,-0.008669173695883492
2023-02-10,-0.000588810411632168,0.0023336122428232464
2023-02-13,0.013665553198831226,0.011738963071654895
2023-02-14,-0.0010861941972760691,-0.00046012521852478727
2023-02-15,0.005647486481600961,0.0032473548943154906
2023-02-16,-0.012085322275106058,-0.013768716354969457
2023-02-17,-0.002097954713764394,-0.00249842459604388
2023-02-21,-0.02442726233150483,-0.020060752402108695
2023-02-22,-0.00022068450090950709,-0.0013781251802221783
2023-02-23,0.002116713471550291,0.005319378368793259
2023-02-24,-0.009407372577119877,-0.010682338153404025
2023-02-27,0.001297152571360316,0.003405702845640235
2023-02-28,-0.0015783084552462023,-0.003696051360850827
2023-03-01,-0.002475480903177063,-0.003835810257577066
2023-03-02,0.008379121364706421,0.007777209406264474
2023-03-03,0.013628994345372236,0.01603799690566543
2023-03-06,-0.005172514175921683,0.0006926152985125
2023-03-07,-0.015205627499596641,-0.01532867758988421
2023-03-08,0.003076145828857957,0.0016320250995198737
2023-03-09,-0.021154069260088892,-0.018449708349243643
2023-03-10,-0.019793082472536527,-0.014429526627397049
2023-03-13,-0.009625264258092847,-0.0014251924900759994
2023-03-14,0.011025280563760065,0.016530037761984584
2023-03-15,-0.015705771254995837,-0.006254410158404555
2023-03-16,0.012530174524935989,0.017545092037132504
2023-03-17,-0.01885033963979399,-0.011692453489649535
2023-03-20,0.0134007358920738,0.009615454986194871
2023-03-21,0.013134334041641438,0.013130510142770335
2023-03-22,-0.02152586776926879,-0.01704642705384829
2023-03-23,-0.004227047685142371,0.0027034192357346942
2023-03-24,0.006340453647665001,0.006561826290022443
2023-03-27,0.008416867586941379,0.0018700837879594978
2023-03-28,0.002541043488166972,-0.0022447587702160154
2023-03-29,0.01485997735310951,0.014534816606693202
2023-03-30,0.00497407532984373,0.005855303991362026
2023-03-31,0.016654291978611457,0.014094792317370208
2023-04-03,-0.00037686083126853287,0.003810218919297448
2023-04-04,-0.010242457867117194,-0.005547821844624767
2023-04-05,-0.0034020701878209048,-0.002618393410544706
2023-04-06,0.0009536079868535108,0.0039009441221538044
2023-04-10,0.00742560894611044,0.0010263565064785318
2023-04-11,0.00847316675124632,0.0002685781315772129
2023-04-12,-0.006612602045271698,-0.004076121030035296
2023-04-13,0.008853659763515154,0.01328284334762797
2023-04-14,-0.0031502048749271205,-0.002442650970050142
2023-04-17,0.009950819726384008,0.003588256745694407
2023-04-18,5.3880054504684693e-05,0.0006520487016257182
2023-04-19,0.0014619901585219974,-0.00016882040930810138
2023-04-20,-0.005704779851880226,-0.005457304120709772
2023-04-21,-0.000190208339307274,0.0007771171977890567
2023-04-24,0.0014519713130818346,0.001043019616031593
2023-04-25,-0.016485130518136604,-0.01587377833045578
2023-04-26,-0.004866176173608738,-0.00423565905275769
2023-04-27,0.01807792657403784,0.019908211507865703
2023-04-28,0.012774141503075098,0.008535148710519191
2023-05-01,-0.001140526719978996,-0.001009724786520838
2023-05-02,-0.015362602865338304,-0.01123932355849544
2023-05-03,-0.0040464872164373,-0.0068639389787009675
2023-05-04,-0.012469866736538049,-0.007082915242697219
2023-05-05,0.016827844594778707,0.018512393951233053
2023-05-08,-0.004730008320344425,0.000266612457772597
2023-05-09,-0.0044450091809151715,-0.004385216779829615
2023-05-10,-0.0022017413886070702,0.004672246990246931
2023-05-11,-0.004072332024221859,-0.0017439252782978087
2023-05-12,-0.001323536930244007,-0.0013102866117302714
2023-05-15,0.0075587264971079815,0.003450063419773608
2023-05-16,-0.012895919595350636,-0.00668267428906133
2023-05-17,0.015569354099197685,0.012138974616329179
2023-05-18,0.00942762800935193,0.00963318720862194
2023-05-19,-0.0041550660364088055,-0.001455046036869967
2023-05-22,0.0030995017556347815,0.0004062793222991967
2023-05-23,-0.010474498885457595,-0.011223082620525515
2023-05-24,-0.01087449535185292,-0.007244609258190371
2023-05-25,-0.001833635167216463,0.008659832720260274
2023-05-26,0.0073687957926560355,0.012950577101057625
2023-05-30,-0.0002338869166449431,0.0003809150462803501
2023-05-31,-0.012141275979292154,-0.005545052827781616
2023-06-01,0.007212884678573506,0.009500911467889672
2023-06-02,0.02264563890997029,0.01446134528034082
2023-06-05,-0.0031595196710637596,-0.0019163990817528953
2023-06-06,0.0099070316832639,0.0021775099001855036
2023-06-07,0.009951748198546717,-0.0034576564886293903
2023-06-08,-0.0013749220244644311,0.006048399538004068
2023-06-09,-0.0026867236490358826,0.001794232914622329
2023-06-12,0.005713215952304784,0.009072019723860292
2023-06-13,0.010263743740384301,0.006592978246059422
2023-06-14,-0.0036578047570048344,0.0011907068651821895
2023-06-15,0.011149114112194436,0.012397785010322737
2023-06-16,-0.002354668560209272,-0.0034063135168380665
2023-06-20,-0.0067480954391639925,-0.005188118080103776
2023-06-21,0.0004015066585230098,-0.005123751728731363
2023-06-22,-0.006523028710987866,0.0036095872100794235
2023-06-23,-0.008223573721998112,-0.0075598987197667
2023-06-26,0.006478442092761272,-0.004085672286328834
2023-06-27,0.014348858901959805,0.010963257153059347
2023-06-28,-0.0004426155873121784,0.0005044633123190145
2023-06-29,0.008465887187543375,0.003941286445279024
2023-06-30,0.009709353854250091,0.011800590934627042
2023-07-03,0.004403334607111509,0.0011506223289443618
2023-07-05,-0.005386436693615493,-0.0014871911047333874
2023-07-06,-0.006940551008762452,-0.007830629944856393
2023-07-07,0.004077617006773782,-0.0025247879517317218
2023-07-10,0.007135084157578575,0.0025311786410684434
2023-07-11,0.012860778514833138,0.006368562556071655
2023-07-12,0.005344923252897038,0.00804585996648921
2023-07-13,0.003995413023678784,0.007937012242605679
2023-07-14,-0.008302510459583412,-0.0006229019316355
2023-07-17,0.003604717843634697,0.003472084258311803
2023-07-18,0.006398646174302636,0.007430475686822868
2023-07-19,0.00572824071783451,0.0022239151187759543
2023-07-20,0.00018020034889132397,-0.006634382512805459
2023-07-21,0.0002504957071556291,0.0
2023-07-24,0.0037586248414640533,0.004467111241977184
2023-07-25,-0.0012173909307898745,0.002730077325756808
2023-07-26,0.005618206943166948,0.00015380172259327196
2023-07-27,-0.010268495219396323,-0.006630075300619875
2023-07-28,0.006626948937282551,0.009790455402252318
2023-07-31,0.0035839082363147146,0.001903950950616684
2023-08-01,-0.004334056984733103,-0.002861404008726365
2023-08-02,-0.008568314105465324,-0.013910909105758873
2023-08-03,-0.0036490222352885127,-0.0028658059749402387
2023-08-04,-0.0035131316500526255,-0.004522878899602345
2023-08-07,0.009668708105054824,0.008728620762514794
2023-08-08,-0.0025209668231894744,-0.004348627686302842
2023-08-09,-0.005135580127147654,-0.006685382527136796
2023-08-10,-0.0021279002498527655,0.00035894591534235687
2023-08-11,0.0016294016532250044,-0.0005830778190296648
2023-08-14,-0.001870546356235181,0.0055201027167328665
2023-08-15,-0.014025547577994013,-0.011648723406805672
2023-08-16,-0.0056576694357874935,-0.007338419371269778
2023-08-17,-0.006240751093055774,-0.007619769574304436
2023-08-18,0.0013880143658175914,0.0004812229624389097
2023-08-21,-0.0008427926388858697,0.006506450533914965
2023-08-22,-0.005009305693167154,-0.0027086462730475658
2023-08-23,0.008791054561751332,0.011137746650660807
2023-08-24,-0.00770512376403476,-0.0138591883019471
2023-08-25,0.0030953038124161836,0.007049763020322342
2023-08-28,0.007187332534661417,0.006341311240946057
2023-08-29,0.010809256463239159,0.014454868400048282
2023-08-30,0.003739006648383336,0.004118908529335608
2023-08-31,-0.0029486277236916436,-0.0014635233735001973
2023-09-01,0.00410596270089858,0.001865287736787291
2023-09-05,-0.012595423756480373,-0.004321942791645439
2023-09-06,-0.004043116564170446,-0.006722540611715733
2023-09-07,-0.006264307213299514,-0.00307013102879361
2023-09-08,0.0015319271057163686,0.0015060203525822935
2023-09-11,-0.0005632505575366986,0.006576697106064566
2023-09-12,0.0010486294668272667,-0.005485565822668237
2023-09-13,-0.005702912831549556,0.001165946374684701
2023-09-14,0.012773522176258822,0.008622257382697285
2023-09-15,-0.006253896894983346,-0.012048158115544716
2023-09-18,-0.002622516630562566,0.0005863452497689714
2023-09-19,-0.0008875397226636439,-0.002073680783035048
2023-09-20,-0.004852099185230219,-0.009193464135490714
2023-09-21,-0.01668839299718139,-0.016528310467606833
2023-09-22,-0.006241516339454911,-0.0022485624534226423
2023-09-25,0.0017596253335931955,0.004205156759273132
2023-09-26,-0.013536547257502418,-0.014691234660725527
2023-09-27,-0.0015155293597557407,0.00039913841105798653
2023-09-28,0.006692053329021563,0.005797428103016422
2023-09-29,-0.0020027589129391066,-0.0024268053323003302
2023-10-02,-0.012161687363364315,-0.0003977917512677509
2023-10-03,-0.012807550188641215,-0.013386034760395571
2023-10-04,0.005708698419455427,0.007281870065066975
2023-10-05,-0.0023033826027947235,-0.000376708403377779
2023-10-06,0.005119472592270746,0.011872826166365202
2023-10-09,0.005295720008876348,0.006402312003825461
2023-10-10,0.009065558752826108,0.005204719804402513
2023-10-11,0.0015358755328789275,0.004096309351056426
2023-10-12,-0.014883386860642167,-0.006096450426418154
2023-10-13,-0.0025916688491278705,-0.004980854149874592
2023-10-16,0.013319514130169852,0.010521383332395828
2023-10-17,0.005311260413702001,-4.592278588988474e-05
2023-10-18,-0.016356127271114684,-0.013325007159517788
2023-10-19,-0.012582939743436827,-0.008786487047433011
2023-10-20,-0.01277250598322266,-0.012288077528052166
2023-10-23,-0.006976635737690695,-0.0017330368293498877
2023-10-24,0.006789948596721329,0.007539412402825851
2023-10-25,-0.010915398247995478,-0.014352322757030134
2023-10-26,-0.0009013014275279785,-0.011974458570202628
2023-10-27,-0.010971025876853724,-0.0045328431752262865
2023-10-30,0.008730140190084557,0.011955893424185682
2023-10-31,0.008771035366632818,0.006280089919469267
2023-11-01,0.003253816079833882,0.010664693574886641
2023-11-02,0.021108293568769865,0.01916448475059851
2023-11-03,0.01731085739307492,0.009123325474135413
2023-11-06,-0.007673415044856191,0.002300445530699635
2023-11-07,-0.001999043446393678,0.0028461759199180925
2023-11-08,-0.0010086541857813325,0.0007323310805189553
2023-11-09,-0.00784993289073277,-0.0077987345120880125
2023-11-10,0.010664699200937156,0.01560474906888576
2023-11-13,-0.0031019178699466243,-0.0009533041732727732
2023-11-14,0.03220762272888189,0.019400988889105797
2023-11-15,0.006135785035251029,0.0021169079630216636
2023-11-16,-0.0030953932248442007,0.001223099889221757
2023-11-17,0.004003227054594216,0.0012438434574022494
2023-11-20,0.003997494355473918,0.007697611465657506
2023-11-21,-0.0032858355472374923,-0.002179438067467454
2023-11-22,0.004993703688473294,0.0038607764368581154
2023-11-24,0.0029643237805041522,0.000615409397399791
2023-11-27,-0.0024618786398243886,-0.0018009742299700537
2023-11-28,-0.00028766851442829644,0.0009902308400309145
2023-11-29,0.003033135825027067,-0.0007034937026760835
2023-11-30,0.007338843066359235,0.00393749021323786
2023-12-01,0.017087967063640574,0.00591583844399568
2023-12-04,0.0024282500526260353,-0.005249435990464013
2023-12-05,-0.00919597936726091,-0.0001970326388219812
2023-12-06,0.0016150625656721207,-0.00402982881467584
2023-12-07,0.005714162879662643,0.007630481799562494
2023-12-08,0.002122944141881966,0.004299193527608214
2023-12-11,0.00841907404608988,0.003889593106403799
2023-12-12,0.0021237001933644972,0.004567197751546015
2023-12-13,0.02348911366001505,0.013790108195302686
2023-12-14,0.014184080096882656,0.0032093491365003946
2023-12-15,-0.007705118036145708,-0.001646433383583057
2023-12-18,0.0007831748425981555,0.0056249977868148004
2023-12-19,0.0093221491098745,0.006080867262889589
2023-12-20,-0.0183974175275331,-0.013857249423357532
2023-12-21,0.01293043022192042,0.009481889566151258
2023-12-22,0.0026799502094143612,0.0020096736315231567
2023-12-26,0.005565919854150669,0.004222674496894285
2023-12-27,0.001011296278732976,0.0018079376134947367
2023-12-28,0.0021930739452742376,0.0003777945759595447
2023-12-29,-0.004236004934726201,-0.002895111970071973
2024-01-02,0.0025988794064755183,-0.005596121711177626
2024-01-03,-0.01419252075628763,-0.008166857891670376
2024-01-04,-0.0021653610743658236,-0.003220892186868163
2024-01-05,0.004232477870719675,0.001369504225109619
2024-01-08,0.01045073648024708,0.01427595793662717
2024-01-09,-0.005161102915174465,-0.001517061674658704
2024-01-10,0.0015660797536352078,0.0056553578038645025
2024-01-11,-0.004722445369485628,-0.0004407250763158732
2024-01-12,-0.0031810045192535163,0.0006928451315040274
2024-01-16,-0.0065677505102884615,-0.003671148458278206
2024-01-17,-0.007559138852523906,-0.005558738343145797
2024-01-18,0.005658354048768688,0.00889273268181845
2024-01-19,0.007549990092602377,0.01246623166803218
2024-01-22,0.0052453117089172885,0.002114348633203589
2024-01-23,0.0012621728963881917,0.002916443353095266
2024-01-24,-0.0037848756948751783,0.001093234524868647
2024-01-25,0.011117695977295838,0.005438884516376419
2024-01-26,0.00265215030915833,-0.0012704110208862085
2024-01-29,0.005160420543961264,0.0079194168439356
2024-01-30,0.0004404278813019413,-0.000773547003113273
2024-01-31,-0.013208706057175612,-0.016317300271937896
2024-02-01,0.012358673417624644,0.013088186026951387
2024-02-02,-0.0006754635836749845,0.010527358922269414
2024-02-05,-0.008117291671257187,-0.0036411004772974875
2024-02-06,0.005497327899444127,0.002903114744621904
2024-02-07,0.004873413014205408,0.008340520755988123
2024-02-08,0.0010889748297122637,0.00044174852843359425
2024-02-09,0.0011017619114421784,0.005779209419807474
2024-02-12,0.007394960090975511,-0.0004388911763227865
2024-02-13,-0.017081883471671166,-0.013773088207477469
2024-02-14,0.010861028552901164,0.009087798666713276
2024-02-15,0.01161634619434082,0.006899673903582038
2024-02-16,-0.0028507901854337714,-0.004979857325376202
2024-02-20,-0.002158206938954854,-0.005505547230716057
2024-02-21,0.002612198362385243,0.0009058274626561058
2024-02-22,0.009004361772652514,0.020695602148280035
2024-02-23,0.0027982330114935117,0.0006895540531599575
2024-02-26,-0.006784383039714625,-0.003662491379567423
2024-02-27,0.004821266081968201,0.001857622514620294
2024-02-28,0.001301563541151074,-0.0013215233370976742
2024-02-29,0.004958639294984302,0.0035950212662532177
2024-03-01,0.0031168814635114117,0.009388337337048247
2024-03-04,0.0014266718810675982,-0.001072639189502289
2024-03-05,-0.0046097640471184365,-0.009994096995833646
2024-03-06,0.005535011000558532,0.005067463756709412
2024-03-07,0.005796568074438069,0.009926287489862462
2024-03-08,0.00043641701272489897,-0.0060021960724693235
2024-03-11,0.002518738426545486,-0.0008599205218473571
2024-03-12,0.0007756165990944197,0.010757429798630813
2024-03-13,0.002022037533769838,-0.001567445672765011
2024-03-14,-0.009084694718659359,-0.0019769687095627653
2024-03-15,-0.00024068640585006573,-0.0068664788611634275
2024-03-18,0.0019403203364209975,0.00594315120312805
2024-03-19,0.007209043298616269,0.00555707226589397
2024-03-20,0.01092557759944901,0.00924939737075614
2024-03-21,0.006777531476415133,0.003304588182942547
2024-03-22,-0.006874938513238282,-0.0018956112403413217
2024-03-25,-0.0016868643764119673,-0.0027629309631316268
2024-03-26,-0.0007097554936442707,-0.0018470372196252027
2024-03-27,0.016680876587172655,0.008403781095942309
2024-03-28,0.004881654383077416,-0.0001910261221800269
2024-04-01,-0.006389394473278021,-0.0017398830340575877
2024-04-02,-0.009644757788436431,-0.00635796274352729
2024-04-03,0.0012639102626541554,0.0010984237309172862
2024-04-04,-0.009636027494482335,-0.012205961716456493
2024-04-05,0.005126722889432056,0.010446820267131063
2024-04-08,0.003627277257411521,0.0005592637809379575
2024-04-09,0.004803812697060872,0.0011567125547002899
2024-04-10,-0.01820499033959222,-0.010013079093603383
2024-04-11,-0.0020153277812049453,0.007547049581042797
2024-04-12,-0.01733552735473698,-0.013803224021123217
2024-04-15,-0.00861500937808446,-0.012528162404412457
2024-04-16,-0.004860940578170991,-0.0018236250664540599
2024-04-17,-0.0013658525333756222,-0.005918301856489339
2024-04-18,0.0007340642013158316,-0.002057726635803392
2024-04-19,0.003373292136738204,-0.00872831001849761
2024-04-22,0.007863333632533775,0.009209080683481252
2024-04-23,0.007697601552667299,0.011866608948703172
2024-04-24,0.0014890682038588565,-0.00047460733306348146
2024-04-25,-0.002234301077055245,-0.0037989089424659284
2024-04-26,0.0013300524998600682,0.009473823416559002
2024-04-29,0.007528981412989966,0.003541491468493474
2024-04-30,-0.014327454105396265,-0.01584121643362113
2024-05-01,-0.0030252492976594603,-0.0032471511531019237
2024-05-02,0.004712020018996066,0.009353469116733182
2024-05-03,0.0074240948410242424,0.012395234755111062
2024-05-06,0.007166522769368244,0.010326917563738602
2024-05-07,0.0024511728243559183,0.0011034927315018983
2024-05-08,-0.0001858466450225249,9.647562920434005e-05
2024-05-09,0.008811484060022856,0.0057620494959271795
2024-05-10,0.0011659735471931665,0.0012881036708911608
2024-05-13,0.00040142435284451494,0.00013408237807643886
2024-05-14,0.004918402287995338,0.0045883151651262555
2024-05-15,0.007386620238845953,0.012383027069566177
2024-05-16,-0.0024184160268566623,-0.002057426680129537
2024-05-17,0.0022016361613075297,0.0014372787585241742
2024-05-20,-0.0008926973767737767,0.0011521640657066179
2024-05-21,-0.00024320172339298285,0.0024526522177135135
2024-05-22,-0.003877346255927394,-0.0028794101115631188
2024-05-23,-0.015106358832070454,-0.007304037493225168
2024-05-24,0.008460834998491373,0.0066165093212045
2024-05-28,-0.007113024210937402,0.0006986090995133587
2024-05-29,-0.01153302661841682,-0.007002454871396835
2024-05-30,0.0070049413578965325,-0.00663370423006715
2024-05-31,0.013719003297821608,0.009107957109033116
2024-06-03,-0.00464022703533129,0.0008155167019692211
2024-06-04,-0.005278434440475155,0.0011179786074946296
2024-06-05,0.0064348725349470115,0.011885047080622657
2024-06-06,-0.0015006020185516222,-1.8709279545281454e-05
2024-06-07,-0.004319089194630643,-0.0012156581825513157
2024-06-10,0.000965026914292233,0.0030897925971891116
2024-06-11,-0.0028881460198377784,0.002408336106331843
2024-06-12,0.005210227309227822,0.008212962289140924
2024-06-13,-0.0023680313622227445,0.0020134171606567275
2024-06-14,-0.006693818711744348,0.000608435925496309
2024-06-17,0.007395647441631681,0.007958879582898204
2024-06-18,0.0028263256324485564,0.0025408194982812216
2024-06-20,-0.0010906705936215566,-0.0027168727888006172
2024-06-21,0.002074133804859102,-0.0013404778241101756
2024-06-24,0.0060404642985940615,-0.003250512653033444
2024-06-25,-0.007647161767202815,0.003850963200095592
2024-06-26,-0.0031924173947491807,0.0012479227976163187
2024-06-27,-0.0008417079435094621,0.0015762949369151347
2024-06-28,0.00038660050452832273,-0.003934991598264159
2024-07-01,-0.009761951902399812,0.0020581176325358275
2024-07-02,0.0032389313736491676,0.006729625367541514
2024-07-03,-0.0005421923622749292,0.004462745693646353
2024-07-05,-0.0006096796815920902,0.005766357317971371
2024-07-08,0.002026127221786078,0.001154165084259029
2024-07-09,-0.0025742236635122318,0.0009722552055999589
2024-07-10,0.00914276443903339,0.009895418424408886
2024-07-11,0.015040396098354947,-0.008622723484314698
2024-07-12,0.010137993296982284,0.00630776871850669
2024-07-15,0.0030748845401575853,0.0027498973379078695
2024-07-16,0.020388950398638972,0.005930303534765091
2024-07-17,-0.0007202946427742329,-0.014021172923239233
2024-07-18,-0.009932688149132507,-0.007684924259649506
2024-07-19,-0.008416156555443921,-0.006640829690999217
2024-07-22,0.007235228353843937,0.01031015371636057
2024-07-23,-0.004135117193129645,-0.0015686337077934764
2024-07-24,-0.011393536146604544,-0.0226624808226652
2024-07-25,0.0028526453186830114,-0.005210392136385189
2024-07-26,0.015681991156476727,0.011199711835442328
2024-07-29,0.002149642797011575,0.0005876651219949292
2024-07-30,0.007169667230161991,-0.005066464166732176
2024-07-31,0.002823229994527443,0.01625470242197591
2024-08-01,-0.011430708882056329,-0.014161027407078697
2024-08-02,-0.016839645253965307,-0.018618274249278755
2024-08-05,-0.023862129404709997,-0.029123700429442123
2024-08-06,0.010702133364021593,0.009219464892696205
2024-08-07,-0.00789038545200238,-0.006683936865309659
2024-08-08,0.01762070060892773,0.02311731451964527
2024-08-09,0.00236567687710032,0.004409518321162986
2024-08-12,-0.005619941588927868,0.0005255751042732015
2024-08-13,0.009599525307561585,0.016445657378125755
2024-08-14,0.0021921381446370347,0.00315460641174492
2024-08-15,0.013388508681268174,0.01714024729533259
2024-08-16,0.003003789462156403,0.0022419794051593556
2024-08-19,0.008120549939844457,0.00956148441691429
2024-08-20,-0.0049580927986895285,-0.0016260026793797344
2024-08-21,0.007833380674760804,0.003436329522216619
2024-08-22,-0.001981638607358449,-0.007848245466599457
2024-08-23,0.014596029061304527,0.010625196212023846
2024-08-26,-0.00024850911590490465,-0.002383669320842108
2024-08-27,0.0017631280359045043,0.0013728762591089794
2024-08-28,-0.0009480096558913687,-0.005805139951481575
2024-08-29,0.003775864537706175,8.96338407374575e-05
2024-08-30,0.0074139861676350005,0.009545873959327933
2024-09-03,-0.011520098166919346,-0.020578885636140076
2024-09-04,6.1274878027095525e-06,-0.0020469895515936587
2024-09-05,-0.008312640322786446,-0.002432039258300933
2024-09-06,-0.01079573249771082,-0.016830157923119815
2024-09-09,0.008092957134984813,0.011196200027240755
2024-09-10,-0.0018935613875029622,0.0043556714229291416
2024-09-11,-0.000732674168149261,0.010258833992783822
2024-09-12,0.004286002030773783,0.00842339869940778
2024-09-13,0.00958621706120999,0.00522262710382293
2024-09-16,0.007442739111521712,0.0014769021005409666
2024-09-17,0.0038969317170549633,0.0004087905468845854
2024-09-18,-0.0008975134913730143,-0.002965840757250482
2024-09-19,0.008874807953405783,0.017064378139772574
2024-09-20,-0.0068759288774938865,-0.0017285266823093837
2024-09-23,0.005936917322468593,0.0024988243881325367
2024-09-24,0.002371665854672189,0.0028613320571708734
2024-09-25,-0.00840073635555938,-0.0022056699703504323
2024-09-26,0.010239788509421643,0.0039647481065623325
2024-09-27,0.004464099491804152,-0.0014503630087085995
2024-09-30,0.0018371290764291892,0.004007337580792081
2024-10-01,-0.0070088844553026775,-0.008958539952465427
2024-10-02,-0.0012472495059340227,0.00042219103379426137
2024-10-03,-0.005870738592316571,-0.001828394759832097
2024-10-04,0.009159285845626197,0.00908748932367165
2024-10-07,-0.006822700169705764,-0.00904056543870424
2024-10-08,-0.0003145442052387981,0.009457541347815512
2024-10-09,0.0069218685638625654,0.006926570504826257
2024-10-10,-0.003973964531770013,-0.0017500610912019043
2024-10-11,0.01033436297856416,0.005988159557293038
2024-10-14,0.005820300351046415,0.008178450457311026
2024-10-15,-0.0017881361615337266,-0.007769733319326511
2024-10-16,0.006981188656514314,0.004346282989862171
2024-10-17,-0.0021693802317029887,8.61035028121293e-05
2024-10-18,0.0027019713578375626,0.00384626545675526
2024-10-21,-0.008226184435272677,-0.0016420987746165183
2024-10-22,-0.005658182444526316,-0.0005310922072517821
2024-10-23,-0.0036259133494381812,-0.009137424564856667
2024-10-24,0.0004708557771098132,0.00216283441917553
2024-10-25,-0.0036350051004321315,-0.00034558983077792593
2024-10-28,0.007066984715160762,0.0030914265916550665
2024-10-29,-0.003811491961346114,0.0016184997808803558
2024-10-30,-0.008143109239596602,-0.003025338127910615
2024-10-31,-0.011665309187224193,-0.019602953559515357
2024-11-01,-0.001501126020863608,0.004220450238173301
2024-11-04,0.0011495943802877218,-0.0021540154795790523
2024-11-05,0.011701954290715078,0.012091927433606653
2024-11-06,0.022312959892991424,0.024865475267573656
2024-11-07,-0.0015791079171737499,0.007732166018771691
2024-11-08,0.00370271328241234,0.004331742166261199
2024-11-11,0.004884775261092766,0.0009528259744473466
2024-11-12,-0.005445661599952412,-0.003106343791748345
2024-11-13,0.00011528257699722211,0.00048576946320144643
2024-11-14,-0.006786461885221695,-0.006430121185734161
2024-11-15,-0.005306353320055024,-0.012808605553460195
2024-11-18,0.004669854289455655,0.00409727563891793
2024-11-19,-0.0025932156521895067,0.0036555887377105467
2024-11-20,0.002413738459444037,0.0003386938101652692
2024-11-21,0.01518308166709037,0.005368552016560724
2024-11-22,0.009361885104863577,0.003099278422261653
2024-11-25,0.013333788959864368,0.0033920479412503646
2024-11-26,-0.0029226834722301254,0.0052214809175450405
2024-11-27,0.0018642470547145518,-0.003030163234722827
2024-11-29,0.0013797244551827514,0.006212065548367063
2024-12-02,0.002328928511535322,0.0017924650477565418
2024-12-03,-0.0064493020995702866,0.0004638854809093651
2024-12-04,-0.0009235499247884915,0.006209397334455913
2024-12-05,-0.004493574828761782,-0.0016454982831360931
2024-12-06,-0.000727794922748326,0.0018955341424524708
2024-12-09,-0.0018989526602515294,-0.005149626818415132
2024-12-10,-0.0074365274981906815,-0.003109016445658197
2024-12-11,-0.0003854469150104123,0.007730560713786083
2024-12-12,-0.0037683787630048426,-0.005152491366319456
2024-12-13,-0.005031082011986099,-0.00019862181953211877
2024-12-16,-0.005915222746173732,0.004270086382694771
2024-12-17,-0.006199083524160542,-0.004120052550405595
2024-12-18,-0.028885002398272408,-0.029803676268590595
2024-12-19,-0.0041293042459954465,-0.0003069993520904424
2024-12-20,0.014193601354609564,0.012010996856450795
2024-12-23,0.0008920926821016639,0.005988323763746806
2024-12-24,0.008117956917397695,0.011114961325819461
2024-12-26,0.0011131953821530427,6.662663576384453e-05
2024-12-27,-0.007431569421845752,-0.010526513060112874
2024-12-30,-0.009470753765854045,-0.011411608606290868
2024-12-31,0.0018987428590748756,-0.0036380505985887934
2025-01-02,-0.0034961761761996835,-0.002457043731384667
2025-01-03,0.009999149943057617,0.012503472598431431
2025-01-06,0.001096984298323278,0.0057605614826703455
2025-01-07,-0.004397849081103855,-0.011304015371139453
2025-01-08,-0.002340918350700716,0.0014609389751862878
2025-01-10,-0.01523049566667467,-0.015267376834053104
2025-01-13,0.009578403560101645,0.0015505470222370032
2025-01-14,0.008084237522416382,0.001375822585984121
2025-01-15,0.008822011632459992,0.018189872381068062
2025-01-16,0.007436139251196128,-0.00192306989225699
2025-01-17,0.004395037785153599,0.010039953635990306
2025-01-21,0.011723761553315004,0.009153480738035347
2025-01-22,-0.0066773949802204635,0.0056214680360890945
2025-01-23,0.0037253228168250274,0.005458124141488607
2025-01-24,0.00013247262389404213,-0.0029192782547333707
2025-01-27,0.003767630544307732,-0.01414536769685959
2025-01-28,-0.007779284322294244,0.008592241279474333
2025-01-29,-0.003619939207764711,-0.004482817641149883
2025-01-30,0.00938455175237074,0.005367078407106485
2025-01-31,-0.007104214404901166,-0.005321949711351581
2025-02-03,-0.008408223207772347,-0.00672954613992538
2025-02-04,0.00378469214747601,0.006708326846265988
2025-02-05,0.00285273812857878,0.004054500120593607
2025-02-06,-0.00043976386352895247,0.003475716510411786
2025-02-07,-0.003057918910123636,-0.009153480262878322
2025-02-10,0.005657819797199037,0.006790985288603446
2025-02-11,-0.0019276676188304531,0.0007605320222985323
2025-02-12,-0.0048031486592733375,-0.0032213909113014694
2025-02-13,0.011548145937765097,0.010557568169456522
2025-02-14,0.003966534465731142,-4.925370981989641e-05
2025-02-18,0.013692696907414925,0.0029357672567349447
2025-02-19,0.003664525984600875,0.0023549435384666584
2025-02-20,-0.001497446104756106,-0.004160364461746946
2025-02-21,-0.013734756839194007,-0.01710408451661527
2025-02-24,0.003037624964996377,-0.004550274041330127
2025-02-25,-0.0014973003820664132,-0.004973260146939551
2025-02-26,-0.0005379399344427327,0.0005048550487694037
2025-02-27,-0.012880282429265422,-0.015961929079131076
2025-02-28,0.009678667829804866,0.015605502647115355
2025-03-03,-0.01530884164761892,-0.017519874487343157
2025-03-04,-0.014090156421500244,-0.011836893452684794
2025-03-05,0.009887618081255933,0.010747915551218012
2025-03-06,-0.008125982588920277,-0.01775120719359846
2025-03-07,0.011032267570812548,0.00560497111560232
2025-03-10,-0.009187473817699132,-0.026635660521632576
2025-03-11,-0.010668776180987494,-0.008312847977210325
2025-03-12,-0.005939135494077985,0.005306441097902237
2025-03-13,-0.009530626914093454,-0.013330418660348009
2025-03-14,0.02176167315823352,0.020655716387676826
2025-03-17,0.014000139645699905,0.007711325978399852
2025-03-18,-0.006797876580163509,-0.010808337476654883
2025-03-19,0.007480777730966004,0.01089078411239508
2025-03-20,-0.004515050216784777,-0.0028918019935593176
2025-03-21,-0.0038678230264990177,0.0003298107891269719
2025-03-24,0.012860947077983242,0.017908666621203162
2025-03-25,-0.0034129389328934057,0.0024038818271738815
2025-03-26,-0.00010835281634336003,-0.011938232984461727
2025-03-27,-0.0022404462163791994,-0.002655860384326192
2025-03-28,-0.013428582134610512,-0.020138177263294144
2025-03-31,0.008723163188391059,0.006712660596285724
2025-04-01,0.00012701865991138206,0.002824469064266699
2025-04-02,0.009841868418003497,0.006328434817011397
2025-04-03,-0.04979469225943389,-0.049280806450378245
2025-04-04,-0.05422972636166179,-0.05854295896778716
2025-04-07,-0.010820856519303867,-0.0017811932094613514
2025-04-08,-0.022385020566685343,-0.015662714676747846
2025-04-09,0.08098656142926863,0.1050192812545172
2025-04-10,-0.03525364857847979,-0.04381910665097133
2025-04-11,0.016469453545459478,0.01784294298347855
2025-04-14,0.013477989706097704,0.009701435762081934
2025-04-15,-0.00528103745243802,-0.002800809313541208
2025-04-16,-0.014138885772095433,-0.022228145001581212
2025-04-17,0.009437840884064741,0.0014268092873084282
2025-04-21,-0.018390580080631214,-0.02380276093966527
2025-04-22,0.02648981461085831,0.026017700412074074
2025-04-23,0.008078891282121692,0.015495591740024572
2025-04-24,0.017071178322578318,0.02104890187237274
2025-04-25,-0.002383705576777584,0.0072253777163768795
2025-04-28,0.0026393470103458494,0.00038130205064490497
2025-04-29,0.00511671739911379,0.006299452450055476
2025-04-30,0.00018121126333570103,0.00039670129840030377
2025-05-01,-0.0034902664905307468,0.007086915718260034
2025-05-02,0.01754021514681492,0.014844130768165265
2025-05-05,-0.012120243667024133,-0.005734186165038069
2025-05-06,-0.006531737271103677,-0.00835832079851806
2025-05-07,0.006624325382698526,0.004205436907619653
2025-05-08,0.011256529637874824,0.006967790512363514
2025-05-09,0.00044575309609973246,-0.0012742246627532872
2025-05-12,0.029540683200452333,0.03304751134241157
2025-05-13,0.0017486989989174972,0.006603834423700716
2025-05-14,-0.008774213162505484,0.0012780596636836616
2025-05-15,0.008377315815550901,0.004884342398821628
2025-05-16,0.01082662741733853,0.006334078244299102
2025-05-19,-0.0018808506358941601,0.0010938140906693317
2025-05-20,-0.0030324988190423285,-0.003362231831992357
2025-05-21,-0.02272403311145965,-0.016850691027241238
2025-05-22,-0.004039887584691426,0.0003946470773714683
2025-05-23,-0.004272059075263068,-0.006825886893621624
2025-05-27,0.018973566128059227,0.0207906699378142
2025-05-28,-0.010580625547318645,-0.00578531064950194
2025-05-29,0.004191991750553292,0.003947382380242281
2025-05-30,-0.0019107720921264226,-0.0011184567013394764
2025-06-02,-0.002467161717117805,0.00563279639321701
2025-06-03,0.008447457040050566,0.005702694539053699
2025-06-04,-0.0024604028730547123,-0.00026844383667146143
2025-06-05,-0.0029757059146100495,-0.004832872149647116
2025-06-06,0.008791067169995337,0.010268979858963023
2025-06-09,0.0029492385028808688,0.0009012828881442836
2025-06-10,0.0067600074916362995,0.005669767615193333
2025-06-11,-0.0049377346276450185,-0.0028521190306726174
2025-06-12,0.000745393270993544,0.003974431822556523
2025-06-13,-0.013712419809776555,-0.011180165505591755
2025-06-16,0.011294766064960937,0.00951419647871532
2025-06-17,-0.013077821650326338,-0.0085450325365789
2025-06-18,0.0009882197723882769,-0.00015073907087492788
2025-06-20,0.0019642129470369696,-0.002348536060589046
2025-06-23,0.007901650160111462,0.009877480504495662
2025-06-24,0.010522153804499945,0.011047311555559824
2025-06-25,-0.00846272565697248,0.0005602631319470142
2025-06-26,0.007667907560212184,0.007823779874487569
2025-06-27,0.003348003273423217,0.0049684323619594295
2025-06-30,0.003091246933928815,0.004781205589738269
2025-07-01,0.017444287972483874,-0.0003236793082249667
2025-07-02,0.0022116847997164513,0.0045332765158159205
2025-07-03,0.00434550840890946,0.007881385954874975
2025-07-07,-0.011475636497933706,-0.0074520170832973465
2025-07-08,0.004949123663425814,-0.0005477162177452977
2025-07-09,0.0042302629175199336,0.005996626767211355
2025-07-10,0.0067754154580517145,0.0028203102183428364
2025-07-11,-0.00918146633460093,-0.0035154238705955576
2025-07-14,-0.0009064483283174329,0.0019082159291465839
2025-07-15,-0.016819588856814116,-0.004273265144196681
2025-07-16,0.0041397704879189146,0.0033431911185151097
2025-07-17,0.009034710942363855,0.006119689977517551
2025-07-18,-0.00014166937986770378,-0.0007325109099923788
2025-07-21,-0.00421019659177968,0.001896273431369222
2025-07-22,0.019364698771605404,0.0001431211632245688
2025-07-23,0.007482250464191598,0.008507541122114937
2025-07-24,-0.0038336864157990647,0.00033095546843742163
2025-07-25,0.004912572577312702,0.004224350050175074
2025-07-28,-0.008014018091966224,-0.00025100355530394136
2025-07-29,-0.0024814357943061527,-0.0026376486020820433
2025-07-30,-0.00791469333999173,-0.00125933101104303
2025-07-31,-0.010049094317452378,-0.0037512265266995692
2025-08-01,-0.009373157743887917,-0.016390369519761472
2025-08-04,0.007557568134646919,0.01519971367995021
2025-08-05,0.00040455455040233623,-0.005069869050569165
2025-08-06,-0.0032306924519575064,0.007659581475387034
2025-08-07,-0.0010910960026762062,-0.0008376240775046506
2025-08-08,0.002899726639350231,0.007797670813968871
2025-08-11,-0.0033536387308561455,-0.001977539647394888
2025-08-12,0.014384575730796323,0.010646017662282237
2025-08-13,0.019337970224001744,0.0034230516829947266
2025-08-14,-0.007380717384045221,9.315635788809118e-05
2025-08-15,-0.0017783184224405835,-0.002341289856780615
2025-08-18,-0.0008611186328822962,-0.00021763143719111255
2025-08-19,0.008500421421135052,-0.005425130066677664
2025-08-20,-0.0021621519759362773,-0.0026569874257285075
2025-08-21,-0.0031215257514053407,-0.004011918361787603
2025-08-22,0.022820783460548055,0.015356692851615561
2025-08-25,-0.006486788335355653,-0.004400871742317181
2025-08-26,-3.323012062184105e-05,0.004186844335540174
2025-08-27,0.005181588821521421,0.002278608906543411
2025-08-28,-0.0020274528089554433,0.003541362732142783
2025-08-29,0.0019066657035839985,-0.0059636816039791984
2025-09-02,-0.008176357090345365,-0.007410295555874358
2025-09-03,-0.0013675294129533722,0.0054195597134076845
2025-09-04,0.007426512036638133,0.008357360441814343
2025-09-05,0.002916994994794475,-0.002896148488535144
2025-09-08,-0.002644070410386945,0.002456541908713472
2025-09-09,-0.007315022340570798,0.0023119206976098816
2025-09-10,-0.003575759156279945,0.0028908542790047065
2025-09-11,0.01672285039126309,0.008310264731785644
2025-09-12,-0.009654536031146188,-0.0003347065098450175
2025-09-15,-0.003101629772015224,0.005323952420932088
2025-09-16,-0.0011325405756122953,-0.0013767927852816886
2025-09-17,-0.0011072404011623904,-0.0012425285544682696
2025-09-18,0.006081915841350094,0.004672632334522531
2025-09-19,-0.0034969929871085936,0.004952781371340809
2025-09-22,-0.0001166069045134277,0.004731100453688075
2025-09-23,0.0005489121431507815,-0.005443566388828813
2025-09-24,-0.00018358383486216656,-0.003181633452613797
2025-09-25,-0.010287638244763198,-0.0046134974884720625
2025-09-26,0.011526003874741786,0.005729144366994454
2025-09-29,0.0012862557034865052,0.0028103664411398555
2025-09-30,0.003057916522043902,0.0037668667591117533
2025-10-01,0.002013130139506547,0.0034074772846366397
2025-10-02,0.0030366493236477776,0.0011518035371931301
2025-10-03,0.004111505472344401,-1.4767362221723701e-05
2025-10-06,-0.002886260208184832,0.003586228910336109
2025-10-07,-0.005340112975457445,-0.003707492250961897
2025-10-08,0.00046703200931341726,0.005963052412792491
2025-10-09,-0.00940338475353153,-0.0028970083792375645
2025-10-10,-0.022087827376445546,-0.02702782789908964
2025-10-13,0.010051638974132748,0.015344074693208754
2025-10-14,0.010076771516033034,-0.0012216548034568175
2025-10-15,0.0012290799112424367,0.004439523175783
2025-10-16,-0.008553573339220577,-0.006810261153983865
2025-10-17,0.004276314999632769,0.0056763938002961645
2025-10-20,0.00908564741813822,0.010400475399621634
2025-10-21,0.00509981191093134,-1.4904481475785936e-05
2025-10-22,-0.004699271083030476,-0.0051989069274409605
2025-10-23,0.0032961255955343827,0.005929891190499692
2025-10-24,0.0011082039833487656,0.008172571104630766
2025-10-27,0.0025350357040589966,0.011797712023148943
2025-10-28,-0.011537283707045876,0.002655998956591077
2025-10-29,-0.01456790573759037,0.0004803870398957244
2025-10-30,-0.0016165036354667262,-0.010998143937076876
2025-10-31,0.002516172407992734,0.0032800997320787673
2025-11-03,-0.00345346971909255,0.0018767772528909266
2025-11-04,-0.00154602797575365,-0.011853539942447533
2025-11-05,0.0057272909570258435,0.003465389196996238
2025-11-06,-0.007663943678042129,-0.010729333212666115
2025-11-07,0.012397684585634616,0.0009845075813768034
2025-11-10,0.0038458915859191922,0.015604343307994428
2025-11-11,0.007604066679108401,0.0022892399865568347
2025-11-12,0.002645657307130289,0.0005564884786124491
2025-11-13,-0.006584610458452933,-0.016594019980226582
2025-11-14,-0.005520661301899987,-0.00016376876033707966
2025-11-17,-0.015914058098650985,-0.009316433429244708
2025-11-18,0.0020454262508662335,-0.00839755277010068
2025-11-19,-0.004958645279220963,0.00386320014283692
2025-11-20,-0.008734601795227448,-0.015242245459799575
2025-11-21,0.022699493060199805,0.0099612229766326
2025-11-24,0.005447336366871669,0.014718507062180475
2025-11-25,0.015010830288963106,0.009405991442055894
2025-11-26,0.006100212422302187,0.006903483450626968
2025-11-28,0.00410371319366476,0.005458406338614941
2025-12-01,-0.005364018778127422,-0.004565505423429594
2025-12-02,-0.002435374328805029,0.001852299674079072
2025-12-03,0.006334490693656214,0.0034627677932603795
2025-12-04,-0.0012987552005683245,0.0007310561539983773
2025-12-05,0.0037145929184807525,0.0018995368427094927
2025-12-08,-0.007278559814641983,-0.0030042775146746914
2025-12-09,-0.003563732567343325,-0.0008630551776172002
2025-12-10,0.015992554961024252,0.006632177546088913
2025-12-11,0.010587179290455495,0.002326948130527251
2025-12-12,-0.003588870141876477,-0.010751968927533828
2025-12-15,0.0016216413024550125,-0.0015108877827512135
2025-12-16,-0.009652299307454593,-0.00273229759527871
2025-12-17,0.0022654407056936776,-0.011003620102041367
2025-12-18,-9.977459902277275e-05,0.0075513325776148665
2025-12-19,-0.0003723077287817178,0.009063445479451815
2025-12-22,0.00791438015413548,0.006229892278320159
2025-12-23,-0.004648259118618769,0.004570454818433101
2025-12-24,0.0037874452019766025,0.0035176203055324873
2025-12-26,6.699640809482155e-05,-0.00010141503224325721
2025-12-29,-0.0009739624143607628,-0.003563628207054914
2025-12-30,-0.0002662610245214303,-0.0012211007345822589
