date,inverse_v,spy_v
1996-01-02,1.0,1.0
1996-01-03,1.0068657588075132,1.013468521518
1996-01-04,1.0017296434304581,1.0038111799764549
1996-01-05,1.0007344456887843,1.0017784623370025
1996-01-08,1.0042398746529997,1.005590229386195
1996-01-09,0.988451024748876,0.9883091612941931
1996-01-10,0.9721675622708784,0.975348474952981
1996-01-11,0.9767470234236607,0.9811937383633742
1996-01-12,0.976224226821741,0.9796689632939575
1996-01-15,0.9735735030555679,0.9776361501951225
1996-01-16,0.975648030943491,0.9895799310420562
1996-01-17,0.9694883482645431,0.9865300456945846
1996-01-18,0.9730438426401099,0.9898339348176158
1996-01-19,0.9774702211123677,0.9964410763325234
1996-01-22,0.9848414605252613,0.9966951688069882
1996-01-23,0.9864350449106928,0.9989825842194001
1996-01-24,0.9981796226345163,1.007114302454946
1996-01-25,0.9936935759708228,1.0035561676243727
1996-01-26,0.9928504623516962,1.0121967862276187
1996-01-29,0.9967635841654713,1.016262780717895
1996-01-30,1.0021903503460463,1.0249030468795586
1996-01-31,1.0124235405831683,1.0355763872097623
1996-02-01,1.0161609884302958,1.0393883438910816
1996-02-02,1.0164056029672728,1.0350686459338703
1996-02-05,1.0232029694875349,1.0434547721032266
1996-02-06,1.0303982566819823,1.053365505528663
1996-02-07,1.0300719211871012,1.059464491805674
1996-02-08,1.0369993322532636,1.0709003515302244
1996-02-09,1.0387749365798264,1.0706465481469118
1996-02-12,1.0430491954953782,1.0787791793266357
1996-02-13,1.0406533168924974,1.0764921674664631
1996-02-14,1.0357324140847926,1.0670890083836435
1996-02-15,1.033714343181884,1.060481593243732
1996-02-16,1.032401660510439,1.056161191232857
1996-02-20,1.0201057436468928,1.0457421610813449
1996-02-21,1.0327400011546939,1.0587030894257872
1996-02-22,1.0444822727476906,1.0754761224715599
1996-02-23,1.0419783670441587,1.0724260721882306
1996-02-26,1.0321851993652598,1.0571783182938583
1996-02-27,1.027063384307349,1.05387463604919
1996-02-28,1.0270027067840997,1.0490457824668127
1996-02-29,1.0260050817522637,1.0388805288347094
1996-03-01,1.0344907816398845,1.0553987292431812
1996-03-04,1.0463791284817374,1.0614978784994775
1996-03-05,1.052700425178983,1.071409084191027
1996-03-06,1.0511532034255708,1.0620063980681667
1996-03-07,1.052565671390147,1.0673429802184593
1996-03-08,1.0221811837501702,1.0327813471760054
1996-03-11,1.034878971289142,1.044725463456096
1996-03-12,1.0301213776490767,1.0365933204485538
1996-03-13,1.0424100004472017,1.0437084970001127
1996-03-14,1.0506560087229222,1.0482830713424642
1996-03-15,1.0493099593275956,1.0475891079492354
1996-03-18,1.0618100457298232,1.0677551982772582
1996-03-19,1.0649700567901514,1.0654573890905654
1996-03-20,1.0601981199925345,1.064180971138435
1996-03-21,1.0591162184182956,1.0616280009886738
1996-03-22,1.0647380736202,1.0644360070512888
1996-03-25,1.0602157874754083,1.0623944187897645
1996-03-26,1.0639883145735753,1.0674992239720493
1996-03-27,1.064127269765283,1.0577988585238154
1996-03-28,1.0667101343267895,1.0618830199165756
1996-03-29,1.0628853650835637,1.0567774863568167
1996-04-01,1.0703321822771843,1.0690297645336377
1996-04-02,1.0697359782405078,1.0710716113838972
1996-04-03,1.0764145651510282,1.0710716113838972
1996-04-04,1.0804114082116776,1.0703057951817576
1996-04-08,1.065245463252269,1.0519265040668966
1996-04-09,1.0744111572181763,1.0478418734516048
1996-04-10,1.0663613479810643,1.029208101416015
1996-04-11,1.0649826483737124,1.027931883370259
1996-04-12,1.0701979600592202,1.0409506406731432
1996-04-15,1.0817966518577358,1.0496290461644353
1996-04-16,1.090465653399886,1.052691863721143
1996-04-17,1.0868384311511767,1.0501390859516193
1996-04-18,1.094474717821222,1.0516701887389368
1996-04-19,1.1017185260034603,1.054222592287006
1996-04-22,1.1034850162603456,1.062390708932046
1996-04-23,1.1165389021926266,1.0657096175067495
1996-04-24,1.1164832700449745,1.0618805228510477
1996-04-25,1.1233720869992372,1.0667301311989084
1996-04-26,1.1247548055505008,1.0690278679015108
1996-04-29,1.12622052232093,1.0690278679015108
1996-04-30,1.122250275856509,1.0682624439480932
1996-05-01,1.1240525013211273,1.0705602764650255
1996-05-02,1.1121919407235952,1.0521819681989504
1996-05-03,1.1100054035197147,1.0506499912532528
1996-05-06,1.1089349242494722,1.0496287594617546
1996-05-07,1.1026928181880329,1.0452895941701397
1996-05-08,1.1060856600635842,1.0583076307759345
1996-05-09,1.1137666327645717,1.0575414160512528
1996-05-10,1.1220306407037188,1.068006845904496
1996-05-13,1.1317075223305029,1.0840878249832802
1996-05-14,1.135906442525548,1.0907246106478277
1996-05-15,1.1372169242166708,1.0894484628533696
1996-05-16,1.1369095472810409,1.0917461096615273
1996-05-17,1.1405088447518992,1.097617520239287
1996-05-20,1.1428989853332414,1.1050198527957809
1996-05-21,1.1423132281696255,1.103488295279806
1996-05-22,1.1492957541619417,1.1139537782722397
1996-05-23,1.1440591184428925,1.1093587189368668
1996-05-24,1.1466222694099997,1.1136985302453477
1996-05-28,1.1343458945669678,1.1024668805678233
1996-05-29,1.1272029645530668,1.0950638154648102
1996-05-30,1.137731353449594,1.1006793027105137
1996-05-31,1.1381441591935122,1.092511161605099
1996-06-03,1.1348205333305337,1.0955745629022398
1996-06-04,1.1437645021157126,1.1032326290969265
1996-06-05,1.1501075841718815,1.1129322503719465
1996-06-06,1.1416430328716058,1.104764440586467
1996-06-07,1.136934082749863,1.104764440586467
1996-06-10,1.1332054988642426,1.1011905276211698
1996-06-11,1.1307960461084425,1.100169724002065
1996-06-12,1.12413614795326,1.0981278089943172
1996-06-13,1.1186914365674474,1.0981278089943172
1996-06-14,1.1115219567852883,1.093533242241485
1996-06-17,1.1111378007805235,1.092767768971916
1996-06-18,1.1112920339547214,1.0838332996928017
1996-06-19,1.1071900867827813,1.088683453708927
1996-06-20,1.1019409059597707,1.0879181092409695
1996-06-21,1.1054594848324015,1.097225248665526
1996-06-24,1.1087301026601362,1.0992781571057793
1996-06-25,1.0993255475118227,1.0979952994964368
1996-06-26,1.0884701322153512,1.0905541853517495
1996-06-27,1.088985412317628,1.0982524073461475
1996-06-28,1.1011175173628922,1.1021017820338959
1996-07-01,1.1121528576422175,1.111596388886118
1996-07-02,1.1095924246974749,1.1074912634219616
1996-07-03,1.1015124154011444,1.1051821441377268
1996-07-05,1.0840410451241227,1.0769557921764492
1996-07-08,1.0790028374729124,1.0725930442623424
1996-07-09,1.0775954238922751,1.0769552801733573
1996-07-10,1.0694001675325993,1.0813180260133395
1996-07-11,1.0515034702707076,1.0595067601106243
1996-07-12,1.0528362314666226,1.0602770215252246
1996-07-15,1.0172565525134614,1.0289712821876709
1996-07-16,1.0121416181142455,1.0315375365654469
1996-07-17,1.0265102472980525,1.0438540947520385
1996-07-18,1.0440584995380409,1.058223790220395
1996-07-19,1.036631309886378,1.050526270370332
1996-07-22,1.0267221130193425,1.0428280138610582
1996-07-23,1.0172945644914373,1.029485029423706
1996-07-24,1.0093185515538714,1.0315378225723768
1996-07-25,1.012486034227926,1.0407752437735125
1996-07-26,1.0211506740987797,1.04642040869574
1996-07-29,1.0179178140270675,1.0348731594857825
1996-07-30,1.021251953741378,1.04488038293801
1996-07-31,1.0265177765679216,1.052578016719114
1996-08-01,1.0333917426453592,1.0700266025022669
1996-08-02,1.0453817842540116,1.0931209866640732
1996-08-05,1.0495306830370819,1.0867054595933416
1996-08-06,1.0565146660337552,1.0900416453542932
1996-08-07,1.0637006668122386,1.0928637631741154
1996-08-08,1.0690980649295632,1.0910670951474573
1996-08-09,1.068712633393445,1.0874742112031366
1996-08-12,1.0716880439820278,1.0954290850580874
1996-08-13,1.0683513334772723,1.086705087824685
1996-08-14,1.0719556472976806,1.0905541972457597
1996-08-15,1.072483833533395,1.0885017742465433
1996-08-16,1.0765189636010761,1.0977398888045735
1996-08-19,1.0838173036709575,1.098253631072534
1996-08-20,1.078692112825269,1.0974837552771521
1996-08-21,1.0770082465933357,1.0936348797473951
1996-08-22,1.0817926642693034,1.1038986430938245
1996-08-23,1.0807904349545707,1.097997200947845
1996-08-26,1.074133701903694,1.0926082306855929
1996-08-27,1.07700796394463,1.0967142524165092
1996-08-28,1.080192415452065,1.0949178344710508
1996-08-29,1.071067860938246,1.0841405582263521
1996-08-30,1.0659981704283723,1.072850318452983
1996-09-03,1.0654914209075736,1.0797787858095524
1996-09-04,1.068029450696832,1.0808056554348573
1996-09-05,1.059979285280611,1.0677192605588521
1996-09-06,1.0721254385782373,1.082858451954316
1996-09-09,1.0793085501768338,1.095688158893071
1996-09-10,1.08000673675613,1.095175376834709
1996-09-11,1.0805145637024118,1.1013335479786506
1996-09-12,1.0831042452499162,1.1090318694790213
1996-09-13,1.0873035287727373,1.1259678951578356
1996-09-16,1.0895302392375175,1.130073174103581
1996-09-17,1.0891570625587377,1.1275067779251917
1996-09-18,1.0902196095914547,1.124684628460045
1996-09-19,1.0882227739380652,1.1290472801338414
1996-09-20,1.093107784332025,1.1330305589381535
1996-09-23,1.0906912376692293,1.1327722279707155
1996-09-24,1.0955716319332798,1.1325139559027382
1996-09-25,1.1008014730833129,1.1332874629346197
1996-09-26,1.0997493375650313,1.1327718171389844
1996-09-27,1.1028634707528797,1.133803772264398
1996-09-30,1.10767554817383,1.1327720108316375
1996-10-01,1.105051109553226,1.1389614770988215
1996-10-02,1.104339647782139,1.1466984424127538
1996-10-03,1.1011394360306697,1.1456664138145822
1996-10-04,1.1124456713526467,1.1611409300659756
1996-10-07,1.112029408530671,1.162430957639279
1996-10-08,1.1246353574694046,1.1577882083944677
1996-10-09,1.122985824010434,1.148760933733616
1996-10-10,1.1210667752837329,1.1464392878865404
1996-10-11,1.1250082443028442,1.1606253276348486
1996-10-14,1.1282034587292094,1.162172441196586
1996-10-15,1.1244815177238399,1.160624427504912
1996-10-16,1.1229778157183852,1.1662987203309834
1996-10-17,1.126957249808556,1.1693940771347417
1996-10-18,1.1306818369994946,1.175583679985016
1996-10-21,1.1289054936416816,1.1740366118621557
1996-10-22,1.1223493954777697,1.1657831344807648
1996-10-23,1.1226165321033343,1.1696523687041065
1996-10-24,1.1143896806372238,1.1595933583332512
1996-10-25,1.116369654678146,1.1606253964221678
1996-10-28,1.109492772432471,1.1528875069042213
1996-10-29,1.1108293333049704,1.1621728628848278
1996-10-30,1.114120022207751,1.1583039894242841
1996-10-31,1.1181261375857663,1.1693947501230215
1996-11-01,1.1116001416085541,1.1652679560498374
1996-11-04,1.1149728206068483,1.1730053352780083
1996-11-05,1.1146652614807124,1.1797114067797927
1996-11-06,1.1257906970061913,1.2024078745348292
1996-11-07,1.1299483212685086,1.2052455571187313
1996-11-08,1.1361444853909484,1.2119515433985397
1996-11-11,1.1386915689820583,1.2106620269563637
1996-11-12,1.1436904761499045,1.2070506221299528
1996-11-13,1.14645564828533,1.2124666582714498
1996-11-14,1.1527818989712808,1.2204616634160919
1996-11-15,1.155475896514844,1.2220092088053036
1996-11-18,1.1574305419924755,1.2222670527483614
1996-11-19,1.1586266401978977,1.2310368188518308
1996-11-20,1.156544338751052,1.2331000365602265
1996-11-21,1.1551194118319315,1.2312947781067023
1996-11-22,1.1662722125475042,1.2408373126370291
1996-11-25,1.172111426545092,1.256569888923954
1996-11-26,1.1685443152863983,1.2524433134087278
1996-11-27,1.1677624926011587,1.2501225359489814
1996-11-29,1.1766062303258795,1.254765491047496
1996-12-02,1.1853247780364933,1.2552811996643163
1996-12-03,1.1998124137641595,1.233873634085241
1996-12-04,1.1930078354698366,1.2372260687490506
1996-12-05,1.1959579315738358,1.2338731861027408
1996-12-06,1.1808989902233344,1.2266513263444814
1996-12-09,1.2014211331655524,1.2447051805656195
1996-12-10,1.1990727755612076,1.2387729156750438
1996-12-11,1.1868550286432211,1.2274245169945448
1996-12-12,1.177632534122944,1.2070492700124353
1996-12-13,1.1803206065618055,1.2101441443407472
1996-12-16,1.1693455717627608,1.1946688210229177
1996-12-17,1.166197220211569,1.204211835565249
1996-12-18,1.1686532567508692,1.2137552143621035
1996-12-19,1.1806109959912683,1.2387731368405352
1996-12-20,1.186466564428121,1.2421351671339207
1996-12-23,1.1776073142416672,1.2390236185402503
1996-12-24,1.1779301102289341,1.2480994665460576
1996-12-26,1.1850082796779002,1.2576948552448637
1996-12-27,1.1836560716792142,1.2592506237808014
1996-12-30,1.1793923092012062,1.2483593651357212
1996-12-31,1.1730728849729208,1.2255393559410404
1997-01-02,1.1802831919513226,1.2286510003657747
1997-01-03,1.1904073008561995,1.2462845995230243
1997-01-06,1.1856742131877114,1.2353933184077925
1997-01-07,1.194734054577262,1.2504342320594075
1997-01-08,1.1887279248613594,1.23954294989817
1997-01-09,1.1970431229477818,1.2499154453029178
1997-01-10,1.1946911940520808,1.2633995331268457
1997-01-13,1.20036162700391,1.2615840279977424
1997-01-14,1.2044753688531284,1.2774030301248063
1997-01-15,1.2025312296323145,1.2742912763434222
1997-01-16,1.2053860054328682,1.27947764183814
1997-01-17,1.2100771003603588,1.287256865900516
1997-01-20,1.2075751670057184,1.2888131594513896
1997-01-21,1.2192213312013687,1.2991855277586546
1997-01-22,1.2311417852590183,1.3085214749611283
1997-01-23,1.2242157768432207,1.2903696650604675
1997-01-24,1.2148693732575504,1.2737729304284597
1997-01-27,1.2122493062668123,1.2701426775767386
1997-01-28,1.2150106696507723,1.2737727453492529
1997-01-29,1.2169208699286593,1.2862200526168057
1997-01-30,1.2307618859883203,1.3028161499557205
1997-01-31,1.2223284930702398,1.3012605874726733
1997-02-03,1.2247780751279562,1.305150055368629
1997-02-04,1.2242676315055703,1.3131884745596445
1997-02-05,1.2082525200755163,1.2885530587769056
1997-02-06,1.2150112766698464,1.297110339640243
1997-02-07,1.2245188854067655,1.3147445547076522
1997-02-10,1.2178631114093978,1.3022978680082349
1997-02-11,1.2181546806488792,1.317338106085862
1997-02-12,1.2323628737545067,1.336008739063417
1997-02-13,1.243375915847463,1.3505311540570362
1997-02-14,1.2466142154564646,1.3474195302780887
1997-02-18,1.249402322546358,1.3588294788604836
1997-02-19,1.2450121290009657,1.3497538567711744
1997-02-20,1.2435996335300277,1.333416436088816
1997-02-21,1.2422450613163072,1.3339351350824546
1997-02-24,1.2449901390630569,1.3497542718493976
1997-02-25,1.2454392067514455,1.350790883130178
1997-02-26,1.239345797233611,1.3375652895934504
1997-02-27,1.2368701405468217,1.3175981149503992
1997-02-28,1.2418365605153265,1.3137085653150657
1997-03-03,1.2403245948933888,1.3225248634968951
1997-03-04,1.2375338313233029,1.3152642019962972
1997-03-05,1.2476550368988104,1.3375658218053463
1997-03-06,1.2498604892500527,1.3297865389857264
1997-03-07,1.253992146082161,1.3417147242404284
1997-03-10,1.2617901465675248,1.3557182008173259
1997-03-11,1.2638884991113963,1.3484569741337482
1997-03-12,1.2555739118443607,1.336528523740561
1997-03-13,1.252106014690654,1.3157829279950601
1997-03-14,1.253857896333138,1.3225249997181068
1997-03-17,1.2453535918988872,1.326155330842333
1997-03-18,1.2356932576432325,1.3118925302591238
1997-03-19,1.2294791928916577,1.307484571357453
1997-03-20,1.2265922398768618,1.3007418734229625
1997-03-21,1.2241002494556266,1.3067460979106829
1997-03-24,1.224523615172284,1.3249673654999494
1997-03-25,1.2235890342258238,1.3119522110686435
1997-03-26,1.2262093019333322,1.3176788824699581
1997-03-27,1.2095147566373983,1.2827972870932134
1997-03-31,1.1948448112161245,1.262493171633102
1997-04-01,1.186575497222497,1.2637948020930558
1997-04-02,1.1766009462941536,1.2411475992395482
1997-04-03,1.1710080715919624,1.2479155770982013
1997-04-04,1.1797678950012196,1.2635344884611623
1997-04-07,1.1870553410754865,1.2684799624489993
1997-04-08,1.1902454415719208,1.2775901855393081
1997-04-09,1.187526598776374,1.2671778255271628
1997-04-10,1.1888066771564303,1.2624918019283635
1997-04-11,1.1615540181697517,1.2224038997417321
1997-04-14,1.160838557950657,1.2388036704606673
1997-04-15,1.1774092733783408,1.2598881089319078
1997-04-16,1.1874426794677733,1.27446501435225
1997-04-17,1.1863148231230893,1.2692588247686212
1997-04-18,1.1877439592751664,1.2755061167041324
1997-04-21,1.1755944399217002,1.2671757862559379
1997-04-22,1.1783474268218617,1.2950283100378435
1997-04-23,1.1804378806250975,1.2963298134894314
1997-04-24,1.1779889492864795,1.2898222378257145
1997-04-25,1.1724123316016188,1.2749841228017675
1997-04-28,1.1820201829415804,1.287478967205225
1997-04-29,1.1998598250099606,1.328087341309845
1997-04-30,1.2111376290141096,1.3343346641633667
1997-05-01,1.209697541768887,1.3327721582716312
1997-05-02,1.2293216211704316,1.356720741183614
1997-05-05,1.2509866331986645,1.3889984843371133
1997-05-06,1.2573723082755217,1.3879567354738604
1997-05-07,1.249251430262581,1.3577617366936268
1997-05-08,1.2549221718526544,1.3671330082002862
1997-05-09,1.260054025446593,1.3765047049714991
1997-05-12,1.2767174409628657,1.3994124962716348
1997-05-13,1.2695648954423326,1.3936861003368912
1997-05-14,1.269833040239359,1.3962895059723206
1997-05-15,1.2792830544738467,1.4056600048469008
1997-05-16,1.279696880139538,1.3863968401404787
1997-05-19,1.2826902641552718,1.3905615762482606
1997-05-20,1.286684170290758,1.407221894493291
1997-05-21,1.2847419410249978,1.404097861887516
1997-05-22,1.2910358560179058,1.3994123873223974
1997-05-23,1.3035968484292977,1.412428321936883
1997-05-27,1.3035547819704774,1.4181557187823368
1997-05-28,1.3056076238355883,1.417894778130081
1997-05-29,1.3091507444878605,1.409564646308567
1997-05-30,1.318746775566527,1.4186760721823055
1997-06-02,1.316894837906436,1.4124282227604148
1997-06-03,1.3175436758211383,1.4077431983455184
1997-06-04,1.3129981563170763,1.4061820111385532
1997-06-05,1.3215783640552599,1.4113876969437882
1997-06-06,1.3328141723146516,1.4389803264190393
1997-06-09,1.3413582046561583,1.4462687617723518
1997-06-10,1.3417746207297485,1.4506943441833753
1997-06-11,1.3468789261281597,1.454078814088355
1997-06-12,1.3557477777930025,1.4821919738799392
1997-06-13,1.366598032168758,1.494686852219747
1997-06-16,1.3656222087520873,1.4952070032443194
1997-06-17,1.3676916628919167,1.4931241798888002
1997-06-18,1.3691744518399567,1.4879176558735279
1997-06-19,1.3872767773661914,1.5032759419174544
1997-06-20,1.3879464859263198,1.4981738233705866
1997-06-23,1.3716796635219295,1.4618491008491434
1997-06-24,1.3954650077643915,1.4989566784250983
1997-06-25,1.3872118111644547,1.4885029545497617
1997-06-26,1.3818342425727888,1.481185474025195
1997-06-27,1.3892274617533773,1.486933954849887
1997-06-30,1.3873068836826188,1.4770042098993994
1997-07-01,1.3948113364402366,1.4942511880583946
1997-07-02,1.401207395502859,1.5188151833388868
1997-07-03,1.4073557735246345,1.5397216743375466
1997-07-07,1.4020299562867227,1.5240426885277674
1997-07-08,1.4119802916336073,1.5399841750497676
1997-07-09,1.398471320140388,1.5229981495989686
1997-07-10,1.4119535430883727,1.5297922443443297
1997-07-11,1.4306107850127066,1.53501801465101
1997-07-14,1.426263699362256,1.5397213098479006
1997-07-15,1.4341302353631977,1.5475615707576462
1997-07-16,1.447107324179262,1.5679445042060953
1997-07-17,1.4493682484020747,1.5601047816850648
1997-07-18,1.4398235211486827,1.5269166726642784
1997-07-21,1.437634419830779,1.527177775415304
1997-07-22,1.4603266645875452,1.5676831115526442
1997-07-23,1.4629384160776604,1.566377231520721
1997-07-24,1.4632414956954278,1.5736937795691543
1997-07-25,1.4677774557282182,1.5726488468995203
1997-07-28,1.4724394416699473,1.5716030354163322
1997-07-29,1.4789921979593692,1.5768301871121269
1997-07-30,1.490819655915681,1.5956449249047489
1997-07-31,1.4985773105032751,1.5940764059435675
1997-08-01,1.4940159445880061,1.5878053093625855
1997-08-04,1.5066434592703681,1.5919860007421374
1997-08-05,1.5140945900091596,1.5930319355446247
1997-08-06,1.5343023903223278,1.6060979834799618
1997-08-07,1.5242838513586474,1.5940763400736144
1997-08-08,1.498999295680576,1.561671956232598
1997-08-11,1.5051907020132522,1.5731705468463386
1997-08-12,1.4985338798670949,1.54808319613578
1997-08-13,1.5030348487962122,1.5433801193859196
1997-08-14,1.5061314016684162,1.549129210330632
1997-08-15,1.4807056860238466,1.501567845315061
1997-08-18,1.4853911760109553,1.5350167706372992
1997-08-19,1.5082464564355926,1.5527861247741968
1997-08-20,1.5290547852578755,1.5763046234200269
1997-08-21,1.5089872345628157,1.5486042222726668
1997-08-22,1.5030882658896105,1.548082342649761
1997-08-25,1.5119847526742067,1.5423327648291598
1997-08-26,1.507371538859308,1.519597237542813
1997-08-27,1.5175812712420136,1.5287436933155834
1997-08-28,1.5191619668774963,1.50548538676548
1997-08-29,1.525412283414642,1.5114952844294478
1997-09-02,1.5397731200251101,1.5606249271545427
1997-09-03,1.5370128739584767,1.5522630987948487
1997-09-04,1.5328784882419806,1.5621929258378393
1997-09-05,1.532465277305708,1.5577500491567566
1997-09-08,1.5457226814558556,1.5645449548711783
1997-09-09,1.5551190254630511,1.5653287918935688
1997-09-10,1.5411704920886082,1.5329249205725801
1997-09-11,1.5338455206811734,1.525085542528772
1997-09-12,1.5551071565670935,1.549650095362283
1997-09-15,1.559143993227592,1.5470373853015023
1997-09-16,1.58351803325879,1.5857133199340396
1997-09-17,1.5876171972561581,1.5857133199340396
1997-09-18,1.5980518149896932,1.5925081015099571
1997-09-19,1.6029579578628146,1.5951978476934074
1997-09-22,1.6071234318069327,1.6041150036620135
1997-09-23,1.6056332864786842,1.5967713651752489
1997-09-24,1.5964994201891436,1.5836570819530644
1997-09-25,1.5952459487684518,1.572641163290999
1997-09-26,1.600875069971065,1.5857554179516826
1997-09-29,1.6117686604270203,1.600967569676093
1997-09-30,1.6124973098477648,1.5841814247080392
1997-10-01,1.610930108463811,1.605163907678297
1997-10-02,1.6190670760571115,1.6140821983493576
1997-10-03,1.6220049342876328,1.6222123303824432
1997-10-06,1.6339003064249014,1.6329659759205484
1997-10-07,1.6383198987091663,1.6481786869522244
1997-10-08,1.6255060492810245,1.6366381397861849
1997-10-09,1.6240995234102864,1.6308673537052987
1997-10-10,1.6291590061932761,1.6261459927163218
1997-10-13,1.6439368966061758,1.6277201020372714
1997-10-14,1.6390747033225097,1.6282442279101272
1997-10-15,1.6333214518269559,1.6245725371761899
1997-10-16,1.619236610162559,1.5988685504929883
1997-10-17,1.5938234857749163,1.582606458465924
1997-10-20,1.6067267394015503,1.605163348318439
1997-10-21,1.6246400369223502,1.6363741444631428
1997-10-22,1.6225320009021136,1.625619893585731
1997-10-23,1.5949265108176338,1.5936211916003893
1997-10-24,1.5841087091862405,1.5778841823333356
1997-10-27,1.4863088502525166,1.4635301819870918
1997-10-28,1.5246915161459909,1.5448380647775666
1997-10-29,1.5287832031366104,1.5437891197315827
1997-10-30,1.5192818857371007,1.5096929932331908
1997-10-31,1.541712197765231,1.5453640192773046
1997-11-03,1.5664471187122997,1.5778877504270146
1997-11-04,1.5710389960730806,1.5778877504270146
1997-11-05,1.5771361499667356,1.5831326493094342
1997-11-06,1.5849870602453138,1.5771009139155654
1997-11-07,1.5558901138521506,1.5600524530361382
1997-11-10,1.5550095597270694,1.5506110155903636
1997-11-11,1.556138700272331,1.5511351221136331
1997-11-12,1.5309634195947084,1.519136755679551
1997-11-13,1.5358670684460631,1.5411687960471714
1997-11-14,1.5433481049794844,1.5621518092053535
1997-11-17,1.5649942745424494,1.5910031909695672
1997-11-18,1.5541540118775967,1.5810371469813338
1997-11-19,1.5602336645382666,1.5889059688618599
1997-11-20,1.576170821471818,1.613036683810965
1997-11-21,1.573545319551676,1.6240521113247102
1997-11-24,1.5573898897745246,1.5946762567350687
1997-11-25,1.5602225893509545,1.5988734446427955
1997-11-26,1.556739524424011,1.6035949179248257
1997-11-28,1.5620723613902354,1.6051680445393097
1997-12-01,1.580747060282244,1.646608667945181
1997-12-02,1.5734473350430827,1.6366417456781088
1997-12-03,1.5700161624174125,1.6413634571143902
1997-12-04,1.5620779707694135,1.6397893895590174
1997-12-05,1.571813912500098,1.6607721345878146
1997-12-08,1.5751608113057918,1.6560505594091814
1997-12-09,1.5639742055829977,1.646084447142657
1997-12-10,1.5489946877041136,1.6319215365594415
1997-12-11,1.5260149348382006,1.6041201212626148
1997-12-12,1.5244700022098396,1.6072674049405322
1997-12-15,1.532082481949749,1.6235297365437207
1997-12-16,1.5464383136031459,1.6334965855963623
1997-12-17,1.5492156371528367,1.6251036801395682
1997-12-18,1.533536325783723,1.6093661761010967
1997-12-19,1.5129002445815467,1.5973763980891436
1997-12-22,1.521954234232515,1.6076459309524587
1997-12-23,1.5067819703592615,1.5789430205012334
1997-12-24,1.5022182928300358,1.5742030335536887
1997-12-26,1.503569917088983,1.580523458733407
1997-12-29,1.5164663125508315,1.6115965499321057
1997-12-30,1.5412858023440474,1.6368760534143407
1997-12-31,1.5611026734268842,1.635821905235942
1998-01-02,1.5689607661822165,1.644248023869812
1998-01-05,1.5870089813017176,1.6479344279393282
1998-01-06,1.5712681969006546,1.6216004357808578
1998-01-07,1.5662381263088812,1.6258133537130166
1998-01-08,1.5534328400999051,1.6115939901214424
1998-01-09,1.5112087735518571,1.5557667627096454
1998-01-12,1.5094570806696168,1.584206179131978
1998-01-13,1.5327628289380435,1.6063264500111976
1998-01-14,1.531512745880354,1.613699488416749
1998-01-15,1.5194005919375706,1.6002702812741447
1998-01-16,1.5427527556912797,1.6231797506208654
1998-01-20,1.5510974767856525,1.649512595715188
1998-01-21,1.542351202575328,1.633711914560832
1998-01-22,1.5350345853816971,1.6192290584382503
1998-01-23,1.5254248562623944,1.6168585070966965
1998-01-26,1.5136318694511302,1.6158059322085767
1998-01-27,1.5159833229788409,1.632132035347612
1998-01-28,1.5271865467425534,1.6468783482869775
1998-01-29,1.5309480688019343,1.6558324258666137
1998-01-30,1.5239921125631448,1.656885535289465
1998-02-02,1.5458973136131096,1.6842721963022644
1998-02-03,1.5527883380643015,1.696912659135513
1998-02-04,1.5614237713585357,1.6948067905255257
1998-02-05,1.561156334217653,1.6937526207018188
1998-02-06,1.5777111153177614,1.7127124875379547
1998-02-09,1.5825599797828898,1.7069183811926139
1998-02-10,1.599215766688306,1.7232450555087213
1998-02-11,1.5929955884937923,1.7216648397928198
1998-02-12,1.5935341712702034,1.7290387303016526
1998-02-13,1.5945860328810888,1.719032783169397
1998-02-17,1.6015637682955086,1.7274594818724933
1998-02-18,1.6242817437859378,1.7432588262936992
1998-02-19,1.6201581711394455,1.7340422168790843
1998-02-20,1.6162977749327854,1.7469452250148816
1998-02-23,1.6236811602664243,1.7537915033517149
1998-02-24,1.6178993614113595,1.7400978992935445
1998-02-25,1.6309413858356185,1.7616907741258778
1998-02-26,1.6534428457737496,1.7716971777229127
1998-02-27,1.648071493841696,1.7716971777229127
1998-03-02,1.6503878650411574,1.7680102758960714
1998-03-03,1.6489144353809004,1.7780172140576431
1998-03-04,1.6551721522622076,1.7664298758736294
1998-03-05,1.6424181316683237,1.7501027645309295
1998-03-06,1.6592216033400002,1.7853900865721666
1998-03-09,1.661490940921944,1.779069805665701
1998-03-10,1.6825305014360905,1.7959229339347724
1998-03-11,1.6916573751348563,1.8043494043407942
1998-03-12,1.6959694346112464,1.8117219760069307
1998-03-13,1.6948955440587126,1.8048754786596006
1998-03-16,1.7108624058294788,1.8243627192026883
1998-03-17,1.712342676609944,1.8296296543730266
1998-03-18,1.7064012531266803,1.8364761285396902
1998-03-19,1.7039493853706127,1.841216073427451
1998-03-20,1.7070389403804058,1.857032119498193
1998-03-23,1.7079319781530224,1.8528073714263344
1998-03-24,1.7036282356396597,1.8686525800667724
1998-03-25,1.6989783239513407,1.8617871504876071
1998-03-26,1.6964111995891151,1.8607315171732808
1998-03-27,1.696740083538007,1.852808522373157
1998-03-30,1.6917573281690863,1.8517524215154044
1998-03-31,1.7007202119151748,1.8580909700542516
1998-04-01,1.7137296087144769,1.873143365002661
1998-04-02,1.7179204729295157,1.89347820937313
1998-04-03,1.7227158345079965,1.9029853634623923
1998-04-06,1.7017060768462344,1.8876682342718836
1998-04-07,1.6842237341913122,1.8749925420787479
1998-04-08,1.6781855565639463,1.8644288340966761
1998-04-09,1.7005093530543707,1.879217483608731
1998-04-13,1.7032668597449496,1.8739350032623068
1998-04-14,1.7117310782526436,1.8897791237148898
1998-04-15,1.713574345349126,1.8950610563656731
1998-04-16,1.7119854591316865,1.8728774716398566
1998-04-17,1.7322007168843288,1.8977005896489714
1998-04-20,1.744141293066464,1.897173028885049
1998-04-21,1.7535394209863435,1.9061523488307621
1998-04-22,1.7620560418349154,1.9114342969893723
1998-04-23,1.7381375438402205,1.8929488159031882
1998-04-24,1.7227001751559337,1.8728778796081667
1998-04-27,1.6853745849298052,1.8374898520729703
1998-04-28,1.6955819834941481,1.8348493791555414
1998-04-29,1.697848023619353,1.8475245186667477
1998-04-30,1.7180374863153836,1.8818552192726135
1998-05-01,1.7256119023758252,1.9029828078193873
1998-05-04,1.7251885077139997,1.8982291567654546
1998-05-05,1.7176804463109727,1.8850250747509942
1998-05-06,1.710438833434246,1.8628420996713246
1998-05-07,1.7032465379936677,1.848052996242034
1998-05-08,1.7100253336317779,1.8781577795508166
1998-05-11,1.704608996999011,1.8718189970448327
1998-05-12,1.7047151872242723,1.8918886403311472
1998-05-13,1.7072608733230064,1.8966429564842995
1998-05-14,1.7030248209426195,1.8871350853434437
1998-05-15,1.685933055114851,1.876570903135691
1998-05-18,1.6650761414695288,1.8691772137773361
1998-05-19,1.672964207255706,1.8818539736411741
1998-05-20,1.6752391047552948,1.899812506111632
1998-05-21,1.67783853392024,1.8876651049475541
1998-05-22,1.6688613264325833,1.8802711207314746
1998-05-26,1.6390845530166578,1.850166099817443
1998-05-27,1.6393221061433743,1.8528062868418826
1998-05-28,1.6619422033193572,1.8612569363161686
1998-05-29,1.6485549103935009,1.8427709324246764
1998-06-01,1.638903177966882,1.8512218799207758
1998-06-02,1.636623169526822,1.852806525849988
1998-06-03,1.6234787774767183,1.8232283224713188
1998-06-04,1.620153502585955,1.857030975569937
1998-06-05,1.6338052766247366,1.8929459546374594
1998-06-08,1.6575140939619675,1.890833426952084
1998-06-09,1.652319042504429,1.8966439580731078
1998-06-10,1.634906928256628,1.8844959535216497
1998-06-11,1.6019862796432793,1.8491088885064202
1998-06-12,1.5957008990209933,1.8665385888894817
1998-06-15,1.5757703268073908,1.8174187593842661
1998-06-16,1.5835453821885106,1.8454124605350621
1998-06-17,1.601156666658014,1.8839686630730212
1998-06-18,1.5900624895589126,1.8755171796504757
1998-06-19,1.572778005192567,1.8661489713381216
1998-06-22,1.5684579177611657,1.8751568724227705
1998-06-23,1.5782734071999174,1.8974112341846838
1998-06-24,1.5862716686783225,1.9228441343676952
1998-06-25,1.5815205420550347,1.9196656730135853
1998-06-26,1.5959411401431898,1.9276130888998615
1998-06-29,1.5897248783708406,1.9345004504665009
1998-06-30,1.5802415459334114,1.9212549258821567
1998-07-01,1.6084218082786232,1.9435088216886496
1998-07-02,1.6033529269937545,1.9472170365204315
1998-07-06,1.6158142248094907,1.9668216176441191
1998-07-07,1.6066738010088806,1.9631121920732422
1998-07-08,1.6114766199963124,1.97741739061688
1998-07-09,1.6042309598530187,1.9641706715171374
1998-07-10,1.6058446380761857,1.9747673722899723
1998-07-13,1.6009041253332648,1.9752966099457459
1998-07-14,1.6124725530020878,1.9975503015533946
1998-07-15,1.6127088616198595,1.99384085064341
1998-07-16,1.6188135885249055,2.0076162970805056
1998-07-17,1.6158415583247163,2.010266350592652
1998-07-20,1.6072545364780886,2.010266350592652
1998-07-21,1.5918830485736615,1.9752957571577423
1998-07-22,1.5785659750468812,1.9752957571577423
1998-07-23,1.544556826604979,1.936086136378161
1998-07-24,1.5349636479160302,1.9344966096601945
1998-07-27,1.5320604336741015,1.9482721600175847
1998-07-28,1.5228833722715527,1.915420394855368
1998-07-29,1.5213114933144658,1.9080019716660932
1998-07-30,1.526326420266278,1.9366143692331979
1998-07-31,1.497724065326854,1.895285081979392
1998-08-03,1.4880829999985172,1.8873381516306524
1998-08-04,1.4520545484954848,1.8142188969601776
1998-08-05,1.45037757605506,1.83912267975875
1998-08-06,1.462602789192589,1.8470713679806674
1998-08-07,1.4771940561509915,1.8502501778049623
1998-08-10,1.4686177277679984,1.8396537950366731
1998-08-11,1.4426686653549405,1.8121013001484088
1998-08-12,1.4655133710013282,1.8428327260976256
1998-08-13,1.453599665512829,1.8205786780972708
1998-08-14,1.4390794010835928,1.7993853217055404
1998-08-17,1.448419020453104,1.8375340899110197
1998-08-18,1.4650384402217391,1.8714439440062376
1998-08-19,1.4588429992589178,1.8666755048369097
1998-08-20,1.4500130999206415,1.8555482521525768
1998-08-21,1.4253223481355357,1.8407131438766169
1998-08-24,1.423013229073516,1.8523703802167875
1998-08-25,1.418741523779993,1.8566086036467235
1998-08-26,1.3938486049486156,1.846011081737108
1998-08-27,1.341609954531488,1.759115648097579
1998-08-28,1.3204366253418722,1.7527582041453542
1998-08-31,1.2530136893151478,1.6277129283452163
1998-09-01,1.2861022328281182,1.6965944840469294
1998-09-02,1.2940519223865472,1.6844078458680203
1998-09-03,1.2779936402277745,1.6711616625681143
1998-09-04,1.2823276294073578,1.6573846058219026
1998-09-08,1.3310218547190242,1.7463994182313856
1998-09-09,1.3132366295751787,1.7040108115520733
1998-09-10,1.2884252035275103,1.6700992923913756
1998-09-11,1.3095065087106772,1.7241437054931603
1998-09-14,1.3317362297222302,1.7538162186646975
1998-09-15,1.3358922430032574,1.7644127762578699
1998-09-16,1.3450385149596682,1.7803083709591772
1998-09-17,1.3248357956115684,1.7294431804925026
1998-09-18,1.3280900958547235,1.7371115315548065
1998-09-21,1.3228601535726643,1.736048419297495
1998-09-22,1.3258426316302876,1.7504055397250853
1998-09-23,1.3580319437069446,1.820591550651442
1998-09-24,1.3414742211643058,1.77592697813931
1998-09-25,1.3368336170763144,1.773799417619499
1998-09-28,1.334980003901013,1.7897511957821512
1998-09-29,1.3309272817497584,1.7854969571897772
1998-09-30,1.3003800564192705,1.7312624871151376
1998-10-01,1.264388240959052,1.6812809391121237
1998-10-02,1.2851158429465013,1.713716210989475
1998-10-05,1.2606965923649904,1.6791539824462394
1998-10-06,1.251735369882884,1.6775587861629155
1998-10-07,1.2315967630684792,1.6525681929254465
1998-10-08,1.199071714192384,1.6435286449101445
1998-10-09,1.2179143180031415,1.676494542469752
1998-10-12,1.2356649773978585,1.700952921349843
1998-10-13,1.2248540665475198,1.695103344253321
1998-10-14,1.2352594288427106,1.7110542667227446
1998-10-15,1.2793738076762888,1.8030405441017594
1998-10-16,1.3109572688103603,1.8035724410622693
1998-10-19,1.3345250292900035,1.8099534803587478
1998-10-20,1.351081058597897,1.8205869570558555
1998-10-21,1.3739550173455548,1.8142057997713747
1998-10-22,1.3864185005266827,1.8413227338605576
1998-10-23,1.380839520301905,1.8179268872041254
1998-10-26,1.3910216942631874,1.8312195686033619
1998-10-27,1.3867837605937416,1.8205856765684822
1998-10-28,1.3832714107207689,1.8173960104631344
1998-10-29,1.3976676347462798,1.8615278377852107
1998-10-30,1.4170623385538967,1.8716303493608712
1998-11-02,1.4540838636878541,1.9035341602960765
1998-11-03,1.459800520219012,1.889708791689846
1998-11-04,1.4800091572506768,1.9099135580905937
1998-11-05,1.4993501517083074,1.9359666889365075
1998-11-06,1.5093770629657342,1.9418152443037846
1998-11-09,1.4927492743373023,1.927991461579586
1998-11-10,1.4769224594148087,1.9226740611285493
1998-11-11,1.4663373537437816,1.9099132733848392
1998-11-12,1.4655984268346467,1.9077856299982885
1998-11-13,1.4698879625412993,1.9263960788189216
1998-11-16,1.4724101439736748,1.9407515823982802
1998-11-17,1.4703572494605262,1.9407515823982802
1998-11-18,1.4816796140236852,1.9524484921853946
1998-11-19,1.485664079237747,1.9694640807947903
1998-11-20,1.4980869960500827,1.9843512597815183
1998-11-23,1.5131639143521682,2.0311422624871662
1998-11-24,1.5081345082089537,2.0183805956519594
1998-11-25,1.5117895584289174,2.0183805956519594
1998-11-27,1.5147075019451985,2.0332681709254885
1998-11-30,1.497466095700905,1.9758425779740398
1998-12-01,1.538740103053885,2.0013645365537305
1998-12-02,1.5397998282275707,1.9955165493779206
1998-12-03,1.5029114126294123,1.9625506159821973
1998-12-04,1.5254628378910347,2.0141264461702097
1998-12-07,1.5356776013703186,2.023697575042411
1998-12-08,1.5203323078420306,2.0146577179746963
1998-12-09,1.5212694140590763,2.018378790779795
1998-12-10,1.4940819771528004,1.9888680744798037
1998-12-11,1.5003281380033926,1.992855754969136
1998-12-14,1.47853379849151,1.9354316163897003
1998-12-15,1.4783534395780573,1.985412202451348
1998-12-16,1.473928877931846,1.9827537355122657
1998-12-17,1.4852143838823921,2.0143905541161
1998-12-18,1.4877262525532033,2.022917469331673
1998-12-21,1.4935349023607103,2.051191786800522
1998-12-22,1.4757802651070675,2.060260105689967
1998-12-23,1.5009805257280355,2.1034720011467085
1998-12-24,1.511236628632929,2.0944039333497653
1998-12-28,1.5015887737894098,2.0890694865315234
1998-12-29,1.519137889474928,2.122145723711777
1998-12-30,1.5200514852162816,2.1050751835102393
1998-12-31,1.5411573491279584,2.1050751835102393
1999-01-04,1.5573430930998726,2.1002735070166523
1999-01-05,1.568137823271717,2.1242796332018528
1999-01-06,1.5951066607581637,2.175493890878716
1999-01-07,1.6000177310899621,2.1648252688378467
1999-01-08,1.6084269760658656,2.180829822050365
1999-01-11,1.619576426168417,2.1600247055480044
1999-01-12,1.6017619059413881,2.1210816201316796
1999-01-13,1.5965967279176017,2.1061449633627123
1999-01-14,1.5723514902814255,2.069335867838022
1999-01-15,1.5888564204318203,2.1232172351647884
1999-01-19,1.6145263881465424,2.13708821336212
1999-01-20,1.610056631809878,2.1541592740104565
1999-01-21,1.5950412231089912,2.0970783615677275
1999-01-22,1.5666400847379895,2.092278149198099
1999-01-25,1.5628784166359797,2.1136172940417706
1999-01-26,1.5730896170708983,2.1520280611263916
1999-01-27,1.5622425137964298,2.1269547821862083
1999-01-28,1.5641676617291937,2.1626982573008475
1999-01-29,1.569237474497291,2.179236410874427
1999-02-01,1.5732193000402837,2.1664333969605396
1999-02-02,1.5571137821683374,2.1530968329688505
1999-02-03,1.568513943102636,2.174970143694981
1999-02-04,1.5560977013023745,2.1424282404050166
1999-02-05,1.5514308403256687,2.1178888673394174
1999-02-08,1.5610124822997307,2.1221564134071067
1999-02-09,1.5369782803007188,2.0746774079699497
1999-02-10,1.535150014813993,2.088013434348381
1999-02-11,1.5278165777453636,2.1360252152577877
1999-02-12,1.5057163963697713,2.110418544977277
1999-02-16,1.5046824267412164,2.0976146356649
1999-02-17,1.4898502235838715,2.0954813615804286
1999-02-18,1.5022509125494685,2.1120189004860213
1999-02-19,1.5028395864703339,2.121087909644708
1999-02-22,1.5220523928125842,2.177636113315836
1999-02-23,1.5224749443692354,2.176569071620311
1999-02-24,1.5133709043704784,2.1381591572134275
1999-02-25,1.5071119108481459,2.117887270243887
1999-02-26,1.516249257206678,2.109352184544804
1999-03-01,1.5073108152890449,2.115220402322208
1999-03-02,1.5068161567867342,2.0965493518309097
1999-03-03,1.506018186321591,2.107753311567094
1999-03-04,1.5160491109155856,2.134426929724976
1999-03-05,1.5256588965996571,2.1773715995510425
1999-03-08,1.5237927324043237,2.1915092733469277
1999-03-09,1.5152445850176963,2.1861751397756013
1999-03-10,1.5212912561755927,2.20538068837853
1999-03-11,1.5217712279050417,2.229919959298118
1999-03-12,1.5318257705341296,2.208581855207594
1999-03-15,1.5330643118998484,2.240056355226158
1999-03-16,1.5251898771662855,2.231521740512746
1999-03-17,1.526544497837611,2.22191950246332
1999-03-18,1.5368771139126436,2.257661299579945
1999-03-19,1.526863446500307,2.2193758792616682
1999-03-22,1.5216105443202894,2.2236548359568844
1999-03-23,1.4948617474237982,2.159480157391169
1999-03-24,1.570292047443075,2.171780556367669
1999-03-25,1.611460206809176,2.216167407378711
1999-03-26,1.5938638513076062,2.200124571516697
1999-03-29,1.6068541039386934,2.244512084747046
1999-03-30,1.628534148310051,2.2327463523988023
1999-03-31,1.6193459311523735,2.196915238935506
1999-04-01,1.6303879408626532,2.213493161328514
1999-04-05,1.6585472601180218,2.2659020389092888
1999-04-06,1.661352680324975,2.260554510097463
1999-04-07,1.6657943299732123,2.2787384105766866
1999-04-08,1.6748470651308593,2.3076168624539246
1999-04-09,1.6920499363988653,2.308152229566014
1999-04-12,1.7313968926222172,2.332752516028729
1999-04-13,1.7232268917172733,2.3177785776283404
1999-04-14,1.7458282793026052,2.2787379152667686
1999-04-15,1.8056727764236542,2.270181254394942
1999-04-16,1.8455578617956412,2.2509278471764187
1999-04-19,1.8909151919296516,2.2161667684324735
1999-04-20,1.8758447566845524,2.243975229042764
1999-04-21,1.8971757809464207,2.3081506766181583
1999-04-22,1.9196857392258873,2.330078108046031
1999-04-23,1.9076019476577697,2.3241946608232147
1999-04-26,1.9176270476678854,2.33756342851227
1999-04-27,1.941139721131748,2.348793083222843
1999-04-28,1.984164423735167,2.3167062209129354
1999-04-29,2.0130242862566567,2.2990575529220205
1999-04-30,1.9956770563505053,2.2803409253836824
1999-05-03,2.0214612176337985,2.3220552019317258
1999-05-04,2.0178707157489306,2.2888985757033424
1999-05-05,2.026668871970388,2.3070815859887297
1999-05-06,2.0357169816897756,2.292909183806001
1999-05-07,2.035423986324623,2.3102894354192505
1999-05-10,2.043344984797662,2.298791124899169
1999-05-11,2.0519589185870766,2.322054891083148
1999-05-12,2.0458021956139394,2.340236580880329
1999-05-13,2.074523179295543,2.350397888114512
1999-05-14,2.1071491750043814,2.2894309172947094
1999-05-17,2.1046286013493907,2.2963839189905335
1999-05-18,2.08441083273622,2.2921057557494544
1999-05-19,2.122039130192148,2.3086845566807903
1999-05-20,2.1390142443412667,2.294779349595902
1999-05-21,2.1591026895654637,2.2819446486936124
1999-05-24,2.123123146085187,2.2439753716839994
1999-05-25,2.085285920647361,2.2076095068104884
1999-05-26,2.0890080686170736,2.2322088995448777
1999-05-27,2.0663674746347853,2.20012089661392
1999-05-28,2.0935059932362408,2.2281966393756103
1999-06-01,2.05467846200609,2.220442515070583
1999-06-02,2.0799134917604363,2.222580801212596
1999-06-03,2.0935856641591912,2.2348805633665063
1999-06-04,2.1070009859915,2.279803897570736
1999-06-07,2.1124637093031984,2.285685791626469
1999-06-08,2.094561357965841,2.2632243573521555
1999-06-09,2.0999848876892195,2.2610856103344577
1999-06-10,2.0812956955613084,2.2402293566647327
1999-06-11,2.0869419611284283,2.221512240389799
1999-06-14,2.09686060640027,2.2236515566772943
1999-06-15,2.106961139325445,2.2386256262599593
1999-06-16,2.1062361051940455,2.2814080006034136
1999-06-17,2.1109222699655743,2.3027984820170713
1999-06-18,2.114948192323139,2.3054513058683552
1999-06-21,2.1126477270461237,2.3108160910571107
1999-06-22,2.1149405923468336,2.294723567798989
1999-06-23,2.1143473663654557,2.2834587698046636
1999-06-24,2.0940836993338374,2.2662940102320417
1999-06-25,2.1020664091324957,2.260662269616615
1999-06-28,2.1256323393236607,2.28828756255133
1999-06-29,2.1399321835884435,2.3097425467378114
1999-06-30,2.1470982121048685,2.35158122322942
1999-07-01,2.1600402378560677,2.369281575096668
1999-07-02,2.1642202986406107,2.392884358147781
1999-07-06,2.159112767046975,2.392348352051556
1999-07-07,2.1676683589392756,2.395566060585065
1999-07-08,2.166944671104841,2.3974441843765635
1999-07-09,2.1994850822153484,2.411658630945732
1999-07-12,2.193059954384907,2.4009315733552854
1999-07-13,2.186416703346341,2.3923482429805403
1999-07-14,2.1888733860796177,2.4057573548824465
1999-07-15,2.1894616979106054,2.4210459428727247
1999-07-16,2.1905823988018875,2.4341873802506377
1999-07-19,2.1775461169377794,2.4180949674798007
1999-07-20,2.156072467087,2.3684780768420826
1999-07-21,2.1548080946453534,2.365796959659097
1999-07-22,2.126555688616734,2.33468672963958
1999-07-23,2.1120119906676704,2.330127086456594
1999-07-26,2.1120738446663343,2.3129633703377546
1999-07-27,2.124880566839608,2.3322743015167045
1999-07-28,2.118531819698679,2.3397842247675884
1999-07-29,2.092519804879827,2.3070646821684386
1999-07-30,2.093947070119572,2.278634724090077
1999-08-02,2.0948811470453386,2.283998630230585
1999-08-03,2.081103821208417,2.273270688664392
1999-08-04,2.0607098334914498,2.242158706019331
1999-08-05,2.0648206028004954,2.2625421708157525
1999-08-06,2.04026990103589,2.237866885900836
1999-08-09,2.0671397459604948,2.2330398070279482
1999-08-10,2.034050216751366,2.2083647171602894
1999-08-11,2.065466553231149,2.235185306650201
1999-08-12,2.055041102133908,2.233844195466211
1999-08-13,2.0790499026743587,2.285606833163554
1999-08-16,2.0851611485745885,2.2957983540326303
1999-08-17,2.094777053337305,2.310817466864712
1999-08-18,2.0705094464516347,2.2941888243731534
1999-08-19,2.0784986256893023,2.2754154772233077
1999-08-20,2.0986304617572755,2.2984813639159207
1999-08-23,2.1158074060192447,2.3424674017771796
1999-08-24,2.1027680531327544,2.351050202337291
1999-08-25,2.1042222064637928,2.375188434764688
1999-08-26,2.0920230490219014,2.3467598043889892
1999-08-27,2.0720173656530156,2.3183311561186213
1999-08-30,2.0421012538137027,2.2754188464188654
1999-08-31,2.0320285631186867,2.2668359665301736
1999-09-01,2.039448156736646,2.2947293830983275
1999-09-02,2.025308627829284,2.267640102730852
1999-09-03,2.0689661910747934,2.333886940692031
1999-09-07,2.0660313320049313,2.3253052384111066
1999-09-08,2.055326541566407,2.3140414598362433
1999-09-09,2.0653882898087814,2.3129677445988794
1999-09-10,2.0660641777603272,2.3322787122985353
1999-09-13,2.061438031640172,2.3164542012355898
1999-09-14,2.0470577075314087,2.301165603507435
1999-09-15,2.0413213044598306,2.2646898275262384
1999-09-16,2.0215580743083637,2.273540235372211
1999-09-17,2.0298646131589813,2.3021891158781367
1999-09-20,2.0239798843129067,2.2989614467376756
1999-09-21,1.9843910050457476,2.2505499165922735
1999-09-22,1.9806161043288981,2.2478605094419457
1999-09-23,1.9414805037138476,2.201064549356383
1999-09-24,1.9233628341295663,2.1989119082271125
1999-09-27,1.952249038543774,2.2134357213809523
1999-09-28,1.9326773089975577,2.209132802338588
1999-09-29,1.9408343273743505,2.182775638873886
1999-09-30,1.9529625914254172,2.2161262678602403
1999-10-01,1.9409039772921515,2.2112862480912336
1999-10-04,1.9605819104509976,2.25055205799859
1999-10-05,1.94752322602706,2.248400530231143
1999-10-06,1.962578659064736,2.2828257907495124
1999-10-07,1.951906590122005,2.269916410902824
1999-10-08,1.9589095756635984,2.304341963190576
1999-10-11,1.9655135622404856,2.300576668422723
1999-10-12,1.9366216224446229,2.265076469852292
1999-10-13,1.9127996859694467,2.206444965430165
1999-10-14,1.904208712247962,2.2059065928586
1999-10-15,1.8732887715763964,2.1494265604550487
1999-10-18,1.872851219866634,2.165024949004271
1999-10-19,1.8627644762967457,2.1860018757351733
1999-10-20,1.8733486910318045,2.2075186921980348
1999-10-21,1.861819954124261,2.220428261510009
1999-10-22,1.8808254011239574,2.239255272739352
1999-10-25,1.8798898085133062,2.2279604691436545
1999-10-26,1.8496542999781829,2.199990653414025
1999-10-27,1.861350695946864,2.239795084306245
1999-10-28,1.8898148342793302,2.316176576271257
1999-10-29,1.924191051103108,2.3581317987738344
1999-11-01,1.927335487858641,2.3333879218093005
1999-11-02,1.9351877543431206,2.316713531720051
1999-11-03,1.928202244272068,2.3323119639291225
1999-11-04,1.9357969017898986,2.3500631902865874
1999-11-05,1.937540871102034,2.373192512205388
1999-11-08,1.9487772281800646,2.3753449978139582
1999-11-09,1.939902544109239,2.3530215055245027
1999-11-10,1.9447756194678183,2.370502102289044
1999-11-11,1.9413082651417028,2.38394996071533
1999-11-12,1.9471337327428926,2.4054651091107857
1999-11-15,1.9676508498508463,2.411113141186978
1999-11-16,1.9921255811087495,2.4312845137261485
1999-11-17,1.9797231462214704,2.436662515070511
1999-11-18,1.9951267289602204,2.45495210390863
1999-11-19,1.9831092804336232,2.4528015658656064
1999-11-22,1.9765619874243494,2.452264402322682
1999-11-23,1.9497940978148214,2.430748234456703
1999-11-24,1.9528428976925825,2.445271955157582
1999-11-26,1.9496436273446196,2.433439284166574
1999-11-29,1.9306696900859908,2.425907789582079
1999-11-30,1.9374199823991842,2.399281025683626
1999-12-01,1.9305637761097165,2.4167621872367566
1999-12-02,1.940755490868046,2.431284511219862
1999-12-03,1.9519251911042832,2.4759301886993925
1999-12-06,1.9369571095624858,2.4576429683256587
1999-12-07,1.912815120241999,2.437740975568157
1999-12-08,1.9062153048279262,2.4221418710654965
1999-12-09,1.8900512187886604,2.4339764562475223
1999-12-10,1.8926969162338312,2.4420450881999827
1999-12-13,1.8925610103279074,2.446347971645391
1999-12-14,1.889839030459709,2.4226795550197218
1999-12-15,1.8842960689462205,2.4353210969378147
1999-12-16,1.8825699597935142,2.4463482308647495
1999-12-17,1.892171165509274,2.4620121985869763
1999-12-20,1.884334262846848,2.4442192364277884
1999-12-21,1.8981217323917403,2.481425141644692
1999-12-22,1.9046899880414083,2.4878966984141013
1999-12-23,1.9322727304326617,2.527528892819838
1999-12-27,1.9353457546399346,2.5240232102454967
1999-12-28,1.9382220151087917,2.5224053113677294
1999-12-29,1.9759680789910616,2.5331885940738266
1999-12-30,1.983381394797589,2.5302222302301662
1999-12-31,1.9988625975309335,2.534265525354074
2000-01-03,1.9529839310302743,2.5094626686574335
2000-01-04,1.9065428826694566,2.411327621536916
2000-01-05,1.9311682970925794,2.415641486651846
2000-01-06,1.9854696739637692,2.376819712319864
2000-01-07,2.0050469815296084,2.5148558939325527
2000-01-10,2.0193203724905264,2.523484364504635
2000-01-11,1.997216039609065,2.4900532436436777
2000-01-12,1.9843458112044676,2.4684844024472365
2000-01-13,2.010193683369989,2.50191508670958
2000-01-14,2.0052907979736396,2.535886089756923
2000-01-18,1.9949407433609745,2.5159362738888054
2000-01-19,1.993750000753922,2.5234840827104716
2000-01-20,1.9677491807718328,2.4976032299581927
2000-01-21,1.943899265782542,2.492210904584713
2000-01-24,1.9070241954108227,2.4215741709160685
2000-01-25,1.883767883730893,2.4490735672009913
2000-01-26,1.8977467057457622,2.4296622101073564
2000-01-27,1.8947109292233255,2.4199557095779776
2000-01-28,1.8642429752336178,2.3444676111734024
2000-01-31,1.8779576586162758,2.409172572774177
2000-02-01,1.8850388854013085,2.431818794958254
2000-02-02,1.8954399687162136,2.4339758182293822
2000-02-03,1.9243920932710326,2.4706412299551896
2000-02-04,1.9310564387271685,2.4603954807745656
2000-02-07,1.8972493360115816,2.4566212341070575
2000-02-08,1.8995762861858576,2.4900509358607863
2000-02-09,1.8795048962356908,2.4377474159530306
2000-02-10,1.884875808550544,2.442600971058193
2000-02-11,1.8546960149542475,2.392994187936972
2000-02-14,1.8605025164683378,2.4070123478899066
2000-02-15,1.873429195091332,2.434512463964549
2000-02-16,1.861810519691987,2.4016197660639236
2000-02-17,1.8868360893231033,2.385982819767081
2000-02-18,1.8422004524108357,2.334758154609502
2000-02-22,1.8453684416063236,2.328827868896794
2000-02-23,1.8160785614326282,2.3563266683727275
2000-02-24,1.780850258895226,2.308877318251706
2000-02-25,1.762070965779734,2.300519182359635
2000-02-28,1.7748215104571274,2.348777173247993
2000-02-29,1.795206726044887,2.37142408275245
2000-03-01,1.790559960283676,2.388678564378557
2000-03-02,1.7865739741685616,2.390295699766641
2000-03-03,1.823928212263202,2.435049206153372
2000-03-06,1.8009504859367127,2.4124032485361457
2000-03-07,1.7681511404353987,2.3646834998768522
2000-03-08,1.7715502759561226,2.3617181867680066
2000-03-09,1.787317397045044,2.4307370390581147
2000-03-10,1.7786087211845742,2.418875042307511
2000-03-13,1.7810323351628505,2.391374851951517
2000-03-14,1.7638330746874513,2.357405372179546
2000-03-15,1.8120290148402927,2.412403639512495
2000-03-16,1.9090084148814765,2.5250966631286813
2000-03-17,1.8922591813949272,2.5417395752353626
2000-03-20,1.8732299086661854,2.539037706066887
2000-03-21,1.891180558268972,2.580660151182442
2000-03-22,1.8881107469560285,2.5963376616008755
2000-03-23,1.9060428276220538,2.637962146991661
2000-03-24,1.9016980384302669,2.6563408292697517
2000-03-27,1.8862000188787513,2.628231430614419
2000-03-28,1.8915799332363141,2.6130954458055107
2000-03-29,1.8963272729566747,2.6157973864964736
2000-03-30,1.902220298799132,2.5720115540439092
2000-03-31,1.9205436052006128,2.601201313170754
2000-04-03,1.9329149569731354,2.6163377036120945
2000-04-04,1.9350435335028864,2.5211971993579443
2000-04-05,1.9428910564198307,2.5806596353048015
2000-04-06,1.9568288321755127,2.6030933095145063
2000-04-07,1.9552039418790836,2.619581302536971
2000-04-10,1.9592063496196783,2.609309924249724
2000-04-11,1.974409768527833,2.6017429254693996
2000-04-12,1.9829390553172488,2.530387523995476
2000-04-13,1.9765507232650859,2.495250562837275
2000-04-14,1.8815286657672108,2.3936239979140383
2000-04-17,1.9057275544112615,2.434708160214235
2000-04-18,1.9189521643150471,2.4990355845152554
2000-04-19,1.929504841027691,2.475792054543679
2000-04-20,1.9429001059997388,2.487683283781652
2000-04-24,1.9478139753251145,2.460654604903364
2000-04-25,1.9989757242899935,2.562820984098952
2000-04-26,1.9767750060886242,2.533899549293395
2000-04-27,1.9670071685110213,2.525519943483882
2000-04-28,1.971550794896496,2.5098440411946776
2000-05-01,2.0013881497699284,2.543900114989648
2000-05-02,1.9929242364111721,2.4930857101927297
2000-05-03,1.9601197052474602,2.449840645463727
2000-05-04,1.9858349431146485,2.4530842344783212
2000-05-05,1.997907259349039,2.4828156154001984
2000-05-08,1.9986771552201705,2.464167187312927
2000-05-09,1.9913351478091659,2.4444366006441127
2000-05-10,1.9703784588636593,2.389299888679984
2000-05-11,2.0227008902745096,2.4438977804362105
2000-05-12,2.030318541899259,2.4703847445805778
2000-05-15,2.0484063944183495,2.5130902856601423
2000-05-16,2.056966894634381,2.535253228889379
2000-05-17,2.0322203742385248,2.5109274741581853
2000-05-18,2.027954784072613,2.487683818529903
2000-05-19,2.007605640841316,2.441193983329216
2000-05-22,2.0123967789910187,2.4228142338287304
2000-05-23,2.0038577320487625,2.3871358714213686
2000-05-24,2.0281542351853625,2.426055734669023
2000-05-25,2.003385473502802,2.3844318964293065
2000-05-26,2.014080462321246,2.387135842199857
2000-05-30,2.0533997779728534,2.4687615651880392
2000-05-31,2.0431429817233857,2.4703835415363677
2000-06-01,2.051880008007085,2.5136300758145036
2000-06-02,2.0728184549389477,2.5574149981051164
2000-06-05,2.062291134643919,2.544980846384329
2000-06-06,2.054322905688164,2.533630231809455
2000-06-07,2.0433835140829535,2.5511984238368215
2000-06-08,2.024672830322729,2.541197726015381
2000-06-09,2.0378172105064007,2.5357925984521463
2000-06-12,2.0280316969857006,2.506060430235295
2000-06-13,2.035329199134768,2.553089160269091
2000-06-14,2.043354850111634,2.557414093306587
2000-06-15,2.0334467015832476,2.562820466699837
2000-06-16,2.0122517493652903,2.5418181529752317
2000-06-19,2.0101521946991565,2.5743280071517853
2000-06-20,1.988298881789673,2.5651170615421965
2000-06-21,1.981534269991165,2.5634907773251787
2000-06-22,1.9651507233928853,2.5250204712298596
2000-06-23,1.9679184926547324,2.5033456955048226
2000-06-26,1.9798162318390808,2.5355862847172292
2000-06-27,1.999036045263404,2.516891407040009
2000-06-28,2.0052729527900457,2.523936186088314
2000-06-29,2.0061582522389303,2.500095084874524
2000-06-30,1.9632537823771652,2.5190608061883824
2000-07-03,2.0126912111519677,2.5537381972463713
2000-07-05,2.009483874313436,2.507681528859033
2000-07-06,2.016696577232867,2.527188783472027
2000-07-07,2.0383941280909097,2.567828506299041
2000-07-10,2.058025270830654,2.563494011780408
2000-07-11,2.0764585849497923,2.568913238121312
2000-07-12,2.091325732352499,2.5857113617853873
2000-07-13,2.1034615027768964,2.597091077488605
2000-07-14,2.108515720610396,2.622558152594458
2000-07-17,2.105276680381658,2.6182230639682196
2000-07-18,2.0998313427571094,2.5968190904202793
2000-07-19,2.08072855420834,2.578124589788344
2000-07-20,2.0831080679305733,2.6117201313178757
2000-07-21,2.0532147094969653,2.5607863653169143
2000-07-24,2.036447796177398,2.546156592811859
2000-07-25,2.042630451537264,2.5542839246561146
2000-07-26,2.0216081196857267,2.52935922211932
2000-07-27,2.0330310153541955,2.520688578705895
2000-07-28,1.9964516653938407,2.463794116795924
2000-07-31,2.0140904060317695,2.477882091555763
2000-08-01,2.030549096992041,2.49467965425442
2000-08-02,2.062620557560656,2.5071430738070752
2000-08-03,2.063548032410073,2.5244824753055246
2000-08-04,2.073836844172122,2.5380288482680142
2000-08-07,2.094845307880211,2.568373521177907
2000-08-08,2.1162129418753484,2.5781256354378197
2000-08-09,2.129992440355858,2.5564513332206937
2000-08-10,2.114886180986139,2.543988632971243
2000-08-11,2.1483104580812555,2.554553817763973
2000-08-14,2.179450014884861,2.58841953772607
2000-08-15,2.15280695537364,2.586253030572993
2000-08-16,2.1462535701923766,2.577040797278092
2000-08-17,2.155524324070646,2.6041332271798767
2000-08-18,2.150791934846999,2.5954640676665948
2000-08-21,2.1463077806060724,2.610637150606174
2000-08-22,2.1532471601497747,2.6063034929361675
2000-08-23,2.143311833809942,2.6155141694802038
2000-08-24,2.132630320092242,2.6236431875189483
2000-08-25,2.1408245106591366,2.622559622882503
2000-08-28,2.1391372688629464,2.63149992863691
2000-08-29,2.1367813187005638,2.632042017622209
2000-08-30,2.1434298877210938,2.6068454793875113
2000-08-31,2.161979881302034,2.6415243447998034
2000-09-01,2.1570593444192894,2.642065857290487
2000-09-05,2.1648278572442448,2.623101108566856
2000-09-06,2.1851731678123394,2.5970930610754155
2000-09-07,2.179940704039498,2.6155168392506845
2000-09-08,2.185370401696322,2.5976345506207275
2000-09-11,2.195413460247382,2.593842004176821
2000-09-12,2.1917746597869048,2.5743363123054115
2000-09-13,2.1933939962280653,2.5816525761049833
2000-09-14,2.191117939425494,2.574338754356878
2000-09-15,2.1730855721964635,2.5396649856744453
2000-09-18,2.1322822910442927,2.514674682215409
2000-09-19,2.113480869811088,2.5374903256071497
2000-09-20,2.1107129748012894,2.5187484220622154
2000-09-21,2.1092142414754362,2.523909337579021
2000-09-22,2.116062831204207,2.5255397830110966
2000-09-25,2.120150945669991,2.5059820029314586
2000-09-26,2.1194138763636015,2.4755593814158705
2000-09-27,2.128935398997285,2.488598152677788
2000-09-28,2.15594453076029,2.5402067011680196
2000-09-29,2.1650307755547504,2.496746304717736
2000-10-02,2.1594054571077645,2.500548849339821
2000-10-03,2.1528646714830817,2.4771887219892883
2000-10-04,2.1568586337111104,2.497831135609625
2000-10-05,2.114859848205149,2.506523587961546
2000-10-06,2.0873105357176556,2.4521997022396556
2000-10-09,2.1000098999182684,2.4337297340823865
2000-10-10,2.082617750020883,2.3935293863348135
2000-10-11,2.056920185726244,2.373428526548374
2000-10-12,2.0245586611721964,2.3142138582395186
2000-10-13,2.049512532249065,2.3913535487762165
2000-10-16,2.0522838526571716,2.4022174679483066
2000-10-17,2.0031559129804895,2.3424599062156246
2000-10-18,2.0025788363085217,2.3337670375036583
2000-10-19,2.033308012278791,2.421229624768183
2000-10-20,2.0360011440955126,2.4320936820945174
2000-10-23,2.0236481753278293,2.4429578445724336
2000-10-24,2.045293923010361,2.426660872791291
2000-10-25,2.0299188487382014,2.369619782315459
2000-10-26,2.033029122342772,2.3761386063366086
2000-10-27,2.0563097846181937,2.4212282125304525
2000-10-30,2.116008750310829,2.4429587357379132
2000-10-31,2.163885438541464,2.4850606865896205
2000-11-01,2.1585213867495376,2.476641300983455
2000-11-02,2.1900878957025034,2.4807153759235723
2000-11-03,2.1907722610664258,2.4820723272342025
2000-11-06,2.192306808381436,2.4994567618141508
2000-11-07,2.1972649504791306,2.498914379696837
2000-11-08,2.2027307885064227,2.4435034522414396
2000-11-09,2.184636541056263,2.4342694526954194
2000-11-10,2.1537512996790937,2.375055848258603
2000-11-13,2.1665394681222234,2.356585038926696
2000-11-14,2.188597861008889,2.4185137371646506
2000-11-15,2.192084070047303,2.426119962868033
2000-11-16,2.158075641256253,2.3880929585700397
2000-11-17,2.1598884423020466,2.3753262136135245
2000-11-20,2.1439399874254064,2.341373300716133
2000-11-21,2.144138670563822,2.353323670042988
2000-11-22,2.131997684553067,2.2970980609183207
2000-11-24,2.1507464612921363,2.344087498852466
2000-11-27,2.1573976731253928,2.364729533367361
2000-11-28,2.150512730572422,2.3239852435074413
2000-11-29,2.15215841661617,2.3196393911020823
2000-11-30,2.1273045689984493,2.2995397157781827
2000-12-01,2.162162605570513,2.2984543330323355
2000-12-04,2.1796185604574676,2.318011880952108
2000-12-05,2.198052252458548,2.3940658507661468
2000-12-06,2.162809941952128,2.3557679793514406
2000-12-07,2.1241607590392437,2.3234444869067596
2000-12-08,2.166433626822653,2.3288767001171475
2000-12-11,2.1764657957615667,2.409819138706419
2000-12-12,2.1838630476173706,2.3994978833353393
2000-12-13,2.155498598474116,2.3666319608272954
2000-12-14,2.130464611992965,2.336481069646356
2000-12-15,2.1027883746894807,2.283875198363268
2000-12-18,2.1583681891235096,2.314392338763798
2000-12-19,2.1672696489251275,2.2672551100001956
2000-12-20,2.1294295501711717,2.20158860024926
2000-12-21,2.1527410752845917,2.2168478108375878
2000-12-22,2.216432851779743,2.283331076684607
2000-12-26,2.234092068782567,2.3078540524482
2000-12-27,2.287615944633211,2.3247475441121206
2000-12-28,2.31693603601146,2.3318310498790304
2000-12-29,2.3161753445003086,2.2876894881048204
2001-01-02,2.2876798154262596,2.246273157612171
2001-01-03,2.3870483238640925,2.3541728887380717
2001-01-04,2.4107566149105972,2.3288325717636953
2001-01-05,2.391022800973368,2.252812490123613
2001-01-08,2.386161887643025,2.2702515116096595
2001-01-09,2.404296920883075,2.26425804761901
2001-01-10,2.4330077186522336,2.304038797257628
2001-01-11,2.4621065097870494,2.3062184179598337
2001-01-12,2.460552925316766,2.3018596651498897
2001-01-16,2.514519073289697,2.3165731521295276
2001-01-17,2.49589899819211,2.3271992731783455
2001-01-18,2.5141155303814715,2.3503595603450163
2001-01-19,2.450601356283538,2.337007167682696
2001-01-22,2.45898045844327,2.352538917319115
2001-01-23,2.5012962053915815,2.37106751383192
2001-01-24,2.4781035677356194,2.37815226356325
2001-01-25,2.4550222701113356,2.372156941706807
2001-01-26,2.450468242705425,2.369431333380786
2001-01-29,2.487238466878555,2.382074618975706
2001-01-30,2.4841970853811888,2.4030011445034076
2001-01-31,2.4865986187296953,2.389400158025518
2001-02-01,2.5238702716494195,2.4052681644749656
2001-02-02,2.4891712130018306,2.3506854140185354
2001-02-05,2.4968197821926843,2.3679488476990875
2001-02-06,2.5159931040429373,2.360972870393766
2001-02-07,2.5321465384467765,2.34876664065383
2001-02-08,2.5097401556782164,2.321387067923728
2001-02-09,2.486438731328081,2.2990669312656413
2001-02-12,2.5190148585422,2.3253981448294265
2001-02-13,2.5315066561108814,2.3063903403935906
2001-02-14,2.5245271627678094,2.3029030781989155
2001-02-15,2.566526286820164,2.3252251177358976
2001-02-16,2.534163536424417,2.2739562291149387
2001-02-20,2.5148047605654544,2.238905467799361
2001-02-21,2.4734480355152866,2.1906010823315896
2001-02-22,2.4704144722382426,2.193913271168075
2001-02-23,2.4611061496041278,2.1790911931080634
2001-02-26,2.5137419351900765,2.225477507335755
2001-02-27,2.492890260398813,2.2049007423029288
2001-02-28,2.4648040853639315,2.1614796319847573
2001-03-01,2.471450339369459,2.1728144311748854
2001-03-02,2.4902539221627626,2.155551420519201
2001-03-05,2.528710934422791,2.1752574716055872
2001-03-06,2.551528149750766,2.1986240873655745
2001-03-07,2.58611233312023,2.21431786610119
2001-03-08,2.590970355861541,2.2167602587075
2001-03-09,2.561789533247889,2.15119292377545
2001-03-12,2.482491925433776,2.059117564252013
2001-03-13,2.4763856629635828,2.092948865832674
2001-03-14,2.4243283299674445,2.051619404579076
2001-03-15,2.4220912461050106,2.0521425675272433
2001-03-16,2.381600253460217,2.0110832990361582
2001-03-19,2.430271278921188,2.052000799838348
2001-03-20,2.4116831407800516,1.9969189423682874
2001-03-21,2.367305828175483,1.9629952833753348
2001-03-22,2.334511816260026,1.9430610662726582
2001-03-23,2.365553481710635,2.001815346794611
2001-03-26,2.3943110251114366,2.0273444979122828
2001-03-27,2.409377345014549,2.0687874741386056
2001-03-28,2.361713481845515,2.011608257140889
2001-03-29,2.3737821557266754,2.019302658724453
2001-03-30,2.4065588729884015,2.0404609119825676
2001-04-02,2.364532913592253,1.9969195165817717
2001-04-03,2.294507229351821,1.930296290750054
2001-04-04,2.3013202417821015,1.9383398353936097
2001-04-05,2.3931969909388653,2.0117815934168384
2001-04-06,2.3275984303694996,1.9811803835993749
2001-04-09,2.363300833870091,2.0032130906453833
2001-04-10,2.4306543054637126,2.0397597102711176
2001-04-11,2.414072036204753,2.0411589854323635
2001-04-12,2.4439157216977847,2.078230514925786
2001-04-16,2.433774692398929,2.0563716863697965
2001-04-17,2.4563021079223915,2.0853994290945925
2001-04-18,2.5497944011915123,2.168283629403957
2001-04-19,2.5922336925876754,2.1971369796604354
2001-04-20,2.5660525515992703,2.177028782022583
2001-04-23,2.5336213033300825,2.137509178542527
2001-04-24,2.5284012702940353,2.125968766487576
2001-04-25,2.5718930475022947,2.1537721860157
2001-04-26,2.5788027228402837,2.1633887788262602
2001-04-27,2.6170068127660917,2.1994113653824963
2001-04-30,2.6351610629029794,2.1841980369681457
2001-05-01,2.6517823240646052,2.221617717737484
2001-05-02,2.653567005718814,2.217596589668379
2001-05-03,2.606453919407224,2.189444200962539
2001-05-04,2.648339855190849,2.226688836265113
2001-05-07,2.6319067764067707,2.2074546980974548
2001-05-08,2.637214053900478,2.2064061571158584
2001-05-09,2.628921898083485,2.197139251255972
2001-05-10,2.6371100264843346,2.2036098263509207
2001-05-11,2.6301295828764597,2.188396104109794
2001-05-14,2.633070911490088,2.1927685195258055
2001-05-15,2.6390858303838574,2.2029100739286127
2001-05-16,2.70187480510172,2.2548436789214796
2001-05-17,2.7243139653968584,2.258340941467487
2001-05-18,2.737411595734929,2.2686570428881105
2001-05-21,2.782397488552483,2.3020562118735093
2001-05-22,2.780942001147886,2.2990842573039805
2001-05-23,2.7314173978862497,2.2600894892158476
2001-05-24,2.7364064782714963,2.266734152314142
2001-05-25,2.719313120915759,2.2399798891143785
2001-05-29,2.6905412742047976,2.2221429292573607
2001-05-30,2.6471481106147157,2.1910173732472527
2001-05-31,2.6642495255001095,2.2023843713796594
2001-06-01,2.683528821477133,2.2160237377916134
2001-06-04,2.693233402422947,2.2266894600416043
2001-06-05,2.7385210756787046,2.2522184547009814
2001-06-06,2.7121418324296926,2.2335092759977804
2001-06-07,2.7041201193977913,2.241552142900648
2001-06-08,2.6817612639501753,2.2207438143581015
2001-06-11,2.644669489958789,2.205005402945746
2001-06-12,2.6454041957621794,2.2011576685176055
2001-06-13,2.6290801092121803,2.1822717357217245
2001-06-14,2.5751634932639664,2.133310287059072
2001-06-15,2.5663090578828096,2.136744916621237
2001-06-18,2.5552378244176035,2.1263987977349568
2001-06-19,2.5564447342736876,2.135693286879856
2001-06-20,2.5729050477305204,2.1469163551024097
2001-06-21,2.5828298313720714,2.1712902964818874
2001-06-22,2.544756296100983,2.154280408299248
2001-06-25,2.529824612899242,2.1344653371037117
2001-06-26,2.5502994778053436,2.1314834890277776
2001-06-27,2.5666611409644706,2.130255754538098
2001-06-28,2.598167798655396,2.1420041150243754
2001-06-29,2.662414803253219,2.149895258184125
2001-07-02,2.667921812053935,2.176725951006263
2001-07-03,2.6572292124229504,2.1761991833261196
2001-07-05,2.6479891468031065,2.1337632992512603
2001-07-06,2.589686715948065,2.0876441393012435
2001-07-09,2.601529572008087,2.099042676301828
2001-07-10,2.5650020007077194,2.0737911929059174
2001-07-11,2.570984604682082,2.075896090966717
2001-07-12,2.621816426305654,2.125171636477994
2001-07-13,2.6274906537348284,2.143584123536439
2001-07-16,2.599772034204756,2.116755024646257
2001-07-17,2.6246534981738363,2.1365699684319703
2001-07-18,2.6200949900735298,2.122015653807012
2001-07-19,2.6435893489017537,2.1406045109343617
2001-07-20,2.642650994721374,2.127803695958974
2001-07-23,2.612913838960462,2.08589234655967
2001-07-24,2.5639139736788654,2.0657259393531313
2001-07-25,2.6028629901963876,2.0885232908198326
2001-07-26,2.6284123859101243,2.1104423427569867
2001-07-27,2.633057153482504,2.1185084533910037
2001-07-30,2.6338635242575617,2.1192096796890763
2001-07-31,2.653543769012975,2.12797685013395
2001-08-01,2.6625740656588492,2.141304369146339
2001-08-02,2.6747068910172396,2.1500730105379935
2001-08-03,2.6612389478055563,2.138325011608414
2001-08-06,2.6301676070928863,2.109566678527292
2001-08-07,2.6280557021277557,2.1178087555402985
2001-08-08,2.591239354971076,2.078527638742537
2001-08-09,2.595396516666157,2.0846655308597435
2001-08-10,2.6122693907705217,2.091855542275679
2001-08-13,2.624931181954188,2.09238059801679
2001-08-14,2.6391629242461483,2.091503890546221
2001-08-15,2.630851796875221,2.073441662947464
2001-08-16,2.6520990390422474,2.0806323586345656
2001-08-17,2.6222957054006955,2.047313112043392
2001-08-20,2.6372009881614664,2.0662528056429053
2001-08-21,2.6165393238869554,2.031004599031443
2001-08-22,2.635632364228256,2.0520478376820077
2001-08-23,2.6350502603397015,2.044683037992567
2001-08-24,2.68128947828894,2.0871204344461027
2001-08-27,2.6884354050375108,2.0746707610546316
2001-08-28,2.660073764308615,2.0443328505157297
2001-08-29,2.649015575111537,2.026095357156279
2001-08-30,2.620408305255988,1.9871659609638783
2001-08-31,2.636419522102657,2.001719964461978
2001-09-04,2.6449056646521187,1.9889189652892434
2001-09-05,2.637138498907282,1.9938296062145426
2001-09-06,2.583587147172314,1.942448617262394
2001-09-07,2.528450263179432,1.9064997207027188
2001-09-10,2.508443591091588,1.929821931786075
2001-09-17,2.3581639697142447,1.8289906656721844
2001-09-18,2.3382043572732685,1.824606575046568
2001-09-19,2.287918550328642,1.7877805405424032
2001-09-20,2.2067435823848505,1.7309648749639657
2001-09-21,2.1590211865769815,1.712358733522978
2001-09-24,2.2492274310787734,1.7725584171587117
2001-09-25,2.2540479456074727,1.7910408837744254
2001-09-26,2.2255224365513993,1.7847041811276314
2001-09-27,2.245168677825318,1.8001936287156384
2001-09-28,2.3002284717019847,1.8383901371297267
2001-10-01,2.2606186867212203,1.8353972379864796
2001-10-02,2.290472643463663,1.8584571688845417
2001-10-03,2.3842255477686343,1.889614203320891
2001-10-04,2.403593259400782,1.8911977000232736
2001-10-05,2.4106524705034595,1.887500408519728
2001-10-08,2.3740784334057,1.8751788058529113
2001-10-09,2.3657504941406153,1.8651447240627923
2001-10-10,2.459939858196236,1.9066870925018429
2001-10-11,2.5595738277636766,1.9362598093065464
2001-10-12,2.5603561339549046,1.9274595084732482
2001-10-15,2.550891309512816,1.923939967410776
2001-10-16,2.613668689738943,1.9360858004250403
2001-10-17,2.56736076138791,1.8948955750209975
2001-10-18,2.5131880566492777,1.8908461831771775
2001-10-19,2.531817139980966,1.889613351465746
2001-10-22,2.5690996807273083,1.9269313255438432
2001-10-23,2.571429765624863,1.9170731448823608
2001-10-24,2.6005167252632897,1.9119679790975392
2001-10-25,2.6950185558642854,1.9462935402262775
2001-10-26,2.6809197124317894,1.941892970531826
2001-10-29,2.5946512001659157,1.8913746249034404
2001-10-30,2.5125443190879087,1.8686667811568498
2001-10-31,2.549382380407664,1.862330132101947
2001-11-01,2.5977366504994817,1.9100318561056062
2001-11-02,2.6064477746839616,1.9230582733642465
2001-11-05,2.6769007833342338,1.948229183104311
2001-11-06,2.739966540083378,1.9785046646097522
2001-11-07,2.7340722559166437,1.9758633608824983
2001-11-08,2.727141782427329,1.9820241028417298
2001-11-09,2.749993697156579,1.984136940535359
2001-11-12,2.756393781378227,1.971992038322342
2001-11-13,2.8273423422916113,2.016350027232365
2001-11-14,2.8841545477807062,2.0182857232585083
2001-11-15,2.9121037191296497,2.0219812044177945
2001-11-16,2.962499113373758,2.0130036078701794
2001-11-19,3.0247167749540056,2.0378239423552187
2001-11-20,2.9319828622071653,2.0207490155422243
2001-11-21,2.9555939259299864,2.007371657059335
2001-11-23,3.0185517829376804,2.0362396688595052
2001-11-26,3.048202905772271,2.040639982783911
2001-11-27,3.0222630993917567,2.0318387025381637
2001-11-28,2.931933628005304,1.9950502309900078
2001-11-29,2.9558200572588507,2.021981414058142
2001-11-30,2.9332321226246916,2.0075464887431806
2001-12-03,2.8604840375528986,1.9955774965772937
2001-12-04,2.9682817039096854,2.0293745970593267
2001-12-05,3.112807773207485,2.0665162109347066
2001-12-06,3.114512459770139,2.0654602211509188
2001-12-07,3.0806685018577333,2.0517311070609288
2001-12-10,3.043094289801911,2.013357580165568
2001-12-11,3.064090924404502,2.009308718071855
2001-12-12,3.0861374020128363,2.011597320701739
2001-12-13,2.98552554860872,1.9725200311497872
2001-12-14,2.9736748147293524,1.9913536524072053
2001-12-17,3.001931213851553,2.011948231880401
2001-12-18,3.0453011108542287,2.023917311911857
2001-12-19,3.01298038120535,2.0381758093742763
2001-12-20,2.9529712122334293,2.0181099685309865
2001-12-21,2.9654259788741926,2.030303388960851
2001-12-24,3.0185277596801363,2.02641738827438
2001-12-26,3.055859070965832,2.0375444461533947
2001-12-27,3.0809882722930504,2.0499082658526535
2001-12-28,3.0848384714902055,2.048848463279208
2001-12-31,3.0616096561887307,2.0188225890498512
2002-01-02,3.059447082732385,2.040547138930617
2002-01-03,3.0932783857296995,2.063684902938951
2002-01-04,3.12549286249747,2.0774620633509713
2002-01-07,3.1197192167587176,2.0628014135699035
2002-01-08,3.113409813041909,2.0580322167017298
2002-01-09,3.1075618167166925,2.0412530800389606
2002-01-10,3.094760085108649,2.0502611298811724
2002-01-11,3.061916678144909,2.0301255153246096
2002-01-14,3.022219061694549,2.017408809096616
2002-01-15,3.0330450548979258,2.0338345516202807
2002-01-16,2.964016308713648,1.9926799094682444
2002-01-17,2.9998027428309024,2.007692759906178
2002-01-18,2.9695327475826714,1.9985075655296072
2002-01-22,2.9308102436463424,1.9847318528804114
2002-01-23,2.9728694519588172,1.999921005750505
2002-01-24,3.0042793431802517,2.00610276157928
2002-01-25,3.026976472608907,2.005573150450223
2002-01-28,3.037008977232646,2.011048365150952
2002-01-29,2.982019073898075,1.9478169824538758
2002-01-30,3.007166369934148,1.975900607706896
2002-01-31,3.04652790436968,1.999038403823144
2002-02-01,3.034323623019532,1.9896769069780402
2002-02-04,2.9567756360586404,1.940221497778194
2002-02-05,2.9368164803286345,1.9282115267069468
2002-02-06,2.91063655725585,1.9199105760844735
2002-02-07,2.894020251133439,1.9078996155204888
2002-02-08,2.9407211010798333,1.944460695852708
2002-02-11,3.003082814816885,1.9683056173659497
2002-02-12,2.9979927127304324,1.9621231694218033
2002-02-13,3.033759406196457,1.9829648417274015
2002-02-14,3.0216572090076617,1.9792566974733712
2002-02-15,3.011235095391123,1.9585912782950516
2002-02-19,2.948303015422412,1.9209706570215603
2002-02-20,2.98449260431612,1.9532929092966052
2002-02-21,2.952665545102711,1.9128460730238004
2002-02-22,2.978160476944342,1.9365137174853237
2002-02-25,3.025661499812095,1.9684836224472892
2002-02-26,3.0524469991357615,1.9644206722505582
2002-02-27,3.059429302751657,1.9720151225694786
2002-02-28,3.058093615022164,1.9631844388506126
2002-03-01,3.1096029226503585,2.0089305626447094
2002-03-04,3.203220560692885,2.0444323835477665
2002-03-05,3.2022265772144567,2.037896333217564
2002-03-06,3.26452958436113,2.0620943142781893
2002-03-07,3.254309754811936,2.0576793703513196
2002-03-08,3.285435358843468,2.066333969783017
2002-03-11,3.2958830165708584,2.0707497254764435
2002-03-12,3.2885378067723696,2.069513487890334
2002-03-13,3.257941567450816,2.04955509981312
2002-03-14,3.265374803014713,2.0467287633304774
2002-03-15,3.294065786882705,2.06617473331088
2002-03-18,3.2987752443249088,2.066528049190276
2002-03-19,3.3236786626972936,2.080344855727162
2002-03-20,3.2877935564516063,2.041199006576944
2002-03-21,3.2953793433720615,2.0420848869457986
2002-03-22,3.2897504575134877,2.0376576469109002
2002-03-25,3.2428358947234712,2.012327524702151
2002-03-26,3.2773812601551184,2.0240171352931458
2002-03-27,3.3243412538366295,2.0293301802732904
2002-03-28,3.343367618166151,2.0284453923146915
2002-04-01,3.3344470235837993,2.029331822951133
2002-04-02,3.2920400817512183,2.018172527256725
2002-04-03,3.2560702950787648,2.0040029379428552
2002-04-04,3.2613575808146584,1.9956783097386406
2002-04-05,3.2598035546708135,1.996033540477774
2002-04-08,3.275002252771883,2.000285091918992
2002-04-09,3.2626710034351554,1.9862930977010185
2002-04-10,3.304924557356981,2.0087878670324826
2002-04-11,3.2536516182286803,1.9588373479308527
2002-04-12,3.2932556299375757,1.973538422227074
2002-04-15,3.286818510295024,1.9584822976039036
2002-04-16,3.3630751824699012,2.0050667575347103
2002-04-17,3.3674649750503263,2.0008160160087365
2002-04-18,3.349464967069369,1.9921364761312907
2002-04-19,3.355062251237393,1.9993978135867891
2002-04-22,3.2971620880674335,1.9660978430015013
2002-04-23,3.2921134042068405,1.9575964359283629
2002-04-24,3.27482808016678,1.9379362949223342
2002-04-25,3.2663599270020303,1.9389982840119517
2002-04-26,3.2274523649965645,1.9021553776174405
2002-04-29,3.1963143602082438,1.8927682408288984
2002-04-30,3.240583668072961,1.9104807660265752
2002-05-01,3.2462350138442644,1.9338612296412083
2002-05-02,3.2485557975954737,1.9264216654907784
2002-05-03,3.2054219508159805,1.9055199904202034
2002-05-06,3.138241281702153,1.868147026848092
2002-05-07,3.1329207376507995,1.861593567077909
2002-05-08,3.2406402604217788,1.9308504325539084
2002-05-09,3.1960491359545373,1.9085317324040179
2002-05-10,3.143625003118984,1.8725749945655261
2002-05-13,3.193314748038391,1.9106575522300053
2002-05-14,3.2784569819277056,1.9522831376628884
2002-05-15,3.282269689412359,1.9446672811428654
2002-05-16,3.2764353042874355,1.9547639936665593
2002-05-17,3.2777735658754144,1.9643286538875697
2002-05-20,3.2525462165482057,1.9430726535238523
2002-05-21,3.2100434309225583,1.9253596032143288
2002-05-22,3.2176133010639636,1.929610797218226
2002-05-23,3.243547220382834,1.9501572929870057
2002-05-24,3.217082052197402,1.925181628535721
2002-05-28,3.192457032159873,1.914731742656029
2002-05-29,3.1664551136447217,1.9005608130286318
2002-05-30,3.1493941658821094,1.8952468449954036
2002-05-31,3.156679248250479,1.8991434725087144
2002-06-03,3.0725283928001823,1.8486623398659603
2002-06-04,3.063411705927247,1.8532673577545664
2002-06-05,3.0837379943961696,1.8706250598272958
2002-06-06,3.020055837931899,1.8325428748593318
2002-06-07,3.030497430483064,1.830417125124495
2002-06-10,3.0374061477845853,1.8375026698158519
2002-06-11,2.985634175763863,1.8059747990071515
2002-06-12,2.9818768855226954,1.816956931759914
2002-06-13,2.942167899910348,1.7987128672081127
2002-06-14,2.9325132892760966,1.7960561683032465
2002-06-17,3.0031687203875155,1.8442353750179814
2002-06-18,2.9959697323983,1.8592917126196282
2002-06-19,2.9597165602737596,1.815895844047086
2002-06-20,2.9306528894335537,1.7926923269518524
2002-06-21,2.8924120796180373,1.7647657658825966
2002-06-24,2.8886693104410495,1.7740096089642898
2002-06-25,2.8271363739134214,1.7341919632910863
2002-06-26,2.79690379816002,1.7370360381108838
2002-06-27,2.832316895898242,1.767432431741786
2002-06-28,2.8701579946424984,1.7590777786369425
2002-07-01,2.777562793231152,1.7247704847201861
2002-07-02,2.663549581627148,1.6881518825590918
2002-07-03,2.678694550157878,1.6977507141633228
2002-07-05,2.793161199282487,1.765297424077025
2002-07-08,2.7245651197905465,1.743255920439999
2002-07-09,2.6691769529325082,1.6993502768277973
2002-07-10,2.5891693070192967,1.6374905280507117
2002-07-11,2.6491378265645475,1.6508229759301007
2002-07-12,2.663917378793347,1.6326919871854606
2002-07-15,2.6660308208929666,1.6414023989370952
2002-07-16,2.6115040005882486,1.6097610848927848
2002-07-17,2.6182725818784656,1.6129612899295518
2002-07-18,2.545380029747024,1.5607013441358344
2002-07-19,2.4355594252734414,1.5057740210303179
2002-07-22,2.369410888940736,1.4611564310131686
2002-07-23,2.264463168277653,1.4211616571834762
2002-07-24,2.3691236432663323,1.5059510039743569
2002-07-25,2.3103418146528423,1.4931519263915787
2002-07-26,2.319798157086877,1.5215934842854855
2002-07-29,2.4598719847464703,1.595717910872453
2002-07-30,2.4832104830585515,1.616514902404854
2002-07-31,2.442349158669012,1.6204252519537712
2002-08-01,2.3884046408948176,1.578119189475762
2002-08-02,2.313874481384354,1.542745647843663
2002-08-05,2.224505057956907,1.4890627275356472
2002-08-06,2.322007161523807,1.5391905351954072
2002-08-07,2.353219636478695,1.56603247893868
2002-08-08,2.4033258103654127,1.6166936296323464
2002-08-09,2.427368388842674,1.6227368304199121
2002-08-12,2.425960429908625,1.6108275648214605
2002-08-13,2.348822906889717,1.5814976165211914
2002-08-14,2.4413141389819453,1.639268142955094
2002-08-15,2.4519941878599156,1.6620211847793105
2002-08-16,2.4604668140130275,1.6570434313308966
2002-08-19,2.531974403829891,1.6957950490160008
2002-08-20,2.518253887509437,1.6778416668320684
2002-08-21,2.6052031069077293,1.7020160095677848
2002-08-22,2.642022739160863,1.7185476910687167
2002-08-23,2.5747864227181507,1.6815748560430643
2002-08-26,2.627347146229677,1.6933072038136767
2002-08-27,2.5972050058629725,1.6737545855312403
2002-08-28,2.529721576029453,1.6371361827089879
2002-08-29,2.5472756658965583,1.6378466998122836
2002-08-30,2.5327160155936883,1.631447632756117
2002-09-03,2.420472813801468,1.5692323772809624
2002-09-04,2.484758306635998,1.5916300310018936
2002-09-05,2.4272548095275113,1.5781202752987495
2002-09-06,2.4980011892996137,1.599806804121905
2002-09-09,2.505025624598146,1.6115381874165309
2002-09-10,2.527762051416187,1.630024141964386
2002-09-11,2.5374651733781435,1.6198919118979354
2002-09-12,2.4633847189454308,1.590029204502097
2002-09-13,2.4780337833169006,1.5939390863159675
2002-09-16,2.4535466752759976,1.5978490188947005
2002-09-17,2.398121960254157,1.5612311129286907
2002-09-18,2.3589349689289296,1.545589138408258
2002-09-19,2.2316618946005176,1.5055939282736674
2002-09-20,2.2383246341456835,1.5060937854578542
2002-09-23,2.2164656884620495,1.493773938292809
2002-09-24,2.181312226042066,1.469668908250578
2002-09-25,2.2540096038540893,1.5060931824726602
2002-09-26,2.280886509824329,1.5307343730310956
2002-09-27,2.2147077186364252,1.4775260462245348
2002-09-30,2.1898162289251664,1.460385266562284
2002-10-01,2.2528493983874123,1.5305567786206018
2002-10-02,2.163840677372142,1.4846691558407774
2002-10-03,2.1310470221986786,1.4696710280284737
2002-10-04,2.0715984983273126,1.4427099130192913
2002-10-07,2.007026746509213,1.4128919845370085
2002-10-08,2.009911649734747,1.435033414826688
2002-10-09,1.9288115624497415,1.3945023310583229
2002-10-10,2.003357005171174,1.4396758395706262
2002-10-11,2.115512266684581,1.5027048478270282
2002-10-14,2.1327092098731604,1.511097454402142
2002-10-15,2.2795491941781845,1.58376915317925
2002-10-16,2.1696575512929597,1.545380172675338
2002-10-17,2.25509423100723,1.576091512846915
2002-10-18,2.2685427960136786,1.5826984884687694
2002-10-21,2.3397799271568642,1.6100174470782287
2002-10-22,2.320816288823376,1.5984108313022416
2002-10-23,2.3635246646269734,1.6105523599768132
2002-10-24,2.367254409967977,1.5776987023856461
2002-10-25,2.415013343543392,1.6105527001641247
2002-10-28,2.4057268028883034,1.6000180749523512
2002-10-29,2.3718181743543325,1.5814482651744541
2002-10-30,2.42783506694736,1.5968041278292981
2002-10-31,2.43248227862496,1.5805550490245073
2002-11-01,2.5428800260861046,1.6118026223437218
2002-11-04,2.6097790564295615,1.6271582659267907
2002-11-05,2.6101084268991728,1.640014443385878
2002-11-06,2.6927485115511347,1.6612624705143855
2002-11-07,2.569725159267193,1.62055157241196
2002-11-08,2.5093582203066127,1.6007322266813617
2002-11-11,2.429770960885996,1.5759128735066672
2002-11-12,2.491622456386558,1.5884114385064485
2002-11-13,2.5179665577868935,1.5900189108822171
2002-11-14,2.6199733616866734,1.6200162076549212
2002-11-15,2.6251024197737145,1.6319800273484526
2002-11-18,2.613749406206161,1.615552516393163
2002-11-19,2.597292875827036,1.6134102937564256
2002-11-20,2.698299426869963,1.6492989923307435
2002-11-21,2.829156952767243,1.6800105888669343
2002-11-22,2.841846002181564,1.6680472334636127
2002-11-25,2.9266382870796286,1.6691181197874965
2002-11-26,2.857845712157486,1.637334772550503
2002-11-27,2.9711960531727493,1.6834011863762115
2002-11-29,2.9776260184933223,1.6780446038011623
2002-12-02,2.9960856485736387,1.6807227629888288
2002-12-03,2.9001201896340127,1.6582246080834604
2002-12-04,2.822899245128983,1.650724458181099
2002-12-05,2.785944187294195,1.632512015233987
2002-12-06,2.8027916118589875,1.6432245590779522
2002-12-09,2.6887279105049027,1.5980506727243402
2002-12-10,2.7473621841706173,1.6194773361442283
2002-12-11,2.7458291172497065,1.6209057151547075
2002-12-12,2.760965505217011,1.6207274155260405
2002-12-13,2.710038160440168,1.5951944758218433
2002-12-16,2.7891039971305167,1.636439824188693
2002-12-17,2.7860494036203107,1.62215534096335
2002-12-18,2.711046820004093,1.6034064695324957
2002-12-19,2.675242124771286,1.5919789916241376
2002-12-20,2.704486241079085,1.6145803173682254
2002-12-23,2.723526415792201,1.6151179726139089
2002-12-24,2.7094637070492835,1.60318709615021
2002-12-26,2.717939240102201,1.6038155454919008
2002-12-27,2.673350342243591,1.5677521491359698
2002-12-30,2.661439191224292,1.5808491505898516
2002-12-31,2.6946834006677123,1.583002267132955
2003-01-02,2.8017034383858457,1.6339575271096978
2003-01-03,2.797373061578539,1.63898194650556
2003-01-06,2.8624783179780753,1.6678690033127204
2003-01-07,2.899442462438092,1.6637426953985248
2003-01-08,2.8758788268931683,1.6396999497073208
2003-01-09,2.9289773842785944,1.6651776075258733
2003-01-10,2.933290204360788,1.669663596000548
2003-01-13,2.9220747691765134,1.6691259643226357
2003-01-14,2.9648380859657184,1.6745088955575762
2003-01-15,2.9448785197763305,1.6578224144133449
2003-01-16,2.944300631158677,1.6510037908228627
2003-01-17,2.8747080953386557,1.6266036057982918
2003-01-21,2.813982592138744,1.6013050399173108
2003-01-22,2.7631390663769637,1.5819276476292714
2003-01-23,2.8209444189671617,1.5916169544710006
2003-01-24,2.718282688018406,1.5498131351618198
2003-01-27,2.6502836687359554,1.528641137922374
2003-01-28,2.7107971854965647,1.539943910496172
2003-01-29,2.736728173645578,1.5516059057303597
2003-01-30,2.669912053128373,1.5148250877350216
2003-01-31,2.645728609407261,1.544070300878834
2003-02-03,2.6326178429474902,1.5471198397230697
2003-02-04,2.596812933165705,1.5318698794629193
2003-02-05,2.5986433806667018,1.5223600312512136
2003-02-06,2.574482103512985,1.5151836260638953
2003-02-07,2.5382743342984297,1.4967029313767939
2003-02-10,2.5607897661369075,1.507289111210422
2003-02-11,2.5456264320844983,1.4968827871866253
2003-02-12,2.499717850945959,1.473019481793296
2003-02-13,2.4912162515145657,1.4775048261153565
2003-02-14,2.525478731200115,1.509800126604586
2003-02-18,2.5946157105359178,1.5363544912313074
2003-02-19,2.570892640768781,1.528280948379887
2003-02-20,2.5709891097754123,1.5130302327960041
2003-02-21,2.5980377220041553,1.5282800645123549
2003-02-24,2.5483533099168882,1.5035203991871902
2003-02-25,2.564781199121966,1.5155410447786917
2003-02-26,2.5207097481639553,1.493473251625669
2003-02-27,2.5495073522814917,1.513209500645902
2003-02-28,2.5634776114153808,1.5232572117301908
2003-03-03,2.5471319524354965,1.508723814673073
2003-03-04,2.5069966132454393,1.4846823006862575
2003-03-05,2.523649070492512,1.4972412282677625
2003-03-06,2.523039191574032,1.4846823688450526
2003-03-07,2.543644344258142,1.4949088610016572
2003-03-10,2.4769404881230948,1.4590250687021733
2003-03-11,2.427572146304227,1.4446711800762813
2003-03-12,2.4426339517148428,1.454359145009873
2003-03-13,2.5375849840140505,1.5045956185968041
2003-03-14,2.529245057962588,1.5094404164886859
2003-03-17,2.630495711606529,1.5569862801676628
2003-03-18,2.6680863363882428,1.566136688536208
2003-03-19,2.659288560821642,1.578158353757412
2003-03-20,2.6814226406891066,1.581567175801528
2003-03-21,2.7581672612232535,1.6151976202277716
2003-03-24,2.636749445203022,1.5615197577147422
2003-03-25,2.6961651418205066,1.576469747875103
2003-03-26,2.6546156558946645,1.568544834452535
2003-03-27,2.6631514135341425,1.5698059444994348
2003-03-28,2.6443543120906865,1.5618799942856572
2003-03-31,2.613139625766092,1.5263956426954812
2003-04-01,2.6529635108089273,1.5498120782500726
2003-04-02,2.7318054200132798,1.5872787852417682
2003-04-03,2.720632894955132,1.5797138145513059
2003-04-04,2.719396091283089,1.5890799377577807
2003-04-07,2.742690449999605,1.5860177807177214
2003-04-08,2.7195074074662178,1.5885395489890626
2003-04-09,2.6908657023314877,1.5676438997616604
2003-04-10,2.708487385375067,1.5762894558688458
2003-04-11,2.7064184229550996,1.5698046010474014
2003-04-14,2.7718047656078677,1.6022273452774343
2003-04-15,2.8015399871764948,1.617177728636218
2003-04-16,2.77202388144259,1.5896177857847995
2003-04-17,2.8482185943642184,1.6132140721969892
2003-04-21,2.8803793434407616,1.6148353523395471
2003-04-22,2.9528275489080666,1.6452766135664998
2003-04-23,2.986642456852949,1.6604065773048573
2003-04-24,2.9792248756597943,1.6456356003931534
2003-04-25,2.9385433973981354,1.6252807336518906
2003-04-28,3.0257614277724567,1.653380212255998
2003-04-29,3.0670201177821914,1.653380212255998
2003-04-30,3.070173918664347,1.6555411801934166
2003-05-01,3.067289420734622,1.6553607262047754
2003-05-02,3.1445582399909697,1.6789578933568243
2003-05-05,3.1818828541183866,1.6757158256647522
2003-05-06,3.2057598664111233,1.6915664216597153
2003-05-07,3.1732613865253794,1.6822002183829854
2003-05-08,3.147684730038982,1.6652688731849608
2003-05-09,3.2208381489182685,1.6883245207342068
2003-05-12,3.270286909373852,1.709038574279095
2003-05-13,3.2731343330923517,1.7059759771539869
2003-05-14,3.285649871184275,1.7023729558902376
2003-05-15,3.3772020764670985,1.7131813217871847
2003-05-16,3.406879092408753,1.7088589653123156
2003-05-19,3.292319403808849,1.668869956665042
2003-05-20,3.2750246062539485,1.665447104383922
2003-05-21,3.29264849431972,1.668869598183431
2003-05-22,3.3332541190219964,1.6854414732933924
2003-05-23,3.3826904563081674,1.688864604925651
2003-05-27,3.4525604695891925,1.7184062245950107
2003-05-28,3.46878480487254,1.7232693142106148
2003-05-29,3.475636665207148,1.7187664114925825
2003-05-30,3.5517038710432445,1.7463251121344547
2003-06-02,3.5784956009997395,1.7535304495471216
2003-06-03,3.555432075486358,1.7607357061643105
2003-06-04,3.6539716174155763,1.7861343187257306
2003-06-05,3.7119331634955737,1.7949596083945545
2003-06-06,3.6819885614780645,1.7879341364872983
2003-06-09,3.60062389959385,1.76974190664854
2003-06-10,3.631941763681671,1.787754339774409
2003-06-11,3.6985439038624217,1.8066669929348822
2003-06-12,3.722381148432729,1.8122514006100439
2003-06-13,3.6475392631845005,1.7933387449932774
2003-06-16,3.7136388207777666,1.8311656391414206
2003-06-17,3.7240444287146084,1.8311656391414206
2003-06-18,3.7269284910981555,1.8295450575507803
2003-06-19,3.674891647317324,1.8016261999725554
2003-06-20,3.6511252914711347,1.7976680272112155
2003-06-23,3.5496458804529363,1.7792275485880829
2003-06-24,3.5371791688951997,1.7810352437774482
2003-06-25,3.522725525025122,1.7631376206127287
2003-06-26,3.5645477864213655,1.7860971987083478
2003-06-27,3.543592187205853,1.7654874231324522
2003-06-30,3.553755404067242,1.7649454184935507
2003-07-01,3.567842202145061,1.781214685361224
2003-07-02,3.6271889487695175,1.803631272176495
2003-07-03,3.5970205979259138,1.7850105829225449
2003-07-07,3.6638968248494663,1.8204430429935572
2003-07-08,3.6993978770849067,1.8285786029526956
2003-07-09,3.7146119029895144,1.8182745625250571
2003-07-10,3.6466274302063635,1.7951352004423633
2003-07-11,3.6759172572700773,1.8121279502497507
2003-07-14,3.69597302790653,1.8209856316705715
2003-07-15,3.6775187019241593,1.817008599051003
2003-07-16,3.65330561431513,1.8063427585745735
2003-07-17,3.590550843444041,1.7806728216324703
2003-07-18,3.636139684686831,1.7989318407454897
2003-07-21,3.5758646788914303,1.7766952442620347
2003-07-22,3.639682372428138,1.7927849963940716
2003-07-23,3.636970285011774,1.794050702601526
2003-07-24,3.626490556991159,1.7804930614419663
2003-07-25,3.689059095145402,1.8119490323584617
2003-07-28,3.702219893525797,1.8052593165309943
2003-07-29,3.680075701502177,1.7969442921190526
2003-07-30,3.6683570109938137,1.792606468597877
2003-07-31,3.7074044328412135,1.7967635229985555
2003-08-01,3.6857809715319205,1.7808549787659262
2003-08-04,3.6792154620038993,1.7808549787659262
2003-08-05,3.618998744010902,1.7430723595364284
2003-08-06,3.600804529331887,1.753196123800616
2003-08-07,3.618519999142342,1.7716362406307509
2003-08-08,3.6221267548418843,1.7766978053702331
2003-08-11,3.6479195761988468,1.783387072607452
2003-08-12,3.689642124134245,1.79965691287085
2003-08-13,3.691747343661608,1.7904372705062126
2003-08-14,3.725891780691066,1.7953180025056126
2003-08-15,3.7307337552588393,1.8009229853094353
2003-08-18,3.7931050044507892,1.8164703534416113
2003-08-19,3.8339962313992895,1.8233402443183275
2003-08-20,3.834228532926269,1.8159283662251735
2003-08-21,3.878276970366234,1.8217139139999667
2003-08-22,3.8329175649566616,1.803635225117431
2003-08-25,3.8229705972389176,1.8065282560185192
2003-08-26,3.8377315422169023,1.8097818134076085
2003-08-27,3.855525759967055,1.8103247479516307
2003-08-28,3.893618980979957,1.8215324684661993
2003-08-29,3.9235687790515725,1.8338259910958774
2003-09-02,3.9823019432251776,1.8584120961584998
2003-09-03,3.997106715431739,1.8685348668462751
2003-09-04,3.9979464830567446,1.8694392377218285
2003-09-05,3.9729902831833734,1.8589535530374468
2003-09-08,4.025775755340178,1.8743196631068546
2003-09-09,3.9875184519585103,1.8620260004365368
2003-09-10,3.9075009272912653,1.843225123910129
2003-09-11,3.9458660007402773,1.8486478922246725
2003-09-12,3.963537847667566,1.8520826800084258
2003-09-15,3.946412276164385,1.8455744614708762
2003-09-16,4.011354995343375,1.8725106207360436
2003-09-17,4.003264522974409,1.8688948027274022
2003-09-18,4.042747138458556,1.8909496302943882
2003-09-19,4.042781788105779,1.881370079467317
2003-09-22,3.9800963986921483,1.861043757128752
2003-09-23,4.009525507011284,1.8681213065371125
2003-09-24,3.9276248642410527,1.8349117140708022
2003-09-25,3.870486928440431,1.819848923809995
2003-09-26,3.8212237079020137,1.8138598010017364
2003-09-29,3.8717641559174494,1.8316446963505586
2003-09-30,3.8311231299813455,1.8138594263489947
2003-10-01,3.9132218111441355,1.8525145845839182
2003-10-02,3.9392421443740457,1.859229949953035
2003-10-03,4.004547337025824,1.8762883847438538
2003-10-06,4.027120943175018,1.8848179917408994
2003-10-07,4.053919322754531,1.8920764258270937
2003-10-08,4.043882676841329,1.8873575872210808
2003-10-09,4.077719465726967,1.8924383538458798
2003-10-10,4.073422804106423,1.897701224907925
2003-10-13,4.118514959371338,1.9036903699737344
2003-10-14,4.1438037008063215,1.9104046859086319
2003-10-15,4.123468395672471,1.905323009444115
2003-10-16,4.136977637453428,1.9129443014818914
2003-10-17,4.074308559193013,1.892074079152724
2003-10-20,4.092408798205511,1.9062286853388657
2003-10-21,4.101349048526553,1.902961409372195
2003-10-22,4.033370397789251,1.8790069311510176
2003-10-23,4.0175779677945975,1.8755589534323553
2003-10-24,3.999621677963476,1.8797320721037423
2003-10-27,4.042922357402111,1.8806399826945683
2003-10-28,4.106964113449094,1.9062279702991107
2003-10-29,4.1399360901283435,1.9087689721835195
2003-10-30,4.144433679008972,1.9127621168733273
2003-10-31,4.158653006709885,1.9109469056244146
2003-11-03,4.205578985136247,1.9234693406969714
2003-11-04,4.195196870291404,1.9192954122276589
2003-11-05,4.192008428156164,1.920746399559303
2003-11-06,4.225553439114846,1.9309090687593713
2003-11-07,4.2304049918368465,1.916572068923833
2003-11-10,4.173006711708108,1.9087677874591753
2003-11-11,4.167871960454252,1.9082237886397495
2003-11-12,4.233982830986102,1.929637875995865
2003-11-13,4.242979559665448,1.9301820338768956
2003-11-14,4.193645355701942,1.9138488335062294
2003-11-17,4.138129374871026,1.9042298292690272
2003-11-18,4.096235824676512,1.8844486898025805
2003-11-19,4.117866646298104,1.9004193924486574
2003-11-20,4.087284802031718,1.8833612279820384
2003-11-21,4.114542728175935,1.891163993549568
2003-11-24,4.200233797996913,1.9162086783161447
2003-11-25,4.237151779856413,1.9234672767896062
2003-11-26,4.265584094981704,1.9303629069768968
2003-11-28,4.270459146643152,1.9318145398829436
2003-12-01,4.339299776485701,1.9526839323572989
2003-12-02,4.317529080352784,1.9477846483710144
2003-12-03,4.317175298130518,1.9446993574879947
2003-12-04,4.322001151726364,1.9526842930498403
2003-12-05,4.276002654928296,1.9390740835272828
2003-12-08,4.313504413797076,1.9521395647020894
2003-12-09,4.271732594772403,1.9370768558208482
2003-12-10,4.2449895328516245,1.936894770596401
2003-12-11,4.337100624622194,1.9586712785022162
2003-12-12,4.358485142762407,1.9624828528101816
2003-12-15,4.322072892859503,1.9526822134432475
2003-12-16,4.3336118289897625,1.9628459243642196
2003-12-17,4.350563112636086,1.969015149104496
2003-12-18,4.434314353223783,1.9911547554410272
2003-12-19,4.452790900928885,1.9856312921494337
2003-12-22,4.4994941026246424,1.9994890129373448
2003-12-23,4.527763677546792,2.0007646869275986
2003-12-24,4.521002204874524,1.9987599207112972
2003-12-26,4.536191424936427,2.0002190154534163
2003-12-29,4.604655508349658,2.0268399303300857
2003-12-30,4.600464443777105,2.0272047615175453
2003-12-31,4.593821041284207,2.0290272185981495
2004-01-02,4.588448071689461,2.028116185376999
2004-01-05,4.652530608689468,2.05017803324153
2004-01-06,4.652115916771588,2.0521831073580397
2004-01-07,4.659347738863667,2.0591112775284803
2004-01-08,4.717007620031755,2.067316835969431
2004-01-09,4.691761937732912,2.049265025357746
2004-01-12,4.719596465509482,2.0643988475700126
2004-01-13,4.690002062941036,2.052365466687527
2004-01-14,4.7346234886489045,2.0695047706998344
2004-01-15,4.746451376526041,2.074610238969151
2004-01-16,4.808418001992282,2.082815322464274
2004-01-20,4.836603506388451,2.082267542034466
2004-01-21,4.854498345227135,2.0986778925332397
2004-01-22,4.815421260004878,2.093208737945298
2004-01-23,4.8006037058028,2.0864623261829003
2004-01-26,4.839832240824102,2.1127183680955857
2004-01-27,4.797366713758274,2.091020750455244
2004-01-28,4.7199608542862155,2.067135020422794
2004-01-29,4.7024239821922595,2.069140141392604
2004-01-30,4.7241151902039515,2.069140141392604
2004-02-02,4.729365956249687,2.078074688523137
2004-02-03,4.724863133138571,2.074610538017369
2004-02-04,4.64506029343742,2.057652671479615
2004-02-05,4.663557610861221,2.0636692478910215
2004-02-06,4.752981065412607,2.0868256805216063
2004-02-09,4.7561091242956035,2.087372428849903
2004-02-10,4.793425319451288,2.094118816539946
2004-02-11,4.849504518802834,2.1163646407280496
2004-02-12,4.826355776375792,2.1087076334578954
2004-02-13,4.7853210502375605,2.0992268839378685
2004-02-17,4.85551429685185,2.1181892003804794
2004-02-18,4.838868421762775,2.108890349790809
2004-02-19,4.802333088254214,2.1010494954702867
2004-02-20,4.766903831190259,2.0946686081525434
2004-02-23,4.714600609054406,2.0893816645855665
2004-02-24,4.7156279562391825,2.085735693580865
2004-02-25,4.753708277019237,2.0944874405511302
2004-02-26,4.789922319013603,2.095762983402426
2004-02-27,4.824803887277236,2.097221634438874
2004-03-01,4.901038710296261,2.1180071980577977
2004-03-02,4.880360335692633,2.105608383920367
2004-03-03,4.8837463055913775,2.1094363799623346
2004-03-04,4.908144892851468,2.114906148495577
2004-03-05,4.9156302999283135,2.1220164629668195
2004-03-08,4.854273759382026,2.096125740102161
2004-03-09,4.800079184030877,2.087739141016012
2004-03-10,4.709146769056366,2.0527298433603147
2004-03-11,4.635024313900293,2.026107990021775
2004-03-12,4.722859941198678,2.052729022902671
2004-03-15,4.631618936948445,2.02756667053993
2004-03-16,4.650453908268577,2.038324939293815
2004-03-17,4.727781411313068,2.0611174887649986
2004-03-18,4.713236855775363,2.0616636848995213
2004-03-19,4.677518971307104,2.0322128191607316
2004-03-22,4.593762601890636,2.006411845208667
2004-03-23,4.595493050466269,2.00293473348092
2004-03-24,4.584252155876382,2.0045811458318417
2004-03-25,4.6787684431821885,2.031113781878072
2004-03-26,4.685392658563278,2.031662182599179
2004-03-29,4.757734532255421,2.0602070362646976
2004-03-30,4.795974994288259,2.0671602350120906
2004-03-31,4.806163700503434,2.0695395364425893
2004-04-01,4.869201794837438,2.081981608135682
2004-04-02,4.969368894015546,2.0977172251299714
2004-04-05,5.01396255907056,2.109244181282061
2004-04-06,4.989653108856236,2.1024735074601453
2004-04-07,5.020131057402636,2.097532694717614
2004-04-08,5.040939389434971,2.092775490565994
2004-04-12,5.052478652840187,2.1010105621213713
2004-04-13,4.952028485464242,2.0715501920193056
2004-04-14,4.921539969336327,2.0748439568246164
2004-04-15,4.864003755660028,2.0669761485403373
2004-04-16,4.884609468041913,2.082895998836395
2004-04-19,4.882323809853269,2.082895998836395
2004-04-20,4.811676743022652,2.047947086871919
2004-04-21,4.854220083972723,2.061670380301048
2004-04-22,4.9257477802760965,2.090581184044009
2004-04-23,4.9172924579486885,2.092594413724244
2004-04-26,4.88498047686113,2.0896668741394433
2004-04-27,4.900589523049296,2.0914974223211895
2004-04-28,4.828798210385883,2.064416713696975
2004-04-29,4.794810018668669,2.046301457034284
2004-04-30,4.749510481576467,2.030381231698557
2004-05-03,4.744465602780462,2.052157070408524
2004-05-04,4.753212792677817,2.0505091882809863
2004-05-05,4.7921811945382435,2.0636837098156913
2004-05-06,4.6986298421283,2.0459339662275666
2004-05-07,4.610343874424229,2.0120819428223653
2004-05-10,4.51514688374901,1.9914057887779228
2004-05-11,4.565676726405972,2.0082411333162513
2004-05-12,4.566664127323053,2.0210496952645425
2004-05-13,4.58105663156052,2.0126320232837656
2004-05-14,4.571681529516505,2.01354777085436
2004-05-17,4.491619357291932,1.996348045795722
2004-05-18,4.556267164324656,2.0064116362945783
2004-05-19,4.579357808328653,1.9994574135631813
2004-05-20,4.546147841847949,2.0058616756588243
2004-05-21,4.536657121362518,2.009337833942741
2004-05-24,4.568890723379179,2.017754950129127
2004-05-25,4.665280337055365,2.0466673608095274
2004-05-26,4.708826665663063,2.05380408989667
2004-05-27,4.742951670793413,2.0653320922532603
2004-05-28,4.759657763442989,2.0651482776970496
2004-06-01,4.7560600589748265,2.0624036956359904
2004-06-02,4.764555440928524,2.07008821180593
2004-06-03,4.703102389041757,2.051057890874798
2004-06-04,4.741036670935229,2.067343290528344
2004-06-07,4.810206118439678,2.0988165247833477
2004-06-08,4.783362347838303,2.1017443738354205
2004-06-09,4.7321879291773685,2.0821645232487698
2004-06-10,4.758361601885197,2.0924108548676768
2004-06-14,4.701535919808002,2.0717336507998745
2004-06-15,4.760205479548248,2.0863725207764263
2004-06-16,4.7582775354459494,2.08600740558529
2004-06-17,4.76306758657141,2.0828971685435627
2004-06-18,4.796695016827439,2.0868088494260877
2004-06-21,4.792449294457833,2.0789123647398595
2004-06-22,4.828664035401738,2.0893796884963245
2004-06-23,4.896646022332221,2.1073776051330317
2004-06-24,4.883123412541957,2.1007667615857297
2004-06-25,4.888307156626109,2.0906662749960256
2004-06-28,4.8659538235468505,2.0835036523378894
2004-06-29,4.917387987336024,2.0921356079695252
2004-06-30,4.946661750788311,2.103338994150202
2004-07-01,4.893255718557611,2.074138338894415
2004-07-02,4.864447465524021,2.073036971436462
2004-07-06,4.804684849772202,2.0548564371969644
2004-07-07,4.814087765788966,2.0609162088302586
2004-07-08,4.739809410607958,2.0462239371775075
2004-07-09,4.759673485980287,2.0519165321707353
2004-07-12,4.738540162670639,2.052833738860616
2004-07-13,4.740954215934228,2.05430356781764
2004-07-14,4.743588227317945,2.0480584849714742
2004-07-15,4.743823824444942,2.0348362193924983
2004-07-16,4.71105946517787,2.0331839323823515
2004-07-19,4.709293624005869,2.0245530665893883
2004-07-20,4.741064519317335,2.0502648905350735
2004-07-21,4.668301088712686,2.01243340277492
2004-07-22,4.66162885055897,2.0179434454317176
2004-07-23,4.599318743799097,2.001047204963118
2004-07-26,4.582560495016563,1.9971911869991539
2004-07-27,4.5983964015582135,2.015922843142019
2004-07-28,4.603848110437952,2.021982707208504
2004-07-29,4.669417890064828,2.0306145513855776
2004-07-30,4.680700925282148,2.035573312120061
2004-08-02,4.682004307529673,2.0397971267427106
2004-08-03,4.627080641757058,2.024002977590342
2004-08-04,4.632925194446722,2.023818793319381
2004-08-05,4.531334507292593,1.9907617371493025
2004-08-06,4.457023102940321,1.9622958350698048
2004-08-09,4.510908913858655,1.9650508984222428
2004-08-10,4.59527826446048,1.9874564087660531
2004-08-11,4.562863740347662,1.9863553579155966
2004-08-12,4.51050710662221,1.9646842209607376
2004-08-13,4.504494215232071,1.9685408960864834
2004-08-16,4.584293316626979,1.9889251370654588
2004-08-17,4.632772415748893,2.0001287523625484
2004-08-18,4.690588137702606,2.0206980764518447
2004-08-19,4.667048647485809,2.0148218864455227
2004-08-20,4.7430826710382785,2.028963921266484
2004-08-23,4.729014424096355,2.0238225266899947
2004-08-24,4.729771691162953,2.02657694914882
2004-08-25,4.773137583895318,2.0403515926721845
2004-08-26,4.777163037247802,2.0403515926721845
2004-08-27,4.81082705886776,2.046778700189102
2004-08-30,4.772233070620853,2.029882542019041
2004-08-31,4.777966573922129,2.040533335717015
2004-09-01,4.78192282786532,2.0443899437215203
2004-09-02,4.824931354152748,2.067530393494504
2004-09-03,4.803980266910614,2.0590824643066856
2004-09-07,4.8376278350009585,2.0726724085711097
2004-09-08,4.785343667586387,2.0675301083254447
2004-09-09,4.813187733401804,2.0656941415892516
2004-09-10,4.83090914059606,2.0763448605832857
2004-09-13,4.870622390446051,2.083140737311975
2004-09-14,4.86389600197984,2.0873653467272435
2004-09-15,4.81120346664833,2.0715723405139053
2004-09-16,4.82732503782743,2.0778160595482142
2004-09-17,4.8640816581246185,2.0866093771122225
2004-09-20,4.826513913624646,2.074068854755778
2004-09-21,4.864518827001201,2.083105572755949
2004-09-22,4.8372524821598155,2.057104248996809
2004-09-23,4.796612333429011,2.046039085241455
2004-09-24,4.783329519344745,2.05544472691631
2004-09-27,4.745061521952475,2.042351544005853
2004-09-28,4.771786047439679,2.0521262384954646
2004-09-29,4.799247322245278,2.0624525377275735
2004-09-30,4.837738446722744,2.060977884163098
2004-10-01,4.918079221235565,2.09583108116218
2004-10-04,4.9460852992338395,2.099335310729883
2004-10-05,4.93855206144913,2.1004416604386376
2004-10-06,4.972511694847737,2.1137185521742703
2004-10-07,4.930529065581001,2.0921417131936755
2004-10-08,4.878149375715331,2.074806226958153
2004-10-11,4.885352783317937,2.083290109620185
2004-10-12,4.862441756379513,2.0751756946432143
2004-10-13,4.8250199000048,2.0569182988817434
2004-10-14,4.804363497781267,2.040321025128067
2004-10-15,4.812051325902919,2.0517549841528844
2004-10-18,4.830230956878232,2.059500359218062
2004-10-19,4.797191004818076,2.0421655446945235
2004-10-20,4.815712752517986,2.0381077617572156
2004-10-21,4.872007606355098,2.051386033825064
2004-10-22,4.836754985445024,2.0283346089629717
2004-10-25,4.840222764719771,2.0259371174551775
2004-10-26,4.895790327980918,2.056917747855302
2004-10-27,4.971541312315722,2.0816295576780357
2004-10-28,4.974897339532526,2.087899425905762
2004-10-29,5.032094379269999,2.0875298677073766
2004-11-01,5.018640496289697,2.0932476120150274
2004-11-02,5.01441660227588,2.0939844351744563
2004-11-03,5.083424747849768,2.1203560751510433
2004-11-04,5.174608504145836,2.149309537357231
2004-11-05,5.221878143887529,2.1627706629896988
2004-11-08,5.213209930172539,2.1596346455283637
2004-11-09,5.251088518786372,2.1553931230845462
2004-11-10,5.2501493501741034,2.157052775789321
2004-11-11,5.289440570592275,2.173465790360302
2004-11-12,5.348544377550069,2.1906166089120354
2004-11-15,5.377261308791587,2.19598361960387
2004-11-16,5.350133752166568,2.180262572871126
2004-11-17,5.402013973458772,2.1932089720288346
2004-11-18,5.415406369395738,2.1961676109321018
2004-11-19,5.383631314844334,2.1717528156013697
2004-11-22,5.486911164550865,2.1821099047789727
2004-11-23,5.509143783183298,2.185439804493665
2004-11-24,5.564613668204877,2.1906192968303153
2004-11-26,5.595042570539636,2.1887704141437907
2004-11-29,5.594179334433079,2.178966911458841
2004-11-30,5.572166477599932,2.1804464299917217
2004-12-01,5.632836615233679,2.2052315645614375
2004-12-02,5.603769951103289,2.2070817538441045
2004-12-03,5.608902871557896,2.205603009069029
2004-12-06,5.609479870847552,2.204864132060991
2004-12-07,5.5601140464868255,2.1843346421273715
2004-12-08,5.562178403092222,2.197097709441322
2004-12-09,5.596461017793172,2.2048666469419063
2004-12-10,5.617771906474538,2.2070869476553767
2004-12-13,5.723400711182015,2.2263217104041932
2004-12-14,5.748219339017209,2.2340893468517935
2004-12-15,5.783188665169774,2.235753743415198
2004-12-16,5.684791696239573,2.2344592419977607
2004-12-17,5.649518104090559,2.219624667090138
2004-12-20,5.61057035168677,2.2201817928815775
2004-12-21,5.656813315499566,2.2372794128685585
2004-12-22,5.663841225116957,2.242669018974159
2004-12-23,5.688212032037492,2.2443420500623135
2004-12-27,5.6597963744264055,2.2396962620186844
2004-12-28,5.72514812799698,2.2519608387494987
2004-12-29,5.737405721219824,2.2553050005950417
2004-12-30,5.760106767356435,2.2510311976189143
2004-12-31,5.795561343361296,2.246200484668824
2005-01-03,5.705961717586101,2.235607403183126
2005-01-04,5.613439959218542,2.2064304909641828
2005-01-05,5.545672696291619,2.193050696466976
2005-01-06,5.545979436849356,2.2042001662078143
2005-01-07,5.535102994078931,2.2010415473696385
2005-01-10,5.544101179561675,2.211448071805602
2005-01-11,5.540111928764304,2.19620898314279
2005-01-12,5.558048173267671,2.203456472787161
2005-01-13,5.519534045063824,2.1858023795271904
2005-01-14,5.569119916731982,2.197323743869678
2005-01-18,5.6023156152375835,2.2201825027771545
2005-01-19,5.55401039801553,2.196952733250597
2005-01-20,5.553912118294791,2.183573291105101
2005-01-21,5.529821238666635,2.170192353977209
2005-01-24,5.499813155811282,2.165919245232228
2005-01-25,5.586948478755505,2.1720509626154807
2005-01-26,5.6237403654377625,2.1785562552485143
2005-01-27,5.662937426369776,2.182272872219968
2005-01-28,5.645325033115468,2.182272872219968
2005-01-31,5.720933746519796,2.1958400626665595
2005-02-01,5.723406337145666,2.2097770595443045
2005-02-02,5.764653647618517,2.216466054703545
2005-02-03,5.742080800379103,2.2107054594273703
2005-02-04,5.834611236734213,2.2343069509122166
2005-02-07,5.807142375769815,2.2313330883605524
2005-02-08,5.843960769106708,2.2339348227415807
2005-02-09,5.7702232992848055,2.2172093527237147
2005-02-10,5.78515046278995,2.2252001752309307
2005-02-11,5.840038311406664,2.2443413471382674
2005-02-14,5.879144712720429,2.2426693128346495
2005-02-15,5.906304540472606,2.2510322267022103
2005-02-16,5.920209546088239,2.252517907971834
2005-02-17,5.878121220007156,2.2343063006858817
2005-02-18,5.874804792586813,2.2372801623720946
2005-02-22,5.768976028519405,2.2040162809179464
2005-02-23,5.8080544044394795,2.2198124656032854
2005-02-24,5.841963592037831,2.2344943052507853
2005-02-25,5.859923044749087,2.2566090953898525
2005-02-28,5.835287268116663,2.241742554669424
2005-03-01,5.905539166106475,2.2528929821363497
2005-03-02,5.8930104652308755,2.251777800110192
2005-03-03,5.875530177994314,2.2527077843416374
2005-03-04,5.924088177317987,2.280769765211181
2005-03-07,5.97024346739144,2.2818850616263693
2005-03-08,5.910306157619509,2.273337120185517
2005-03-09,5.823339318552646,2.2480621580832945
2005-03-10,5.846490300746862,2.2530798328201365
2005-03-11,5.812967849172818,2.2372834901122345
2005-03-14,5.874489886668326,2.2512217662556337
2005-03-15,5.857998735201566,2.2326379305751933
2005-03-16,5.814174064019692,2.21368283454461
2005-03-17,5.834093264541863,2.2181434054562175
2005-03-18,5.825615226468471,2.2115843554062833
2005-03-21,5.8311126826979836,2.203374954279015
2005-03-22,5.800891983074775,2.180986461368586
2005-03-23,5.81426935110136,2.182851204793056
2005-03-24,5.824607484192697,2.185464077685193
2005-03-28,5.879789738052592,2.1886351860619144
2005-03-29,5.789318975875101,2.1740829507097885
2005-03-30,5.868996519696255,2.204867965291839
2005-03-31,5.913849717797379,2.2007625011404657
2005-04-01,5.919183475750164,2.1908744752228415
2005-04-04,5.936490772938858,2.194605534454146
2005-04-05,5.95700102368831,2.2050540514036823
2005-04-06,5.977990421046368,2.2127033839080017
2005-04-07,6.00136697583815,2.224643131367569
2005-04-08,5.967835129098744,2.2015090674444777
2005-04-11,5.979581161827409,2.203188818862938
2005-04-12,6.006018993755516,2.214570492301184
2005-04-13,5.896799259820611,2.1884518479149837
2005-04-14,5.785996424062858,2.1599056820107805
2005-04-15,5.677379214709608,2.1296821218024036
2005-04-18,5.7051976747360165,2.13621172718785
2005-04-19,5.788199275996391,2.153190337995539
2005-04-20,5.715928864803593,2.1231533327805012
2005-04-21,5.849455714735039,2.1643849705030984
2005-04-22,5.809204101368545,2.15617545830998
2005-04-25,5.897482515612193,2.170354468123826
2005-04-26,5.867936839995539,2.1492716448204714
2005-04-27,5.918050542817361,2.15766669986514
2005-04-28,5.859277217590614,2.1306138747822305
2005-04-29,5.9097857667054585,2.15953269690465
2005-05-02,5.963557628579772,2.171660632530467
2005-05-03,5.992807968822207,2.1753915454971544
2005-05-04,6.042271505924374,2.192183392836847
2005-05-05,6.039204926872187,2.1914380504832827
2005-05-06,6.103777160547074,2.1845350206242604
2005-05-09,6.20550528711973,2.1981555964778527
2005-05-10,6.177556949175286,2.1753936952763246
2005-05-11,6.099894103124657,2.1873344312696967
2005-05-12,6.054886309032322,2.1632671905224363
2005-05-13,6.07601685863548,2.15897526841644
2005-05-16,6.198347101790032,2.179124984596571
2005-05-17,6.230283995205986,2.193677181243707
2005-05-18,6.348353075386162,2.216252313115886
2005-05-19,6.3655842665681215,2.2255805191017908
2005-05-20,6.391803186734217,2.222409066862071
2005-05-23,6.450665144952056,2.2347234355015537
2005-05-24,6.47861783821404,2.2294986521093514
2005-05-25,6.435713345042944,2.227819839624313
2005-05-26,6.463122246015568,2.239760953964699
2005-05-27,6.475557628740413,2.2434923957140045
2005-05-31,6.527538909953336,2.2291273139042476
2005-06-01,6.575540796103774,2.248157373783048
2005-06-02,6.623760537506819,2.253008897395672
2005-06-03,6.5483625109693335,2.241628949454926
2005-06-06,6.553859384112597,2.239575617337225
2005-06-07,6.588109120502337,2.2412552990502284
2005-06-08,6.536090474719819,2.2371515605976673
2005-06-09,6.602144006268332,2.2477869791167486
2005-06-10,6.589666179792011,2.2425631221772813
2005-06-13,6.6894255529923345,2.2496518642064838
2005-06-14,6.743499057406661,2.254875555835171
2005-06-15,6.829886334307476,2.259166584017925
2005-06-16,6.919356804455439,2.264950050473011
2005-06-17,6.920745429278974,2.273300921309105
2005-06-20,6.851444919869464,2.274051110613137
2005-06-21,6.906065428919424,2.275363238103961
2005-06-22,6.903951458229261,2.277235862048921
2005-06-23,6.817257891931542,2.2452042624133406
2005-06-24,6.704814094605165,2.228719972718702
2005-06-27,6.7419982806918926,2.2319048135597166
2005-06-28,6.858991096397755,2.2506371906599236
2005-06-29,6.884373678237204,2.244643743821196
2005-06-30,6.853332131803072,2.23246879615471
2005-07-01,6.871564534034696,2.2390255570090165
2005-07-05,6.923667378298644,2.2570071712573556
2005-07-06,6.929277920474342,2.2380889371478765
2005-07-07,6.954461102343712,2.2468935790266165
2005-07-08,7.053525020947228,2.2725553505926794
2005-07-11,7.13550506457669,2.284168108434208
2005-07-12,7.1591847005551,2.290161765550739
2005-07-13,7.1656504598864785,2.2933450904048547
2005-07-14,7.173577179894365,2.3023372965043323
2005-07-15,7.17918614644619,2.301024964245325
2005-07-18,7.175397122431611,2.29184617566295
2005-07-19,7.273158102547936,2.3043963253208806
2005-07-20,7.352261027106029,2.3122635343755262
2005-07-21,7.2709679227487545,2.298776101179514
2005-07-22,7.327392669409061,2.3141365230875954
2005-07-25,7.241050802272703,2.3075805743176883
2005-07-26,7.317202032329606,2.310391207457207
2005-07-27,7.304692006353158,2.318819514582011
2005-07-28,7.3224989439758525,2.333430396343392
2005-07-29,7.284349927119907,2.3178827496125565
2005-08-01,7.290151390503561,2.316197648853588
2005-08-02,7.3236556598023315,2.3300600917819767
2005-08-03,7.313043024431364,2.336241741205474
2005-08-04,7.229369043654712,2.3175097549244885
2005-08-05,7.154711489658664,2.301773863688551
2005-08-08,7.112680311207875,2.297464943015726
2005-08-09,7.132220243302399,2.31132554901694
2005-08-10,7.113025686636359,2.310202244800118
2005-08-11,7.147788969388942,2.3193806783187085
2005-08-12,7.069822884352908,2.3051443197151884
2005-08-15,7.097645158969298,2.3193808910337492
2005-08-16,6.963768187069708,2.2892219813076373
2005-08-17,6.947479073097733,2.28903426510517
2005-08-18,6.906021906455104,2.288846564295431
2005-08-19,6.941442504113484,2.2940926006207962
2005-08-22,6.96140623224255,2.2940926006207962
2005-08-23,6.972182417362597,2.28978429471683
2005-08-24,6.9405920056659545,2.2693662881608403
2005-08-25,6.9167689455091725,2.2776086265194406
2005-08-26,6.883147475842243,2.262061670034819
2005-08-29,6.917032813343961,2.279481806955757
2005-08-30,6.862027509132662,2.2674940121329765
2005-08-31,6.9440522887675655,2.2961528689523254
2005-09-01,6.960027120286029,2.2944674927465143
2005-09-02,6.927050207865033,2.2903466291295413
2005-09-06,6.998134856902004,2.3171322329572113
2005-09-07,7.0579599856113155,2.3210667234887725
2005-09-08,7.0280412187758445,2.313386313700748
2005-09-09,7.062520105905982,2.3339916455968805
2005-09-12,7.097614226729377,2.3293096583558133
2005-09-13,7.064284160608183,2.316384319061597
2005-09-14,7.013252549979391,2.307954996524532
2005-09-15,6.973887299306162,2.3068310224412243
2005-09-16,6.999455868142712,2.323158772418063
2005-09-19,6.915418805924186,2.3154458852936353
2005-09-20,6.879309203420377,2.2958826830087893
2005-09-21,6.79437787717077,2.274439138749487
2005-09-22,6.808088130917585,2.28252704432688
2005-09-23,6.8526208709274385,2.2844078466114053
2005-09-26,6.864381861840107,2.2870417688585483
2005-09-27,6.870552595760708,2.2864768695416404
2005-09-28,6.899295533956779,2.288733622211878
2005-09-29,6.947382849378854,2.3073570476958163
2005-09-30,6.990201375396374,2.314505239829578
2005-10-03,6.998068028543292,2.3062285690919473
2005-10-04,6.952011408864413,2.280269660318248
2005-10-05,6.801354292101275,2.2503593631838537
2005-10-06,6.773200594074078,2.2422715716325707
2005-10-07,6.837999086705187,2.249984985838987
2005-10-10,6.772945015223901,2.2309861126185626
2005-10-11,6.692189945262383,2.22778910951918
2005-10-12,6.609662513234251,2.210294281642126
2005-10-13,6.6421947540351525,2.208976946250267
2005-10-14,6.687940088609395,2.2323037428026695
2005-10-17,6.710840400491204,2.2405811250809817
2005-10-18,6.646028361502885,2.2163156314963546
2005-10-19,6.702156223470175,2.253186258341928
2005-10-20,6.648007401548215,2.213494129214977
2005-10-21,6.652822367433482,2.222146677766078
2005-10-24,6.751117397245008,2.2565699519513522
2005-10-25,6.714998003478095,2.2520545554774976
2005-10-26,6.715077029059378,2.245471800011837
2005-10-27,6.60737772666879,2.221582225531511
2005-10-28,6.709247824550855,2.253561901668037
2005-10-31,6.844899854542495,2.259770464707133
2005-11-01,6.817526932424807,2.26654299678986
2005-11-02,6.978872288772057,2.290244236907291
2005-11-03,7.031549224564178,2.3000258700431218
2005-11-04,7.024171197298628,2.2970151361792355
2005-11-07,7.042945195494113,2.2992731020580996
2005-11-08,6.973814039316341,2.2992731020580996
2005-11-09,7.0024050312577835,2.3022828505486936
2005-11-10,7.0681045290489175,2.3201531700346525
2005-11-11,7.057556130107849,2.3280532915786205
2005-11-14,7.064486147546422,2.326735613415587
2005-11-15,7.0762027538993015,2.318270949253981
2005-11-16,7.075006111238373,2.3229747210100173
2005-11-17,7.160940059989491,2.3446085845867835
2005-11-18,7.196058385122301,2.3538252409327938
2005-11-21,7.276543896708598,2.36567675102089
2005-11-22,7.304762088406631,2.375834966989774
2005-11-23,7.319746312629146,2.3895672930989744
2005-11-25,7.350801659308125,2.3914478825586434
2005-11-28,7.228668260209706,2.3745188229980108
2005-11-29,7.2756763962307645,2.371885481623306
2005-11-30,7.276804332780742,2.3590939032209115
2005-12-01,7.392472848368417,2.3831731746910876
2005-12-02,7.428772904566673,2.3861831224107224
2005-12-05,7.385184192127222,2.3811053247262324
2005-12-06,7.401057074692829,2.385619900421913
2005-12-07,7.317631183819924,2.3716998083029512
2005-12-08,7.330260254044224,2.3701937789246785
2005-12-09,7.369758433612631,2.376401316431682
2005-12-12,7.372030914448404,2.378658897682292
2005-12-13,7.399676180218157,2.3948361568454297
2005-12-14,7.399049732355843,2.4042406784333616
2005-12-15,7.3498595870052625,2.3972804016692972
2005-12-16,7.331348209515369,2.389599515262349
2005-12-19,7.265714468351618,2.377307415355839
2005-12-20,7.253854722971199,2.379577743937504
2005-12-21,7.325233451677148,2.3833588929726206
2005-12-22,7.353331224344057,2.395840543495118
2005-12-23,7.410395910413911,2.397165443315671
2005-12-27,7.346130739230388,2.3727694905990475
2005-12-28,7.366865292771884,2.3780655121020646
2005-12-29,7.353227394692113,2.367475986376674
2005-12-30,7.295882535937717,2.354615856818676
2006-01-03,7.414681819690799,2.3960311951242597
2006-01-04,7.486533301708117,2.4073787988643685
2006-01-05,7.51865046041168,2.4088906327500554
2006-01-06,7.599489276733272,2.428937420595801
2006-01-09,7.630977401084743,2.435177360829312
2006-01-10,7.630787180987411,2.437634454786389
2006-01-11,7.65255167783092,2.445388569987065
2006-01-12,7.613374606027656,2.4357439574670363
2006-01-13,7.632107520515172,2.433473844098677
2006-01-17,7.590779505363688,2.4268547952427286
2006-01-18,7.587967885178699,2.417210474286434
2006-01-19,7.701934898422977,2.426478059244848
2006-01-20,7.569917238103404,2.3822263788784
2006-01-23,7.59217587526866,2.390735691503753
2006-01-24,7.693307599361149,2.3931933677946193
2006-01-25,7.7221096496375194,2.3952730528312327
2006-01-26,7.780503455388798,2.408511726994231
2006-01-27,7.820985012039103,2.4308265881448325
2006-01-30,7.829172048897647,2.428935405059256
2006-01-31,7.779656600587245,2.4111580268296273
2006-02-01,7.824676374907448,2.427987909856898
2006-02-02,7.774176101633998,2.399811110163009
2006-02-03,7.722386455874399,2.38789604800105
2006-02-06,7.743161447950338,2.3941356203744766
2006-02-07,7.676153458820319,2.3729547025410236
2006-02-08,7.71674327605982,2.3945129960136087
2006-02-09,7.703840616807084,2.390540498953222
2006-02-10,7.6939306747885166,2.394888892120818
2006-02-13,7.667067891278871,2.3905397738927263
2006-02-14,7.716749267218237,2.415879495495989
2006-02-15,7.775354036627756,2.424388223079126
2006-02-16,7.863915093324639,2.442542042093542
2006-02-17,7.870490331606555,2.4359227531594687
2006-02-21,7.806725554445176,2.4298719210406206
2006-02-22,7.878770822371025,2.444623673473258
2006-02-23,7.832173376054759,2.4410300766732522
2006-02-24,7.826441427738087,2.4472717905793053
2006-02-27,7.880139311917503,2.448216437490469
2006-02-28,7.767762982010514,2.424955933117872
2006-03-01,7.874426252643826,2.44651379136329
2006-03-02,7.8713605034356116,2.446325409801355
2006-03-03,7.831163466609362,2.434979352550696
2006-03-06,7.748045973510845,2.4238222771573086
2006-03-07,7.697632552150878,2.420041114404943
2006-03-08,7.637296695364743,2.425147401156338
2006-03-09,7.601637820201456,2.4088843626841836
2006-03-10,7.670608177236928,2.4317663552453204
2006-03-13,7.704734375736834,2.436304031264208
2006-03-14,7.804968550366851,2.461834061207825
2006-03-15,7.903487484547494,2.4728015319505063
2006-03-16,7.876665400386903,2.4779078671139843
2006-03-17,7.90243679097204,2.479976920183024
2006-03-20,7.881754338287862,2.4759891172953696
2006-03-21,7.816369446836652,2.4604200977258164
2006-03-22,7.8325595819774945,2.475418818641553
2006-03-23,7.830202742770225,2.470292226268146
2006-03-24,7.857866541119466,2.472191880990146
2006-03-27,7.861883860833328,2.4685849530357817
2006-03-28,7.833454672187648,2.4533957498197525
2006-03-29,7.91955318212008,2.4687736343796227
2006-03-30,7.888638200285233,2.464406373820405
2006-03-31,7.861224758724002,2.464975651692758
2006-04-03,7.858069658236672,2.4630776204409544
2006-04-04,7.875383348598514,2.4788363910565354
2006-04-05,7.951733469928623,2.4873809400965072
2006-04-06,7.946302159541814,2.484721929871544
2006-04-07,7.8593024622453935,2.45946970089826
2006-04-10,7.863078895536757,2.463267122116447
2006-04-11,7.753700425405194,2.4423810801880212
2006-04-12,7.757243691868605,2.446938563283652
2006-04-13,7.781145274944911,2.443711051318681
2006-04-17,7.733797793829031,2.442762891430769
2006-04-18,7.884918085306178,2.4814953398372954
2006-04-19,7.9180380420982,2.486242440422404
2006-04-20,7.915055510381713,2.489661023777985
2006-04-21,7.9063203091606296,2.490039452253599
2006-04-24,7.867547032530534,2.485482680055975
2006-04-25,7.863468822733184,2.4752300640007436
2006-04-26,7.898691118293071,2.4757993669154637
2006-04-27,7.899169218010204,2.4877599536570325
2006-04-28,7.862475722315789,2.4961138515814127
2006-05-01,7.851648678351612,2.4757979809433914
2006-05-02,7.900656607819879,2.494403602770181
2006-05-03,7.8970365854352265,2.485099477331848
2006-05-04,7.921130304588406,2.494023469554947
2006-05-05,7.99389642149664,2.5160481908145864
2006-05-08,7.992503779530256,2.5130113206482734
2006-05-09,7.9613328873218245,2.5179468748820266
2006-05-10,7.941718396551639,2.516617398932089
2006-05-11,7.815300935150463,2.4862393103095792
2006-05-12,7.729625501259651,2.453773997395557
2006-05-15,7.694330793119335,2.458710990678316
2006-05-16,7.6661705282432235,2.4551040616549913
2006-05-17,7.560009754677573,2.408398161986067
2006-05-18,7.5046247777728485,2.3962477932588473
2006-05-19,7.558232704604873,2.413146132696909
2006-05-22,7.504091846021539,2.3947290014121663
2006-05-23,7.463642844409822,2.3765027189824184
2006-05-24,7.453127256830076,2.395488599204369
2006-05-25,7.514774372183034,2.425106420244932
2006-05-26,7.569440387674735,2.4374477868175584
2006-05-30,7.460993297014591,2.3941587141236784
2006-05-31,7.549232025215289,2.4209301968650094
2006-06-01,7.652208570441999,2.444093656988614
2006-06-02,7.635369748544789,2.449218921387319
2006-06-05,7.481738010801347,2.4135240048270203
2006-06-06,7.447785037487021,2.407637419779247
2006-06-07,7.3990520632281775,2.389599400230261
2006-06-08,7.370405918232659,2.3875108903544597
2006-06-09,7.348076041050691,2.379916218212242
2006-06-12,7.236031517298041,2.354094127244639
2006-06-13,7.143563725067967,2.32675367805082
2006-06-14,7.15412674315587,2.34479067256307
2006-06-15,7.315894509781103,2.3945354066814954
2006-06-16,7.280524456282952,2.3771726304476477
2006-06-19,7.207506996117486,2.358483299227068
2006-06-20,7.194392108127129,2.366492708511243
2006-06-21,7.279194586074731,2.3840378854521456
2006-06-22,7.239818480167936,2.373548118756156
2006-06-23,7.243241432949341,2.373165977509036
2006-06-26,7.265024840948742,2.383655371129626
2006-06-27,7.162119547724551,2.363058205067695
2006-06-28,7.1912842100904255,2.379077376639849
2006-06-29,7.392991595332743,2.427134739647974
2006-06-30,7.472487559274058,2.4263726193397246
2006-07-03,7.482164653953118,2.4372427686743667
2006-07-05,7.391621126288608,2.4233212379796987
2006-07-06,7.462391770990683,2.4303779494246958
2006-07-07,7.362219714593638,2.414548897840093
2006-07-10,7.34942417364416,2.4191268825503975
2006-07-11,7.375591017941789,2.4298073277368575
2006-07-12,7.277794886611681,2.4038715643205943
2006-07-13,7.135349958099602,2.3647774010700484
2006-07-14,7.083747233233107,2.355623347750506
2006-07-17,7.0546378748454,2.3521912045328337
2006-07-18,7.025523408269094,2.3642061972055872
2006-07-19,7.152742123563845,2.3970071939856172
2006-07-20,7.038240441602366,2.3806068707643675
2006-07-21,6.9388820907790265,2.363823592325479
2006-07-24,7.015624369598724,2.4069231878843493
2006-07-25,7.053114168088676,2.4155062759723447
2006-07-26,7.0626891734683666,2.4187478853946995
2006-07-27,6.895892224098371,2.4164597498951164
2006-07-28,6.96706231419059,2.4406799259683147
2006-07-31,6.940970296430436,2.438200195163531
2006-08-01,6.909620742558996,2.426184744601765
2006-08-02,6.979193753722528,2.442585753475273
2006-08-03,6.977878270113555,2.44907081865075
2006-08-04,6.950372630385239,2.4448755603384016
2006-08-07,6.931573439160016,2.4401080529957415
2006-08-08,6.881912243358964,2.4298107970120997
2006-08-09,6.8450800946449775,2.4216101855721837
2006-08-10,6.879303601128933,2.4290469504520757
2006-08-11,6.854596942981974,2.422182463770098
2006-08-14,6.871436985845843,2.4240887213690856
2006-08-15,6.978495270198561,2.453075974299217
2006-08-16,7.083212545833504,2.475197813435447
2006-08-17,7.139744574266012,2.4797744541924893
2006-08-18,7.136480408653099,2.4923617893219707
2006-08-21,7.091199129305328,2.481682019054726
2006-08-22,7.127027679873637,2.481490929539259
2006-08-23,7.117043326091896,2.474624644137224
2006-08-24,7.058571344691602,2.472526162438996
2006-08-25,7.046436106776937,2.4755772597234453
2006-08-28,7.087160999297085,2.487400616715884
2006-08-29,7.154527284691608,2.4902611274251076
2006-08-30,7.235685026936041,2.491787657496219
2006-08-31,7.261816841870807,2.4914064139846226
2006-09-01,7.314852320461788,2.506282601682525
2006-09-05,7.279878336919707,2.511049551190925
2006-09-06,7.1827091793739,2.4889272046449333
2006-09-07,7.159821372595933,2.477485606285181
2006-09-08,7.23173321727001,2.484541485291881
2006-09-11,7.241923225742421,2.4870210576942022
2006-09-12,7.352384363026186,2.5114311693754705
2006-09-13,7.385837082459805,2.5215396798322067
2006-09-14,7.386369603037112,2.521731316847874
2006-09-15,7.393075587728022,2.5276296463979815
2006-09-18,7.3829210679973,2.531077333235668
2006-09-19,7.370759433925505,2.524757233134579
2006-09-20,7.421700736444286,2.538166218799757
2006-09-21,7.36217388538858,2.525906875962954
2006-09-22,7.314451253408969,2.5182458004081587
2006-09-25,7.381551818199593,2.537590964646894
2006-09-26,7.41409261460314,2.558660582426357
2006-09-27,7.412460075044347,2.561725857804104
2006-09-28,7.4305979546772685,2.560767772333285
2006-09-29,7.38230260696721,2.5586602604566546
2006-10-02,7.367019381474203,2.5490831951017654
2006-10-03,7.38617359890311,2.5544464661442596
2006-10-04,7.466772990151783,2.584328380905215
2006-10-05,7.403509661220576,2.5893083816952194
2006-10-06,7.394284674324622,2.586051031751047
2006-10-09,7.498774072299228,2.5875845600128757
2006-10-10,7.481854665609432,2.591033810231373
2006-10-11,7.510608386192044,2.5879686172338694
2006-10-12,7.5793000962450945,2.6103804254591143
2006-10-13,7.622642045545808,2.617083882391693
2006-10-16,7.652480129724754,2.6211063403189288
2006-10-17,7.592971809482601,2.6128708241976466
2006-10-18,7.570942828907703,2.6163198136855876
2006-10-19,7.589718515015559,2.620534704905435
2006-10-20,7.5628528469925715,2.621108602005809
2006-10-23,7.57990510454895,2.633176186009444
2006-10-24,7.578897322174383,2.64103095057231
2006-10-25,7.6118362935078885,2.650034225082811
2006-10-26,7.661802864284068,2.6582705314543684
2006-10-27,7.602417995443425,2.641605833492681
2006-10-30,7.6445645817349925,2.639690669263399
2006-10-31,7.676879952657125,2.6393079141163556
2006-11-01,7.66643752723404,2.6214952250039842
2006-11-02,7.689943015200324,2.619961650297357
2006-11-03,7.679025145780252,2.6153636176010853
2006-11-06,7.769825350932911,2.644862303844008
2006-11-07,7.83995948450071,2.655013285366161
2006-11-08,7.869946513280589,2.6607587341156935
2006-11-09,7.8531380040097005,2.6467764469679156
2006-11-10,7.874271373263483,2.6479251479459
2006-11-13,7.92406033214671,2.654436395884699
2006-11-14,8.00556420682768,2.674357941035814
2006-11-15,8.013346280476787,2.682019976536881
2006-11-16,8.033856648742725,2.6889154498965575
2006-11-17,8.005517471542378,2.6896817907997783
2006-11-20,8.007177037226372,2.691214909420534
2006-11-21,8.049345639015703,2.693895359470317
2006-11-22,8.106296189285162,2.6992589051310225
2006-11-24,8.080892941720462,2.6883404028597675
2006-11-27,7.951260366871291,2.6513730339800428
2006-11-28,7.952875512585177,2.6628667360823464
2006-11-29,8.021437588725501,2.690640436139685
2006-11-30,8.032861281711655,2.6917893396059163
2006-12-01,8.010363327528834,2.6858512523227454
2006-12-04,8.08710185663809,2.70634698322922
2006-12-05,8.124443261721833,2.7180302831558203
2006-12-06,8.08005671379637,2.7157308295362705
2006-12-07,8.085956124083891,2.7038549386187087
2006-12-08,8.092559530602937,2.708835439415644
2006-12-11,8.124438125568647,2.71668835335451
2006-12-12,8.116908046052073,2.714580203192307
2006-12-13,8.101873491608275,2.7174522290472845
2006-12-14,8.15621178995978,2.74139570063742
2006-12-15,8.143006175370768,2.7416369434590764
2006-12-18,8.069117013118156,2.7341248582339985
2006-12-19,8.039234939020469,2.73932516371436
2006-12-20,8.048920887996104,2.7377829236471887
2006-12-21,8.01874193332175,2.727768113712487
2006-12-22,8.031970705520092,2.711011434189951
2006-12-26,8.073789145333096,2.7269982686173693
2006-12-27,8.184609161451979,2.7449119202439167
2006-12-28,8.185117690811659,2.7391338806518033
2006-12-29,8.145376453083532,2.727769214180979
2007-01-03,8.136580762722966,2.7229547015179496
2007-01-04,8.130746909570322,2.7287328113945706
2007-01-05,8.056501177350919,2.7069684384908874
2007-01-08,8.060065674063667,2.719488167518908
2007-01-09,8.083539594185925,2.717176602576517
2007-01-10,8.130359457377635,2.7262302350163017
2007-01-11,8.25798764795222,2.738171123445673
2007-01-12,8.326267816238278,2.7589730094704903
2007-01-16,8.317640446003333,2.7535792172369753
2007-01-17,8.326055847430338,2.754735720508215
2007-01-18,8.280281820498168,2.7454908274301895
2007-01-19,8.315357341495101,2.7508829714152627
2007-01-22,8.265746265631627,2.7424075009803324
2007-01-23,8.305060594417546,2.7504976031082244
2007-01-24,8.31693013727693,2.7726473603060553
2007-01-25,8.213086418809526,2.7400964802960623
2007-01-26,8.237385427127727,2.738170192470414
2007-01-29,8.243666312956734,2.7360508487414417
2007-01-30,8.300058724349373,2.750302937612536
2007-01-31,8.353881690768821,2.7687932242621054
2007-02-01,8.42411891763689,2.785358914122866
2007-02-02,8.426808998930106,2.7892110655010973
2007-02-05,8.392111625462409,2.7899808877551755
2007-02-06,8.39780807418176,2.790750922480196
2007-02-07,8.434539357978329,2.7969156912679543
2007-02-08,8.446145747934581,2.793257325543776
2007-02-09,8.386255222762891,2.7724559382404514
2007-02-12,8.35957280582275,2.763018498226681
2007-02-13,8.343268672651215,2.786324559259223
2007-02-14,8.395448556482664,2.8046223526398784
2007-02-15,8.434121236812087,2.8082823848100733
2007-02-16,8.424752238642778,2.8069344092653643
2007-02-20,8.471552191017572,2.812904758753872
2007-02-21,8.502307275466837,2.811748654898024
2007-02-22,8.510359656173998,2.8096285964122307
2007-02-23,8.50449963762518,2.7986485678574518
2007-02-26,8.513118560649216,2.7961437773892195
2007-02-27,8.268231342253252,2.6869319937319514
2007-02-28,8.299968683191151,2.7144757335996976
2007-03-01,8.244276087159761,2.7063865959135707
2007-03-02,8.155177940471587,2.6709464634400826
2007-03-05,8.057674309799483,2.6455217240545963
2007-03-06,8.166303760305897,2.6907866007531704
2007-03-07,8.153043632153965,2.688090432579216
2007-03-08,8.188538202303159,2.7108182371866736
2007-03-09,8.209244249661163,2.7115881095660344
2007-03-12,8.2714622737129,2.715633799025507
2007-03-13,8.133162951753807,2.6628581717752455
2007-03-14,8.176530616168364,2.682696465154971
2007-03-15,8.217433371234517,2.686355663133442
2007-03-16,8.18935208712113,2.678868789900289
2007-03-19,8.259838372580825,2.711162553162537
2007-03-20,8.311216126416475,2.726052257904506
2007-03-21,8.40877022817756,2.77091489991284
2007-03-22,8.393048479601005,2.768786837269707
2007-03-23,8.428520337478883,2.772848647559982
2007-03-26,8.429260469983404,2.7691746231019647
2007-03-27,8.405389007856064,2.762600602546721
2007-03-28,8.384958331941604,2.742488870160181
2007-03-29,8.406253327680618,2.7453904233848103
2007-03-30,8.437751887739518,2.7459697007641446
2007-04-02,8.50386247435208,2.7490644086169063
2007-04-03,8.58287453461117,2.77865258884685
2007-04-04,8.579607837939578,2.7817480078308257
2007-04-05,8.629954635588982,2.7892893266800547
2007-04-09,8.654529669474575,2.79315807097616
2007-04-10,8.666038729590994,2.796445618025699
2007-04-11,8.61397584591325,2.785036119904154
2007-04-12,8.682783534644464,2.7974128204210076
2007-04-13,8.687213933023376,2.810174617707768
2007-04-16,8.745539279295487,2.8368600358775207
2007-04-17,8.745040530563756,2.8444004098528834
2007-04-18,8.751274783786455,2.847881955954543
2007-04-19,8.735461537348359,2.8471073320625235
2007-04-20,8.805793242408136,2.873986872384526
2007-04-23,8.838542359577692,2.863157689849381
2007-04-24,8.885542427539278,2.8643172687137697
2007-04-25,8.923086890512083,2.8906174298750997
2007-04-26,8.825858770819547,2.8939040618928678
2007-04-27,8.81913830978074,2.89158315083523
2007-04-30,8.790228570515627,2.8676032517653534
2007-05-01,8.847865235663841,2.8749529188996283
2007-05-02,8.901215014448733,2.891777143381029
2007-05-03,8.921383396663298,2.907441900166724
2007-05-04,8.91885451251729,2.9184640124102565
2007-05-07,8.926608448332475,2.9190447867487266
2007-05-08,8.912643750226911,2.9151770524062846
2007-05-09,8.961368426425798,2.9231063339888297
2007-05-10,8.785478164411357,2.8925511034796445
2007-05-11,8.869205881791052,2.9173026632721197
2007-05-14,8.82087966006909,2.9109225223475437
2007-05-15,8.7856175402996,2.9116968277384885
2007-05-16,8.82623685493526,2.931615745737048
2007-05-17,8.790608948434272,2.9258140781762343
2007-05-18,8.859403752751088,2.9513388801942435
2007-05-21,8.862077570591971,2.9497923786210216
2007-05-22,8.873156981469664,2.947470892019047
2007-05-23,8.859854920158142,2.947857010705902
2007-05-24,8.781966480071658,2.9211700611879814
2007-05-25,8.83963056428913,2.9333542615131964
2007-05-29,8.888610421922424,2.943990604065443
2007-05-30,8.914820115338781,2.967969407535556
2007-05-31,8.929920057163011,2.964876783412904
2007-06-01,8.978041759536953,2.979573677628282
2007-06-04,8.943509942652987,2.979961022206374
2007-06-05,8.88908780380251,2.968166336480481
2007-06-06,8.817540142772769,2.9362585483633157
2007-06-07,8.658829670613205,2.8832737628580998
2007-06-08,8.775771685304775,2.9207880377866466
2007-06-11,8.741780550328192,2.9258147139996775
2007-06-12,8.649369820861216,2.893905778728797
2007-06-13,8.747875089289456,2.93722176042481
2007-06-14,8.769394617205288,2.955978858586883
2007-06-15,8.805542295744678,2.9727185668630605
2007-06-18,8.81328487941114,2.9692226498284295
2007-06-19,8.843196572763794,2.9766011681132536
2007-06-20,8.790566939508237,2.9352353416799835
2007-06-21,8.825667143152502,2.9515493797090406
2007-06-22,8.78244662753089,2.9237782515953583
2007-06-25,8.697978961839166,2.9097967439962296
2007-06-26,8.671998524699477,2.879889853061436
2007-06-27,8.750085692098809,2.9208678057806474
2007-06-28,8.760251496059539,2.9204793303624785
2007-06-29,8.734413936416619,2.921448929500159
2007-07-02,8.817952732062968,2.94786174927177
2007-07-03,8.842834363420701,2.9585418523893816
2007-07-05,8.845971729685548,2.9554353834443727
2007-07-06,8.885266211344218,2.97097210725514
2007-07-09,8.887875108950979,2.971361304601191
2007-07-10,8.795059278321952,2.9309656476651376
2007-07-11,8.820789071474259,2.9517461941070837
2007-07-12,8.947254051983693,2.998357218258229
2007-07-13,8.966167302825012,3.0072923227686386
2007-07-16,8.914569431428548,3.0069043820590013
2007-07-17,8.909071311889516,3.0053498124934768
2007-07-18,8.914975728449434,2.9999131346826764
2007-07-19,8.93688658275296,3.0115647972977837
2007-07-20,8.82108494450456,2.9810727037251437
2007-07-23,8.841041944367147,2.9902007483439497
2007-07-24,8.67188254145209,2.938347677166917
2007-07-25,8.671499084074716,2.944368351557432
2007-07-26,8.457281721998555,2.8746486533609037
2007-07-27,8.347373162623342,2.8181330608358284
2007-07-30,8.389358006592726,2.8622171163064833
2007-07-31,8.286227248046517,2.8299799649255233
2007-08-01,8.260639434166068,2.8437676273146404
2007-08-02,8.271863436291499,2.866489330656884
2007-08-03,8.02474853494214,2.7926915628391225
2007-08-06,8.094979510494015,2.8394942807407433
2007-08-07,8.129607651280876,2.869791684716247
2007-08-08,8.259030982422296,2.9097994505928764
2007-08-09,8.100425402998402,2.823570453674007
2007-08-10,8.145213271565424,2.8103646146621735
2007-08-13,8.140657416611912,2.8204622547226545
2007-08-14,7.988001108001648,2.777348668696964
2007-08-15,7.846674402528159,2.7390906907856634
2007-08-16,7.824378379282923,2.7596776964176084
2007-08-17,7.984822002869386,2.8103646966677105
2007-08-20,8.047643241757529,2.809004480154523
2007-08-21,8.066981926916514,2.814636534137233
2007-08-22,8.168383152082484,2.8480406405243737
2007-08-23,8.206449678689113,2.845517276516869
2007-08-24,8.296320434757998,2.880667951433682
2007-08-27,8.205685005706494,2.853866216813543
2007-08-28,8.020100502083148,2.7911382373679814
2007-08-29,8.184721803865743,2.8459031607233785
2007-08-30,8.135208350205215,2.8383302124126937
2007-08-31,8.234570124680603,2.866296279995596
2007-09-04,8.285452315873533,2.895234407238432
2007-09-05,8.192756112970235,2.870181943912598
2007-09-06,8.231264575998695,2.876786232565541
2007-09-07,8.109332110377183,2.8367787664292523
2007-09-10,8.028906311557947,2.8313406615340075
2007-09-11,8.114525086941413,2.8643569249881553
2007-09-12,8.11502307162725,2.8717355084269247
2007-09-13,8.149323065902294,2.8919324242576914
2007-09-14,8.142309328615017,2.891738664785266
2007-09-17,8.120512204558555,2.876201352939375
2007-09-18,8.316655123555554,2.96087672076991
2007-09-19,8.37402249695402,2.9783547760526146
2007-09-20,8.291764166220698,2.957381201719652
2007-09-21,8.33225507227983,2.965318812865067
2007-09-24,8.234221277504858,2.95985669561177
2007-09-25,8.226380096321833,2.9540020990678495
2007-09-26,8.265815539103734,2.9696110461593244
2007-09-27,8.31238174420376,2.9871733258863107
2007-09-28,8.287773274594793,2.9772230515377833
2007-10-01,8.424959223709534,3.010785286997769
2007-10-02,8.463425498628629,3.006687608222165
2007-10-03,8.454404849829693,3.000638152754422
2007-10-04,8.448170583839637,3.0053221489108712
2007-10-05,8.55284657220758,3.0410313866842302
2007-10-08,8.512720522679048,3.0248348535187497
2007-10-09,8.559234721979081,3.053322748169189
2007-10-10,8.54670356338709,3.0482481257617318
2007-10-11,8.489138733440898,3.0336134865099496
2007-10-12,8.514607363780778,3.0503954363173227
2007-10-15,8.445822557021483,3.024637897253059
2007-10-16,8.376240354284374,3.000637395538356
2007-10-17,8.387539671562156,3.009807343419121
2007-10-18,8.407238174217724,2.9988817427625096
2007-10-19,8.246146816737534,2.920439993017071
2007-10-22,8.369998889193146,2.937416510696479
2007-10-23,8.391228823858292,2.961221334099163
2007-10-24,8.362553864735924,2.95575788073775
2007-10-25,8.34204949819529,2.962783717220264
2007-10-26,8.409805624760702,2.997516430737237
2007-10-29,8.45678417709916,3.0074681852872844
2007-10-30,8.436088072031843,2.9865903411450203
2007-10-31,8.499429598034249,3.0176150416088348
2007-11-01,8.296323390969487,2.9469787087148553
2007-11-02,8.288973033629636,2.9502970067408683
2007-11-05,8.255888169263253,2.9278570477075974
2007-11-06,8.338309329369155,2.967271859283837
2007-11-07,8.128782686790911,2.8860991703012684
2007-11-08,8.165417400379605,2.8714637614086707
2007-11-09,8.09300802357731,2.832047178355814
2007-11-12,8.038445234757921,2.803950438299346
2007-11-13,8.230692904096392,2.8894148476587103
2007-11-14,8.156046939198909,2.8814140579455434
2007-11-15,8.069985769810899,2.839852541573737
2007-11-16,8.039476633571304,2.844731408240161
2007-11-19,7.89273745785209,2.8051213681118248
2007-11-20,7.875291065554212,2.8222915160060373
2007-11-21,7.780344000825659,2.764533320130974
2007-11-23,7.937247579764367,2.812340394835999
2007-11-26,7.7967387303244955,2.7502889163643376
2007-11-27,7.878529382636754,2.781900737169029
2007-11-28,8.032653532906172,2.8708770503466434
2007-11-29,8.00378255720633,2.8718531485437615
2007-11-30,8.059485321407562,2.900732503805518
2007-12-03,8.02456230973614,2.881610875140432
2007-12-04,8.008160193154444,2.8558550371384266
2007-12-05,8.103915870831225,2.903662050460124
2007-12-06,8.296137032724491,2.94522506905041
2007-12-07,8.285572947534488,2.944638969261669
2007-12-10,8.36024807102016,2.9674687551903545
2007-12-11,8.094860290794392,2.8861007619230348
2007-12-12,8.122461985692524,2.9145894625439768
2007-12-13,8.137178534466164,2.9085416894091978
2007-12-14,8.006519027541568,2.871661380787489
2007-12-17,7.9259820761951625,2.8306856445450324
2007-12-18,7.980563188165276,2.846489362498527
2007-12-19,7.930630331289799,2.846489362498527
2007-12-20,7.984034274432326,2.864442170907805
2007-12-21,8.100107224684088,2.905524000522965
2007-12-24,8.179390889032097,2.9271004217508483
2007-12-26,8.156227582849572,2.933376125055082
2007-12-27,8.041688438444949,2.8965006537870144
2007-12-28,8.014036148882218,2.889242023148624
2007-12-31,7.981706134281046,2.8678616321773247
2008-01-02,7.8411312658945596,2.842753503587612
2008-01-03,7.759535559316931,2.8413804536453795
2008-01-04,7.517975099216231,2.771749584248346
2008-01-07,7.514315354455874,2.7693963688513192
2008-01-08,7.304326327135114,2.724676156287108
2008-01-09,7.380947191586309,2.753312502689685
2008-01-10,7.504828862871855,2.7713577128323132
2008-01-11,7.399532802924323,2.7489956274474694
2008-01-14,7.469292949979158,2.771160779191578
2008-01-15,7.280519734195204,2.710159216959234
2008-01-16,7.328614275830641,2.6868166156235644
2008-01-17,7.116091291837108,2.617185076213064
2008-01-18,7.06677792538315,2.590311819850508
2008-01-22,7.069692332231979,2.564027925814485
2008-01-23,7.318157497457631,2.625618440620475
2008-01-24,7.406966505240694,2.647783911496193
2008-01-25,7.398591883643474,2.6095340251107193
2008-01-28,7.553932909016502,2.652687889283975
2008-01-29,7.669488516951603,2.6658293050874877
2008-01-30,7.624558493222187,2.646214133060654
2008-01-31,7.8243578705170105,2.6944652015628825
2008-02-01,7.973873620429429,2.7378137577256263
2008-02-04,7.839173662323794,2.703292664054464
2008-02-05,7.593749649976861,2.63091470626707
2008-02-06,7.540692387293658,2.6097305810522076
2008-02-07,7.6310020065591875,2.626991339115287
2008-02-08,7.58539008990706,2.6101234277268275
2008-02-11,7.677600254103553,2.6234611584425114
2008-02-12,7.700394056950135,2.647783266842432
2008-02-13,7.807509997968566,2.674851555179363
2008-02-14,7.6718367652018395,2.651312861493784
2008-02-15,7.684449724209306,2.6507242700385323
2008-02-19,7.64174925006546,2.658178106685881
2008-02-20,7.76584308375452,2.666025048456818
2008-02-21,7.633578077671977,2.6438597162039477
2008-02-22,7.696434212377876,2.660140604336332
2008-02-25,7.815145968483509,2.693682317216409
2008-02-26,7.8976426525766765,2.7138849345955323
2008-02-27,7.890354337110667,2.7111384830417213
2008-02-28,7.7115873412585945,2.684658793477853
2008-02-29,7.460802328005518,2.6248338569239924
2008-03-03,7.438097555102967,2.618557879172087
2008-03-04,7.432684342582478,2.60855498807365
2008-03-05,7.480753778231224,2.6250306213783228
2008-03-06,7.275475614670196,2.570697737577034
2008-03-07,7.219266324518793,2.544216980182253
2008-03-10,7.070925019703246,2.5106765677325105
2008-03-11,7.361052288503415,2.6009052622236815
2008-03-12,7.2547517187818995,2.576584197116628
2008-03-13,7.297981840185556,2.582273295023861
2008-03-14,7.143318829591984,2.5422583880441714
2008-03-17,6.998583503002113,2.516563782516209
2008-03-18,7.282487776779544,2.6211093917332793
2008-03-19,7.259227233008629,2.556184512100046
2008-03-20,7.458380986839101,2.603297548842562
2008-03-24,7.609893415462274,2.655332260248827
2008-03-25,7.624648079287839,2.6578946558799674
2008-03-26,7.485052448426504,2.62537265687062
2008-03-27,7.399273195585252,2.617094856883507
2008-03-28,7.289069150978656,2.5920623445774162
2008-03-31,7.330354312323556,2.601129378658748
2008-04-01,7.64458027460405,2.69258508761239
2008-04-02,7.681174773390746,2.6943595011851267
2008-04-03,7.726781134679344,2.701060373264574
2008-04-04,7.714121004626841,2.6981027121558494
2008-04-07,7.706598600520892,2.699481442641761
2008-04-08,7.636414006953643,2.6967225726073814
2008-04-09,7.522202048545317,2.677209088071994
2008-04-10,7.580667557094034,2.680954503586207
2008-04-11,7.396194115377502,2.628919857626102
2008-04-14,7.389285973570864,2.6200498820264713
2008-04-15,7.403799941411452,2.626159838351357
2008-04-16,7.580240329583978,2.6973130130116485
2008-04-17,7.6301471896063715,2.701253787323658
2008-04-18,7.739840406283003,2.729438669340593
2008-04-21,7.732432828608027,2.730819765307279
2008-04-22,7.607747155954717,2.718795965880631
2008-04-23,7.617631991999022,2.7144594863150515
2008-04-24,7.715949030872396,2.726286386296926
2008-04-25,7.810813589152217,2.751515440515718
2008-04-28,7.830409903057856,2.752107016335429
2008-04-29,7.832509439376186,2.7412664667980837
2008-04-30,7.746528975648834,2.725103959709842
2008-05-01,7.952393507918938,2.7814754602204
2008-05-02,7.943183765266434,2.789163458392449
2008-05-05,7.8877933961521745,2.7757615279748737
2008-05-06,7.961421858389247,2.7998079500917203
2008-05-07,7.855078223358896,2.7499405706926368
2008-05-08,7.824954918660108,2.7428457240202495
2008-05-09,7.776474677872029,2.73772208820778
2008-05-12,7.921375977652294,2.7684694449804415
2008-05-13,7.953284484313751,2.7688625676416287
2008-05-14,7.996540099683808,2.774577499981241
2008-05-15,8.099494601603242,2.8092680424635064
2008-05-16,8.050873924027313,2.8118300949182333
2008-05-19,8.03057062681546,2.81951763839774
2008-05-20,7.958440982059355,2.7966541698679723
2008-05-21,7.82896910741216,2.7493487645846555
2008-05-22,7.874403442535373,2.749741921457991
2008-05-23,7.780940306997543,2.7128843807427683
2008-05-27,7.85216498784395,2.732989566888453
2008-05-28,7.887906875241198,2.74560504672921
2008-05-29,7.962989508684449,2.7594017120890246
2008-05-30,7.976013107805429,2.766300216369247
2008-06-02,7.900029767444793,2.7377215688339365
2008-06-03,7.879914508393338,2.721755176644497
2008-06-04,7.888556467216841,2.7203752467699385
2008-06-05,7.99417701846091,2.774774590579597
2008-06-06,7.7320896498590805,2.6862759297876515
2008-06-09,7.7132301211998335,2.6927794038136676
2008-06-10,7.681988785859822,2.679377440720887
2008-06-11,7.508720034920564,2.6399584398130016
2008-06-12,7.548660357589907,2.6500114015518097
2008-06-13,7.6828622906993855,2.683518145713031
2008-06-16,7.707909166280369,2.68509605438271
2008-06-17,7.629400923317394,2.672086763999226
2008-06-18,7.513677280471606,2.6460686551781656
2008-06-19,7.578413075509392,2.649418578095621
2008-06-20,7.439008879899497,2.606633117477955
2008-06-23,7.380061545512601,2.604057763957887
2008-06-24,7.3667911465086116,2.598906937700778
2008-06-25,7.44933129877448,2.6111893718883517
2008-06-26,7.250174148527388,2.540269468547864
2008-06-27,7.212069284159174,2.526402137519061
2008-06-30,7.174255655057381,2.5353178106623657
2008-07-01,7.193306345176936,2.543243214138496
2008-07-02,7.079587009653106,2.4996596551778048
2008-07-03,7.02178739335048,2.5022343046226383
2008-07-07,6.9275343154990985,2.476678985669527
2008-07-08,7.160243978418992,2.520657374418061
2008-07-09,6.948285243892783,2.472122116673641
2008-07-10,6.8988792651626625,2.482225679764486
2008-07-11,6.800419092132288,2.4533027861438703
2008-07-14,6.690381020481839,2.431115115745985
2008-07-15,6.685079027962205,2.396843685959314
2008-07-16,7.008463349010356,2.455681404762243
2008-07-17,7.225682063306999,2.48024558585408
2008-07-18,7.191905352171607,2.495697515853951
2008-07-21,7.177869350830053,2.4970851236727656
2008-07-22,7.400572244619294,2.525414554400833
2008-07-23,7.50232595341299,2.5390846233838045
2008-07-24,7.216451544356111,2.486388461110097
2008-07-25,7.190134181839513,2.4857942142678917
2008-07-28,7.018602352456902,2.4493425279098675
2008-07-29,7.28686155205836,2.501640889565799
2008-07-30,7.357672379728496,2.5462151269360827
2008-07-31,7.338920254732678,2.512536339452099
2008-08-01,7.350107158635081,2.4992626099707738
2008-08-04,7.272783998825946,2.4760844485259046
2008-08-05,7.515545682811222,2.5428446374270597
2008-08-06,7.550657521884646,2.5541374104618733
2008-08-07,7.410056241855801,2.516101196145275
2008-08-08,7.681633352842309,2.56285287247085
2008-08-11,7.828052417158128,2.5893989025239033
2008-08-12,7.68129866632088,2.5624562069431422
2008-08-13,7.625988603391102,2.547004596015275
2008-08-14,7.777504085292277,2.5662191986876146
2008-08-15,7.872919847130537,2.5786987226508327
2008-08-18,7.735695160293673,2.5434375963173053
2008-08-19,7.577144368098118,2.5157039527670615
2008-08-20,7.559455018300187,2.527391913331617
2008-08-21,7.549167446761884,2.531749136990201
2008-08-22,7.687186870311964,2.568398737497271
2008-08-25,7.531161565066835,2.516298769107139
2008-08-26,7.534491383569444,2.5236287474215477
2008-08-27,7.665657092113398,2.548193749648949
2008-08-28,7.917050144401647,2.579098243444691
2008-08-29,7.869850416071307,2.551362620934687
2008-09-02,7.932204593725483,2.5355135563334406
2008-09-03,7.98838114319279,2.53333555018855
2008-09-04,7.74996233931636,2.4570669501145734
2008-09-05,7.836514507108942,2.464791968605734
2008-09-08,8.02224521709682,2.5157047115092537
2008-09-09,7.709705513268973,2.441020985738678
2008-09-10,7.727505503069744,2.4509266488988053
2008-09-11,7.784638368534949,2.486386655655073
2008-09-12,7.789799834836515,2.4978762483908548
2008-09-15,7.440569352209092,2.379014807111176
2008-09-16,7.565986017181203,2.4188347569526023
2008-09-17,7.142938918600946,2.3100766897757423
2008-09-18,7.7056624412518895,2.378621285314768
2008-09-19,8.030339094089268,2.4725411467654217
2008-09-22,7.535753911117447,2.4165652877437993
2008-09-23,7.41875998485774,2.3615835943170524
2008-09-24,7.467339101900203,2.3691524697368385
2008-09-25,7.602532985173025,2.406206014363523
2008-09-26,7.615300876014539,2.4074018987526613
2008-09-29,6.90918683758045,2.218753071162605
2008-09-30,7.185135764957671,2.3105872607780253
2008-10-01,7.258984022769927,2.3119805448962745
2008-10-02,6.915400366437954,2.228115762610707
2008-10-03,6.794541920533941,2.1980361998154625
2008-10-06,6.497279589142433,2.0860836220502614
2008-10-07,6.0718654144226765,1.9926562809531185
2008-10-08,5.977788211406107,1.9424572839233476
2008-10-09,5.51851164011568,1.806798009671425
2008-10-10,5.534236682276412,1.7629723171488347
2008-10-13,6.073487968999968,2.018952371654211
2008-10-14,6.0428173658758775,1.9890718765537287
2008-10-15,5.483744229077333,1.7932517284507672
2008-10-16,5.669403530232504,1.867953215702841
2008-10-17,5.624321313484369,1.8567977990986635
2008-10-20,5.858239481669799,1.9683523540707122
2008-10-21,5.688848324886764,1.9095871945399312
2008-10-22,5.33687087470164,1.8056025334484538
2008-10-23,5.230847506505626,1.8265186331959207
2008-10-24,5.017704100161317,1.7338885672320228
2008-10-27,4.8829362581110844,1.6723337892067187
2008-10-28,5.31539664975243,1.8677543541444697
2008-10-29,5.301875969114696,1.85420753181386
2008-10-30,5.4885917868537915,1.9183519871694288
2008-10-31,5.686726404311773,1.9289105965068092
2008-11-03,5.671532975070741,1.9344890059519066
2008-11-04,5.890462787469745,2.000226811352164
2008-11-05,5.57021267382594,1.9161612789246556
2008-11-06,5.28917702350341,1.8099848662981615
2008-11-07,5.3547355385192805,1.869746946613594
2008-11-10,5.224303946990162,1.845243912878223
2008-11-11,5.085929511179119,1.788270161824195
2008-11-12,4.7828369588570965,1.7095844864337686
2008-11-13,5.131511220800087,1.8161599833180497
2008-11-14,4.878066075044679,1.7255208870305958
2008-11-17,4.759336895141044,1.7026128717343776
2008-11-18,4.738194582027326,1.734684990399238
2008-11-19,4.376711029649119,1.6235281108994453
2008-11-20,4.058067754557605,1.5030087486430468
2008-11-21,4.24172379983922,1.5840855495710988
2008-11-24,4.620691901907209,1.6938484213864298
2008-11-25,4.70409265567784,1.7063981443404819
2008-11-26,4.957418209392859,1.7723350750359423
2008-11-28,5.022489348709643,1.7946470012955698
2008-12-01,4.532677171960225,1.6356807592148106
2008-12-02,4.686643826256734,1.6986299332331927
2008-12-03,4.81176303913513,1.7394666954580518
2008-12-04,4.6736241352543395,1.6992276123920207
2008-12-05,4.85922160661117,1.7516181981372914
2008-12-08,5.047577212442021,1.812774195907057
2008-12-09,4.972934192826586,1.7828924260617252
2008-12-10,5.067097231259441,1.7950446208377617
2008-12-11,4.871389434335588,1.7518163562787468
2008-12-12,4.9646883354285185,1.772733043572715
2008-12-15,4.83295259904258,1.7480317813435728
2008-12-16,5.119928070371756,1.8303046451642895
2008-12-17,5.1078233774642205,1.812574484066583
2008-12-18,5.010847905310972,1.778710154980767
2008-12-19,5.087121717309938,1.771127513590084
2008-12-22,4.946312666173362,1.7484340567584542
2008-12-23,4.890960009021224,1.7303587454796854
2008-12-24,4.956128990826764,1.740400017279704
2008-12-26,4.992931597380578,1.750442125379408
2008-12-29,4.942951697374426,1.7454218573638198
2008-12-30,5.1190070797360026,1.7867935916489146
2008-12-31,5.251270799630992,1.812298283376111
2009-01-02,5.505890078962171,1.8669245782336334
2009-01-05,5.585693163986159,1.864716006457583
2009-01-06,5.79915357248622,1.8771667152327003
2009-01-07,5.575034802704863,1.8209343091111896
2009-01-08,5.658663506721671,1.8284056025814728
2009-01-09,5.456276392391426,1.7892027580565233
2009-01-12,5.224018038539491,1.7462243186052475
2009-01-13,5.218987452262915,1.7494373713514813
2009-01-14,4.987036600184678,1.6944088188356203
2009-01-15,5.009234217845544,1.6950120283751258
2009-01-16,5.08787505954013,1.7082670224370191
2009-01-20,4.721661784713269,1.6180944393906587
2009-01-21,4.967583032177074,1.6879831744168199
2009-01-22,4.810783636704884,1.661875138658115
2009-01-23,4.895614906515839,1.6691042955112778
2009-01-26,4.915348068172951,1.6805510127698942
2009-01-27,4.977528483421197,1.697622049957611
2009-01-28,5.224175845825908,1.7550593943958765
2009-01-29,4.970741623142363,1.6980234741967992
2009-01-30,4.780759255823806,1.6634805826612138
2009-02-02,4.790742687917745,1.6584601982627423
2009-02-03,4.852967534249953,1.6817565886677388
2009-02-04,4.814329635038226,1.6735227084096216
2009-02-05,4.938829204443504,1.698426399833465
2009-02-06,5.1052621538909975,1.7468060758327213
2009-02-09,5.092733826292985,1.7492358830842045
2009-02-10,4.780041716579991,1.6691051365160001
2009-02-11,4.820046765824848,1.6789461804008983
2009-02-12,4.827259405393537,1.6801516637584262
2009-02-13,4.787282125946547,1.662076592159713
2009-02-17,4.498197716569013,1.5909829280066734
2009-02-18,4.4514164988928195,1.5871677509453135
2009-02-19,4.339088360341562,1.570116807796908
2009-02-20,4.275618323111402,1.554833290789813
2009-02-23,4.1082013965853665,1.4992029104786444
2009-02-24,4.317892186041404,1.55603769281489
2009-02-25,4.25158215814117,1.5438274650393715
2009-02-26,4.208783198614663,1.5186831471162752
2009-02-27,4.118578204808774,1.4847420974613736
2009-03-02,3.886833857915755,1.417864859165421
2009-03-03,3.8357932174663856,1.4072209476676663
2009-03-04,3.97077219629019,1.4405594191388609
2009-03-05,3.765772122602564,1.3817154479858766
2009-03-06,3.7564871287511283,1.384125159727164
2009-03-09,3.7270095574798847,1.3678575367248906
2009-03-10,4.027530401714901,1.4493941566315247
2009-03-11,4.05668026566956,1.4588326113795094
2009-03-12,4.243981871561141,1.5162697689547433
2009-03-13,4.308961424986958,1.5281194171991246
2009-03-16,4.276227200523578,1.5234999122009316
2009-03-17,4.429231274035338,1.5700931100157727
2009-03-18,4.651825715914265,1.6052380741903656
2009-03-19,4.615068984777896,1.5853555954034437
2009-03-20,4.484879364792288,1.5518459341834012
2009-03-23,4.876867547193413,1.6633134757898607
2009-03-24,4.803209683819251,1.630541210376373
2009-03-25,4.8496068450327146,1.647736897981002
2009-03-26,5.051299624821562,1.6813194236987528
2009-03-27,4.9368492299434195,1.6509749707398378
2009-03-30,4.68276762460595,1.5939255306259228
2009-03-31,4.729660833787045,1.608693250667172
2009-04-01,4.840075074124895,1.6398472041595924
2009-04-02,5.138984316328508,1.6877930567148107
2009-04-03,5.234777601076633,1.7045832220430097
2009-04-06,5.161019961229206,1.691231221664747
2009-04-07,4.97633321481095,1.6517832534194166
2009-04-08,5.071138810029129,1.669586173324771
2009-04-09,5.451560801210064,1.7359405366112175
2009-04-13,5.520746188898597,1.7363450107562477
2009-04-14,5.35865321236428,1.7064052137357777
2009-04-15,5.502191936333711,1.7246125573663385
2009-04-16,5.67919920192061,1.7499005512950012
2009-04-17,5.874480197864388,1.761633634491434
2009-04-20,5.385639978369094,1.687792999068091
2009-04-21,5.632951457133961,1.7207674108908844
2009-04-22,5.6674373155104165,1.7102483597081084
2009-04-23,5.724303024601254,1.7270395781037229
2009-04-24,5.906429889897539,1.7531368731684485
2009-04-27,5.763689827220038,1.7365486920745286
2009-04-28,5.756116151601641,1.7310872464379543
2009-04-29,5.951505105842746,1.767905741082443
2009-04-30,6.03456051472736,1.7685121327516342
2009-05-01,6.138984956387656,1.778019653977307
2009-05-04,6.458142719525333,1.838507882605615
2009-05-05,6.4630182120766095,1.832236732218047
2009-05-06,6.6250727972910415,1.8640187105751014
2009-05-07,6.502532229314736,1.8381032584419756
2009-05-08,6.9159697066702135,1.8809917217712024
2009-05-11,6.686851085680929,1.845790842689976
2009-05-12,6.513082571610425,1.8403291475864563
2009-05-13,6.075244373179191,1.7940025419542625
2009-05-14,6.282795686853545,1.8093771437388104
2009-05-15,6.14687743653798,1.7946090074916143
2009-05-18,6.496799889527818,1.8455884655674288
2009-05-19,6.559192883609619,1.8433626858779544
2009-05-20,6.520474147434278,1.8310232160586875
2009-05-21,6.355049909222791,1.8047242296064365
2009-05-22,6.346121756647416,1.8008801669973749
2009-05-26,6.569443907123884,1.8470043098345115
2009-05-27,6.444713232714317,1.8140297418910358
2009-05-28,6.525273401134223,1.839317316492997
2009-05-29,6.689268654100486,1.871887947533455
2009-06-01,7.061540797653208,1.917202610967345
2009-06-02,7.0366648851955045,1.9188207299710016
2009-06-03,6.842455425595383,1.8945438100954086
2009-06-04,7.027733921594599,1.9123468382788753
2009-06-05,7.038056289080585,1.9127522558085905
2009-06-08,6.987474396255086,1.90486215275338
2009-06-09,7.07322223380466,1.9145731400081167
2009-06-10,7.048603851784707,1.9097177825250562
2009-06-11,7.081296889125294,1.91821411693951
2009-06-12,7.031380658330274,1.923473860048158
2009-06-15,6.818523080825534,1.8793724513849739
2009-06-16,6.658530621065378,1.8538825228268394
2009-06-17,6.566545058092972,1.8520620101894234
2009-06-18,6.5852388947702005,1.8655950272978774
2009-06-19,6.623169271586484,1.8724566858082792
2009-06-22,6.274086379854111,1.8163073271709462
2009-06-23,6.277376229687782,1.8177313121154481
2009-06-24,6.395088517992144,1.8333547127430803
2009-06-25,6.594570424421001,1.8732705115489223
2009-06-26,6.599283355413378,1.8683887685958258
2009-06-29,6.6725332551110546,1.885884361024957
2009-06-30,6.601770385108299,1.870625670659904
2009-07-01,6.68914118043787,1.8783569665567412
2009-07-02,6.44574622074071,1.827090969868508
2009-07-06,6.4050606986975795,1.8268881627708526
2009-07-07,6.232681902932084,1.7914885508408418
2009-07-08,6.1707814594379915,1.790268547137719
2009-07-09,6.214681546340904,1.7937273459707892
2009-07-10,6.192698484542246,1.7894546874326869
2009-07-13,6.273229190064844,1.8330314879810476
2009-07-14,6.42931310685859,1.8433661195102848
2009-07-15,6.649128952482926,1.8972772050414828
2009-07-16,6.745684874550333,1.9153829214091938
2009-07-17,6.740174220651087,1.914976860229855
2009-07-20,6.880602831326424,1.9353407241615392
2009-07-21,6.8600441878734575,1.944272321603545
2009-07-22,6.931457618026103,1.9438659686883297
2009-07-23,7.148143897841446,1.9868117995345609
2009-07-24,7.218191133366874,1.994929912547459
2009-07-27,7.29778948786047,2.0008289202988623
2009-07-28,7.265233096108386,1.9914710434386245
2009-07-29,7.189436602880912,1.9866297773320252
2009-07-30,7.322731332878159,2.007340392760711
2009-07-31,7.32887872729359,2.0101888087780386
2009-08-03,7.507586467658879,2.043348883367641
2009-08-04,7.596003039084416,2.0486391136266797
2009-08-05,7.5677540236803145,2.042739032979435
2009-08-06,7.518020363001177,2.0321596875276344
2009-08-07,7.743117029570552,2.0588521050233095
2009-08-10,7.717343026621253,2.0545388098632857
2009-08-11,7.580938787398022,2.028906383671431
2009-08-12,7.7084176044517845,2.050674520261842
2009-08-13,7.775478627095421,2.066339622922122
2009-08-14,7.66622953090026,2.050472200957703
2009-08-17,7.428076188912958,2.0000182819809376
2009-08-18,7.532782818090363,2.0158864270301744
2009-08-19,7.595193795796214,2.0335859098594993
2009-08-20,7.6874435624558854,2.0545399790746917
2009-08-21,7.881155526659911,2.0948212899044303
2009-08-24,7.850815877921845,2.0946180922393096
2009-08-25,7.891083228944191,2.0986879351925305
2009-08-26,7.9131739968170285,2.0988915079222443
2009-08-27,7.97446567619396,2.103569937093403
2009-08-28,7.998055929041014,2.103163948095544
2009-08-31,7.890603541101774,2.084447892121442
2009-09-01,7.6474356810114,2.0384712249649195
2009-09-02,7.574717301944566,2.0307413420798524
2009-09-03,7.700850033656782,2.0476269563392466
2009-09-04,7.844878581730704,2.076312162370603
2009-09-08,7.956861730176328,2.094214125834562
2009-09-09,8.087008050440762,2.1102851250362162
2009-09-10,8.22388938599452,2.1318501287289613
2009-09-11,8.209554589190857,2.1314429453543737
2009-09-14,8.308933654689017,2.141818809612359
2009-09-15,8.419449761642658,2.150769470417729
2009-09-16,8.610372129954667,2.183319215583031
2009-09-17,8.514639000039438,2.1800638866325968
2009-09-18,8.564748544356206,2.181454767392268
2009-09-21,8.530877106191118,2.1759356868307655
2009-09-22,8.64210114389063,2.188608336270868
2009-09-23,8.528494542081715,2.1704166237797846
2009-09-24,8.360876115261126,2.1465008030023554
2009-09-25,8.289708803725567,2.1350535142199436
2009-09-28,8.501799504749306,2.1732773772850233
2009-09-29,8.506183437054196,2.1667358123793954
2009-09-30,8.442698885758032,2.158354878257112
2009-10-01,8.192147811787033,2.1054125914483435
2009-10-02,8.130087566343494,2.094988693708083
2009-10-05,8.283935356345895,2.1262626849277573
2009-10-06,8.396299660099691,2.1567192716266623
2009-10-07,8.386785092411618,2.1626480929043637
2009-10-08,8.505950961233237,2.1792053267036398
2009-10-09,8.557012875241508,2.1924919415805517
2009-10-12,8.587034977173499,2.201077740023781
2009-10-13,8.579781984259393,2.1965809382009125
2009-10-14,8.74555927609177,2.234397275632979
2009-10-15,8.77989937567441,2.2425729352645205
2009-10-16,8.692402701186923,2.2258119451463534
2009-10-19,8.790086779963573,2.244208280872988
2009-10-20,8.734725340664484,2.232372326399664
2009-10-21,8.61852518623225,2.212318925791616
2009-10-22,8.746377152865048,2.2348049353533623
2009-10-23,8.605901650858835,2.209254410527467
2009-10-26,8.498219786565242,2.1853392315335074
2009-10-27,8.425353047763647,2.175323821835389
2009-10-28,8.173457973361732,2.1342384808123844
2009-10-29,8.362796903167933,2.1800264331797337
2009-10-30,8.07719059610967,2.116864527331217
2009-11-02,8.084877046552638,2.1324001960973007
2009-11-03,8.176268471770815,2.1391449779175566
2009-11-04,8.161034387817933,2.144663971960584
2009-11-05,8.38601786216307,2.184117210388771
2009-11-06,8.371918579072647,2.1898395974799896
2009-11-09,8.5820266082125,2.2397153841521935
2009-11-10,8.543692060281872,2.2401252520674935
2009-11-11,8.591729890055195,2.2515722921055583
2009-11-12,8.434876131149498,2.228678305039429
2009-11-13,8.524068647497506,2.2407376833479975
2009-11-16,8.708755484749323,2.27323958344496
2009-11-17,8.69268660187335,2.2758765413617565
2009-11-18,8.665009966288174,2.2744654979061125
2009-11-19,8.503116068315183,2.244826938002898
2009-11-20,8.44493786736798,2.2368555575460496
2009-11-23,8.557077869753817,2.2652680968379997
2009-11-24,8.527827110943807,2.268743018098549
2009-11-25,8.599680079718377,2.2767153810641476
2009-11-27,8.413177699470053,2.239716479406474
2009-11-30,8.410054112490494,2.2472800019574297
2009-12-01,8.530423843646306,2.275078855581643
2009-12-02,8.565137299187697,2.274057345175487
2009-12-03,8.462366822678284,2.2562742167362146
2009-12-04,8.610250317628777,2.269153029965345
2009-12-07,8.604495610710185,2.265678956676468
2009-12-08,8.547090704921487,2.2405367172942294
2009-12-09,8.562018553813754,2.2489387299840824
2009-12-10,8.580116163197921,2.2615912592789726
2009-12-11,8.632269012548216,2.2711984989483898
2009-12-14,8.749517530055773,2.2867334966811965
2009-12-15,8.69757148483266,2.2761047593886223
2009-12-16,8.725314931225228,2.279580371356209
2009-12-17,8.621024855558366,2.2521889336139926
2009-12-18,8.693069621086845,2.264866505121306
2009-12-21,8.76875220716577,2.2878820785463487
2009-12-22,8.843567615378706,2.2961024388545654
2009-12-23,8.922094309055133,2.3006234645566703
2009-12-24,8.968984272474314,2.3115146160378814
2009-12-28,8.974505700733728,2.3164473882285064
2009-12-29,8.963907950834686,2.31319972899021
2009-12-30,8.970396161596915,2.312336905491297
2009-12-31,8.888446903579748,2.2901430958723914
2010-01-04,9.03272079522108,2.3289839227783875
2010-01-05,9.08476305292403,2.335148743221982
2010-01-06,9.14085901092451,2.3367926879372103
2010-01-07,9.201275466023368,2.3466562898729935
2010-01-08,9.253674830938103,2.354465962005691
2010-01-11,9.255921286900783,2.3577551509546133
2010-01-12,9.14047295232499,2.3357667264168107
2010-01-13,9.23349539861403,2.355494612188127
2010-01-14,9.271000415250679,2.361866225114096
2010-01-15,9.087919796134031,2.335356638603415
2010-01-19,9.222346999928751,2.3645392551594036
2010-01-20,9.148765867465883,2.3404942554736876
2010-01-21,8.999613409124663,2.295488891435184
2010-01-22,8.818400983337442,2.244317853067311
2010-01-25,8.850247321767599,2.2558267150178404
2010-01-26,8.803052451345867,2.2463725452552006
2010-01-27,8.854952155938099,2.2570585394529794
2010-01-28,8.736611917582442,2.231165563888375
2010-01-29,8.64829603948847,2.2069150253744723
2010-02-01,8.79712088139897,2.241234760934071
2010-02-02,8.917732466451971,2.268360425245656
2010-02-03,8.865734440276993,2.2570571852466568
2010-02-04,8.540996640441657,2.1873908581668338
2010-02-05,8.554461404190153,2.191912195070665
2010-02-08,8.494779093040034,2.1760887809344496
2010-02-09,8.624666729628599,2.203420456022986
2010-02-10,8.596504993982151,2.1991039553496368
2010-02-11,8.717184283414529,2.222119777346326
2010-02-12,8.731479331529254,2.220270973691574
2010-02-16,8.911844825857214,2.255206937462611
2010-02-17,8.97335696066322,2.2658943631392465
2010-02-18,9.038758321065638,2.2792518104099524
2010-02-19,9.041085779811025,2.2839789786647424
2010-02-22,9.045305932443327,2.2843900948809024
2010-02-23,8.91118411472993,2.256646177178574
2010-02-24,8.98334383232555,2.2774028087162628
2010-02-25,8.99747537573767,2.274319205313261
2010-02-26,8.98949753930851,2.2757588493702245
2010-03-01,9.154125752639526,2.2993926050209343
2010-03-02,9.187204750434331,2.3057642219294476
2010-03-03,9.221852493723176,2.3078186578511866
2010-03-04,9.261937898715303,2.314825195296423
2010-03-05,9.411401473431429,2.3478901583860368
2010-03-08,9.437479989396111,2.348301039163754
2010-03-09,9.460563045003099,2.3522062637918832
2010-03-10,9.53626319425797,2.36268769490334
2010-03-11,9.527909579523794,2.3725519160295616
2010-03-12,9.522526621508629,2.372758328046256
2010-03-15,9.517136745738995,2.3733752452115477
2010-03-16,9.61464623647426,2.392281552414903
2010-03-17,9.688525852392376,2.406460605176066
2010-03-18,9.641111273813477,2.405175555212902
2010-03-19,9.540925807672203,2.3931111946279544
2010-03-22,9.618669584407565,2.4059574155207173
2010-03-23,9.725831707560543,2.4228279889183484
2010-03-24,9.65833595594744,2.4110651590321495
2010-03-25,9.592585591268234,2.407144767083563
2010-03-26,9.608957103893838,2.4057414016843532
2010-03-29,9.678639273996279,2.420969744757015
2010-03-30,9.687563092988333,2.4226208461229395
2010-03-31,9.618998523731591,2.4143669769001983
2010-04-01,9.743674656958907,2.4308764182882414
2010-04-05,9.882603043259216,2.4506856302208724
2010-04-06,9.91764578905014,2.4564643469369334
2010-04-07,9.872084150503548,2.4424330225872297
2010-04-08,9.84967872768586,2.450944901670946
2010-04-09,9.89060190794871,2.466988786997284
2010-04-12,9.93462814844826,2.470908832179823
2010-04-13,9.939089390041994,2.4727669556216223
2010-04-14,10.10846691852019,2.5008303878009723
2010-04-15,10.164889847239984,2.5028935728709083
2010-04-16,10.037886116392077,2.4630675303393863
2010-04-19,10.050898067332309,2.472353294928766
2010-04-20,10.213687260921407,2.4944338822057746
2010-04-21,10.240031690332023,2.48989401254016
2010-04-22,10.339302128783183,2.4973238562735802
2010-04-23,10.396276320022704,2.5136788302083155
2010-04-26,10.339782653118116,2.5041343916900143
2010-04-27,10.059178851410396,2.444909109192154
2010-04-28,10.111513469592747,2.4634806387855774
2010-04-29,10.293404352484684,2.4939711386518266
2010-04-30,10.084933924243641,2.451770653014699
2010-05-03,10.23987835374708,2.4834990170353626
2010-05-04,9.965242799282452,2.425099537649776
2010-05-05,9.887896278546213,2.4106556448035343
2010-05-06,9.51771863283082,2.330631520018636
2010-05-07,9.33703068635119,2.2959214247909983
2010-05-10,9.801192531330907,2.3970361002602187
2010-05-11,9.823591839298263,2.3902261206993796
2010-05-12,10.074113892114152,2.423655823223481
2010-05-13,9.933745771669194,2.3935273576849903
2010-05-14,9.72367695540133,2.3501925448741035
2010-05-17,9.74738075829995,2.351431096345252
2010-05-18,9.598364739750858,2.319446930572764
2010-05-19,9.484146121191419,2.3062399997500824
2010-05-20,9.071040598150876,2.219156377359519
2010-05-21,9.215244577501425,2.2516581416623263
2010-05-24,9.094419448282371,2.2226657914302823
2010-05-25,9.089396417004524,2.224895125219087
2010-05-26,9.109431138058849,2.2115235055165203
2010-05-27,9.466171515083595,2.2856051199043126
2010-05-28,9.36280102636449,2.256900205203434
2010-06-01,9.09148327829364,2.2189504282529384
2010-06-02,9.336806851799189,2.2767296784542164
2010-06-03,9.444776042143275,2.2845707354668128
2010-06-04,9.031004531739518,2.2042977735347153
2010-06-07,8.869689429776274,2.1768520619564344
2010-06-08,8.924764356859363,2.200170501244112
2010-06-09,8.916559744648312,2.188408389744461
2010-06-10,9.228844863466241,2.252379943793471
2010-06-11,9.303912884666543,2.263317500800532
2010-06-14,9.30452667987198,2.259788988816784
2010-06-15,9.568605176346855,2.3111924089453995
2010-06-16,9.522942792075414,2.310367313255406
2010-06-17,9.49673051969694,2.3140823838951206
2010-06-18,9.487716447964683,2.31656539429304
2010-06-21,9.42308276740707,2.3099516000923335
2010-06-22,9.264921888121535,2.2718004394652085
2010-06-23,9.28890598359387,2.264751042701548
2010-06-24,9.107463772858097,2.227221853172941
2010-06-25,9.185084925170267,2.236500459413259
2010-06-28,9.140663516266416,2.229502449475755
2010-06-29,8.78428355455003,2.160666561348191
2010-06-30,8.702792991228618,2.1401402290153833
2010-07-01,8.639830871377182,2.1306037641548907
2010-07-02,8.58155913775008,2.1189919736402465
2010-07-06,8.594351189517639,2.132884085019432
2010-07-07,8.891914920556122,2.200010212943164
2010-07-08,9.009610912397555,2.221832114245347
2010-07-09,9.117748972750634,2.238418090978189
2010-07-12,9.090416083173297,2.2398685859011427
2010-07-13,9.293452974067488,2.2736637231252192
2010-07-14,9.250481888144325,2.2734772826999228
2010-07-15,9.238752723487437,2.2740774807025557
2010-07-16,8.920406665415378,2.2114607572714107
2010-07-19,8.999352809014267,2.224523855964613
2010-07-20,9.1426279253732,2.249198274574973
2010-07-21,9.002528088776074,2.2199631954020473
2010-07-22,9.268009435645546,2.2695371935185706
2010-07-23,9.384071513865504,2.2892140809863766
2010-07-26,9.549525227392246,2.3130585348539308
2010-07-27,9.50985466890135,2.3128503595857937
2010-07-28,9.372081805030858,2.297920910514667
2010-07-29,9.33570957499095,2.28672543983864
2010-07-30,9.362096052842316,2.2863115425340292
2010-08-02,9.57314984165093,2.33793874347599
2010-08-03,9.469480530492222,2.3267423548334834
2010-08-04,9.5752803975534,2.3422919739908354
2010-08-05,9.53527911429907,2.339804459914457
2010-08-06,9.471286200407166,2.3303095334161243
2010-08-09,9.548818892074287,2.3427487257055
2010-08-10,9.400498086742111,2.329954974914422
2010-08-11,9.063698648287287,2.266198086980864
2010-08-12,8.99932805219221,2.2523062927076714
2010-08-13,8.92768816380878,2.2456709983693544
2010-08-16,8.938938857835556,2.244633498368108
2010-08-17,9.101512243975016,2.2722088208955604
2010-08-18,9.124883266052702,2.2763556019936946
2010-08-19,8.942380532041733,2.2367538435858103
2010-08-20,8.915398340901366,2.229497814117218
2010-08-23,8.854764672922743,2.221072541877669
2010-08-24,8.71042061560068,2.1880318667446965
2010-08-25,8.77077796298839,2.1965323705469997
2010-08-26,8.697313791109288,2.181811210599594
2010-08-27,8.893306595284907,2.2156074662517815
2010-08-30,8.746480796644347,2.183490020420996
2010-08-31,8.731994213739075,2.183470369010812
2010-09-01,9.065803687269709,2.2487823346886633
2010-09-02,9.201451694904828,2.269722995789284
2010-09-03,9.359230211038556,2.299165842490663
2010-09-07,9.178986318047938,2.273249645114108
2010-09-08,9.258494669602763,2.2892146773717448
2010-09-09,9.283653232438486,2.2997885599665246
2010-09-10,9.347438557149031,2.311441588599875
2010-09-13,9.51406441632861,2.3371101474412765
2010-09-14,9.544880378556094,2.3356588020397155
2010-09-15,9.571001890564744,2.3445740116871012
2010-09-16,9.519044305025073,2.3439526995740043
2010-09-17,9.53073730400735,2.3448269939309454
2010-09-20,9.747269460295504,2.38067939866815
2010-09-21,9.70349933189925,2.3758847103592324
2010-09-22,9.580385332762694,2.3642119887772375
2010-09-23,9.49563600358936,2.344993309520467
2010-09-24,9.775712421489509,2.3933939714289694
2010-09-27,9.720672320418876,2.381929614305825
2010-09-28,9.775515081675827,2.3902663679558955
2010-09-29,9.770638104892853,2.3860977434101804
2010-09-30,9.769373216149889,2.3790110331122523
2010-10-01,9.80268724259208,2.389017153517522
2010-10-04,9.666702817531707,2.3710899687975266
2010-10-05,9.905164662151257,2.4188247520493587
2010-10-06,9.908042308883516,2.4186167331206825
2010-10-07,9.87919261082228,2.4156974627238057
2010-10-08,9.979283127526612,2.429193964448044
2010-10-11,10.03046057844943,2.4315381366237365
2010-10-12,10.071726611254837,2.4390418633133573
2010-10-13,10.197443390867734,2.458010291884345
2010-10-14,10.148731387833275,2.448421593735704
2010-10-15,10.138174933622626,2.453423719051706
2010-10-18,10.205858120684756,2.465514191139193
2010-10-19,10.008166709330931,2.433203627664314
2010-10-20,10.092970314478016,2.4569662942920836
2010-10-21,10.059628073503488,2.4623863619372917
2010-10-22,10.070217173690668,2.4669097656841705
2010-10-25,10.114851519032877,2.4742685575152064
2010-10-26,10.059021543007074,2.4746867089014266
2010-10-27,10.009638893524258,2.467599206167133
2010-10-28,9.98215568406159,2.4680162304329754
2010-10-29,10.055240685478045,2.4698919227681047
2010-11-01,10.017929702443162,2.4707267462380003
2010-11-02,10.104622725674975,2.4904258505857557
2010-11-03,10.122873918580412,2.5003277837676845
2010-11-04,10.372891986428236,2.5484790962274824
2010-11-05,10.414401916681365,2.5581709622304354
2010-11-08,10.386963534649446,2.5532720648377643
2010-11-09,10.284597508081585,2.53492935832397
2010-11-10,10.348904157672349,2.5451425887086576
2010-11-11,10.313222165520843,2.5354506857308547
2010-11-12,10.179026448451667,2.5054968713296306
2010-11-15,10.196701559064742,2.5019941867035116
2010-11-16,10.024255027391343,2.4630156192688575
2010-11-17,10.0465265775727,2.4642249599379187
2010-11-18,10.217518609841871,2.500483565998445
2010-11-19,10.27244226187518,2.5074149064433926
2010-11-22,10.284443523315458,2.505331244656138
2010-11-23,10.214638358335561,2.469008952271113
2010-11-24,10.42625343163137,2.505540408728917
2010-11-26,10.366592746500618,2.476358379588451
2010-11-29,10.342119244648927,2.483903843571057
2010-11-30,10.278557437569074,2.469949271777875
2010-12-01,10.516592714126698,2.522425814006068
2010-12-02,10.69153253781401,2.554735566257672
2010-12-03,10.750303482769057,2.561615469137604
2010-12-06,10.799763361512163,2.5589052799712566
2010-12-07,10.839238997885634,2.56036385598084
2010-12-08,10.848220653228733,2.5697450291491535
2010-12-09,10.906398955946623,2.5797516162926604
2010-12-10,11.026477815666553,2.5947606111962513
2010-12-13,10.960186780617871,2.5964290422692504
2010-12-14,10.972080869009536,2.598721689113574
2010-12-15,10.91828198000729,2.586798754003921
2010-12-16,11.029298960166285,2.601848749154716
2010-12-17,11.09495603503734,2.6046171162238165
2010-12-20,11.11186740519356,2.610902057325265
2010-12-21,11.19915286520781,2.627455176368707
2010-12-22,11.23769818435614,2.6356265619672135
2010-12-23,11.2215980859164,2.6318549803570384
2010-12-27,11.240190624202905,2.63290245863922
2010-12-28,11.208018487774977,2.63667540786245
2010-12-29,11.207527283525677,2.6385606307790717
2010-12-30,11.21860133646673,2.6343705964973942
2010-12-31,11.188148717637286,2.6350002110699573
2011-01-03,11.310032411823142,2.6622408432519986
2011-01-04,11.194379831295548,2.6607739485473667
2011-01-05,11.259052560728179,2.674604651531916
2011-01-06,11.204656381531084,2.6693651010195647
2011-01-07,11.165662036179452,2.664127806691364
2011-01-10,11.14918228889598,2.6607763339105466
2011-01-11,11.213637227183382,2.6702061252379257
2011-01-12,11.31981117564814,2.694304735518198
2011-01-13,11.30181552680738,2.689904935885097
2011-01-14,11.389849066757606,2.709393297145584
2011-01-18,11.42776481352362,2.7140019751440287
2011-01-19,11.245656139333192,2.6873911857777415
2011-01-20,11.201049035435688,2.6838277050654002
2011-01-21,11.19767303645472,2.6899038909896684
2011-01-24,11.289583513521793,2.705201374417727
2011-01-25,11.279104602762686,2.706667593562661
2011-01-26,11.374239000246705,2.717145103817342
2011-01-27,11.457503156127835,2.7238510179335633
2011-01-28,11.17567500708679,2.6762844076073895
2011-01-31,11.270557186977276,2.696399361214967
2011-02-01,11.47542361012917,2.7395660185886572
2011-02-02,11.472363648119511,2.7342238648524093
2011-02-03,11.540175438687225,2.7404059450108407
2011-02-04,11.596269455827056,2.7481585534292763
2011-02-07,11.715612876884865,2.7653400407053157
2011-02-08,11.765684813586143,2.777914041870403
2011-02-09,11.741683488563709,2.771605399081315
2011-02-10,11.826795210239254,2.7726946400031545
2011-02-11,11.90890342288927,2.789228218141493
2011-02-14,11.910254523681612,2.795933522777905
2011-02-15,11.852516440422386,2.7871319240482
2011-02-16,11.960416000466827,2.804732662148565
2011-02-17,12.04886300079521,2.8131132033430646
2011-02-18,12.05828491169868,2.8189813574852383
2011-02-22,11.713351960833588,2.7624044016405094
2011-02-23,11.619205107021404,2.74543218899683
2011-02-24,11.64949773584247,2.743546077082989
2011-02-25,11.84855672566319,2.7728828152852376
2011-02-28,11.861153632328355,2.7900663700915604
2011-03-01,11.643506101816824,2.7435475935030236
2011-03-02,11.701370056986256,2.7494160418055262
2011-03-03,11.923441165348683,2.7967719837095846
2011-03-04,11.827354665137381,2.775818568007632
2011-03-07,11.710320477218001,2.754025616430204
2011-03-08,11.870138430462697,2.7781233405739685
2011-03-09,11.853111315366725,2.774142289826926
2011-03-10,11.622125787541734,2.722751303907882
2011-03-11,11.696366777154513,2.741663534464826
2011-03-14,11.601380851627525,2.7251093700437274
2011-03-15,11.556239241153794,2.6938877919911364
2011-03-16,11.386297087143076,2.643910785674117
2011-03-17,11.484612540025475,2.6790087013539408
2011-03-18,11.586094655895346,2.6887174288876476
2011-03-21,11.788748166901668,2.7303871716005483
2011-03-22,11.711784998574835,2.720915458502266
2011-03-23,11.759756848462908,2.728702718544499
2011-03-24,11.867311064607788,2.7547973026419403
2011-03-25,11.926208943005113,2.763215963198814
2011-03-28,11.862212540793248,2.756482005896498
2011-03-29,11.959418789489593,2.7750028084941163
2011-03-30,12.081195349170665,2.7941531028755344
2011-03-31,12.022014011365657,2.7903642312680352
2011-04-01,12.064821792572754,2.8021507297809114
2011-04-04,12.107457671428582,2.8044653062837104
2011-04-05,12.210400476374517,2.804044636487768
2011-04-06,12.230722141253976,2.8128829851819774
2011-04-07,12.22299664001727,2.8057270108676744
2011-04-08,12.149539715192912,2.796047252680181
2011-04-11,12.091027571201025,2.787628354402361
2011-04-12,12.00792344299952,2.766793620081558
2011-04-13,12.028780373680139,2.766583343766432
2011-04-14,12.045399890309321,2.7686887136910383
2011-04-15,12.11506542859856,2.7787888901185833
2011-04-18,11.976109317152659,2.747641445449244
2011-04-19,12.089515489634637,2.7634238979119043
2011-04-20,12.260761675637857,2.8010948924882397
2011-04-21,12.304737872648166,2.8154056862939623
2011-04-25,12.292052681091938,2.812460771946099
2011-04-26,12.375296656646473,2.8366844965748705
2011-04-27,12.415839239376313,2.8551825161770354
2011-04-28,12.437477439809667,2.864441873076998
2011-04-29,12.450920158484928,2.8711761759206023
2011-05-02,12.416830906937566,2.8667574357858605
2011-05-03,12.35913363831187,2.8564457092893387
2011-05-04,12.293625582222612,2.837504617791041
2011-05-05,12.239614079845767,2.811830876009268
2011-05-06,12.28528295771372,2.8242479211577245
2011-05-09,12.333916849571938,2.835191881852211
2011-05-10,12.500725586282497,2.8593930797557015
2011-05-11,12.37469215763495,2.829297967591273
2011-05-12,12.445976355067245,2.8427654259170074
2011-05-13,12.363127215225123,2.820878974902872
2011-05-16,12.266638803597667,2.802991781323013
2011-05-17,12.255908436451474,2.8025713325558144
2011-05-18,12.382979261729547,2.827615109983533
2011-05-19,12.403706135711428,2.834350489175514
2011-05-20,12.30606341620289,2.8118315745390148
2011-05-23,12.153661720166081,2.7792115164427877
2011-05-24,12.113287751871349,2.776896433249591
2011-05-25,12.135239088899034,2.7861573828544786
2011-05-26,12.197986070200102,2.7989959960746718
2011-05-27,12.27858411231443,2.809730145719618
2011-05-31,12.37533306789633,2.838982246266705
2011-06-01,12.082881303476647,2.7752158660333084
2011-06-02,12.044326323000192,2.772268586783581
2011-06-03,11.885787147079194,2.744698375688018
2011-06-06,11.753611060162735,2.7157610207131393
2011-06-07,11.774277484783324,2.7139713342004894
2011-06-08,11.682690527163023,2.702607936224192
2011-06-09,11.779679280078177,2.7232315373855185
2011-06-10,11.630801295526316,2.685351386700486
2011-06-13,11.614119891100515,2.687456702187659
2011-06-14,11.794217369670717,2.7215497779116116
2011-06-15,11.622677530448724,2.6731470151114536
2011-06-16,11.611149361976834,2.6790386311327596
2011-06-17,11.672790858976956,2.6869846597126994
2011-06-20,11.738273032439155,2.7007312732317894
2011-06-21,11.92056419421011,2.737742094600158
2011-06-22,11.852855818196144,2.721247198480192
2011-06-23,11.83216778274365,2.7134426615149505
2011-06-24,11.722375750405325,2.6819097443454853
2011-06-27,11.79237533089038,2.7058082420773477
2011-06-28,11.94539886879627,2.7411271570611833
2011-06-29,12.019953090159,2.764602170034255
2011-06-30,12.111916084744218,2.7910372959841228
2011-07-01,12.323632455325882,2.832277663069584
2011-07-05,12.264888878842694,2.829952363108204
2011-07-06,12.284949899001285,2.8333369861344813
2011-07-07,12.444666503003324,2.8627356907026127
2011-07-08,12.318925718345861,2.84243316918415
2011-07-11,12.031452199302256,2.7910419774853006
2011-07-12,11.975182489298904,2.7789874671845416
2011-07-13,12.001360695585209,2.788294296212143
2011-07-14,11.85830830101517,2.769049488979687
2011-07-15,11.907852113146316,2.785123821263214
2011-07-18,11.748792656948265,2.762283020805034
2011-07-19,11.95918391001253,2.8071203987987414
2011-07-20,11.969293432710971,2.805427705198266
2011-07-21,12.16043855860692,2.844341792897071
2011-07-22,12.16540150747671,2.8462446575565195
2011-07-25,12.073845147581103,2.830382536079957
2011-07-26,12.024630992039627,2.8198082269251623
2011-07-27,11.734021318351962,2.7620698336706426
2011-07-28,11.656102853959057,2.7540322104546613
2011-07-29,11.601939739249454,2.7352084002962034
2011-08-01,11.497592520417845,2.7235755589697437
2011-08-02,11.13698174262048,2.6539936505891846
2011-08-03,11.197665182450352,2.6683756421817275
2011-08-04,10.58499302878044,2.543383590350651
2011-08-05,10.511776250256466,2.539576145115896
2011-08-08,9.666630463268007,2.3741913278175133
2011-08-09,10.141947189825986,2.4845888503697
2011-08-10,9.706403992639741,2.3748246841380674
2011-08-11,10.191351687707039,2.4814163152609203
2011-08-12,10.235540342839922,2.4981236913115725
2011-08-15,10.498011475299034,2.550996479238182
2011-08-16,10.361319615034219,2.529213520301967
2011-08-17,10.320163785488466,2.5309055641470493
2011-08-18,9.790432769017741,2.4217754471265924
2011-08-19,9.678218858400314,2.382225432299568
2011-08-22,9.691955744326034,2.3841288304199755
2011-08-23,10.036927073075752,2.462592894357927
2011-08-24,10.179983072604232,2.4972785152749584
2011-08-25,9.970996968269807,2.4592100015881067
2011-08-26,10.169646709682386,2.4949521597511883
2011-08-29,10.566475811404862,2.5666471050137987
2011-08-30,10.626908059854374,2.57341535342972
2011-08-31,10.672443200614893,2.584836170768241
2011-09-01,10.482104685551073,2.5577651815517854
2011-09-02,10.155067578358521,2.4924142811631373
2011-09-06,10.061700976900834,2.47422713415349
2011-09-07,10.41883019414448,2.544020133153692
2011-09-08,10.248530695448643,2.5175826759299587
2011-09-09,9.981054542536016,2.4515968339938348
2011-09-12,10.033737510823112,2.467458665509775
2011-09-13,10.175464576050917,2.490087728931165
2011-09-14,10.359608011372314,2.524560503450488
2011-09-15,10.5266470732312,2.568126844058533
2011-09-16,10.554200935900328,2.583268519931102
2011-09-19,10.407353120062076,2.557526249129989
2011-09-20,10.343818576091723,2.5545492885760015
2011-09-21,10.008403473187785,2.47929737563313
2011-09-22,9.70096885268333,2.3991565672631645
2011-09-23,9.810236311759757,2.4136114855809248
2011-09-26,10.089769193088665,2.471007166708039
2011-09-27,10.20903747460943,2.498642910860502
2011-09-28,9.92444169600585,2.4477305629088084
2011-09-29,10.023760497502636,2.4669697251332714
2011-09-30,9.734034611706537,2.405322618671916
2011-10-03,9.278283451299139,2.3368719475897506
2011-10-04,9.619518968228423,2.3881031912967603
2011-10-05,9.880477902522083,2.43231892188362
2011-10-06,10.149343241597697,2.476322003499417
2011-10-07,9.986588779110603,2.4597405513639847
2011-10-10,10.367239434906857,2.542009033844905
2011-10-11,10.424022936919142,2.5445586689058515
2011-10-12,10.546675190563235,2.5668795375494935
2011-10-13,10.513370807240731,2.561776581028845
2011-10-14,10.67040316444665,2.605567589904952
2011-10-17,10.374310882764474,2.555824699046077
2011-10-18,10.729117870756331,2.6057808486136316
2011-10-19,10.524093784816571,2.574957066955381
2011-10-20,10.60906975331421,2.5862250790803776
2011-10-21,10.89532790822508,2.635329734656877
2011-10-24,11.19123034454,2.667641512533505
2011-10-25,10.830860918012911,2.6157505498317035
2011-10-26,10.993510887848428,2.6423448856718426
2011-10-27,11.502188337048704,2.7343909697642212
2011-10-28,11.560831384456122,2.733753856668266
2011-10-31,11.1846283034236,2.6678539861994213
2011-11-01,10.790205619801219,2.5934928920420846
2011-11-02,11.01879453527048,2.6357538587179103
2011-11-03,11.288254012154948,2.683795744300762
2011-11-04,11.27191829258948,2.667448744422226
2011-11-07,11.319201671011399,2.684008266227599
2011-11-08,11.48261696535818,2.7184467762915654
2011-11-09,10.925138412203154,2.618130653352854
2011-11-10,11.031405531722527,2.6427672628009042
2011-11-11,11.322206374392495,2.6925094282213426
2011-11-14,11.184563586695065,2.667000593898374
2011-11-15,11.236966296242734,2.680244918847673
2011-11-16,11.045611376799664,2.6376665480668593
2011-11-17,10.78795423296615,2.5956828096212794
2011-11-18,10.799391351134323,2.5930040649617503
2011-11-21,10.574102137025871,2.5437292087152823
2011-11-22,10.46454412513188,2.533717090549779
2011-11-23,10.153218851192138,2.4778080892297076
2011-11-25,10.117488221600464,2.4731324653653313
2011-11-28,10.46568123774128,2.5447716934895688
2011-11-29,10.50060589227662,2.551998845099079
2011-11-30,11.029663185974345,2.657013597574906
2011-12-01,10.975909346747162,2.656588475399294
2011-12-02,10.980515386846765,2.6542506775409427
2011-12-05,11.173981841086368,2.6831607759207183
2011-12-06,11.16710505688986,2.684011337886685
2011-12-07,11.164743097720379,2.694001228086299
2011-12-08,10.853370799748737,2.63490292314577
2011-12-09,11.114931561169337,2.6795434484697056
2011-12-12,10.924009642166409,2.6404301527523932
2011-12-13,10.726699694048893,2.615771175555839
2011-12-14,10.538665989671234,2.5879236756208712
2011-12-15,10.62102495461614,2.597382536655265
2011-12-16,10.669298053611223,2.601104585830292
2011-12-19,10.482587686740615,2.5732935755985946
2011-12-20,10.879132351609904,2.651161439196208
2011-12-21,10.93378519191739,2.656296738903931
2011-12-22,11.107951054581068,2.6798288717138807
2011-12-23,11.200335007131615,2.703789221655875
2011-12-27,11.173482045482437,2.705927918930205
2011-12-28,10.993473541341675,2.6704153209221646
2011-12-29,11.15650594277865,2.6980113928485743
2011-12-30,11.130907966855899,2.6847479688413305
2012-01-03,11.338786463412962,2.7274247225540322
2012-01-04,11.348581691540607,2.731810421507899
2012-01-05,11.39892734497754,2.739082500849953
2012-01-06,11.385693290827176,2.7320238852452623
2012-01-09,11.431178740963198,2.7386545072147523
2012-01-10,11.600626863527262,2.762401380446812
2012-01-11,11.672075096651602,2.763898601995014
2012-01-12,11.742006138399486,2.7705291947412003
2012-01-13,11.610539332671351,2.756197247216804
2012-01-17,11.6227120569349,2.7668940487332527
2012-01-18,11.837305043429561,2.7974848293360473
2012-01-19,11.945260975400029,2.8122443592956246
2012-01-20,11.934805387073364,2.8139542038660763
2012-01-23,11.938535308384136,2.815451227502533
2012-01-24,11.97628226480705,2.81224161310318
2012-01-25,12.11492459177106,2.8357716386800145
2012-01-26,11.997637609573662,2.821224130173586
2012-01-27,12.034133692319589,2.8199404731943574
2012-01-30,11.931054121916796,2.8103131964188717
2012-01-31,11.868012749555973,2.8092424670910363
2012-02-01,12.119463475807901,2.8338430033753523
2012-02-02,12.140854374165471,2.8383346445357023
2012-02-03,12.406860601984453,2.878125257917448
2012-02-06,12.380821521743712,2.8761997921199014
2012-02-07,12.398101710394272,2.8834737013941725
2012-02-08,12.443619205985614,2.892031851339911
2012-02-09,12.499617607750578,2.895667135377045
2012-02-10,12.352381701160388,2.8742971119179623
2012-02-13,12.44328363922032,2.8956675109450725
2012-02-14,12.401578869703759,2.8920305525513252
2012-02-15,12.47750967214827,2.878553690176436
2012-02-16,12.641712675749583,2.9104077653119287
2012-02-17,12.683467051123644,2.9181319875210665
2012-02-21,12.617386033452677,2.919415965595576
2012-02-22,12.532968176067017,2.910044640346014
2012-02-23,12.639069019280754,2.9228575668974575
2012-02-24,12.632588549862307,2.9292527792538294
2012-02-27,12.636817531831051,2.9341739239229754
2012-02-28,12.641380607989058,2.9427094358676675
2012-02-29,12.551777132203485,2.931179900297938
2012-03-01,12.638574476238077,2.946369274541282
2012-03-02,12.528056053849628,2.937427043793049
2012-03-05,12.442530088233632,2.9254041549028043
2012-03-06,12.1971906785232,2.882620119137351
2012-03-07,12.30445308043501,2.9027292770884534
2012-03-08,12.507033671985502,2.9316085306662063
2012-03-09,12.639052778355428,2.9429479924628232
2012-03-12,12.60114996883699,2.943162827666273
2012-03-13,12.888614069834833,2.9962574850773724
2012-03-14,12.876129621531653,2.9930065457060633
2012-03-15,13.109384882563802,3.0103330605991556
2012-03-16,13.111039950322281,3.0144812995566617
2012-03-19,13.230622553568187,3.0262980662509236
2012-03-20,13.108693814872067,3.017488512580067
2012-03-21,13.112798968745631,3.0125458663964606
2012-03-22,12.970386912000821,2.9908434859749407
2012-03-23,13.053174995893066,3.0005128829650975
2012-03-26,13.211284011980716,3.042625081277513
2012-03-27,13.166962804617478,3.0331716451499835
2012-03-28,13.027949710070214,3.018130146961685
2012-03-29,12.983576441682015,3.0129721625405272
2012-03-30,12.98649077114395,3.025433815404795
2012-04-02,13.077070250257272,3.0475648637644808
2012-04-03,13.009201678054424,3.0351033710365476
2012-04-04,12.85561984226343,3.0050224615262042
2012-04-05,12.745328242713715,3.0035169452729797
2012-04-09,12.54522777678336,2.969784446460619
2012-04-10,12.290062659613508,2.9199366145267773
2012-04-11,12.45069482910326,2.943570581484757
2012-04-12,12.682447647508384,2.982031274702437
2012-04-13,12.512149032838641,2.9465808869087744
2012-04-16,12.51153767488737,2.9446479298469623
2012-04-17,12.707005391293015,2.988308224702803
2012-04-18,12.621856569055499,2.9781659065881616
2012-04-19,12.562401333676899,2.959043103301959
2012-04-20,12.574512612271093,2.9639847052844734
2012-04-23,12.449698263529752,2.9390605578977365
2012-04-24,12.46335265991063,2.9502319270783057
2012-04-25,12.634276897896877,2.990626502623862
2012-04-26,12.722029350525546,3.0114681787206474
2012-04-27,12.773069445432482,3.016409998001928
2012-04-30,12.732603801789853,3.0052372153693288
2012-05-01,12.807579932368082,3.0239297908489258
2012-05-02,12.748137271854745,3.0150122218957125
2012-05-03,12.614688739183407,2.9919142132637693
2012-05-04,12.400679956653516,2.9435708634058533
2012-05-07,12.380054460907026,2.9457196701361394
2012-05-08,12.318476937817838,2.933901442819553
2012-05-09,12.183588277160665,2.9164975394607473
2012-05-10,12.187932590451272,2.9225142738846546
2012-05-11,12.163614189420011,2.913705815863166
2012-05-14,12.025724276110843,2.8814773158339038
2012-05-15,11.899820954697699,2.8649318730863853
2012-05-16,11.80903823343329,2.8539534541487184
2012-05-17,11.550585377527874,2.811646448144418
2012-05-18,11.431692586229211,2.78758156619475
2012-05-21,11.661668855301587,2.8354945181545053
2012-05-22,11.654452076127725,2.840436785099649
2012-05-23,11.75612520231237,2.8419422165957515
2012-05-24,11.776245244978881,2.8475294749935784
2012-05-25,11.82362898279001,2.8382920893766994
2012-05-29,11.96805154468081,2.8726694831632296
2012-05-30,11.72917846677556,2.830987048962531
2012-05-31,11.705299664800615,2.824756046467764
2012-06-01,11.352074941768434,2.753637163485845
2012-06-04,11.304645790501569,2.7523484612933338
2012-06-05,11.445267137007061,2.7731892438422467
2012-06-06,11.730865565818284,2.835497259772894
2012-06-07,11.685123710761031,2.8372155711123166
2012-06-08,11.796575625030687,2.859777109333802
2012-06-11,11.362354386734236,2.8235723311296357
2012-06-12,11.530215979955178,2.855907881465732
2012-06-13,11.406229455338176,2.8376443505637585
2012-06-14,11.53462641321078,2.867723380679734
2012-06-15,11.660958295942642,2.896908201524912
2012-06-18,11.709019940499797,2.9025224096194675
2012-06-19,11.852332413889405,2.9305985088877167
2012-06-20,11.851849968728454,2.9258480087048095
2012-06-21,11.531196621328947,2.860194905237482
2012-06-22,11.625177357950754,2.8822241263976216
2012-06-25,11.460474252806378,2.8360076625308355
2012-06-26,11.530576652042406,2.8502614370427155
2012-06-27,11.666046932734416,2.8760249501721447
2012-06-28,11.679831294401449,2.8677535024154497
2012-06-29,12.081833102090954,2.9393441008497487
2012-07-02,12.149653147631957,2.948091588893878
2012-07-03,12.3096073975347,2.9675725781132885
2012-07-05,12.20756172975342,2.95413837705217
2012-07-06,12.037026791482633,2.926062245916666
2012-07-09,11.919511527323092,2.9223900377980407
2012-07-10,11.76033173606064,2.896906796668442
2012-07-11,11.840135489984725,2.8973384357811454
2012-07-12,11.631622534089967,2.8833008310597856
2012-07-13,11.781520388112858,2.9316768524033066
2012-07-16,11.741382301575165,2.924766890062192
2012-07-17,11.882376980674238,2.9448512642962488
2012-07-18,11.985247214662593,2.966663777610891
2012-07-19,12.021370236268684,2.974439403372009
2012-07-20,11.858787869374277,2.9472292317099615
2012-07-23,11.697789472358947,2.91742684971891
2012-07-24,11.568622164882658,2.892266960566934
2012-07-25,11.547482439393596,2.8930218422436424
2012-07-26,11.641455596145324,2.9407480235751358
2012-07-27,11.93396568538959,2.994846024216824
2012-07-30,11.885646993392953,2.9949538386736956
2012-07-31,11.916274391069365,2.9740071315260117
2012-08-01,11.85708733508889,2.971416771314453
2012-08-02,11.720522175058985,2.950899138508526
2012-08-03,11.999299850869575,3.009403664828596
2012-08-06,12.054482289811599,3.015256954956688
2012-08-07,12.192630759033529,3.030375453328841
2012-08-08,12.272358138702327,3.0340482683782755
2012-08-09,12.460573104552257,3.03663934559947
2012-08-10,12.693249758462883,3.0416072875688704
2012-08-13,12.708628603890443,3.040095608746949
2012-08-14,12.698187721062917,3.040527302323391
2012-08-15,12.890591276979551,3.0439813413388306
2012-08-16,13.13895448491442,3.0664428796565697
2012-08-17,13.191587410402134,3.0705457802295504
2012-08-20,13.22538832168999,3.0707607184341663
2012-08-21,13.109390602631697,3.061474738021621
2012-08-22,13.133376291586073,3.0627697418358046
2012-08-23,13.054688832016689,3.0378265450582935
2012-08-24,13.085001490618295,3.056074769114459
2012-08-27,13.06394932252514,3.0567226569655115
2012-08-28,13.089291713198294,3.0536995582577724
2012-08-29,13.094782482514862,3.056075336514097
2012-08-30,12.918892421701452,3.034047145488503
2012-08-31,12.988576023676353,3.048516516325338
2012-09-04,13.049372003430491,3.045708832613802
2012-09-05,12.961565167186352,3.0431169343972475
2012-09-06,13.270922860729788,3.1048830788147086
2012-09-07,13.437060358700174,3.116976598406692
2012-09-10,13.465933727202342,3.099269054351143
2012-09-11,13.498227321525713,3.10790671720562
2012-09-12,13.58962199152086,3.118271586107501
2012-09-13,13.799479019086908,3.165784690265021
2012-09-14,14.06582528543961,3.179821779581656
2012-09-17,13.925053801259214,3.169023104818197
2012-09-18,13.850845631679253,3.1664308439184556
2012-09-19,13.93103985064035,3.168159715159235
2012-09-20,13.845532588655518,3.1683751500198656
2012-09-21,13.845166736238802,3.1670666110829075
2012-09-24,13.749796576200506,3.1621829943686177
2012-09-25,13.456820261948321,3.1286385571643556
2012-09-26,13.36528589439786,3.1111619821840355
2012-09-27,13.580996032724114,3.1403633485488145
2012-09-28,13.46210174557566,3.1258171855183363
2012-10-01,13.499571425363373,3.1339599392866115
2012-10-02,13.515231276980218,3.1373258122614054
2012-10-03,13.53829977700447,3.150135513552869
2012-10-04,13.684816826371206,3.1726085803065547
2012-10-05,13.719884781602257,3.172935358990326
2012-10-08,13.694859861316795,3.162121995286887
2012-10-09,13.55152734563192,3.1308138254115514
2012-10-10,13.459159323111914,3.1108392332054255
2012-10-11,13.575954085081467,3.1125750814975546
2012-10-12,13.488276791516652,3.1023720603804055
2012-10-15,13.584513490586593,3.128208614899253
2012-10-16,13.83630956521429,3.159906752794027
2012-10-17,13.942359761383926,3.1742369299179476
2012-10-18,13.93085866915257,3.165987088137091
2012-10-19,13.655959888340321,3.11321958133911
2012-10-22,13.678558477813802,3.1136616585196606
2012-10-23,13.530915573489239,3.070456489346042
2012-10-24,13.404697264417537,3.061773238394171
2012-10-25,13.485470490407344,3.0706738131981828
2012-10-26,13.458760156902697,3.068935811819913
2012-10-31,13.51374979837644,3.068935811819913
2012-11-01,13.71912104148737,3.101067569769667
2012-11-02,13.58244747831012,3.0734928769392753
2012-11-05,13.614616456789184,3.079759728915354
2012-11-06,13.766482511441216,3.103889646391406
2012-11-07,13.425803520044209,3.033543091445591
2012-11-08,13.414946371891224,2.9970677693140493
2012-11-09,13.484551070317814,2.999672221205583
2012-11-12,13.561684519498652,3.0019519720937
2012-11-13,13.543157021403687,2.991640267069558
2012-11-14,13.247628029738154,2.951253123464119
2012-11-15,13.19658196680028,2.946262554432341
2012-11-16,13.230740812566598,2.9608082526635733
2012-11-19,13.482851987995167,3.0207320508892312
2012-11-20,13.462493510298676,3.022033986403165
2012-11-21,13.544129898591216,3.027679145889766
2012-11-23,13.71458733007268,3.068931274252514
2012-11-26,13.710514014038365,3.0624190020885504
2012-11-27,13.71446252823831,3.046785353082888
2012-11-28,13.824499564861592,3.0713180687459114
2012-11-29,13.958114646224992,3.08564883885468
2012-11-30,13.909776004292727,3.086407908469038
2012-12-03,13.853277503111437,3.0711024116509402
2012-12-04,13.909808121290656,3.0667598728408656
2012-12-05,13.915200154078558,3.072188037815794
2012-12-06,13.937320937153459,3.0826088996400656
2012-12-07,13.970458213982992,3.0920540133085628
2012-12-10,14.028178513484615,3.0933124792919795
2012-12-11,14.104671399174688,3.1143067910889344
2012-12-12,14.105951978662587,3.1158265728029857
2012-12-13,14.030513722650088,3.0967203242585577
2012-12-14,14.041122536371077,3.085324393465286
2012-12-17,14.168213114183608,3.1214720540591254
2012-12-18,14.3830813586025,3.156210916548749
2012-12-19,14.324186924205918,3.1327634256497086
2012-12-20,14.396916006186773,3.150783080874046
2012-12-21,14.241630142736893,3.122381922183047
2012-12-24,14.20811558441942,3.112761863480801
2012-12-26,14.112579316061137,3.0996415722262296
2012-12-27,14.115306986563965,3.095522148576741
2012-12-28,13.983127887194797,3.062031694451289
2012-12-31,14.255371501536446,3.114073985130183
2013-01-02,14.624640403081147,3.1938877013690696
2013-01-03,14.72109683910129,3.186762137907315
2013-01-04,14.840652650555178,3.2006659811150047
2013-01-07,14.87338723140546,3.191908958990674
2013-01-08,14.769127234923834,3.182725836915658
2013-01-09,14.82351570447175,3.1908258741706086
2013-01-10,14.927797093301356,3.2161929398702647
2013-01-11,14.956157965792483,3.215974238750354
2013-01-14,14.935290882384077,3.2137873762680034
2013-01-15,15.035778878143804,3.2159727516838656
2013-01-16,15.03865681865213,3.2155353793896366
2013-01-17,15.199480349314067,3.236307737940493
2013-01-18,15.237642821286588,3.2435247041961004
2013-01-22,15.330483573530634,3.26101703292583
2013-01-23,15.33768437141531,3.2662640093318074
2013-01-24,15.38612275695982,3.267139368086308
2013-01-25,15.50141466004774,3.285507225613689
2013-01-28,15.465586787059387,3.281571187957404
2013-01-29,15.491947163977121,3.2944710442972642
2013-01-30,15.439373259202458,3.281569895687796
2013-01-31,15.422381056388284,3.27347754432503
2013-02-01,15.547791619595092,3.3071518078235016
2013-02-04,15.390372708338909,3.2698669783420993
2013-02-05,15.544674786007127,3.3029940006996825
2013-02-06,15.586785568053422,3.305398580332192
2013-02-07,15.539328717524132,3.3010255380104128
2013-02-08,15.612918012509793,3.319392444103902
2013-02-11,15.61389587077977,3.3187352043999696
2013-02-12,15.686640009910574,3.324201161281616
2013-02-13,15.694792666929395,3.3270666226826404
2013-02-14,15.836762578596774,3.3301075615757725
2013-02-15,15.820479261754546,3.32617137443799
2013-02-19,15.937192552796231,3.3511010288894028
2013-02-20,15.660293333425308,3.309336256766354
2013-02-21,15.549438595505995,3.2892188016614714
2013-02-22,15.691738640848211,3.321364337010109
2013-02-25,15.39113789309973,3.2581687377698176
2013-02-26,15.449969417101732,3.2804741609485895
2013-02-27,15.648152659413956,3.3218015744282203
2013-02-28,15.626534117577128,3.315241016318725
2013-03-01,15.646144648861267,3.326174681190544
2013-03-04,15.696361197106338,3.3438865613678836
2013-03-05,15.856900337158367,3.3738444410711783
2013-03-06,15.902007677076908,3.378436243355476
2013-03-07,15.974663611740368,3.384470130486109
2013-03-08,16.088751654992937,3.398989507345894
2013-03-11,16.141688245027225,3.4118920715157786
2013-03-12,16.133834826206304,3.404239197599369
2013-03-13,16.211555706599345,3.4091583232399
2013-03-14,16.337591011239102,3.4271995890864857
2013-03-15,16.278677349202685,3.422689394427248
2013-03-18,16.224842262564493,3.4037995716594036
2013-03-19,16.155664704246615,3.395892545254439
2013-03-20,16.299590924167283,3.419612854683041
2013-03-21,16.142227737998255,3.3903785843883556
2013-03-22,16.19104820592585,3.4176372282068384
2013-03-25,16.146852890104647,3.4033617575046184
2013-03-26,16.26244824642849,3.4305988616499277
2013-03-27,16.246966308895484,3.4305988616499277
2013-03-28,16.326734607490994,3.441141091951778
2013-04-01,16.173505443833115,3.427524496650925
2013-04-02,16.138593429193826,3.4444359025174003
2013-04-03,15.948060129608985,3.409512766901776
2013-04-04,16.0479103895318,3.423351979222631
2013-04-05,16.10741977220208,3.4079332019082123
2013-04-08,16.26982069451701,3.43103898901715
2013-04-09,16.370656299800444,3.4429000908021825
2013-04-10,16.55399611810716,3.485072174014418
2013-04-11,16.63532195590345,3.496492755528663
2013-04-12,16.55076779290818,3.487926348277618
2013-04-15,16.084305042492442,3.407055287966453
2013-04-16,16.315424945788592,3.457397936901445
2013-04-17,16.065373662471092,3.4068784382474413
2013-04-18,15.99462008064929,3.3855718204946417
2013-04-19,16.13554268211095,3.415002596330202
2013-04-22,16.187669424088416,3.4301583778527154
2013-04-23,16.34686518468667,3.4655198805699987
2013-04-24,16.438518749355357,3.46771702017428
2013-04-25,16.58505926724368,3.4817751449740664
2013-04-26,16.509129050502487,3.475626330068042
2013-04-29,16.615951108013906,3.498909550853168
2013-04-30,16.673945383245652,3.5072544501319527
2013-05-01,16.536418882101636,3.4765028431131957
2013-05-02,16.706686961066133,3.508789125017188
2013-05-03,16.94084248347863,3.5443261412753615
2013-05-06,16.985883954354044,3.5533748059140375
2013-05-07,17.066730253112915,3.57138330943041
2013-05-08,17.21334771091244,3.587640246254937
2013-05-09,17.169566879042474,3.5775589771629606
2013-05-10,17.330635946877614,3.5891788887207854
2013-05-13,17.30732858645338,3.592032285937319
2013-05-14,17.53723584704271,3.6291523475801952
2013-05-15,17.64822417296368,3.6485900875538344
2013-05-16,17.505813970848223,3.6315657662053082
2013-05-17,17.738885840523547,3.6667084281248767
2013-05-20,17.778782210604618,3.6664884256191894
2013-05-21,17.805504467664278,3.67176083597523
2013-05-22,17.564480083320756,3.6445237140939652
2013-05-23,17.55844179006347,3.633980106989091
2013-05-24,17.505761369062327,3.6308621520572943
2013-05-28,17.625381561980095,3.6526509558317897
2013-05-29,17.507168681183675,3.6289306405246182
2013-05-30,17.626085656481177,3.6423286524494354
2013-05-31,17.40195144117963,3.5899446817699077
2013-06-03,17.40531484569913,3.6098222054728675
2013-06-04,17.335703020989943,3.5924697901311595
2013-06-05,17.103109700481497,3.542214730237015
2013-06-06,17.244110181166768,3.574239893613088
2013-06-07,17.468139928688064,3.6197077992997397
2013-06-10,17.490674777481786,3.6197077992997397
2013-06-11,17.280254258443172,3.582323457148572
2013-06-12,17.085129841925184,3.552715553775239
2013-06-13,17.37165996212355,3.606748804632607
2013-06-14,17.273869381910504,3.5840154669170077
2013-06-17,17.419846397184926,3.611798754816548
2013-06-18,17.547880773599392,3.6402416700107287
2013-06-19,17.33086713600664,3.590053658106291
2013-06-20,16.91466934023775,3.5010993085657334
2013-06-21,16.93162313401708,3.512281819757292
2013-06-24,16.732730803596358,3.467900626682839
2013-06-25,16.946927665251685,3.501351996127822
2013-06-26,17.062150847391674,3.535906838977607
2013-06-27,17.231316727423614,3.556662612122406
2013-06-28,17.206761582076602,3.5420909654005404
2013-07-01,17.35084104161168,3.5628476184577873
2013-07-02,17.3097730415479,3.5595341701726215
2013-07-03,17.269983465675086,3.561079008002477
2013-07-05,17.462697531265533,3.599499489419815
2013-07-08,17.537750204152893,3.619923049522783
2013-07-09,17.68997414227206,3.646087853324734
2013-07-10,17.7424772626917,3.647455136269731
2013-07-11,18.018911978111003,3.6970897057640895
2013-07-12,18.054567565046266,3.698635089261099
2013-07-15,18.09266915742838,3.7128785329898437
2013-07-16,18.012869137920966,3.698966377126731
2013-07-17,18.045971474019076,3.7083543537918784
2013-07-18,18.199814253597832,3.7286650105875965
2013-07-19,18.186109393837555,3.7352908483114104
2013-07-22,18.22787460337213,3.742578400756466
2013-07-23,18.19583622605301,3.7346291642332594
2013-07-24,18.06434442673062,3.7209380137171806
2013-07-25,18.171702270024333,3.729991055904554
2013-07-26,18.1808028887088,3.733967226370148
2013-07-29,18.132167232867854,3.72248527714906
2013-07-30,18.213342828014362,3.7224406073257343
2013-07-31,18.258926708577302,3.725135654325438
2013-08-01,18.572798258582004,3.7681907722181314
2013-08-02,18.622774202736046,3.7745929283401294
2013-08-05,18.612095513989683,3.7690744734788963
2013-08-06,18.479923393029626,3.7476585923205894
2013-08-07,18.351839008313547,3.7355161784814706
2013-08-08,18.493558824812904,3.749206845275605
2013-08-09,18.513464110516228,3.7383866343201393
2013-08-12,18.52155890208893,3.733994030024813
2013-08-13,18.54242335496969,3.745013046407416
2013-08-14,18.45350982921016,3.725804874492392
2013-08-15,18.1743922260971,3.6736957675177413
2013-08-16,18.113268895606318,3.6615505293103277
2013-08-19,17.933788728108635,3.638145898326976
2013-08-20,18.106689048817827,3.656031023563151
2013-08-21,17.941878527797453,3.633509872458002
2013-08-22,18.144944183765695,3.6666293149454567
2013-08-23,18.190717046720657,3.6789931889954524
2013-08-26,18.127861255802873,3.6653036553392004
2013-08-27,17.757902083283202,3.6063509113467247
2013-08-28,17.783639374831047,3.619157063432917
2013-08-29,17.84268791535642,3.624897046535522
2013-08-30,17.73005725065725,3.6134169975891437
2013-09-03,17.817154603605328,3.6297568692522413
2013-09-04,18.010187294347325,3.659785847831565
2013-09-05,18.086858621618592,3.664422796500767
2013-09-06,18.108085994866915,3.6661890482886808
2013-09-09,18.384320079581137,3.701384463152252
2013-09-10,18.55206522854059,3.7286747707990737
2013-09-11,18.615513503727176,3.7403790809046122
2013-09-12,18.510169884468574,3.7304446340657296
2013-09-13,18.564223527113537,3.738834404047743
2013-09-16,18.68890690744229,3.7604710387439675
2013-09-17,18.788783391249158,3.7772540209898824
2013-09-18,18.99845681499609,3.820994622552945
2013-09-19,18.956998215976757,3.814567709597811
2013-09-20,18.768970955102567,3.7880259474744293
2013-09-23,18.667946749210387,3.7704949633895177
2013-09-24,18.70211652388619,3.761619218245699
2013-09-25,18.659734686886654,3.750748138704969
2013-09-26,18.690171152520456,3.76516976529829
2013-09-27,18.5718388932366,3.747838688868622
2013-09-30,18.512683674263965,3.727892691366463
2013-10-01,18.675380726869992,3.75740268991132
2013-10-02,18.685854846206475,3.753851944369354
2013-10-03,18.53196424453868,3.719237675590324
2013-10-04,18.684932102656887,3.7474183394582714
2013-10-07,18.493851580114864,3.7150219079136546
2013-10-08,18.250330804519663,3.6717530477521843
2013-10-09,18.262144338207044,3.674415068711805
2013-10-10,18.644487747916934,3.753628108763094
2013-10-11,18.786189505396063,3.7778127346678545
2013-10-14,18.844307810970548,3.792901318730118
2013-10-15,18.659689443509567,3.7653876125640497
2013-10-16,18.89860851044024,3.8179750159611188
2013-10-17,19.068685057183167,3.843490542992787
2013-10-18,19.176876860958384,3.869407199724187
2013-10-21,19.1553976970571,3.869674188820968
2013-10-22,19.285061045539386,3.8920834720484305
2013-10-23,19.181717773090412,3.8734442843007906
2013-10-24,19.254737124720698,3.886311866213238
2013-10-25,19.359782207237057,3.9040645388181
2013-10-28,19.379936667644525,3.910275905499359
2013-10-29,19.542256642430964,3.9311333171792926
2013-10-30,19.414108368776166,3.911607377992863
2013-10-31,19.402641088295056,3.9005140594688754
2013-11-01,19.499445528616878,3.9098323875569463
2013-11-04,19.64788190288954,3.9235910877287594
2013-11-05,19.5669970992832,3.911165074753922
2013-11-06,19.555321430736363,3.931135483625616
2013-11-07,19.235992723933222,3.881434137706137
2013-11-08,19.50248561054323,3.93379856565793
2013-11-11,19.5495936570984,3.934463377615527
2013-11-12,19.499623182077105,3.9264764169589674
2013-11-13,19.700851315080733,3.9579824637286465
2013-11-14,19.791258807925278,3.9777288382401883
2013-11-15,19.887008233509512,3.995035936415371
2013-11-18,19.760345925169993,3.9810573056738536
2013-11-19,19.66675734049985,3.9724024870913186
2013-11-20,19.62079401854678,3.9599768121116967
2013-11-21,19.781537884409037,3.9919298650086263
2013-11-22,19.837833386928477,4.0118974981934
2013-11-25,19.788722192236893,4.007905660182697
2013-11-26,19.812756006985495,4.009015850050568
2013-11-27,19.88622198763619,4.018777803645442
2013-11-29,19.864478683801508,4.016113353961625
2013-12-02,19.809048450535844,4.005683507581387
2013-12-03,19.768112909492476,3.9883749491451277
2013-12-04,19.751816913138676,3.987932239525773
2013-12-05,19.629419134032673,3.970405277333057
2013-12-06,19.807377519989778,4.0147824971178085
2013-12-09,19.82332895468649,4.024988074225482
2013-12-10,19.794220754958282,4.010566541955532
2013-12-11,19.525402196830644,3.9655238691228294
2013-12-12,19.479993025779667,3.952433674830855
2013-12-13,19.508441564645945,3.9519910022592737
2013-12-16,19.68853420787012,3.976532866383304
2013-12-17,19.672496922590046,3.9639749755912654
2013-12-18,19.909177363317703,4.0316519203495345
2013-12-19,19.914223865511524,4.026991330729611
2013-12-20,20.046127427803615,4.050295529560543
2013-12-23,20.201281993266832,4.071936258574985
2013-12-24,20.28646209156311,4.080857870917524
2013-12-26,20.347792617911974,4.101494769170754
2013-12-27,20.371382385605354,4.1012732884532195
2013-12-30,20.392441610217066,4.10071551528599
2013-12-31,20.450945749048067,4.120124201819839
2014-01-02,20.244858913833813,4.080636931469598
2014-01-03,20.256676276674725,4.079857529815687
2014-01-06,20.146747079327692,4.068144258847586
2014-01-07,20.292479723294335,4.093130800885429
2014-01-08,20.342617623034563,4.094023103400022
2014-01-09,20.35841796620799,4.096700594509645
2014-01-10,20.462117427383774,4.107855910228495
2014-01-13,20.16945342912455,4.053089975233329
2014-01-14,20.388244367095854,4.097374036302728
2014-01-15,20.4588302337471,4.1194588823583995
2014-01-16,20.442935406538517,4.114103585811334
2014-01-17,20.360671065478368,4.096589846846535
2014-01-21,20.40905073386045,4.108748525511976
2014-01-22,20.462538214743336,4.11142742955061
2014-01-23,20.26521889607078,4.077742504620302
2014-01-24,19.78167227685634,3.990739790541723
2014-01-27,19.70955236913212,3.971109341512048
2014-01-28,19.89584437196559,3.9947572976407524
2014-01-29,19.724578854940336,3.956387653796913
2014-01-30,19.955576075765247,3.99832536292716
2014-01-31,19.82702282278241,3.9749031729511324
2014-02-03,19.31811492300207,3.8854479770438672
2014-02-04,19.49061522652274,3.912552862131726
2014-02-05,19.438002352312314,3.9077560723227527
2014-02-06,19.74023426789103,3.959287651648473
2014-02-07,19.947010468794222,4.008366981378308
2014-02-10,19.99092872888009,4.0157303515231
2014-02-11,20.18613542487191,4.059678504490169
2014-02-12,20.23340267104139,4.061688045349891
2014-02-13,20.381038282737368,4.0826585407280325
2014-02-14,20.485186747275492,4.105190733214311
2014-02-18,20.573760459111018,4.110100541331235
2014-02-19,20.45924069315188,4.08288345554654
2014-02-20,20.613357889056143,4.10697655081772
2014-02-21,20.624481914916846,4.102290490573237
2014-02-24,20.745973062925092,4.125045895924447
2014-02-25,20.722147128603112,4.123482503529892
2014-02-26,20.756270901435634,4.123705171585082
2014-02-27,20.840833834991347,4.145346376325561
2014-02-28,20.900293234242255,4.155829957311289
2014-03-03,20.750476115657303,4.126606161051476
2014-03-04,21.054418020345437,4.184609737251216
2014-03-05,21.039608316024438,4.188400993673166
2014-03-06,21.103163024808463,4.197992431948677
2014-03-07,21.118006220876854,4.199776578732255
2014-03-10,21.049337566723576,4.197546497368949
2014-03-11,20.924278189611954,4.176798025032454
2014-03-12,20.94150798266147,4.177913230105138
2014-03-13,20.712271083690293,4.131066289055969
2014-03-14,20.742140953960927,4.1194662549163
2014-03-17,20.899470901724694,4.156722707725763
2014-03-18,21.068591339468554,4.18639339441351
2014-03-19,20.980007136460042,4.16408410401468
2014-03-20,21.06412261150644,4.188331565752358
2014-03-21,21.061127571519165,4.172214865887343
2014-03-24,20.92522842217189,4.154962757416898
2014-03-25,20.951200844427284,4.174682210663598
2014-03-26,20.784207818863965,4.144657896204506
2014-03-27,20.75665396858709,4.135920957359307
2014-03-28,20.907019403573873,4.156311047679089
2014-03-31,21.11538906196769,4.1903678604037715
2014-04-01,21.300833413262154,4.218154189686109
2014-04-02,21.40550992772447,4.232272351758988
2014-04-03,21.38314141712224,4.22666882316526
2014-04-04,21.15705746526701,4.1767011443378
2014-04-07,20.841708052669343,4.130540243290579
2014-04-08,20.981742471879244,4.147570460713666
2014-04-09,21.1727326675116,4.192160990736799
2014-04-10,20.735177884095844,4.103987268618631
2014-04-11,20.468956827809762,4.067129358959168
2014-04-14,20.639954986179347,4.0991742711784065
2014-04-15,20.748081312028326,4.127405284384013
2014-04-16,20.954304222099847,4.17054079701111
2014-04-17,20.998244786525436,4.176479647106055
2014-04-21,21.02407386663434,4.191043031635513
2014-04-22,21.137054207335332,4.210091322214297
2014-04-23,21.09770418631618,4.200231288337672
2014-04-24,21.131469814388765,4.208745157159132
2014-04-25,20.921762970376943,4.174237655615585
2014-04-28,20.901785420916887,4.1873447618542174
2014-04-29,20.97384001171686,4.206949910029219
2014-04-30,21.129024911390527,4.219499241610836
2014-05-01,21.11895591374865,4.219836801550166
2014-05-02,21.12308780330021,4.213899491170385
2014-05-05,21.11799701552871,4.221964894796485
2014-05-06,20.954816256064298,4.185216912352176
2014-05-07,21.062036131030375,4.209863654749018
2014-05-08,21.034563006781646,4.205270693501687
2014-05-09,21.052763334856493,4.211658499685116
2014-05-12,21.311484847836113,4.2525537037170595
2014-05-13,21.30668769149912,4.256474558231887
2014-05-14,21.153965562942734,4.236307381774984
2014-05-15,20.97501075038265,4.199112602963
2014-05-16,21.06220098238333,4.213679324582678
2014-05-19,21.154386139026983,4.229139314024572
2014-05-20,20.94154073394979,4.202474590649647
2014-05-21,21.07509068376834,4.23787623660128
2014-05-22,21.14603985356195,4.248182751608694
2014-05-23,21.256053615482717,4.265213716259893
2014-05-27,21.370340604278148,4.291431984973743
2014-05-28,21.367612388442097,4.288294948192727
2014-05-29,21.4805385403826,4.310478297959728
2014-05-30,21.478017297800612,4.317422478497741
2014-06-02,21.509100837372863,4.322240721983744
2014-06-03,21.49690779925599,4.320109857307806
2014-06-04,21.56008893362143,4.32884943954914
2014-06-05,21.712205433138116,4.357082195593879
2014-06-06,21.84710798659917,4.3778088355983185
2014-06-09,21.909758156084784,4.3824011570668615
2014-06-10,21.86668927282509,4.3828481619848825
2014-06-11,21.782899369095077,4.367608998925661
2014-06-12,21.645706903726627,4.336686327213267
2014-06-13,21.737820644028023,4.349908883824941
2014-06-16,21.78529907521217,4.3534932087452125
2014-06-17,21.90552563050762,4.3655915663723155
2014-06-18,22.083333379032172,4.397521503088763
2014-06-19,22.107655879403186,4.402561062731303
2014-06-20,22.177280630207242,4.411449833516958
2014-06-23,22.18110824440883,4.410099929867902
2014-06-24,22.032030022321397,4.383533487890377
2014-06-25,22.139356090795285,4.403347059255641
2014-06-26,22.167848973987304,4.4001942627612145
2014-06-27,22.221232551663267,4.4087482404080225
2014-06-30,22.259114505297525,4.406495370057174
2014-07-01,22.365710524316707,4.435988043568967
2014-07-02,22.3535037786089,4.440490571433189
2014-07-03,22.504876854325282,4.462328904063497
2014-07-07,22.358022031738706,4.446795537148453
2014-07-08,22.21945662535047,4.418202641844588
2014-07-09,22.309930002935,4.438013862490619
2014-07-10,22.182005623905667,4.420452641636744
2014-07-11,22.181455768144584,4.4265307640189935
2014-07-14,22.219819549968058,4.448818346415829
2014-07-15,22.148984178459255,4.440485709652992
2014-07-16,22.23698767728899,4.456919947264418
2014-07-17,21.969726813800495,4.406262595143811
2014-07-18,22.207160513185396,4.451290192603585
2014-07-21,22.139385637106113,4.442961828653224
2014-07-22,22.233923751789195,4.4623242563024945
2014-07-23,22.2247065213117,4.472230616151487
2014-07-24,22.28748209915419,4.472454227682295
2014-07-25,22.20877824487686,4.4515141969882865
2014-07-28,22.212662158217526,4.453317060238067
2014-07-29,22.13058927772581,4.434181156830224
2014-07-30,22.15679327011654,4.434855152366062
2014-07-31,21.75930453231372,4.347275632817137
2014-08-01,21.716493132404413,4.333990358483248
2014-08-04,21.86570456273973,4.365286102861855
2014-08-05,21.720858648979426,4.322960288808506
2014-08-06,21.73240159568094,4.324313375378903
2014-08-07,21.59801526202221,4.300897218451227
2014-08-08,21.901403186112628,4.350654298371489
2014-08-11,21.97531613474541,4.363149377516412
2014-08-12,21.92971390155433,4.357184952317347
2014-08-13,22.043858311976315,4.386678737259583
2014-08-14,22.169449274824416,4.407392634256922
2014-08-15,22.14825317603722,4.406493526159534
2014-08-18,22.369270490341535,4.443415535415224
2014-08-19,22.488966295877663,4.466605721094557
2014-08-20,22.554288970691047,4.478540491581321
2014-08-21,22.598051037296937,4.491599915654772
2014-08-22,22.58379558296922,4.484619969385845
2014-08-25,22.68398261679099,4.5073614772506
2014-08-26,22.69692595482467,4.510286754849336
2014-08-27,22.700313424800257,4.508487150434151
2014-08-28,22.67736014509152,4.506011990988562
2014-08-29,22.76564818309909,4.518845113138897
2014-09-02,22.77680550004945,4.516594728272554
2014-09-03,22.763433165237384,4.51411963436146
2014-09-04,22.744058303626222,4.507592217370174
2014-09-05,22.837591030641622,4.527853844387253
2014-09-08,22.760888937135107,4.516144814345668
2014-09-09,22.57634927706858,4.4875531015260455
2014-09-10,22.627509818330754,4.504439763847087
2014-09-11,22.71558572889681,4.509619869575512
2014-09-12,22.56451551840841,4.4832791799173215
2014-09-15,22.52503409201478,4.479925687090743
2014-09-16,22.66741180169812,4.513672967291598
2014-09-17,22.707984271199173,4.51975288477854
2014-09-18,22.771034272762655,4.543843167654409
2014-09-19,22.700920219599666,4.539771884176191
2014-09-22,22.477847306059726,4.504711225914698
2014-09-23,22.32530797551657,4.4789262588575625
2014-09-24,22.46668515563937,4.513987293611899
2014-09-25,22.138553870787522,4.4411495946421775
2014-09-26,22.259341130856907,4.47643452817161
2014-09-29,22.218851879599967,4.4682918937648655
2014-09-30,22.09312448397933,4.456531349500477
2014-10-01,21.784401256095723,4.396136436652046
2014-10-02,21.82456742184277,4.396813441663291
2014-10-03,22.021997048425906,4.445217960842562
2014-10-06,21.951026856371513,4.440017055828377
2014-10-07,21.579260197189527,4.3714809525546094
2014-10-08,21.94125349762475,4.447933782933838
2014-10-09,21.4123728172608,4.359717912216911
2014-10-10,21.122139782143186,4.309956091966867
2014-10-13,20.765818407085987,4.239152133288035
2014-10-14,20.929824721362625,4.245714340790365
2014-10-15,20.87701070019383,4.216987837560578
2014-10-16,20.97753381659167,4.213369661995951
2014-10-17,21.17945796808471,4.263133771073785
2014-10-20,21.40345219157061,4.304528799990912
2014-10-21,21.874085036289834,4.389805820047532
2014-10-22,21.644651875513098,4.358589910861174
2014-10-23,21.936738483051823,4.409258518574935
2014-10-24,22.102051998125358,4.443187762875369
2014-10-27,22.0175011594974,4.437082822889178
2014-10-28,22.349165253976583,4.487976162867717
2014-10-29,22.29720162345197,4.4811903429094615
2014-10-30,22.429585710999934,4.509919254197854
2014-10-31,22.697769426728257,4.5614901808696064
2014-11-03,22.694882047507395,4.56397619301818
2014-11-04,22.541537084429088,4.5481437596046
2014-11-05,22.742561589048112,4.576869835590263
2014-11-06,22.84629041277828,4.595191045542131
2014-11-07,22.88998162273591,4.599487549169712
2014-11-10,22.922184675654872,4.61396213648695
2014-11-11,22.91906596621001,4.618373084289431
2014-11-12,22.947286194833715,4.613509937431674
2014-11-13,22.865360954375834,4.618713976641097
2014-11-14,22.88500427445897,4.619845561565374
2014-11-17,22.907582529508208,4.6227837833425305
2014-11-18,23.018033715438534,4.64947573690755
2014-11-19,22.98585628262365,4.6420133283498135
2014-11-20,23.100739082470643,4.6501554197277395
2014-11-21,23.230016390984613,4.675038401378703
2014-11-24,23.313257406182995,4.688156559132972
2014-11-25,23.293517445344193,4.68476233378416
2014-11-26,23.279369486934577,4.6967506405963135
2014-11-28,23.19529864202452,4.68679822598889
2014-12-01,22.96883702287097,4.654224978318267
2014-12-02,23.094000719774144,4.684198187178637
2014-12-03,23.283620125300487,4.702405665532201
2014-12-04,23.2108566154868,4.6972048048661215
2014-12-05,23.269010395130813,4.704894129131688
2014-12-08,23.04339512052225,4.673451321666701
2014-12-09,23.101939526475608,4.6702827216706115
2014-12-10,22.687889862536448,4.5954134193595095
2014-12-11,22.822258634767074,4.618707569982242
2014-12-12,22.444924745689264,4.54406463694376
2014-12-15,22.364857944929142,4.512851456952593
2014-12-16,22.2477153506554,4.476658388267833
2014-12-17,22.73260052807334,4.564423275969824
2014-12-18,23.222583274267702,4.6772968991612816
2014-12-19,23.390539455939667,4.6970865423416335
2014-12-22,23.45648125594051,4.718693140436405
2014-12-23,23.597602031098194,4.725063376175994
2014-12-24,23.61540151129352,4.725516982260107
2014-12-26,23.672444046960294,4.740756774527896
2014-12-29,23.747946500133356,4.747123610876088
2014-12-30,23.612728246004483,4.721650545580126
2014-12-31,23.394563410024183,4.674797607216335
2015-01-02,23.368843538309886,4.672296590496474
2015-01-05,22.833034988565036,4.587914914072108
2015-01-06,22.556288557517554,4.544701343496463
2015-01-07,22.76083608793113,4.601332866937772
2015-01-08,23.201369452159323,4.682983518661583
2015-01-09,22.99930552706603,4.64545408874303
2015-01-12,22.73031113806679,4.609061601411817
2015-01-13,22.65589867606589,4.596096311127045
2015-01-14,22.551915428892254,4.568349677696771
2015-01-15,22.282742044854718,4.526499026299391
2015-01-16,22.62758489516963,4.585864061029308
2015-01-20,22.579050158856347,4.5955310624699575
2015-01-21,22.77764346654295,4.618844191549868
2015-01-22,23.083785308034663,4.687531023522406
2015-01-23,22.948968693157585,4.661829290920433
2015-01-26,23.114822480564936,4.672747295119769
2015-01-27,22.961675008507086,4.611109085549844
2015-01-28,22.604270402095743,4.551976222636753
2015-01-29,22.81834138558964,4.59405924281503
2015-01-30,22.582060563561825,4.536284353777388
2015-02-02,22.932565087996295,4.592461699214567
2015-02-03,23.42300971148367,4.65887328784691
2015-02-04,23.26405762171189,4.641132298366789
2015-02-05,23.542534834334496,4.687984528918801
2015-02-06,23.505434263917053,4.6750222516963404
2015-02-09,23.439380655254883,4.654096852097747
2015-02-10,23.668732479585415,4.703676945863145
2015-02-11,23.636996447319962,4.706405078491746
2015-02-12,23.92541416987718,4.7516665761316
2015-02-13,24.060947911987355,4.771224435758958
2015-02-17,24.12909339685595,4.778729571796407
2015-02-18,24.109442209309023,4.779183551105727
2015-02-19,24.101048659583412,4.775771214050238
2015-02-20,24.210049935132226,4.804406738249682
2015-02-23,24.16789123068488,4.803724512492851
2015-02-24,24.245677302736734,4.817395912455405
2015-02-25,24.270756466254355,4.813301125929818
2015-02-26,24.12839394761961,4.807616617300095
2015-02-27,24.085664084875603,4.791241875101571
2015-03-02,24.21802169511492,4.821493776300962
2015-03-03,24.138751933739012,4.801706365843024
2015-03-04,24.02851168490797,4.781467173510996
2015-03-05,24.032417760314186,4.786698098598817
2015-03-06,23.682436772660807,4.719373189842024
2015-03-09,23.730752543539563,4.738934991713919
2015-03-10,23.362162061405435,4.662059988278337
2015-03-11,23.379440976517422,4.651141443785789
2015-03-12,23.6624959978729,4.7102760561020816
2015-03-13,23.488429243254984,4.6813266994612786
2015-03-16,23.771722937738254,4.743934762739873
2015-03-17,23.705295327300895,4.72983578862501
2015-03-18,24.04260676575954,4.78669787447586
2015-03-19,23.875848004611292,4.764865745470376
2015-03-20,24.111274175047257,4.806734620775824
2015-03-23,24.113074168409632,4.797366294999932
2015-03-24,24.025458210243762,4.770409893788328
2015-03-25,23.703761438450904,4.700504307204754
2015-03-26,23.656025154678744,4.689312406449299
2015-03-27,23.73220559944052,4.700050931860067
2015-03-30,24.02829979869839,4.75739155322876
2015-03-31,23.870604618830406,4.71581195105354
2015-04-01,23.81898985920307,4.699136839994615
2015-04-02,23.984966772596653,4.715926855923916
2015-04-06,24.17863040631867,4.747797089616251
2015-04-07,24.09873096892622,4.735234418517126
2015-04-08,24.13721299522475,4.751111659522413
2015-04-09,24.246884563778952,4.772244604183969
2015-04-10,24.289943499536033,4.798286742989001
2015-04-13,24.177957428902964,4.776584092050461
2015-04-14,24.23509040697579,4.785721697418554
2015-04-15,24.451040458309734,4.80719523067487
2015-04-16,24.35624072196954,4.8058251800341285
2015-04-17,24.0856630282947,4.750538967163016
2015-04-20,24.279430784676133,4.793944641705984
2015-04-21,24.243087368182334,4.788235053637712
2015-04-22,24.338423304992457,4.811764440691288
2015-04-23,24.435528646868175,4.8238708400240675
2015-04-24,24.385146541763465,4.835062220372924
2015-04-27,24.249209312882297,4.814962866722834
2015-04-28,24.356486332724465,4.830269633676147
2015-04-29,24.328619844535524,4.810393074133569
2015-04-30,24.17576064416249,4.76219293553075
2015-05-01,24.418342535753656,4.81381986914484
2015-05-04,24.51477616159125,4.827524814312295
2015-05-05,24.224818105201184,4.772240000138791
2015-05-06,24.09278113920765,4.752592688058219
2015-05-07,24.0862122638038,4.771555532883571
2015-05-08,24.326738945990684,4.834377833029516
2015-05-11,24.256214765230958,4.811192156942306
2015-05-12,24.169532460946932,4.796912538620502
2015-05-13,24.168872649935402,4.797828748915379
2015-05-14,24.32793897021453,4.847860507109068
2015-05-15,24.363577028136987,4.853115587898775
2015-05-18,24.500763276360708,4.868194218030376
2015-05-19,24.41796006763734,4.866592582132644
2015-05-20,24.45883779245434,4.863166500954822
2015-05-21,24.540946846715705,4.877328041805603
2015-05-22,24.503657457607012,4.86567610511373
2015-05-26,24.184534906738346,4.813360355631547
2015-05-27,24.3796184889221,4.859048772127202
2015-05-28,24.311168298102235,4.853567765112242
2015-05-29,24.184808272585943,4.8234125485876
2015-06-01,24.200440805404334,4.8332378399490725
2015-06-02,24.254895032783985,4.828438434774003
2015-06-03,24.29522490046103,4.841233796626154
2015-06-04,24.05467802380313,4.800325371044663
2015-06-05,24.08675569546736,4.792121614985549
2015-06-08,23.93501488134857,4.762650067053388
2015-06-09,23.936255368017914,4.761964245443732
2015-06-10,24.16789808175389,4.819074482639338
2015-06-11,24.19082023882164,4.834611178771366
2015-06-12,24.039787237494,4.797602230197872
2015-06-15,23.890608025248298,4.777044504641474
2015-06-16,24.01868110098405,4.803088951280779
2015-06-17,24.08868690450997,4.810855546115
2015-06-18,24.27901205862917,4.860883632939051
2015-06-19,24.205416930773158,4.839413109932359
2015-06-22,24.32729551239352,4.864205423294542
2015-06-23,24.328474279153834,4.867649280734234
2015-06-24,24.124083526359136,4.832295544008262
2015-06-25,24.040776885706926,4.817605365554477
2015-06-26,24.06956038028185,4.816685202929656
2015-06-29,23.528417778205192,4.715679314224221
2015-06-30,23.582420783127265,4.725549231028891
2015-07-01,23.676708970717637,4.7634292336648185
2015-07-02,23.6765175151856,4.759065932486782
2015-07-06,23.490152495952767,4.745521630842924
2015-07-07,23.682099236181283,4.775366216379295
2015-07-08,23.225438283420225,4.695249897367099
2015-07-09,23.289214891282214,4.703743604431436
2015-07-10,23.503510799185143,4.762973143898436
2015-07-13,23.750280917212773,4.815542078487643
2015-07-14,23.82399730023954,4.836431900024122
2015-07-15,23.665037317621277,4.834826204633314
2015-07-16,23.831741480249388,4.873620850099292
2015-07-17,23.622033518771275,4.877753680580176
2015-07-20,23.520009637447163,4.8802803569867175
2015-07-21,23.3883150560839,4.860998369296262
2015-07-22,23.378313034180923,4.852272877223376
2015-07-23,23.28114925734535,4.824954580924608
2015-07-24,22.998406866200195,4.774910152011258
2015-07-27,22.83212426843302,4.747134499657009
2015-07-28,23.135936138399565,4.805443552716296
2015-07-29,23.37488420148771,4.838500198915432
2015-07-30,23.407569896135836,4.839646923462576
2015-07-31,23.400848415174334,4.832300339432759
2015-08-03,23.249986473235587,4.8160009903878525
2015-08-04,23.240479113670588,4.806590524452634
2015-08-05,23.252676941757226,4.822428240230706
2015-08-06,23.139376719550977,4.782942197799697
2015-08-07,23.060108855096512,4.773758948779921
2015-08-10,23.49325806529179,4.8339035377755994
2015-08-11,23.23936342489452,4.79028722615425
2015-08-12,23.305647259907065,4.7960259902511835
2015-08-13,23.214796693972463,4.7900597339193105
2015-08-14,23.31502636393719,4.807505131470244
2015-08-17,23.414210916536884,4.834364662639769
2015-08-18,23.354119636761357,4.820359508212101
2015-08-19,23.150473579048803,4.782254566299684
2015-08-20,22.65300367186068,4.682396308700779
2015-08-21,22.089054574172216,4.536853384237433
2015-08-24,21.262307066770727,4.351364133622885
2015-08-25,20.97160544019156,4.299021574459536
2015-08-26,21.604405327450227,4.464078208789335
2015-08-27,22.21095574099658,4.574497183283739
2015-08-28,22.296608469182484,4.574725908142904
2015-08-31,22.208585546482183,4.537766697531017
2015-09-01,21.551798613890615,4.402323437143112
2015-09-02,21.86287714539467,4.485883938303525
2015-09-03,21.978870208233587,4.48909583120335
2015-09-04,21.646010485908644,4.421144387606425
2015-09-08,22.233536336344738,4.532252167211363
2015-09-09,21.96465351007759,4.471646891231412
2015-09-10,22.02261423388001,4.495981593613493
2015-09-11,22.06192827893474,4.516411333974873
2015-09-14,21.96460392880022,4.499650931514492
2015-09-15,22.221856658021395,4.555892068507492
2015-09-16,22.48355545824104,4.595377985065246
2015-09-17,22.419725353125823,4.585047575354819
2015-09-18,21.974852246912803,4.5105176270174265
2015-09-21,22.051823418764062,4.533827982113853
2015-09-22,21.700842685931526,4.474978894906015
2015-09-23,21.569175416189594,4.46782340365306
2015-09-24,21.533311857589197,4.4516677542254515
2015-09-25,21.557660892270164,4.450514772277107
2015-09-28,20.96164556007546,4.338820203037269
2015-09-29,20.96152839018901,4.341358412856046
2015-09-30,21.33635137423098,4.422359478123115
2015-10-01,21.231143527558874,4.433897414001538
2015-10-02,21.689819642892324,4.500130973571893
2015-10-05,22.240933877505984,4.5802108042466045
2015-10-06,22.287647943220744,4.564519002031256
2015-10-07,22.631948753409176,4.601906977176894
2015-10-08,23.013984201609322,4.643448391459869
2015-10-09,22.954140697146773,4.64621588670118
2015-10-12,22.79779915161981,4.650601914498226
2015-10-13,22.58004931796766,4.621293821233057
2015-10-14,22.563745536722333,4.599139338654066
2015-10-15,22.859234030354248,4.669759123199099
2015-10-16,22.754848218048046,4.690992517932286
2015-10-19,22.652788758634955,4.6933004862511085
2015-10-20,22.76903519483343,4.686837811481541
2015-10-21,22.535175942633582,4.6582199798046355
2015-10-22,22.815234327991277,4.736915948143455
2015-10-23,22.92678639648628,4.788842020767003
2015-10-26,22.74457039489206,4.777071047079958
2015-10-27,22.470570691660434,4.767841745816999
2015-10-28,22.86804323215405,4.8220759456756666
2015-10-29,22.8207315532501,4.819308074082849
2015-10-30,22.889093502270956,4.798536856283551
2015-11-02,23.287437433384277,4.855308345830242
2015-11-03,23.389214659432568,4.869383884724804
2015-11-04,23.258787781644592,4.8546150434024335
2015-11-05,23.249850692929677,4.849770137589117
2015-11-06,23.271774415367137,4.847233707807158
2015-11-09,23.025196095094383,4.8019993228459015
2015-11-10,23.049219881716407,4.813077535283707
2015-11-11,22.84740066933266,4.7941525144149715
2015-11-12,22.41469110058447,4.727226145313739
2015-11-13,22.15891997069067,4.674148850154156
2015-11-16,22.547203884882585,4.74522863171845
2015-11-17,22.453356835963202,4.741769360045927
2015-11-18,22.82222068386794,4.817002272712416
2015-11-19,22.74131740826426,4.8128500167533375
2015-11-20,22.78979474882858,4.830407293614454
2015-11-23,22.80552455364508,4.824852325226797
2015-11-24,22.9550151948638,4.831312802490276
2015-11-25,22.988625491506514,4.8306219247595195
2015-11-27,22.897147725358955,4.836162648107218
2015-11-30,22.903182082398693,4.816082900792277
2015-12-01,23.06696747633122,4.862009067334232
2015-12-02,22.742866133232695,4.812367954756749
2015-12-03,22.424907118527344,4.745004428126064
2015-12-04,22.615701104525687,4.837546249487807
2015-12-07,22.3508832595573,4.80823555676216
2015-12-08,22.096787237633105,4.775904980878491
2015-12-09,21.98178839248304,4.738772319652161
2015-12-10,22.05085095669231,4.751003091009182
2015-12-11,21.538229913171094,4.658923900102334
2015-12-14,21.425399447276373,4.6824794193412504
2015-12-15,21.68109515115343,4.731636088285494
2015-12-16,22.022771862801836,4.800850460984935
2015-12-17,21.60942650240812,4.727695101660447
2015-12-18,21.320892152623173,4.643977076800243
2015-12-21,21.512945601279075,4.682266667798461
2015-12-22,21.774181663046196,4.7247535555420646
2015-12-23,22.235051084426416,4.783260178820342
2015-12-24,22.215081197132182,4.775367799525288
2015-12-28,22.027441102901527,4.764456084103372
2015-12-29,22.22559881482225,4.815302359432923
2015-12-30,22.00028334989666,4.781171496309263
2015-12-31,21.888068910642364,4.733345437831681
2016-01-04,21.73260468388937,4.667159068574481
2016-01-05,21.7058665916323,4.675069903195714
2016-01-06,21.142479666141995,4.616098571436804
2016-01-07,20.690973742877322,4.505349134510892
2016-01-08,20.50727854860836,4.455966002647518
2016-01-11,20.329111053517593,4.460306113534097
2016-01-12,20.332138010572827,4.496309704482544
2016-01-13,19.809671818315,4.384149258904228
2016-01-14,20.06345949617671,4.456123837287658
2016-01-15,19.680910501820577,4.360468682996441
2016-01-19,19.498684424998256,4.366272466813509
2016-01-20,19.4061328650152,4.310318685151294
2016-01-21,19.72137291650704,4.334465090425511
2016-01-22,20.10135341540823,4.423386641755591
2016-01-25,19.616476494481738,4.3565183058921715
2016-01-26,20.11816573504302,4.415954285139459
2016-01-27,20.038597810502345,4.3678954546542865
2016-01-28,20.04202183526164,4.390647822077581
2016-01-29,20.69911081750464,4.497700597275476
2016-02-01,20.6930888992686,4.496058936557471
2016-02-02,20.146442996860475,4.415030962402833
2016-02-03,20.4938447072912,4.441499073022437
2016-02-04,20.681246432925427,4.448463343568936
2016-02-05,20.381448691581465,4.363720116873948
2016-02-08,19.870247861201616,4.304980080380708
2016-02-09,19.67399582769918,4.305212549305049
2016-02-10,19.657213583574052,4.301497150874998
2016-02-11,19.362888988236314,4.2455432759364164
2016-02-12,19.84523213981188,4.333073641656398
2016-02-16,20.27875006106565,4.406207258580275
2016-02-17,20.85325538318993,4.478182654149183
2016-02-18,20.791913210514814,4.459840017997788
2016-02-19,20.624150875113724,4.457748353029347
2016-02-22,21.10950056050354,4.522292091432858
2016-02-23,20.78642179420866,4.465175542318061
2016-02-24,20.947840751500244,4.485608185599708
2016-02-25,21.117159768422525,4.539937871943692
2016-02-26,21.24806127077418,4.529473315148861
2016-02-29,21.144163499823456,4.493971303304725
2016-03-01,21.586834539281696,4.5996110867315085
2016-03-02,21.889039221736404,4.620272539733106
2016-03-03,22.331726555781398,4.638263881002827
2016-03-04,22.51463863867357,4.653472748268636
2016-03-07,22.75221054444546,4.657186219521755
2016-03-08,22.18437041076777,4.6063390603770165
2016-03-09,22.34831261844529,4.629094375335279
2016-03-10,22.388479533606358,4.632806909024297
2016-03-11,22.89839688497763,4.707566514115222
2016-03-14,22.81981546530056,4.701531413844126
2016-03-15,22.60623828816899,4.69386791763956
2016-03-16,22.904783046165907,4.72103133127894
2016-03-17,23.20260547619087,4.750981554044573
2016-03-18,23.315726739921946,4.769548389957779
2016-03-21,23.296706414763303,4.77631637912313
2016-03-22,23.29478123291981,4.773751497227541
2016-03-23,22.87270782165336,4.742230416091347
2016-03-24,22.900721005321973,4.740148576938683
2016-03-28,22.95336211470276,4.742950004747654
2016-03-29,23.193228189957683,4.786841264091589
2016-03-30,23.243654222467793,4.807826776193367
2016-03-31,23.284979321787713,4.796158180607546
2016-04-01,23.294762394128142,4.828829610133845
2016-04-04,23.109440550387866,4.813193859856232
2016-04-05,22.819110112832792,4.765100426808548
2016-04-06,23.060382920682077,4.817159148971432
2016-04-07,22.735280143728907,4.7595170225948396
2016-04-08,22.892604510227866,4.772334401936687
2016-04-11,22.946220540832066,4.761152822432949
2016-04-12,23.32916995608852,4.805488677515445
2016-04-13,23.70821791618598,4.854048140601739
2016-04-14,23.669117385472656,4.854261718719925
2016-04-15,23.66758418457594,4.84889290525902
2016-04-18,23.81188026501863,4.882946680132654
2016-04-19,23.99122598649191,4.898367025748513
2016-04-20,24.09627340687503,4.903035169524051
2016-04-21,23.937188001516123,4.8766666463823505
2016-04-22,24.228012006923446,4.8766666463823505
2016-04-25,24.054384683517114,4.868264149750633
2016-04-26,24.30933161162819,4.875478917220564
2016-04-27,24.543822342106143,4.885532154747873
2016-04-28,24.19152255231391,4.841132438525524
2016-04-29,24.06257781482448,4.815072622608941
2016-05-02,24.145346878736333,4.85332837459557
2016-05-03,23.761742326145704,4.811070444437966
2016-05-04,23.571398815781617,4.784253537780669
2016-05-05,23.587617282428244,4.783320608340802
2016-05-06,23.651568454527645,4.8008227784467215
2016-05-09,23.529685987886452,4.804773855593383
2016-05-10,23.89930448617719,4.864535632809253
2016-05-11,23.683349406836005,4.819027901964322
2016-05-12,23.546443414671746,4.820430239083794
2016-05-13,23.295148635265782,4.778425009980418
2016-05-16,23.51024430147971,4.825564172703874
2016-05-17,23.449176578810633,4.780541658972547
2016-05-18,23.335804578928,4.78192323551199
2016-05-19,23.29614282505789,4.765353871500941
2016-05-20,23.50921931972525,4.795456611907212
2016-05-23,23.483093198182758,4.788920404545182
2016-05-24,23.812294566416472,4.850994390828896
2016-05-25,24.105105756414662,4.8838986857818885
2016-05-26,24.05352878190734,4.885300364704707
2016-05-27,24.178623894902252,4.906302270972573
2016-05-31,24.271713937495903,4.896965577750913
2016-06-01,24.326160681293814,4.906999460219724
2016-06-02,24.435482832596904,4.921936366576634
2016-06-03,24.32481291477919,4.907234542649669
2016-06-06,24.6133680475019,4.93220255200267
2016-06-07,24.72104645986561,4.939901720186346
2016-06-08,24.763765467927794,4.956005799794154
2016-06-09,24.636678832019637,4.949235895871635
2016-06-10,24.14056420696321,4.902327038050564
2016-06-13,23.90580943387135,4.864500682624966
2016-06-14,23.79156845258635,4.854951667784973
2016-06-15,23.81590082505369,4.848183865160081
2016-06-16,23.76750029415549,4.862650845813719
2016-06-17,23.886859737109912,4.84464444973167
2016-06-20,24.142380092357843,4.875843959987942
2016-06-21,24.18258925456881,4.889686480990348
2016-06-22,24.141188693563535,4.881711402339853
2016-06-23,24.535135427033417,4.945285929932525
2016-06-24,23.399753247415216,4.765124218219153
2016-06-27,22.614314437977825,4.682315889554941
2016-06-28,23.135804351571355,4.7667614566230645
2016-06-29,23.56163275480595,4.847934637467898
2016-06-30,23.916483592671295,4.913968355164849
2016-07-01,24.03724177775238,4.924425279824639
2016-07-05,23.579582425503087,4.888984191085742
2016-07-06,23.763509164817226,4.918308318263874
2016-07-07,23.8165900623066,4.915165519248503
2016-07-08,24.323379215899205,4.988450637140498
2016-07-11,24.44798817270231,5.006044902537693
2016-07-12,24.86104620413205,5.042403806664824
2016-07-13,24.809867009894553,5.041697870131891
2016-07-14,24.946695096050405,5.069845669340837
2016-07-15,24.917030049196363,5.063041936452581
2016-07-18,24.98981803782017,5.0766311410100196
2016-07-19,24.864132171251033,5.0714885136641765
2016-07-20,25.03084840922747,5.092484476110746
2016-07-21,24.95927246260856,5.0732501622444754
2016-07-22,25.136188497242983,5.096120373975873
2016-07-25,25.08500067849788,5.082279311040154
2016-07-26,25.283964215248194,5.084627324081855
2016-07-27,25.098542950233917,5.0792325344910045
2016-07-28,25.127109497262836,5.085099048068342
2016-07-29,25.145450165465643,5.093311483030972
2016-08-01,24.939847097217392,5.089089127811539
2016-08-02,24.640788741595394,5.0564629774131395
2016-08-03,24.87416474816116,5.07125818808505
2016-08-04,24.844764997680404,5.0766489355389846
2016-08-05,25.10699393834806,5.118175923831694
2016-08-08,25.113460728415586,5.1151254909810895
2016-08-09,25.013490927839776,5.118174105773714
2016-08-10,24.948980122167782,5.105506624861924
2016-08-11,25.208849185116073,5.129201281107908
2016-08-12,25.160176201328134,5.124744005194625
2016-08-15,25.377908808075617,5.139523766905607
2016-08-16,25.259888859605585,5.1130141033159076
2016-08-17,25.272200963847737,5.122631682844245
2016-08-18,25.472005618399695,5.134126868340547
2016-08-19,25.49738451350312,5.126620774859034
2016-08-22,25.45603166366138,5.1263849503033905
2016-08-23,25.6273053289063,5.136704363208351
2016-08-24,25.444740009337306,5.110430120390541
2016-08-25,25.458474226066592,5.106909034037592
2016-08-26,25.417845314268515,5.0972927243265
2016-08-29,25.544486803238566,5.12241218287198
2016-08-30,25.512161231901743,5.113949957945876
2016-08-31,25.369261045081103,5.099405884265479
2016-09-01,25.320752377423933,5.099640456936155
2016-09-02,25.50261934787334,5.122629636116023
2016-09-06,25.474849888497843,5.13813071339491
2016-09-07,25.60013198152076,5.137642590977137
2016-09-08,25.6531321372866,5.125913352941936
2016-09-09,24.940244335229544,5.003224616839271
2016-09-12,25.374726844172255,5.075005880417065
2016-09-13,24.893013838029876,5.002047595880189
2016-09-14,24.79867527148817,5.000171828031734
2016-09-15,25.073797563717257,5.050138545109254
2016-09-16,24.93364105943172,5.030715712264764
2016-09-19,24.96744064378988,5.03166148681867
2016-09-20,24.82251517326624,5.03189797490855
2016-09-21,25.162652332184482,5.088486699534372
2016-09-22,25.376919260134326,5.120549254228138
2016-09-23,25.222953488482453,5.092493764864222
2016-09-26,25.025298467572583,5.051234380381292
2016-09-27,25.135761332955667,5.082592443414699
2016-09-28,25.407900390785834,5.107822432303809
2016-09-29,25.183473080270904,5.061611962758756
2016-09-30,25.452931191983296,5.099806886629734
2016-10-03,25.40553836116445,5.087546950874277
2016-10-04,25.221478626616506,5.0616106365187195
2016-10-05,25.458184151733047,5.084008263585314
2016-10-06,25.466929705637746,5.08754673333677
2016-10-07,25.295876937069707,5.070101535588158
2016-10-10,25.417782959294588,5.096506624385501
2016-10-11,25.023124950401627,5.0321377457195124
2016-10-12,25.030015910947835,5.038739910441897
2016-10-13,24.8700147867456,5.022232998495289
2016-10-14,24.846463130336403,5.024824470722512
2016-10-17,24.75415652254777,5.007378280160164
2016-10-18,24.916666027695527,5.0387344829505265
2016-10-19,25.09619503453767,5.052172787816556
2016-10-20,25.060031621152262,5.042740381221702
2016-10-21,25.038293091805883,5.045100383720114
2016-10-24,25.07013858273751,5.066557195652076
2016-10-25,24.862019608182777,5.049579162489446
2016-10-26,24.931626020220296,5.039439607531167
2016-10-27,24.758720745182178,5.025999422097882
2016-10-28,24.764253147423148,5.011147593805582
2016-10-31,24.788432139741676,5.01138311774249
2016-11-01,24.575166333311483,4.975075647054446
2016-11-02,24.344814664394658,4.945130666734825
2016-11-03,24.289831486764882,4.92249680367318
2016-11-04,24.250919895425,4.917072212195532
2016-11-07,24.7645140017378,5.025528073979929
2016-11-08,24.826055822842587,5.048163052425135
2016-11-09,25.223830371683757,5.101663484454737
2016-11-10,25.527915639994095,5.114412541502389
2016-11-11,25.55583099114743,5.102623820594227
2016-11-14,25.92977620107737,5.1066344829172134
2016-11-15,26.144818492188513,5.146481551787416
2016-11-16,26.014735998911444,5.13681645943316
2016-11-17,26.190566243291475,5.163224832851106
2016-11-18,26.074926911687708,5.151669535675185
2016-11-21,26.309463148231238,5.190569792339069
2016-11-22,26.3496812372392,5.2007069751435075
2016-11-23,26.45123497089219,5.203536159737986
2016-11-25,26.513604201373944,5.222867296571413
2016-11-28,26.298149539825335,5.19834593461401
2016-11-29,26.258124233684445,5.208482709186507
2016-11-30,26.372563316595585,5.195987559167168
2016-12-01,26.36632410401944,5.176892304887229
2016-12-02,26.322441287099423,5.179485927931978
2016-12-05,26.58277449620387,5.210609458872921
2016-12-06,26.753368247277358,5.227111459029171
2016-12-07,27.165724452646337,5.295487304024731
2016-12-08,27.363429983285005,5.308455952432287
2016-12-09,27.404395781181858,5.340519026384978
2016-12-12,27.154904922123578,5.3343881105426885
2016-12-13,27.21684408895066,5.369989816792451
2016-12-14,26.90946741562759,5.325665920844646
2016-12-15,26.983341387078468,5.3475916874407625
2016-12-16,26.85952405527291,5.33719062160869
2016-12-19,26.904608151115163,5.348809685591933
2016-12-20,27.006565198708323,5.369445393358946
2016-12-21,26.963258554837992,5.354502226829228
2016-12-22,26.77185758673048,5.345255001483494
2016-12-23,26.81877044947319,5.353080454805665
2016-12-27,26.95312728370377,5.366361447414038
2016-12-28,26.630127365206498,5.322008470051161
2016-12-29,26.62154390233604,5.32082166216234
2016-12-30,26.48591041721641,5.301374058987136
2017-01-03,26.759951790467365,5.341929570538388
2017-01-04,27.134650040580556,5.3737087095535205
2017-01-05,26.988427173048805,5.369441984838136
2017-01-06,27.068399515419593,5.388653848259887
2017-01-09,26.892284078298317,5.370865901906781
2017-01-10,26.962434392797533,5.370865901906781
2017-01-11,27.09845984652157,5.386043968945569
2017-01-12,27.056909800016047,5.372524998583516
2017-01-13,27.132736357656665,5.384860315980264
2017-01-17,27.06382987036723,5.365889453087065
2017-01-18,27.13058880399782,5.377748068778388
2017-01-19,26.943206940727922,5.357823512183564
2017-01-20,27.065432464338723,5.377508155767326
2017-01-23,26.985120871063746,5.36351587954602
2017-01-24,27.31188326905501,5.397906743365669
2017-01-25,27.52070524822222,5.444631024136243
2017-01-26,27.38077751912318,5.438941384716021
2017-01-27,27.265401820159997,5.430402246742017
2017-01-30,27.090330681742103,5.396722892007722
2017-01-31,27.107689495055475,5.396247980393226
2017-02-01,27.040331904940214,5.398384894593462
2017-02-02,27.01957260020073,5.401942430238998
2017-02-03,27.227992232694334,5.439178019410636
2017-02-06,27.11926485696933,5.429452769111929
2017-02-07,27.051986674376614,5.429691665033769
2017-02-08,27.098061755915197,5.436804561114963
2017-02-09,27.32112767114449,5.469061122576058
2017-02-10,27.51919117281475,5.490642037765743
2017-02-13,27.60686664342703,5.520527602377302
2017-02-14,27.697758461646572,5.5425821101488
2017-02-15,27.821258659876587,5.571514388763776
2017-02-16,27.697838753097084,5.566773030018938
2017-02-17,27.767797524642642,5.575546264314248
2017-02-21,28.00587032445509,5.608748642318239
2017-02-22,27.867165312517262,5.60376807352386
2017-02-23,27.788078591981655,5.607561824509636
2017-02-24,27.862587825132053,5.614677820464939
2017-02-27,27.915676973740403,5.623453561898326
2017-02-28,27.71668666947552,5.6082758607347625
2017-03-01,28.072848523782405,5.686780506233328
2017-03-02,27.86921532519469,5.650970849385577
2017-03-03,27.837839458690794,5.654530961020689
2017-03-06,27.68440904832007,5.63769176781877
2017-03-07,27.512117412066083,5.620851982508295
2017-03-08,27.46540097208548,5.610414060376777
2017-03-09,27.45256279244447,5.617528065405335
2017-03-10,27.57066259147286,5.637211883746515
2017-03-13,27.606079118221636,5.640058675747807
2017-03-14,27.4641387199559,5.61847417119572
2017-03-15,27.79180946728827,5.667090828199076
2017-03-16,27.766878592497225,5.655943660540008
2017-03-17,27.749932590894012,5.646057071021384
2017-03-20,27.630580602720062,5.639863346414474
2017-03-21,27.227335700225257,5.567447501046512
2017-03-22,27.2710480962133,5.580547705016475
2017-03-23,27.28627539020141,5.574593260615222
2017-03-24,27.29113579350962,5.570546105908015
2017-03-27,27.28098471489199,5.564830725603353
2017-03-28,27.539401744694977,5.605325998793568
2017-03-29,27.680434686020856,5.6105669786024395
2017-03-30,27.79065718802816,5.62843102386231
2017-03-31,27.77862980278227,5.6153280364387586
2017-04-03,27.59958790319319,5.605562980983391
2017-04-04,27.576166888306613,5.609133724602278
2017-04-05,27.46813123885879,5.592457770039035
2017-04-06,27.681184195795453,5.608178168830614
2017-04-07,27.596605015959952,5.602463435276576
2017-04-10,27.68072404447868,5.605796901020565
2017-04-11,27.679356421890365,5.59912600270835
2017-04-12,27.4518740738599,5.574590632564482
2017-04-13,27.224968985274376,5.538383666405976
2017-04-17,27.454638317653764,5.5874537456903335
2017-04-18,27.383555245025864,5.570780783713194
2017-04-19,27.430238948617582,5.560536117851945
2017-04-20,27.700033588581515,5.605793321315142
2017-04-21,27.569662522343773,5.58792765800011
2017-04-24,27.875628279399585,5.649383686382795
2017-04-25,27.979251866620743,5.682257450053857
2017-04-26,28.013392998842345,5.678683310117774
2017-04-27,28.00175426018893,5.683447725414963
2017-04-28,27.805009533339177,5.6710634928212835
2017-05-01,27.750838920837484,5.685354572823194
2017-05-02,27.775451369124248,5.687497951497148
2017-05-03,27.633891615975468,5.680587641486079
2017-05-04,27.618291410383986,5.687256651377184
2017-05-05,27.845361332814974,5.7096473808136565
2017-05-08,27.79464021244575,5.708693869701061
2017-05-09,27.788262428894082,5.703453288728675
2017-05-10,27.86691371527686,5.713696690835231
2017-05-11,27.68894529822487,5.702023608495855
2017-05-12,27.49711812034258,5.692495527046058
2017-05-15,27.66956492411955,5.723940872337462
2017-05-16,27.543501315718636,5.7186977424984
2017-05-17,27.051858301576623,5.617225169755509
2017-05-18,27.100395898274307,5.639851352739283
2017-05-19,27.33804158186847,5.6765329459375
2017-05-22,27.492819973693063,5.705352703704024
2017-05-23,27.456234806875617,5.717978649237321
2017-05-24,27.476473565898026,5.731318693425991
2017-05-25,27.581502263376684,5.758708665461874
2017-05-26,27.581936544422177,5.757516612768124
2017-05-30,27.524012496519834,5.752513330831628
2017-05-31,27.52239633845431,5.751086707525582
2017-06-01,27.90702638196354,5.796819349023825
2017-06-02,27.866102662407982,5.816111163817377
2017-06-05,27.772868500826654,5.811824689889644
2017-06-06,27.68677935632004,5.7932442863560665
2017-06-07,27.679324835561626,5.803961788285824
2017-06-08,27.715376956719066,5.80681733748566
2017-06-09,27.91172313549772,5.798002588767357
2017-06-12,28.021713186854807,5.79681399823666
2017-06-13,28.1972607330871,5.8251604186880375
2017-06-14,28.089793247682696,5.817774115277141
2017-06-15,28.015797000391316,5.806580717879347
2017-06-16,28.021689600176906,5.807846552475845
2017-06-19,28.188694757285724,5.856196875025206
2017-06-20,27.88022754761708,5.816702683300036
2017-06-21,27.754052689150775,5.815265957737261
2017-06-22,27.798166147856275,5.812631642258406
2017-06-23,27.908367154307648,5.819571924439262
2017-06-26,28.035067731590203,5.8234012027655435
2017-06-27,27.886318333331616,5.776487882676064
2017-06-28,28.11800658632504,5.828187449226015
2017-06-29,27.98692029079968,5.776963509734768
2017-06-30,28.08891258536372,5.787737546680423
2017-07-03,28.26477364855374,5.797553549559592
2017-07-05,28.123542907766232,5.810957493366175
2017-07-06,27.73567325736362,5.757822098046834
2017-07-07,27.90050325817207,5.795161574352668
2017-07-10,27.917423122536455,5.801385577883523
2017-07-11,27.91276172055285,5.797075148399156
2017-07-12,28.105206505993362,5.840640168139375
2017-07-13,28.22849037893807,5.850452443621848
2017-07-14,28.36444550150523,5.877738953818901
2017-07-17,28.417589047118188,5.877021869666535
2017-07-18,28.306206759248617,5.880130814235589
2017-07-19,28.574895074656776,5.91196584246386
2017-07-20,28.52703175698676,5.914596667263757
2017-07-21,28.532251085210746,5.9093326762298926
2017-07-24,28.452735269779094,5.907896708389568
2017-07-25,28.6407737654422,5.9222588052876635
2017-07-26,28.52735134869951,5.922495695639875
2017-07-27,28.545866062867496,5.91698777464293
2017-07-28,28.4848333099102,5.910047147983274
2017-07-31,28.411761868763982,5.906696151250368
2017-08-01,28.38828238681879,5.919862176971505
2017-08-02,28.24412084178557,5.922733310127337
2017-08-03,28.195008800547534,5.91124320750569
2017-08-04,28.231586506667316,5.922013492629765
2017-08-07,28.257134946536517,5.9330225157125644
2017-08-08,28.222130034042156,5.918421347301395
2017-08-09,28.143472992300683,5.918184610447502
2017-08-10,27.67373621581967,5.834649434671036
2017-08-11,27.71279618803393,5.843267211886045
2017-08-14,27.931088908472113,5.901191519757472
2017-08-15,27.81118607553788,5.9004715743920615
2017-08-16,27.880862634144997,5.910761996817801
2017-08-17,27.448514550371765,5.818607306525414
2017-08-18,27.374707639693472,5.809512823305315
2017-08-21,27.32868719469264,5.8140616718459635
2017-08-22,27.60850818772349,5.8748593147484565
2017-08-23,27.519315252434556,5.853797944105083
2017-08-24,27.50576371343946,5.840152741097374
2017-08-25,27.617618534098465,5.853795337900578
2017-08-28,27.571773476654275,5.854035343509431
2017-08-29,27.517270393504255,5.860738213977749
2017-08-30,27.627088308462064,5.888506391635575
2017-08-31,27.757850796325016,5.923931646087655
2017-09-01,27.926720641811322,5.932308085435223
2017-09-05,27.74098984707116,5.889702248765627
2017-09-06,27.868921427956476,5.909809692242914
2017-09-07,27.814892656592974,5.9090886954604604
2017-09-08,27.791527659658918,5.902145516243294
2017-09-11,28.055046890547413,5.965097800319546
2017-09-12,28.239617376103627,5.985206145004423
2017-09-13,28.287976289021962,5.988079043954026
2017-09-14,28.238268900999532,5.986162858659961
2017-09-15,28.310338626732072,5.9941723445648485
2017-09-18,28.334910064696636,6.006921949141738
2017-09-19,28.297447184501284,6.012934878012829
2017-09-20,28.323331916506167,6.015099534568913
2017-09-21,28.262804554775077,5.9989850829158025
2017-09-22,28.355782300747215,6.000190878917468
2017-09-25,28.425543542660076,5.987920488570081
2017-09-26,28.45932654127915,5.991531204624688
2017-09-27,28.627243046032685,6.014862227135497
2017-09-28,28.590353740703463,6.02208006180806
2017-09-29,28.68206510765884,6.043247673225315
2017-10-02,28.810830501867027,6.06946932487944
2017-10-03,28.85207192259052,6.0824579892346815
2017-10-04,28.899952591831177,6.089671784409913
2017-10-05,28.931931827037218,6.125753089732542
2017-10-06,28.838498421295018,6.118775856963336
2017-10-09,28.6597084336288,6.10867375802349
2017-10-10,28.695366657723458,6.124788439397156
2017-10-11,28.622735933301772,6.134410482035449
2017-10-12,28.578519504035086,6.125270210417216
2017-10-13,28.60288644860868,6.132724664263294
2017-10-16,28.625735733461738,6.140905718965421
2017-10-17,28.62414977557939,6.145235057497291
2017-10-18,28.661888673922302,6.1512512426185815
2017-10-19,28.751350775646223,6.15293668545906
2017-10-20,29.03046110101316,6.184685838756029
2017-10-23,28.836228758979306,6.160633595529107
2017-10-24,28.844603187732275,6.171457828756451
2017-10-25,28.631667570393237,6.140909112504107
2017-10-26,28.738603323702712,6.148849307986575
2017-10-27,28.664637607297102,6.199122299928673
2017-10-30,28.55337512428279,6.176030569361439
2017-10-31,28.465156261784145,6.185652824988503
2017-11-01,28.39603929290441,6.193830258023138
2017-11-02,28.28544618591978,6.196233464163251
2017-11-03,28.287884915699824,6.216922687700092
2017-11-06,28.50535425268011,6.226546484020652
2017-11-07,28.345088432693206,6.222219034214257
2017-11-08,28.349550813652893,6.232803028791455
2017-11-09,28.368315482589015,6.210190419403
2017-11-10,28.42759622760669,6.208265260372985
2017-11-13,28.47332190247308,6.2140389470651325
2017-11-14,28.449821040277346,6.199603734591101
2017-11-15,28.33498434761107,6.168574717899472
2017-11-16,28.624911061095823,6.221013771576336
2017-11-17,28.83145837009747,6.202730212101673
2017-11-20,28.860720753494583,6.213312069843519
2017-11-21,28.921895494043227,6.253965770716505
2017-11-22,28.98352853830565,6.248431011009421
2017-11-24,28.969463026781167,6.262864886644853
2017-11-27,28.935448327357832,6.2597397170664175
2017-11-28,29.353253581370453,6.323244776496057
2017-11-29,29.705127960032307,6.319393920427171
2017-11-30,29.88552106322458,6.3747202142005115
2017-12-01,29.821501153080025,6.361492669756045
2017-12-04,30.09373205302506,6.35379526362564
2017-12-05,29.76839262158897,6.330940662062379
2017-12-06,29.607790942393432,6.33214354078817
2017-12-07,29.749372494790755,6.3521087893722745
2017-12-08,29.973217197723134,6.386746838600721
2017-12-11,30.0147036260933,6.405990106825424
2017-12-12,29.97601860724788,6.417296679363971
2017-12-13,29.93778659186238,6.416577942135882
2017-12-14,29.736289443789307,6.390359804664315
2017-12-15,30.07288888985565,6.443310326005763
2017-12-18,30.39865426156831,6.484167356782965
2017-12-19,30.358578406851816,6.459268154132919
2017-12-20,30.3921725245938,6.455883497620153
2017-12-21,30.521660340876245,6.4691826176252505
2017-12-22,30.577585237189496,6.467487691779433
2017-12-26,30.670993444134083,6.459752576500065
2017-12-27,30.61335983780199,6.4628984760048205
2017-12-28,30.68191213910313,6.476192658169962
2017-12-29,30.464037786125054,6.451770935656003
2018-01-02,30.83169250851895,6.497946260242494
2018-01-03,31.001341586168234,6.539045770338527
2018-01-04,31.11671255327823,6.566607848260505
2018-01-05,31.251216421317455,6.610367722961313
2018-01-08,31.345627497114727,6.62245808552661
2018-01-09,31.244962753343813,6.637444708174156
2018-01-10,31.190687676515104,6.627289417770649
2018-01-11,31.60308699506075,6.675642121362704
2018-01-12,31.830383371942713,6.7191606323518664
2018-01-16,31.464151238765975,6.696194541310487
2018-01-17,31.65436047061056,6.7600226676782595
2018-01-18,31.606763784400307,6.748659069573892
2018-01-19,31.844348285852366,6.779365468340454
2018-01-22,32.05985989268268,6.8344884889635305
2018-01-23,32.148730659173445,6.848991273537111
2018-01-24,32.209941484005675,6.846333864922978
2018-01-25,32.12626050174435,6.849236710481705
2018-01-26,32.42070476650216,6.928537173115663
2018-01-29,32.172034016754054,6.882600971657905
2018-01-30,31.7407932879044,6.81200613349161
2018-01-31,31.657499714684633,6.815391700539955
2018-02-01,31.60445772898933,6.807656230959842
2018-02-02,30.88468357374984,6.659453554811846
2018-02-05,29.748706450214346,6.3809352287889505
2018-02-06,30.183550191303343,6.506652414666551
2018-02-07,30.089555516747648,6.471353825316984
2018-02-08,29.110647850968338,6.228619814683169
2018-02-09,29.43020978116467,6.3221861415393406
2018-02-12,29.87326574386541,6.415027445027846
2018-02-13,30.04624946776015,6.43098161828363
2018-02-14,30.627628389432473,6.517774146203985
2018-02-15,30.9504725024817,6.600940944309548
2018-02-16,30.87878775484833,6.602875020006231
2018-02-20,30.692960145364932,6.561534419505973
2018-02-21,30.534054826673657,6.52889734730335
2018-02-22,30.495829336704606,6.537358798265455
2018-02-23,30.947280392888974,6.641557760151008
2018-02-26,31.149177656561662,6.718679528861881
2018-02-27,30.763734767184147,6.6347833775849825
2018-02-28,30.39253385220786,6.5675730219700466
2018-03-01,30.035878857701352,6.4720739426575795
2018-03-02,30.348714911572383,6.5054374838319795
2018-03-05,30.73424953228872,6.580627330270109
2018-03-06,30.89258263174213,6.597309220552344
2018-03-07,30.82418277540692,6.594894605377622
2018-03-08,30.843367967176814,6.626807300373044
2018-03-09,31.273754415727897,6.742127001014135
2018-03-12,31.227463889446753,6.733665631627862
2018-03-13,31.06380850153005,6.690145950650652
2018-03-14,30.813067662211655,6.655812121631913
2018-03-15,30.700639910899298,6.648557286419334
2018-03-16,30.868684410007734,6.655731079731381
2018-03-19,30.5247454570112,6.565679038222615
2018-03-20,30.48958578670408,6.576847258266631
2018-03-21,30.575241582549875,6.564226288378017
2018-03-22,29.88424435386397,6.400140323847432
2018-03-23,29.374726143145875,6.263721332844624
2018-03-26,30.043225623947976,6.43509048478992
2018-03-27,29.68467430027944,6.325616725462674
2018-03-28,29.613152355371476,6.306924528038931
2018-03-29,30.00228004886541,6.387514409658213
2018-04-02,29.326316552191674,6.24963991112574
2018-04-03,29.719646013389998,6.329741545866639
2018-04-04,30.105567056477135,6.3974634506658665
2018-04-05,30.361804935635355,6.447952232218522
2018-04-06,29.723622459770738,6.304253168771299
2018-04-09,29.709001868900206,6.335320528387005
2018-04-10,30.168727604400946,6.436052124788358
2018-04-11,30.101634831228978,6.402314339550218
2018-04-12,30.23061263648817,6.454986179621697
2018-04-13,30.11012753583406,6.4360537051568665
2018-04-16,30.42629403061379,6.488970938720666
2018-04-17,30.595799740312653,6.5583899498231
2018-04-18,30.700901028941793,6.563243158385969
2018-04-19,30.46699580981294,6.526830285343244
2018-04-20,30.22404401609167,6.4714892913538185
2018-04-23,30.39631809042615,6.470518567960116
2018-04-24,30.161686020573793,6.383380094405397
2018-04-25,30.258957123239945,6.399159809998768
2018-04-26,30.49856648258917,6.464213668627215
2018-04-27,30.61068650621065,6.470283565262056
2018-04-30,30.326086391712472,6.420520614361625
2018-05-01,30.330557547199195,6.431929879493345
2018-05-02,30.09114451958868,6.388726606492789
2018-05-03,29.921313738171555,6.374645853052079
2018-05-04,30.317712815998924,6.45717201826569
2018-05-07,30.34865629606528,6.479016631203482
2018-05-08,30.33557185463028,6.479016631203482
2018-05-09,30.587257887861686,6.541642805960694
2018-05-10,30.87456670658802,6.602813707839234
2018-05-11,30.864578250598424,6.622958892461851
2018-05-14,30.933470496877927,6.626111420894662
2018-05-15,30.911951570261643,6.5804773915389605
2018-05-16,31.21543282738043,6.608148298970382
2018-05-17,31.275182269405814,6.602564413657752
2018-05-18,31.149267772392218,6.5860580026236075
2018-05-21,31.40810046543416,6.6355785727453345
2018-05-22,31.249951452992075,6.617131664313103
2018-05-23,31.274890847031386,6.635335393521628
2018-05-24,31.31014421821245,6.621739591300303
2018-05-25,31.27196304784214,6.605959985854234
2018-05-29,30.928666077852007,6.529984840056925
2018-05-30,31.376916694311902,6.617127487747484
2018-05-31,31.05224342566275,6.576590964757544
2018-06-01,31.315427479950763,6.641159934849534
2018-06-04,31.42548724524908,6.672712085700003
2018-06-05,31.609211110782958,6.677569820098394
2018-06-06,31.885842964364272,6.733400981364237
2018-06-07,31.972623210762524,6.73267377405825
2018-06-08,32.190047803652476,6.752575557734366
2018-06-11,32.30997002240916,6.761556483226153
2018-06-12,32.418875806936555,6.770292414202482
2018-06-13,32.23603709431588,6.748688411108761
2018-06-14,32.28521449297413,6.765681608527933
2018-06-15,32.28743786210388,6.757075661521885
2018-06-18,32.34066918914467,6.743176356886134
2018-06-19,32.2264445439482,6.7173297619101895
2018-06-20,32.391439190926896,6.728789526484008
2018-06-21,32.193230550278024,6.68660674494248
2018-06-22,32.28753840652668,6.69879642903851
2018-06-25,31.923081739546788,6.607605713250009
2018-06-26,31.98889507518492,6.622234952299144
2018-06-27,31.772603562676643,6.5673763579542985
2018-06-28,31.887975853090786,6.60492861596908
2018-06-29,31.811827075459245,6.614439713176076
2018-07-02,31.8067279230575,6.628581385282847
2018-07-03,31.819671055175547,6.605175864411414
2018-07-05,32.03366228383386,6.659060889113283
2018-07-06,32.28275690254971,6.715383226113404
2018-07-09,32.59347224225975,6.775848536681329
2018-07-10,32.66909169718842,6.800228039716308
2018-07-11,32.3692342540322,6.750491171833823
2018-07-12,32.48121711549661,6.811691124797669
2018-07-13,32.51285826164034,6.817051925712885
2018-07-16,32.39564045652599,6.8109574812912985
2018-07-17,32.49308925466847,6.838507804303123
2018-07-18,32.57813691025597,6.852896024723377
2018-07-19,32.62809326851389,6.827053753814146
2018-07-20,32.48669623585695,6.819250431373536
2018-07-23,32.509043788994155,6.83192741792546
2018-07-24,32.399594729783374,6.86630567669246
2018-07-25,32.61547922426633,6.92482719997491
2018-07-26,32.84183080522093,6.908491532610169
2018-07-27,32.62045288460236,6.861679593985203
2018-07-30,32.492392908940445,6.8258341797862245
2018-07-31,32.74310100428539,6.859478716458391
2018-08-01,32.411058727086406,6.848016527523189
2018-08-02,32.590838337731476,6.885324521565135
2018-08-03,32.74595763016755,6.914828137140042
2018-08-06,32.84639207207398,6.940184811918935
2018-08-07,32.87430367750976,6.963101302167891
2018-08-08,32.81740295190785,6.960176799620981
2018-08-09,32.84201604936503,6.950669198112698
2018-08-10,32.53570040270842,6.904099714485343
2018-08-13,32.33392839112016,6.878257669254024
2018-08-14,32.65544099225971,6.922147831441534
2018-08-15,32.35239862317988,6.87046015358416
2018-08-16,32.612618193638916,6.92604904668681
2018-08-17,32.81598333150394,6.950428739331147
2018-08-20,33.01867745981597,6.965302656833316
2018-08-21,33.21569301026926,6.98163629156359
2018-08-22,33.12778129409348,6.977489199606401
2018-08-23,33.00846936114147,6.968223093949324
2018-08-24,33.138648492370216,7.010157860528712
2018-08-27,33.327634396851636,7.065503056837586
2018-08-28,33.30158896570565,7.068915694814039
2018-08-29,33.45056009161949,7.106953530167834
2018-08-30,33.20509992912262,7.078184582277714
2018-08-31,33.218596952467074,7.078425240553512
2018-09-04,33.16139244328244,7.06623619228928
2018-09-05,33.21441136937442,7.047220950695829
2018-09-06,33.095368234701816,7.026008815634235
2018-09-07,32.994678631457134,7.012357280505458
2018-09-10,33.14377111971523,7.024551769816256
2018-09-11,33.18564406037927,7.047711717001341
2018-09-12,33.274320786507936,7.0494172632368555
2018-09-13,33.40235231680142,7.091107516931638
2018-09-14,33.47778918073301,7.092327187424551
2018-09-17,33.37251751807145,7.0547804072943245
2018-09-18,33.54610418251171,7.093059645784303
2018-09-19,33.61123919590327,7.1006208473667085
2018-09-20,33.84053640943591,7.158164278713768
2018-09-21,33.88942015195329,7.15164319105586
2018-09-24,33.628764616772905,7.127885432375172
2018-09-25,33.51420194921012,7.121270754693928
2018-09-26,33.39897460728789,7.099963912595884
2018-09-27,33.39615782446377,7.119801211767677
2018-09-28,33.46148970492111,7.120534551292489
2018-10-01,33.402765689254046,7.145271288323679
2018-10-02,33.28470211257959,7.141105595162586
2018-10-03,33.354091534939364,7.14502606213433
2018-10-04,33.104307902543084,7.089180538432688
2018-10-05,32.89935621869846,7.04950239495908
2018-10-08,32.98514186590923,7.04950239495908
2018-10-09,32.77860485669369,7.039217170964835
2018-10-10,31.82588332557756,6.816334437680576
2018-10-11,31.182164667252216,6.666191039021785
2018-10-12,31.42778823961913,6.758771100171719
2018-10-15,31.50682240778485,6.720807082902055
2018-10-16,32.11961088322503,6.867764250576791
2018-10-17,32.00418962123135,6.868986712613394
2018-10-18,31.55685944501893,6.769791675496544
2018-10-19,31.451483863288953,6.76611567861675
2018-10-22,31.240078300996622,6.735742585335439
2018-10-23,31.024621839217517,6.701450919833497
2018-10-24,30.16927946997155,6.498403658413462
2018-10-25,30.568722789611545,6.614991518449058
2018-10-26,30.091931073639834,6.498653662614094
2018-10-29,30.092437495092195,6.462651121323212
2018-10-30,30.931131693476235,6.5584211482901
2018-10-31,31.089927622293157,6.6284716445749865
2018-11-01,31.65922692878872,6.699011839816554
2018-11-02,31.577749077727663,6.65933359268932
2018-11-05,31.791533772057182,6.696073136120187
2018-11-06,32.01974989202298,6.738445886925555
2018-11-07,32.40455390776216,6.882709274918744
2018-11-08,32.41952203508921,6.870217157584766
2018-11-09,32.13057543858582,6.803108876389478
2018-11-12,31.65795229198635,6.675992787034141
2018-11-13,31.659468729788504,6.6635020045296
2018-11-14,31.468195118158185,6.617943641324631
2018-11-15,31.701896092958638,6.6870151191091365
2018-11-16,31.751761623157506,6.70440804543394
2018-11-19,31.310749029025946,6.591002983345425
2018-11-20,30.705197321388493,6.469029882135635
2018-11-21,30.989641464136508,6.491076335973953
2018-11-23,30.937917350315104,6.447722437125983
2018-11-26,31.427472173076385,6.551814468150945
2018-11-27,31.37250372717348,6.573854772021805
2018-11-28,31.93969916121978,6.7252177781476075
2018-11-29,31.818882702553697,6.710523177302355
2018-11-30,31.9144558732863,6.751423816068013
2018-12-03,32.24167075593842,6.84081941881657
2018-12-04,31.223637761071725,6.619163188008075
2018-12-06,31.061226565652074,6.609121917451867
2018-12-07,30.43138397317243,6.455552360577956
2018-12-10,30.269522754653533,6.467798543405973
2018-12-11,30.199067981396794,6.469266733675326
2018-12-12,30.37082258097605,6.50183949167938
2018-12-13,30.052905528707008,6.499635368091701
2018-12-14,29.64644089748148,6.379619601019888
2018-12-17,29.000677654241855,6.25446422368708
2018-12-18,28.94052483548994,6.2476093308979195
2018-12-19,28.475412947014675,6.154045133558392
2018-12-20,27.99040489216027,6.053869586874328
2018-12-21,27.459651979516956,5.930558317259285
2018-12-24,26.787769300260013,5.7738551748423435
2018-12-26,27.96551284907134,6.065579207551252
2018-12-27,28.165058113514498,6.1121446591276225
2018-12-28,28.08247571464852,6.104259992517348
2018-12-31,28.284575338006643,6.157727205791807
2019-01-02,28.46709041255114,6.16413124208583
2019-01-03,27.92557451462762,6.017036578255936
2019-01-04,28.94659870325117,6.218583235481196
2019-01-07,29.353818353005465,6.267616764292965
2019-01-08,29.704427944740278,6.326501023793498
2019-01-09,29.949984588262893,6.3560647630776845
2019-01-10,30.106952858790727,6.378488959561823
2019-01-11,30.182498035907955,6.380951056300214
2019-01-14,30.054685947475217,6.342020873905726
2019-01-15,30.21048943899465,6.41470677514156
2019-01-16,30.27667009023477,6.430230365537403
2019-01-17,30.599668634884097,6.479016523320735
2019-01-18,31.093655982649008,6.565252233246134
2019-01-22,30.584215645297363,6.476549110322745
2019-01-23,30.518635659640932,6.4900980510615405
2019-01-24,30.790855540800397,6.4935442931266545
2019-01-25,31.18161722925487,6.5484861713908
2019-01-28,31.084449016262628,6.498717676488229
2019-01-29,31.115774716001592,6.490093878131529
2019-01-30,31.381594780038423,6.592838554316229
2019-01-31,31.531665604691618,6.650736862500234
2019-02-01,31.623783448690222,6.65394251766796
2019-02-04,31.780734325208165,6.700753003279753
2019-02-05,31.953566345700384,6.728842559869502
2019-02-06,31.907911828823504,6.719973945375594
2019-02-07,31.6307932693371,6.655912433754328
2019-02-08,31.72207082289205,6.6640459587483765
2019-02-11,31.841697303570747,6.667744504255483
2019-02-12,32.36963523967411,6.753485030835703
2019-02-13,32.515421584479896,6.775413596730827
2019-02-14,32.46853663112965,6.760385729373278
2019-02-15,32.73562873298031,6.834053652666258
2019-02-19,32.84195407197492,6.845883399539023
2019-02-20,32.972511345626266,6.859677854589095
2019-02-21,32.852401315635916,6.8352848401381765
2019-02-22,33.03906913931488,6.877663606147033
2019-02-25,33.036208403458126,6.887024106314999
2019-02-26,32.92452870931512,6.8820998840789835
2019-02-27,32.96414998907555,6.879140581128829
2019-02-28,32.84856217739213,6.866324742226187
2019-03-01,33.125139309959046,6.909198073916647
2019-03-04,32.94885735336185,6.884069320521812
2019-03-05,32.81344156973661,6.8747069862459025
2019-03-06,32.47311246877907,6.8330668860302115
2019-03-07,32.185497737194225,6.775908281528569
2019-03-08,32.063361942806004,6.762356464965512
2019-03-11,32.44444953252577,6.860417396063977
2019-03-12,32.531891567484294,6.886288030064534
2019-03-13,32.6818403290717,6.931868370535531
2019-03-14,32.59455456715614,6.927431974778388
2019-03-15,32.666728869369294,6.961508012662322
2019-03-18,32.868047386987755,6.986750440716235
2019-03-19,32.76807754175345,6.988483154825532
2019-03-20,32.42730338933686,6.967447820529508
2019-03-21,32.836891844591754,7.04614514366239
2019-03-22,32.02383169717473,6.910535034227463
2019-03-25,32.06737627992304,6.905338311881724
2019-03-26,32.385043720533126,6.956810703658491
2019-03-27,32.333343420864246,6.920433540489061
2019-03-28,32.547854062872084,6.946661983607514
2019-03-29,32.74100749735546,6.9904676340761425
2019-04-01,33.2386006006024,7.073367589748652
2019-04-02,33.192604710892006,7.076833539867629
2019-04-03,33.342725608937016,7.087972475859381
2019-04-04,33.586395947128075,7.106776866837836
2019-04-05,33.850200209126534,7.141173666873331
2019-04-08,33.886069697894364,7.146615241207488
2019-04-09,33.52940312149478,7.1099888380962994
2019-04-10,33.789574661310134,7.134241010023047
2019-04-11,33.854454563872295,7.13225769102226
2019-04-12,34.18168042565171,7.180514546559717
2019-04-15,34.067292121448126,7.175811309531721
2019-04-16,34.15192569502331,7.180511465939465
2019-04-17,34.0078633545467,7.162940754382311
2019-04-18,34.06735124522047,7.177044584727691
2019-04-22,33.891278617626035,7.183231197159725
2019-04-23,34.22433705918823,7.2478228120845865
2019-04-24,34.24927398874874,7.231739893264571
2019-04-25,33.950114715904526,7.22728514149032
2019-04-26,34.18954410943859,7.26094260839424
2019-04-29,34.23363840941994,7.272327766404202
2019-04-30,34.231905803505356,7.276036653565068
2019-05-01,33.826870521581576,7.221349962076873
2019-05-02,33.77513241145256,7.205759067508749
2019-05-03,34.07101582580504,7.276289037261524
2019-05-06,33.847151555733284,7.246347107873193
2019-05-07,33.294540054926934,7.12533311117171
2019-05-08,33.20136131924295,7.115436023480293
2019-05-09,33.14431966457747,7.093904714073242
2019-05-10,33.225948905770245,7.129537397452031
2019-05-13,32.23876639702579,6.950372122654062
2019-05-14,32.59716197883358,7.013231288131346
2019-05-15,32.66653685514206,7.054307783785931
2019-05-16,32.82125357283947,7.119637728171572
2019-05-17,32.59606208811713,7.073609270258943
2019-05-20,32.42741294202459,7.026838565763991
2019-05-21,32.850641596778914,7.090192542272918
2019-05-22,32.59498591794645,7.068418560975598
2019-05-23,32.13707701510678,6.982049554579037
2019-05-24,32.18830229970405,6.997884842968822
2019-05-28,31.85126538703222,6.932797516044369
2019-05-29,31.578309975356536,6.886271511914195
2019-05-30,31.59375372404382,6.905077919413233
2019-05-31,31.167585290102643,6.812031994449139
2019-06-03,31.438410109485822,6.794708997087255
2019-06-04,32.30119823098867,6.9422017452870275
2019-06-05,32.49158029836653,7.002335096804703
2019-06-06,32.59972383056835,7.047871281939224
2019-06-07,32.80662040585176,7.11839932985759
2019-06-10,32.89691999070342,7.1510656643823065
2019-06-11,32.92465364378563,7.1493351064915265
2019-06-12,32.828011820216005,7.136716530028568
2019-06-13,33.151644718107235,7.166162622431467
2019-06-14,33.01490926108175,7.158244012733681
2019-06-17,32.97134899607995,7.16096414545852
2019-06-18,33.365110149748524,7.235946601025615
2019-06-19,33.48825837385943,7.25227813250413
2019-06-20,33.82282448654165,7.321566397782075
2019-06-21,33.72656431805697,7.310964769638086
2019-06-24,33.51132930220109,7.302016148760049
2019-06-25,33.25833575886287,7.23039797437301
2019-06-26,33.24239054553584,7.223189267592559
2019-06-27,33.52533524008914,7.248802696735443
2019-06-28,33.91977397777911,7.286105035412844
2019-07-01,34.14642384265523,7.352255583029358
2019-07-02,34.00834948744387,7.371400856567567
2019-07-03,34.342733456958314,7.430335206415824
2019-07-05,34.371990245896015,7.4218794849509235
2019-07-08,34.15392473638538,7.381096257181118
2019-07-09,34.10709455289128,7.390300484213823
2019-07-10,34.05490179270973,7.4256113399273955
2019-07-11,34.1257375302052,7.443016972908184
2019-07-12,34.48230397242795,7.476339359895895
2019-07-15,34.40612113073973,7.4788289809027395
2019-07-16,34.414664353647524,7.4529671902867785
2019-07-17,34.01240292236978,7.403978836945023
2019-07-18,34.092980631192475,7.431084803467078
2019-07-19,34.00738288917009,7.389805127383818
2019-07-22,33.92682537452016,7.407954488776673
2019-07-23,34.271835859732896,7.460921363371426
2019-07-24,34.60245707451502,7.495987693779272
2019-07-25,34.33558014078027,7.460179360566088
2019-07-26,34.54811139783286,7.510162562281881
2019-07-29,34.401073095696255,7.496486556255966
2019-07-30,34.40847970649429,7.478082681760357
2019-07-31,34.07285494411963,7.396272457221899
2019-08-01,33.331089945820075,7.33186571666441
2019-08-02,32.99478220266563,7.276656767817927
2019-08-05,32.03002803210553,7.057825868839338
2019-08-06,32.36110763726413,7.156797760998071
2019-08-07,32.38647207934559,7.161027428474821
2019-08-08,32.973908917828616,7.301526786621497
2019-08-09,32.4962029103424,7.251788786151031
2019-08-12,31.989400103808215,7.1635127612572145
2019-08-13,32.429261495100754,7.274919711720287
2019-08-14,31.2489376158801,7.059814885684141
2019-08-15,31.089392359275053,7.078466916612119
2019-08-16,31.59258669825972,7.182909695966732
2019-08-19,31.989209108568488,7.2694493919837395
2019-08-20,31.681736544324462,7.213743601292968
2019-08-21,31.96893718508084,7.272427405489487
2019-08-22,32.003932451336894,7.270187497848596
2019-08-23,30.971746441828053,7.083438191591359
2019-08-26,31.208607735314725,7.161766851113976
2019-08-27,30.928439673782655,7.133664077990204
2019-08-28,31.25100813027924,7.183899340427411
2019-08-29,31.727539693428913,7.27565928670269
2019-08-30,31.802792570866288,7.272428893979394
2019-09-03,31.49469804050137,7.229907002236296
2019-09-04,31.924383149314085,7.311966446711678
2019-09-05,32.54260603728717,7.405961775384157
2019-09-06,32.614044033273615,7.4116791778747535
2019-09-09,33.070848160464045,7.415407252501224
2019-09-10,33.505075075482594,7.413664631796886
2019-09-11,33.829227034707934,7.466383200993594
2019-09-12,33.812326220606785,7.492246752401835
2019-09-13,33.88095589028422,7.48727190055824
2019-09-16,33.95640618582442,7.464143717657416
2019-09-17,33.7859740059057,7.483042929550525
2019-09-18,33.69832367235007,7.487517789222396
2019-09-19,33.49384981759966,7.487023613048308
2019-09-20,33.32831413836137,7.451804653972529
2019-09-23,33.3881500449229,7.450053479878846
2019-09-24,33.03902874585279,7.3915929102222355
2019-09-25,33.28739903949299,7.4353141822861994
2019-09-26,33.14280462712484,7.419826422844498
2019-09-27,33.11654733596176,7.379855817904634
2019-09-30,33.30199191040511,7.414083589188075
2019-10-01,32.765982118621146,7.325893064894683
2019-10-02,32.03111211770046,7.196481163903318
2019-10-03,32.26348813198849,7.255441934079177
2019-10-04,32.602138966678886,7.353622574331137
2019-10-07,32.41699470669465,7.3218916929228985
2019-10-08,31.705792447195254,7.208219324390271
2019-10-09,31.978842389396217,7.27666857509468
2019-10-10,32.23595208100782,7.325880684668046
2019-10-11,32.90207291729571,7.401828089726
2019-10-14,32.74269561810108,7.393582453234045
2019-10-15,33.07745387816927,7.4667789195210625
2019-10-16,33.04315449289827,7.454787272576311
2019-10-17,33.15315356905265,7.47677144024314
2019-10-18,33.02317963507677,7.444045611649196
2019-10-21,33.34263119698755,7.494508796850567
2019-10-22,33.523971284390264,7.4700242366112555
2019-10-23,33.60932513030702,7.491762007139794
2019-10-24,33.545955890294714,7.50400354625946
2019-10-25,33.73743609731874,7.534732440781392
2019-10-28,33.87964378615988,7.5772057275500755
2019-10-29,33.95318005551745,7.5749552974489935
2019-10-30,33.78392684099011,7.598187685346269
2019-10-31,33.6038561529716,7.577953711540192
2019-11-01,34.21352657199527,7.6481558747239
2019-11-04,34.45657455696956,7.6788861650285405
2019-11-05,34.615761966117894,7.670393316930019
2019-11-06,34.48496266596738,7.672142166606278
2019-11-07,34.7156698494029,7.699125090606232
2019-11-08,34.7730075736478,7.718111133079668
2019-11-11,34.72459554563982,7.703369540815486
2019-11-12,34.65569642366563,7.719608243807525
2019-11-13,34.47336811696857,7.722109396878519
2019-11-14,34.538887815762315,7.733352788160373
2019-11-15,34.86361066606049,7.789311328935502
2019-11-18,34.76114861256525,7.795059840696255
2019-11-19,34.6214593840786,7.792814863462135
2019-11-20,34.45979860179344,7.763833384984919
2019-11-21,34.38819856662117,7.751341377068478
2019-11-22,34.619932585191876,7.768580360291078
2019-11-25,34.95185398211911,7.828786858083333
2019-11-26,34.95955493300967,7.8465268891037505
2019-11-27,35.139728571192315,7.881506705975376
2019-11-29,34.926931533425766,7.852274197602913
2019-12-02,34.66890363002607,7.785569128294276
2019-12-03,34.25034398994909,7.733351316150807
2019-12-04,34.5510960763696,7.781066093771457
2019-12-05,34.664499168938825,7.795056450608058
2019-12-06,34.99311727061001,7.866256496227912
2019-12-09,34.90665975669093,7.841524985803771
2019-12-10,34.832420309265615,7.8327816854445995
2019-12-11,34.89811267787516,7.855018952649577
2019-12-12,35.429236893018995,7.922721361002464
2019-12-13,35.24278189338652,7.927467071097704
2019-12-16,35.49050485881767,7.981928769876144
2019-12-17,35.5906138963956,7.983676812276746
2019-12-18,35.71411348796513,7.984179783915919
2019-12-19,35.81053630325097,8.01690693685019
2019-12-20,36.02515676769114,8.051884701815668
2019-12-23,36.04891046912239,8.064187981640043
2019-12-24,36.05146191695565,8.064437971467473
2019-12-26,36.15178476311099,8.107364974789595
2019-12-27,36.03473862850085,8.105354348275847
2019-12-30,35.883851121905735,8.060669529753802
2019-12-31,36.080492516024755,8.080248896041574
2020-01-02,36.126191894784704,8.155815383717355
2020-01-03,35.91244789587489,8.094059549631847
2020-01-06,35.93234675666964,8.124938386813692
2020-01-07,35.96657542115477,8.102091060069972
2020-01-08,36.025640686343316,8.145275205420145
2020-01-09,36.143755802986185,8.200508316588099
2020-01-10,36.01157714693553,8.176907253652958
2020-01-13,36.23287875335942,8.23313984483633
2020-01-14,36.37803106329849,8.220584306572954
2020-01-15,36.40717302982678,8.239162827105808
2020-01-16,36.78511301783024,8.307696183501674
2020-01-17,36.78555707313261,8.333558041720915
2020-01-21,36.49253115731185,8.317240935075224
2020-01-22,36.41335457265261,8.31824732122837
2020-01-23,36.49581596804555,8.327788350905818
2020-01-24,36.054761334266885,8.253729329101212
2020-01-27,35.446008995670034,8.121430301685049
2020-01-28,35.75695275031032,8.206534769816406
2020-01-29,35.65861610438849,8.199756172096537
2020-01-30,35.731126522560444,8.22636438087499
2020-01-31,34.9947065102358,8.076990056447062
2020-02-03,35.173633042852444,8.136994015576407
2020-02-04,35.73583582669746,8.261009941367808
2020-02-05,36.448357352132405,8.356408084170722
2020-02-06,36.350017308045366,8.384527397373956
2020-02-07,35.95124571492241,8.339837866345954
2020-02-10,36.02260955988628,8.402094756018228
2020-02-11,36.20263654308243,8.416655586230407
2020-02-12,36.508711228387156,8.470884098172489
2020-02-13,36.39631525248952,8.461845664839739
2020-02-14,36.35318931055414,8.475401541594813
2020-02-18,36.19366718700435,8.453560431822122
2020-02-19,36.36562090387717,8.493976904246663
2020-02-20,36.43535501690589,8.459083647124018
2020-02-21,36.05328667431647,8.371972003725935
2020-02-24,34.85632894889034,8.094315552222364
2020-02-25,33.56719251421959,7.849041602358922
2020-02-26,33.0521087464945,7.820172827345446
2020-02-27,31.848350560986898,7.468953225323707
2020-02-28,31.47683266596319,7.4375686838708965
2020-03-02,32.5153888515242,7.759667470863294
2020-03-03,31.62985043154187,7.537484912170065
2020-03-04,32.695202576826816,7.854308015483309
2020-03-05,31.391436656890846,7.593215108432613
2020-03-06,30.6336640677257,7.467691669475114
2020-03-09,27.855521141628817,6.884502288547455
2020-03-10,29.159273409710146,7.2407408594683424
2020-03-11,27.462798557565534,6.88776922405098
2020-03-12,24.59432015554918,6.228768128001454
2020-03-13,26.49440722142356,6.761240600191787
2020-03-16,23.336845402021623,6.021398608756401
2020-03-17,24.542036651486082,6.346505962440377
2020-03-18,22.793416891274877,6.025163326044133
2020-03-19,22.99386367041794,6.0379667981119765
2020-03-20,21.80271856551673,5.779276148613667
2020-03-23,20.991449912213984,5.631511616045912
2020-03-24,23.366387930800467,6.141743462994519
2020-03-25,24.028955231086567,6.233685362635547
2020-03-26,25.36681583007849,6.597670250959836
2020-03-27,24.37086113619269,6.401152044864746
2020-03-30,24.895886737685103,6.609035858673773
2020-03-31,24.458951613688512,6.510528179200241
2020-04-01,22.950142717390673,6.217521858495335
2020-04-02,23.13923731197247,6.360991175380114
2020-04-03,22.9270387399979,6.269049408931171
2020-04-06,25.086572850397182,6.690116381531442
2020-04-07,25.861301515602882,6.696933610124223
2020-04-08,27.269365450833195,6.921736277548873
2020-04-09,28.198634049046785,7.027064338484334
2020-04-13,27.339496776174418,6.962907241073973
2020-04-14,27.720550180735685,7.168264264334967
2020-04-15,26.42148305090719,7.015952985246377
2020-04-16,25.97741441644597,7.0497979424472055
2020-04-17,27.542973370428818,7.240248233862417
2020-04-20,26.835052554947055,7.112689540478229
2020-04-21,26.20824636047301,6.896726947960688
2020-04-22,26.590754549777657,7.049799802570675
2020-04-23,27.13882101542463,7.04929221698489
2020-04-24,27.523811968765106,7.147552301197442
2020-04-27,28.54102175622332,7.2506057102761075
2020-04-28,29.398148737512997,7.217267425220258
2020-04-29,30.999934956213085,7.4062082691450986
2020-04-30,29.873460777929065,7.337249063951089
2020-05-01,28.38616422349906,7.143010069481112
2020-05-04,28.54648671476105,7.162710491252741
2020-05-05,28.404355515084838,7.228886773481426
2020-05-06,27.91794548781575,7.179882150043995
2020-05-07,28.45983969444542,7.266521787948577
2020-05-08,29.62634909561608,7.386753657451973
2020-05-11,28.92618010224357,7.388267941951751
2020-05-12,28.101637913160154,7.241004985332769
2020-05-13,26.90435581665013,7.1129405711621745
2020-05-14,27.349412812600836,7.198061130977273
2020-05-15,27.455721928734643,7.2311506179963745
2020-05-18,29.40652664854669,7.451411465820543
2020-05-19,28.780647292885813,7.3748780186551
2020-05-20,29.450956475649683,7.500162446436013
2020-05-21,29.510286660551003,7.448381324905819
2020-05-22,29.431604787326023,7.462525801041816
2020-05-26,30.919344613556493,7.554471581436453
2020-05-27,32.015733709457145,7.666874564096647
2020-05-28,31.139428074750185,7.652729180525888
2020-05-29,30.581700681847657,7.686829741754312
2020-06-01,31.287413480424018,7.717899907570484
2020-06-02,31.89962163677169,7.781804118805168
2020-06-03,33.29741686312948,7.8853643680182275
2020-06-04,33.81307046492756,7.8646495158234435
2020-06-05,35.64576949700503,8.066220482913998
2020-06-08,37.22057491437281,8.163724956111464
2020-06-09,35.67651208106174,8.102848059113741
2020-06-10,34.11513677461082,8.057634166943886
2020-06-11,31.1170617750936,7.593119614853738
2020-06-12,32.082132856711624,7.684054815361226
2020-06-15,32.411476075922224,7.755793151117439
2020-06-16,33.263502775604074,7.905076657690147
2020-06-17,32.533017635255355,7.872238969254102
2020-06-18,32.53457978433191,7.875269781257265
2020-06-19,32.04136942664066,7.830467371471692
2020-06-22,32.094427431217014,7.880699819659683
2020-06-23,32.2070996587072,7.916982561629397
2020-06-24,30.706823629484997,7.7150282534647925
2020-06-25,31.072747783614723,7.797741071370188
2020-06-26,30.23971320255456,7.612529125443004
2020-06-29,31.164594026175365,7.724418078528766
2020-06-30,31.56442432046474,7.8233678741147195
2020-07-01,31.252117638010752,7.8781705660728925
2020-07-02,31.51527436805637,7.921555651380255
2020-07-06,31.927533336189054,8.043840705970611
2020-07-07,31.19871666893867,7.96087653292923
2020-07-08,31.27941731142061,8.021769277529605
2020-07-09,30.48077978392912,7.97610134503263
2020-07-10,31.225883642177227,8.057545315866758
2020-07-13,31.188080080086166,7.9877750309766675
2020-07-14,31.725850665060975,8.091288607603094
2020-07-15,32.92694009275117,8.165623276041144
2020-07-16,32.93781886832882,8.13873387859314
2020-07-17,32.84405962452233,8.16232806810718
2020-07-20,32.49640069777139,8.228296003553622
2020-07-21,33.1076640908205,8.245805817449183
2020-07-22,33.282373096023875,8.292740944162103
2020-07-23,33.4449771460496,8.19379195921636
2020-07-24,33.1716156188431,8.141023938999007
2020-07-27,33.274782991945635,8.20038828556219
2020-07-28,32.962569366269776,8.148381423055154
2020-07-29,33.70850335151455,8.24859836617731
2020-07-30,33.34939114723021,8.21916736720679
2020-07-31,33.12244781127724,8.28411522774246
2020-08-03,33.183478405458736,8.341706396805726
2020-08-04,33.36307487485528,8.373930408616587
2020-08-05,33.85804598856041,8.425940890384505
2020-08-06,33.75011617287342,8.482268305236726
2020-08-07,34.251918219522075,8.488358573879886
2020-08-10,34.997058405062916,8.513730277657212
2020-08-11,35.06957876680539,8.443449434215152
2020-08-12,35.13836499662916,8.561168006226978
2020-08-13,34.930273807906055,8.54568941447172
2020-08-14,35.116151840030646,8.545945785154155
2020-08-17,34.97724679968946,8.573096254913589
2020-08-18,34.64267024733558,8.591614142824202
2020-08-19,34.50566663553971,8.555838661533482
2020-08-20,34.150040210995215,8.582481543125498
2020-08-21,34.021853316999106,8.612923605158963
2020-08-24,34.8234658930568,8.700198360050038
2020-08-25,34.785255746169085,8.730640354111852
2020-08-26,34.588575153183434,8.818173754302178
2020-08-27,34.78894259207354,8.837459100302835
2020-08-28,35.16064123511446,8.89454024863169
2020-08-31,34.696771308319505,8.862315329310897
2020-09-01,34.91152162051446,8.945789477397676
2020-09-02,35.50382791090434,9.075181376398756
2020-09-03,34.80172117353935,8.76286808451137
2020-09-04,34.86719073224895,8.691319266601335
2020-09-08,34.22965014538179,8.453846350279987
2020-09-09,34.52237800009241,8.620784454158965
2020-09-10,34.10165008225336,8.471093152896948
2020-09-11,34.3359470983498,8.475404939311774
2020-09-14,35.03176659654055,8.58703449776745
2020-09-15,34.948210072692184,8.630416196050172
2020-09-16,35.404270282889925,8.59616207416805
2020-09-17,35.28739377538726,8.520558828725742
2020-09-18,34.81732159095446,8.422862101195573
2020-09-21,33.612770662643705,8.329115646009267
2020-09-22,33.778237242240564,8.413939359748225
2020-09-23,33.089073777031416,8.218811692056304
2020-09-24,33.03832619974124,8.240714825215633
2020-09-25,33.35864005302364,8.373942461794895
2020-09-28,34.07826038080209,8.513025272142848
2020-09-29,33.64738249427307,8.466663336510758
2020-09-30,33.877828686982056,8.530857577928183
2020-10-01,33.893213891675835,8.585625683578483
2020-10-02,34.26886894705172,8.504113753338588
2020-10-05,35.018482119782355,8.65491720252654
2020-10-06,34.55962653392896,8.531878899575423
2020-10-07,35.29330489168795,8.680393315580332
2020-10-08,35.970400901648176,8.757327641536321
2020-10-09,35.872735031532386,8.835530577375241
2020-10-12,36.049310480372796,8.977676593304055
2020-10-13,35.58877035144231,8.919088275856152
2020-10-14,35.56740672262664,8.863049644218949
2020-10-15,35.850749635160085,8.852094914858695
2020-10-16,35.72618422158546,8.846748249530119
2020-10-19,35.31415965922545,8.712251135892513
2020-10-20,35.60383112941774,8.747152413942898
2020-10-21,35.49593478581138,8.730594054423303
2020-10-22,36.26237051712886,8.778481362811815
2020-10-23,36.48500250692202,8.808284307038562
2020-10-26,35.48891092618112,8.645507213044489
2020-10-27,34.952416265090584,8.615706149681126
2020-10-28,33.78210748752805,8.321229929191174
2020-10-29,34.281889657231424,8.405806910191474
2020-10-30,34.36671793818555,8.318176373152728
2020-11-02,35.354506763322135,8.411406493943025
2020-11-03,36.020951126257906,8.559918287000082
2020-11-04,35.62569073702373,8.751223900796246
2020-11-05,36.42824435305489,8.921899020533475
2020-11-06,36.087734507392284,8.919864827556793
2020-11-09,38.475320092778496,9.031951848979872
2020-11-10,38.77008723693136,9.01870197561742
2020-11-11,38.44906404184215,9.085701912594281
2020-11-12,37.66708145722124,8.997561518340204
2020-11-13,38.81286071916425,9.122132757561625
2020-11-16,39.96374550625267,9.236004340774267
2020-11-17,40.035551784546044,9.186333109429583
2020-11-18,39.64741979766846,9.075775590457598
2020-11-19,39.89817574267744,9.113984605693425
2020-11-20,39.677581224582205,9.051572039113637
2020-11-23,40.6747265763852,9.105827161916084
2020-11-24,41.91619716350487,9.252558460803199
2020-11-25,41.46143147808946,9.23829101565664
2020-11-27,41.28521145532113,9.264019656135245
2020-11-30,40.49427274263469,9.223007841117534
2020-12-01,40.961120022858225,9.323879877875836
2020-12-02,41.22268360177705,9.343497321138887
2020-12-03,41.69409445967129,9.340946546370217
2020-12-04,42.61518975478173,9.421446823706836
2020-12-07,42.32638189019141,9.402085750484117
2020-12-08,42.48996255777764,9.429596253390033
2020-12-09,42.52628030391067,9.345022204593377
2020-12-10,42.786213278870534,9.341966382332476
2020-12-11,42.390797542015534,9.331008255766001
2020-12-14,41.84817849995317,9.289233331804937
2020-12-15,42.611291729823165,9.414814477217607
2020-12-16,42.37806665444982,9.429586321132362
2020-12-17,42.57903441715732,9.482316567840135
2020-12-18,42.355053871105085,9.444614877166403
2020-12-21,42.02363791922745,9.410840934365655
2020-12-22,41.69905529697849,9.39498366739125
2020-12-23,42.362672125015955,9.403429757708235
2020-12-24,42.3394975183355,9.440009099465719
2020-12-28,42.46158711003425,9.52110821763923
2020-12-29,42.13544702333195,9.502941943159973
2020-12-30,42.656587124072814,9.516502641312863
2020-12-31,42.79157883714193,9.564855991233372
2021-01-04,42.31686012728985,9.434640041768722
2021-01-05,42.94552502237453,9.499616407736383
2021-01-06,44.33099848685634,9.55641461423824
2021-01-07,44.747289673994885,9.69840382257659
2021-01-08,44.638010821032395,9.753665327557632
2021-01-11,44.72792413672254,9.687915869584566
2021-01-12,45.43855708912134,9.689960019833048
2021-01-13,45.08847199321702,9.71605508216646
2021-01-14,45.47580576781254,9.682029457268712
2021-01-15,44.98948123516511,9.611418416436852
2021-01-19,45.15619254140982,9.686887273842714
2021-01-20,45.356853756070564,9.820944106825422
2021-01-21,45.093024617362225,9.829900807850848
2021-01-22,44.94243088101341,9.795112788891863
2021-01-25,44.867918291960635,9.833744713731253
2021-01-26,44.65446727543583,9.818394238233118
2021-01-27,43.70643227988513,9.578422864656462
2021-01-28,43.97185396190532,9.660797301292506
2021-01-29,43.15179239996802,9.46738813932063
2021-02-01,43.69883000861196,9.62498228228776
2021-02-02,44.22797260606505,9.761079531759309
2021-02-03,44.60252616380511,9.768751740271272
2021-02-04,45.239150318203116,9.879783372551195
2021-02-05,45.560314874393924,9.918670199905556
2021-02-08,46.30239006984016,9.990302836089274
2021-02-09,46.335467341491935,9.983649294400438
2021-02-10,46.627682860545576,9.97929642330808
2021-02-11,46.59209558491614,9.995412987031722
2021-02-12,46.92362074681952,10.044790327187659
2021-02-16,47.04997023304182,10.036091538764314
2021-02-17,47.04097493416445,10.038389803726691
2021-02-18,46.62811808097018,9.99566641672203
2021-02-19,47.26737202901351,9.978014069830097
2021-02-22,47.6592693090481,9.901263185604964
2021-02-23,47.82700290653538,9.91328331911229
2021-02-24,48.596843114408614,10.022517788005587
2021-02-25,47.448596416020514,9.781015199385804
2021-02-26,47.189119809427936,9.730613628063368
2021-03-01,48.37377089909525,9.966483702407626
2021-03-02,48.23673082429373,9.88871523007774
2021-03-03,48.32112351719319,9.75772930814013
2021-03-04,47.80098382831188,9.636977407951896
2021-03-05,49.16636827359626,9.814268881325987
2021-03-08,49.73708591266192,9.765403636565866
2021-03-09,49.29536022760021,9.904834069688754
2021-03-10,49.99036154153223,9.966491661772565
2021-03-11,50.29305611021581,10.067541920731276
2021-03-12,50.777266814324136,10.081102899698502
2021-03-15,51.29674075120718,10.141226597392304
2021-03-16,50.627371072771574,10.128438510652993
2021-03-17,50.859828808024155,10.162976485974319
2021-03-18,50.467392986855614,10.015105178103394
2021-03-19,50.47479199375011,9.996627309049792
2021-03-22,50.214898042998,10.076450378112554
2021-03-23,48.99885451873515,9.997138637186431
2021-03-24,48.70546966715966,9.946323181493613
2021-03-25,49.43760625560737,10.002281195712694
2021-03-26,49.91412871897183,10.163467957181606
2021-03-29,49.3836527490251,10.158335405863228
2021-03-30,49.74502421041567,10.131385342031473
2021-03-31,49.61714984362816,10.172447846822728
2021-04-01,50.1285771369862,10.282300111120566
2021-04-05,50.5211806246977,10.42988196461548
2021-04-06,50.63423216202433,10.423717904374392
2021-04-07,50.37900127212104,10.435778145989755
2021-04-08,50.40094981124354,10.485316784848768
2021-04-09,50.7064291975592,10.56154503787462
2021-04-12,50.839903506238784,10.565400001813444
2021-04-13,50.58354728065644,10.59671584741882
2021-04-14,50.78508808250474,10.560528062799884
2021-04-15,51.06826006356783,10.673979815778543
2021-04-16,51.2826060556162,10.709652256322874
2021-04-19,51.03019178489158,10.657035734787561
2021-04-20,50.51207530220083,10.579004919137446
2021-04-21,51.34559787154018,10.679103463682326
2021-04-22,51.08015474768882,10.581571211748516
2021-04-23,51.67144405652029,10.696296606826294
2021-04-26,51.80813478445914,10.71863047414135
2021-04-27,51.953712386254495,10.716315249958935
2021-04-28,52.045967937076036,10.713239667482197
2021-04-29,52.45341099419756,10.78151514388306
2021-04-30,51.96618331181039,10.710669807872605
2021-05-03,52.36960568795208,10.733772722648187
2021-05-04,52.346669595970035,10.66755607872217
2021-05-05,52.730960973318375,10.67089502377481
2021-05-06,52.91719056971765,10.756112791434676
2021-05-07,53.53728271448576,10.834395780330736
2021-05-10,53.34203714775284,10.7271135933139
2021-05-11,52.6328064116515,10.631374104493574
2021-05-12,51.40778145380272,10.405510561643608
2021-05-13,52.12569835532367,10.530511960020633
2021-05-14,53.01230043954779,10.692207971166749
2021-05-17,53.08462775270641,10.664996301880128
2021-05-18,52.49886677713337,10.57310669374313
2021-05-19,52.051578505446074,10.545384007992135
2021-05-20,52.24320978504037,10.658831249150115
2021-05-21,52.31937158188423,10.650101666357061
2021-05-24,52.532905701340155,10.758668802743905
2021-05-25,52.14758130742017,10.734795316670617
2021-05-26,52.48762878449898,10.756103885374207
2021-05-27,52.909064704327044,10.76175083991403
2021-05-28,52.8757120704705,10.781003612166636
2021-06-01,53.21643753405652,10.771505547984317
2021-06-02,53.19085265216288,10.788449126211297
2021-06-03,53.104681664106586,10.748413191503927
2021-06-04,53.30042751648501,10.846718178553422
2021-06-07,53.16351310012311,10.836196861920225
2021-06-08,53.33004017775936,10.838504971851814
2021-06-09,52.95593984500757,10.82233392243381
2021-06-10,52.85883169421177,10.872636130505281
2021-06-11,53.15275448242203,10.890597725392876
2021-06-14,52.747575398773215,10.914981773700031
2021-06-15,52.89990618463988,10.894963697127066
2021-06-16,52.57103435307936,10.834137114806005
2021-06-17,51.65600763783671,10.830540181283888
2021-06-18,50.75105065170221,10.684901907466164
2021-06-21,51.864143258475906,10.83786696317345
2021-06-22,51.91005614927554,10.895806199958576
2021-06-23,51.8191812736724,10.882676753487626
2021-06-24,52.20987501487714,10.94705866916126
2021-06-25,52.68164503221231,10.98594262155412
2021-06-28,52.231578804739065,11.008090281879173
2021-06-29,52.152297218192096,11.014012634450824
2021-06-30,52.381935335512985,11.023286433089032
2021-07-01,52.85642152289839,11.084322370069044
2021-07-02,52.85842031232443,11.169050930265852
2021-07-06,52.185029421089276,11.148712088521838
2021-07-07,52.192175210218856,11.188111637042674
2021-07-08,51.59917198464348,11.09695090342405
2021-07-09,52.57930638373063,11.215410854318101
2021-07-12,52.66206507855026,11.255584455998267
2021-07-13,52.01724173934182,11.21721416858777
2021-07-14,51.85901397154161,11.233950252127304
2021-07-15,51.650341475356115,11.195575078066037
2021-07-16,51.09499523376311,11.107756987153687
2021-07-19,50.08718203466925,10.9437176319674
2021-07-20,51.128409552426355,11.100541105633493
2021-07-21,51.73181419775044,11.190411086424703
2021-07-22,51.48465571667889,11.213843807239677
2021-07-23,51.89665091367385,11.329211832328559
2021-07-26,52.20972974713019,11.357025047376927
2021-07-27,52.050293868868636,11.305259727210984
2021-07-28,52.081748573907156,11.300624570722828
2021-07-29,52.47366576377316,11.347488260817615
2021-07-30,52.3061906799468,11.292384857823086
2021-08-02,52.28773995184361,11.268693434391372
2021-08-03,52.74464606460564,11.360364255480146
2021-08-04,52.209451672724576,11.30448262370744
2021-08-05,52.72885923788222,11.376073912163378
2021-08-06,53.02568431632197,11.394867186266271
2021-08-09,52.88016694891399,11.38559176437665
2021-08-10,53.300168415410944,11.399755440531536
2021-08-11,53.751340521078625,11.428083832801256
2021-08-12,53.73462250316062,11.46233380004816
2021-08-13,53.59951276731039,11.483195247564247
2021-08-16,53.497360773716096,11.510238172372262
2021-08-17,52.88985644846095,11.434788561152361
2021-08-18,52.30828486792934,11.30963480035055
2021-08-19,52.00615923209188,11.327142115021493
2021-08-20,52.45201585016404,11.417272184830718
2021-08-23,52.8974660044788,11.517709928240674
2021-08-24,53.298464883202165,11.535988533896791
2021-08-25,53.678547848768574,11.560191037840905
2021-08-26,53.17207443046606,11.491951230144531
2021-08-27,53.845253725849055,11.594700766093254
2021-08-30,53.60622522918979,11.64569426006253
2021-08-31,53.600384548366726,11.628435341169117
2021-09-01,53.646420289525544,11.634610040335279
2021-09-02,54.10440995772269,11.67040973542939
2021-09-03,53.83220802308986,11.66757382586368
2021-09-07,53.32931795540881,11.625850581862391
2021-09-08,53.18195764834104,11.611690295853682
2021-09-09,53.212448244146096,11.561992261387429
2021-09-10,52.75837557510922,11.470825952406388
2021-09-13,52.97911712790709,11.500179796018596
2021-09-14,52.477649794946586,11.438113325659485
2021-09-15,53.00182255566623,11.533655886268718
2021-09-16,52.87622265209069,11.515375041688984
2021-09-17,52.41496229080479,11.403560750034183
2021-09-20,51.54784099032998,11.213417778088113
2021-09-21,51.28940489680488,11.20282109828782
2021-09-22,51.938250671199185,11.312104618101618
2021-09-23,52.81553775777095,11.449546689211553
2021-09-24,52.96862914660544,11.468404092608685
2021-09-27,53.31425805448862,11.435592988499732
2021-09-28,52.606551726522945,11.205142918595486
2021-09-29,52.67978313721457,11.224001174127483
2021-09-30,51.69288927643168,11.086821431777297
2021-10-01,52.457927382440715,11.21857721767254
2021-10-04,52.22238040050353,11.073902445873435
2021-10-05,52.61653007491857,11.189126400822747
2021-10-06,52.49190644473806,11.235628410144567
2021-10-07,53.01116297804361,11.332771653378677
2021-10-08,52.817226376489934,11.312100677882913
2021-10-11,52.47628414433469,11.23020106897504
2021-10-12,52.50228161258109,11.202552313943224
2021-10-13,52.54794420027706,11.242859097168791
2021-10-14,53.434095658371966,11.431975230042267
2021-10-15,53.49544126060322,11.51904115339427
2021-10-18,53.528047568253946,11.55314903424947
2021-10-19,53.769914692581146,11.642281579048705
2021-10-20,54.240231078964,11.688012461091207
2021-10-21,54.28934982802392,11.718494797589733
2021-10-22,54.395425788302,11.70635443697943
2021-10-25,54.50487703261165,11.76913561582495
2021-10-26,54.2707816136667,11.779727837879191
2021-10-27,53.475421292222656,11.727543643557386
2021-10-28,54.12939324792807,11.840702712174071
2021-10-29,53.91381981775453,11.864727497977073
2021-11-01,54.577844252310136,11.885134829273593
2021-11-02,54.79775682482432,11.933186429388346
2021-11-03,55.316487200250776,12.006038532539762
2021-11-04,55.037267346483425,12.062622992143622
2021-11-05,55.464379921355864,12.104480293926361
2021-11-08,55.49483380904561,12.114817520097374
2021-11-09,55.52190119690604,12.074778048193451
2021-11-10,55.20408754575257,11.977636458795736
2021-11-11,55.46364580829311,11.981517213008386
2021-11-12,55.70280797025973,12.07194172341496
2021-11-15,55.83762527307115,12.07607032748437
2021-11-16,55.96739029910881,12.123867413840552
2021-11-17,55.56149131693223,12.094418539892333
2021-11-18,55.23788472209868,12.135491185253807
2021-11-19,54.81804328319902,12.113792927014574
2021-11-22,54.99543501712288,12.079692599925027
2021-11-23,55.14269424063767,12.095710272312527
2021-11-24,54.99082452095549,12.1280058187396
2021-11-26,53.53479217149919,11.857514904964251
2021-11-29,53.84318568652946,12.002971040303448
2021-11-30,52.393870770071594,11.769417229801224
2021-12-01,51.60935122454875,11.638694312629822
2021-12-02,52.93513844561787,11.81695255472206
2021-12-03,52.7319648008131,11.714133250543425
2021-12-06,53.59664698430654,11.852863730629611
2021-12-07,54.41811717033985,12.098040216897685
2021-12-08,54.5938499442059,12.13007582739203
2021-12-09,54.15755950632261,12.04817355540548
2021-12-10,54.40128397216573,12.161595061256067
2021-12-13,53.863096079005246,12.05386765220346
2021-12-14,53.569650202512506,11.970937042756299
2021-12-15,54.1250665577204,12.157982934049366
2021-12-16,54.0267390045217,12.050761682553984
2021-12-17,53.432155266934835,11.923047710242278
2021-12-20,52.57228551261565,11.796269943939272
2021-12-21,53.729815768678186,12.00575990187369
2021-12-22,54.06850817937908,12.125805495132527
2021-12-23,54.50884637335055,12.20125225692324
2021-12-27,55.21950335244769,12.373924378863217
2021-12-28,55.35702920856476,12.363814882645686
2021-12-29,55.527077974922776,12.37962820188059
2021-12-30,55.44764523853675,12.34539852990239
2021-12-31,55.49449102759036,12.314288125607035
2022-01-03,55.7324540301544,12.3855878538543
2022-01-04,56.37665018350041,12.38143868192326
2022-01-05,55.499506122574935,12.14369029635297
2022-01-06,55.71586748497754,12.132287371164693
2022-01-07,55.885801301498034,12.084316306899108
2022-01-10,55.4108465855139,12.069283417413326
2022-01-11,55.969015111029194,12.179210450779125
2022-01-12,55.984593015756566,12.212143035838032
2022-01-13,55.92764060162336,12.04387191694722
2022-01-14,55.98367179742734,12.048797860561253
2022-01-18,54.99917942088765,11.835413650450713
2022-01-19,54.412832457141214,11.712514715104433
2022-01-20,53.57363329653042,11.582880602237658
2022-01-21,52.75280459719105,11.355497073135131
2022-01-24,53.31323378378666,11.403723869204734
2022-01-25,52.86564525141579,11.264495804485612
2022-01-26,52.337856832969386,11.236233184512159
2022-01-27,52.08095823527045,11.180748665047037
2022-01-28,52.95562945494726,11.45842255814348
2022-01-31,53.80141835370488,11.664800206838203
2022-02-01,54.23396647458495,11.743619261835807
2022-02-02,54.58005326000138,11.85769677934528
2022-02-03,54.06553328090015,11.57898161654677
2022-02-04,54.08623768460135,11.633425988107772
2022-02-07,54.20138999871959,11.596094324111935
2022-02-08,54.85453391194219,11.691506988210726
2022-02-09,55.91841447603247,11.86262388449018
2022-02-10,55.16006386875506,11.649499983781428
2022-02-11,54.41720137760101,11.419783493601242
2022-02-14,53.87949255674141,11.38245222136066
2022-02-15,54.781661072751184,11.566017028334544
2022-02-16,54.90905818534748,11.578982533423305
2022-02-17,53.995438997640996,11.33164388752685
2022-02-18,53.771444939194716,11.258271493355114
2022-02-22,53.14994212540779,11.137447723688426
2022-02-23,52.366223806114654,10.939880538517919
2022-02-24,52.815724448701665,11.104514800742075
2022-02-25,54.463289825157524,11.34952481530565
2022-02-28,54.215464623364824,11.320481381303283
2022-03-01,53.01067050166394,11.148070449866035
2022-03-02,54.29483707374643,11.353150353861771
2022-03-03,54.03331484728105,11.296634371400247
2022-03-04,53.36288328713236,11.204849217132619
2022-03-07,51.62568316660989,10.874541467060766
2022-03-08,51.44309193693664,10.792090693657512
2022-03-09,52.4906456454948,11.081437437245162
2022-03-10,52.39077979090766,11.031393665778563
2022-03-11,51.82731555899483,10.891129495318188
2022-03-14,51.59685711125767,10.811537120966403
2022-03-15,52.42660367441884,11.049282822256453
2022-03-16,53.53394425677992,11.294289619557167
2022-03-17,54.18838273096016,11.435592476987447
2022-03-18,54.57387360673203,11.560457711243671
2022-03-21,54.53587433889537,11.55708205759199
2022-03-22,54.90871379395688,11.692311474747873
2022-03-23,54.265202499811444,11.54173788757607
2022-03-24,54.882953221869684,11.715718044493393
2022-03-25,55.41619328680097,11.7729376114227
2022-03-28,55.23075398445547,11.856678516652748
2022-03-29,56.03070145032109,12.003357486582258
2022-03-30,55.56498976871381,11.929236754102613
2022-03-31,54.747990761289564,11.74563387122022
2022-04-01,54.838429643874264,11.778920997611257
2022-04-04,55.13322949989801,11.879831013797792
2022-04-05,54.410314306796295,11.729776868262514
2022-04-06,53.96493998160846,11.612490829356757
2022-04-07,54.045788674931124,11.671006170645885
2022-04-08,54.26118044836192,11.63979790014558
2022-04-11,53.93713468399124,11.44085047443629
2022-04-12,53.776979843777994,11.398462123428505
2022-04-13,54.44291934571695,11.529020108590256
2022-04-14,54.11209113525194,11.38546075019809
2022-04-18,53.98941799256979,11.39014017456642
2022-04-19,55.04049800349469,11.574011207404446
2022-04-20,55.425185667501694,11.565423291088551
2022-04-21,54.64197569774187,11.392473951193614
2022-04-22,53.141696942057244,11.079875858446812
2022-04-25,53.34821947319579,11.144116978674086
2022-04-26,51.97123209669961,10.821372206854706
2022-04-27,52.03063549076153,10.851801905500382
2022-04-28,52.9073194289326,11.125907569831416
2022-04-29,51.577956178816414,10.714738529680726
2022-05-02,51.86393965986573,10.779230540890875
2022-05-03,52.34728343017198,10.828642533690319
2022-05-04,53.75138267071552,11.158407184768791
2022-05-05,52.03584770050644,10.761803918200554
2022-05-06,51.091313629298156,10.697566710612815
2022-05-09,49.83661118726751,10.355062717239125
2022-05-10,49.64064363250648,10.378993267178664
2022-05-11,48.81514458101793,10.214112580136264
2022-05-12,49.1964913171684,10.203449046602602
2022-05-13,50.33299677205839,10.447393106408777
2022-05-16,50.11560003412898,10.40499758518297
2022-05-17,51.28945855621246,10.619028385510184
2022-05-18,49.34242508227392,10.190954113233497
2022-05-19,49.129506200969345,10.128534519289941
2022-05-20,49.16949887178183,10.13296068887487
2022-05-23,49.683097024952666,10.322548383363719
2022-05-24,49.16263727736229,10.24374604900512
2022-05-25,49.874152900910225,10.33424954534808
2022-05-26,51.11701297553068,10.54073818551368
2022-05-27,52.21337272022778,10.799502767229855
2022-05-31,51.815048490816274,10.738906757202928
2022-06-01,51.21940075751827,10.652039740443913
2022-06-02,52.152265260685994,10.854897185260928
2022-06-03,51.606804803409254,10.676746612656425
2022-06-06,51.85215292108189,10.709257306091963
2022-06-07,52.27280681495014,10.811980502171998
2022-06-08,51.551136682076084,10.694432650152384
2022-06-09,50.530211927442146,10.44008695843381
2022-06-10,49.07755214338479,10.137366196987063
2022-06-13,47.03551878872971,9.752470677219858
2022-06-14,46.770856624123965,9.723086483069395
2022-06-15,47.226305686050324,9.861698803972033
2022-06-16,45.39114770260213,9.535316020355774
2022-06-17,45.636597465067744,9.555778808535457
2022-06-21,46.26938862985159,9.79633598426153
2022-06-22,46.22807014004336,9.778575227122065
2022-06-23,46.68481895448954,9.874434600073544
2022-06-24,48.129207230852515,10.188382373748283
2022-06-27,48.16543077993038,10.149462753080565
2022-06-28,47.44724074291708,9.942078780646868
2022-06-29,47.13492941529156,9.933985928519423
2022-06-30,46.80783887554447,9.85328222683613
2022-07-01,47.47040180072349,9.957500392949377
2022-07-05,47.471689233196855,9.976310111191658
2022-07-06,47.361013101504085,10.010000110437153
2022-07-07,48.17485100596985,10.15991988209117
2022-07-08,47.9575956636404,10.151558268028209
2022-07-11,47.39483077194637,10.035586866374254
2022-07-12,47.30545840407024,9.946781958193709
2022-07-13,47.06618385038046,9.894541459349275
2022-07-14,46.554867213942956,9.870517512685975
2022-07-15,47.47580203519469,10.05909374976584
2022-07-18,47.35907638585952,9.976035812674024
2022-07-19,48.883686405027916,10.245578324296662
2022-07-20,49.37020361862821,10.310873394957405
2022-07-21,49.76307279499503,10.415869018738256
2022-07-22,49.39594236216715,10.319230585982403
2022-07-25,49.5211133801825,10.331768451144372
2022-07-26,48.980177514317674,10.209533298598883
2022-07-27,50.063159648645765,10.4746340402303
2022-07-28,50.809936300482626,10.60600690036287
2022-07-29,51.1786724001821,10.76063187496326
2022-08-01,51.17131345377902,10.728769643981494
2022-08-02,50.756663753957874,10.657991950640149
2022-08-03,51.30931130056149,10.824896104587173
2022-08-04,51.13700167138183,10.817578474820472
2022-08-05,51.132373882128114,10.799296767198026
2022-08-08,51.41925747196948,10.78675878365131
2022-08-09,50.954259851793324,10.74392456452143
2022-08-10,52.17896263641019,10.969589956074639
2022-08-11,52.55728261423964,10.969589956074639
2022-08-12,53.38623322974574,11.155294144441026
2022-08-15,53.40000753479645,11.201265111610267
2022-08-16,53.616566467113685,11.223208389963911
2022-08-17,52.89937056167934,11.143546056811948
2022-08-18,53.11169274930006,11.175929201653044
2022-08-19,52.29186171953528,11.025747065041232
2022-08-22,51.01907954248886,10.796157933905878
2022-08-23,51.05176799995648,10.77004202786376
2022-08-24,51.316245145983885,10.804516932394952
2022-08-25,52.196475957811316,10.957055102446505
2022-08-26,50.41087538201097,10.586169744283794
2022-08-29,50.13284499186243,10.51617398993459
2022-08-30,49.6650286001426,10.400727431873086
2022-08-31,49.21769208992901,10.321588296843965
2022-09-01,49.20325165506295,10.353977440919461
2022-09-02,48.90529163090151,10.244805102782406
2022-09-06,48.636477359945864,10.206151453129607
2022-09-07,49.854668121145465,10.38950496398508
2022-09-08,50.32044730124479,10.457410768429689
2022-09-09,51.148395688690144,10.619866644717245
2022-09-12,51.663145684150294,10.734008971414665
2022-09-13,49.484318442123914,10.26726205931064
2022-09-14,49.39637183495705,10.30644193132897
2022-09-15,49.17068281242348,10.189432896082593
2022-09-16,48.44263137928991,10.112023774371053
2022-09-19,48.9712715528295,10.1904425187413
2022-09-20,48.10971723778954,10.073466429068668
2022-09-21,47.311099051384886,9.897744880679994
2022-09-22,46.31429348759366,9.814603823682283
2022-09-23,45.4877805164524,9.650160136616487
2022-09-26,44.78425900716179,9.55469110238494
2022-09-27,44.6925108826315,9.53029797600055
2022-09-28,45.84310475433125,9.717816118976337
2022-09-29,44.86833224986301,9.51482065806704
2022-09-30,44.404615936142115,9.36768347141069
2022-10-03,45.79267315164565,9.614999682739402
2022-10-04,47.57805790245007,9.912939677908449
2022-10-05,47.38057507897029,9.889862354338279
2022-10-06,46.86779101089648,9.787838534290925
2022-10-07,45.69985511408035,9.514816566215414
2022-10-10,45.34074343891086,9.44217094173236
2022-10-11,45.082367164367426,9.38237367315837
2022-10-12,44.86231803122506,9.351430604784293
2022-10-13,45.88252845371343,9.598224209875156
2022-10-14,44.888793274685604,9.379490278356311
2022-10-17,45.881029459166264,9.620515040039233
2022-10-18,46.56413693401408,9.733556091759693
2022-10-19,45.86850185775876,9.664584113293484
2022-10-20,45.24781185874722,9.583546575503519
2022-10-21,46.232563917418794,9.816445924381405
2022-10-24,46.66204536646388,9.93656977315806
2022-10-25,47.72106656506502,10.095246855865621
2022-10-26,47.78459334316986,10.01918926605353
2022-10-27,47.71955758475749,9.965686795372804
2022-10-28,48.560215046879904,10.202780449921518
2022-10-31,48.30332014188028,10.129085766731734
2022-11-01,48.52476887588531,10.084760887416515
2022-11-02,47.2430913394008,9.83167372818591
2022-11-03,46.80251958055828,9.73043698380678
2022-11-04,47.56626739594388,9.870487163314712
2022-11-07,47.98400573490001,9.96490824351898
2022-11-08,48.286350026203266,10.018668923492765
2022-11-09,47.3875141821617,9.812264306330967
2022-11-10,50.2462562219314,10.351487479021078
2022-11-11,51.145119654052216,10.451679526330523
2022-11-14,50.4001071250023,10.362767088600028
2022-11-15,50.905612923371244,10.451151129098697
2022-11-16,50.11258886768002,10.371419297134803
2022-11-17,49.80649735800468,10.33968275408557
2022-11-18,50.177459782285766,10.386624913789118
2022-11-21,50.07401335592884,10.348859145602582
2022-11-22,50.80146675523761,10.488123743124955
2022-11-23,51.06914729424696,10.554219898954129
2022-11-25,51.24892855142333,10.551855753696763
2022-11-28,50.38110646462102,10.383479791435024
2022-11-29,50.63514757971339,10.365640973153338
2022-11-30,51.83256651667443,10.692169029448642
2022-12-01,51.95255102015094,10.684299593042969
2022-12-02,51.929613690352475,10.671969911312598
2022-12-05,50.84260221137322,10.479991844577995
2022-12-06,50.27207369969345,10.328922762138404
2022-12-07,50.09908292984341,10.311353264520008
2022-12-08,50.42463783778,10.392132405994257
2022-12-09,50.0713445553034,10.31450317692148
2022-12-12,50.885411785260985,10.463207369223156
2022-12-13,51.35208880554291,10.542413849008176
2022-12-14,51.01145674818807,10.475005654857616
2022-12-15,49.836853907106736,10.21876606652849
2022-12-16,49.275615054930874,10.098685346480714
2022-12-19,48.73834859731852,10.013048494742558
2022-12-20,48.76203162739273,10.026746345083366
2022-12-21,49.57275594458925,10.176666256435054
2022-12-22,49.07443395733091,10.03148593562075
2022-12-23,49.45769324266597,10.089187042722441
2022-12-27,49.49285392839197,10.049395289025945
2022-12-28,48.69912856787705,9.924501404373931
2022-12-29,49.675304681626756,10.103142429652662
2022-12-30,49.465424289685046,10.076530752492957
2023-01-03,49.545933820857066,10.034108558024961
2023-01-04,50.63013162013094,10.111571876092913
2023-01-05,50.16592747290084,9.996168506271065
2023-01-06,51.30532941312447,10.225400642456872
2023-01-09,51.37913195406456,10.2196028402926
2023-01-10,51.809026842933164,10.291272915011572
2023-01-11,52.49975109261593,10.421436934840639
2023-01-12,52.72301826075255,10.459381386720393
2023-01-13,52.88873801843486,10.499963786500869
2023-01-17,52.67780555531161,10.480727852844
2023-01-18,51.96001172716256,10.315258121503298
2023-01-19,51.28063583670129,10.240163042378754
2023-01-20,52.36248804873134,10.430927039695227
2023-01-23,53.18790930304645,10.556087733244532
2023-01-24,52.908092301945004,10.54476105110676
2023-01-25,53.15511550385804,10.548715336500926
2023-01-26,53.57668919143027,10.664645718049073
2023-01-27,53.75383292623389,10.689153073909148
2023-01-30,53.10924826034482,10.55503627029081
2023-01-31,54.13913290866397,10.710226968572895
2023-02-01,54.88325191203559,10.82405526079489
2023-02-02,55.78918464360358,10.98162103322628
2023-02-03,54.89367337175946,10.864897383264116
2023-02-06,54.336991040338475,10.79850199535499
2023-02-07,54.83182086294045,10.939735602952238
2023-02-08,54.08407289349619,10.820109594133955
2023-02-09,53.597778034186156,10.726310064062407
2023-02-10,53.561969017977624,10.751345271751928
2023-02-13,54.20175836534662,10.877555313897023
2023-02-14,54.14267230804446,10.87255163845263
2023-02-15,54.50552418894136,10.907854813622686
2023-02-16,53.804671235504216,10.757664560693915
2023-02-17,53.7217531866015,10.730791914621301
2023-02-21,52.27942632728106,10.515521498022084
2023-02-22,52.38690295828896,10.50103110939781
2023-02-23,52.50678734083667,10.556886093868696
2023-02-24,52.049731863964006,10.444117436613992
2023-02-27,51.99454036891422,10.479690100603099
2023-02-28,51.872202205568996,10.44095716599127
2023-03-01,51.73984571262181,10.400905654302528
2023-03-02,52.144964222405726,10.481793497576039
2023-03-03,52.819071679182215,10.649900501690164
2023-03-06,52.35401569140358,10.657280882737835
2023-03-07,51.57315526049273,10.493915424086346
2023-03-08,51.61229581068374,10.511041494058455
2023-03-09,50.37458947189592,10.317112778493078
2023-03-10,49.07014743877939,10.168247158212202
2023-03-13,48.24492957030046,10.15375740601175
2023-03-14,48.86938933129453,10.321599015933122
2023-03-15,48.121255187728536,10.257047735687477
2023-03-16,48.654744446163306,10.437007638210114
2023-03-17,47.84484398083223,10.315437373240242
2023-03-20,48.33406461791737,10.41463061902132
2023-03-21,49.13390427746978,10.55138513367969
2023-03-22,47.95679605566989,10.37151567130585
2023-03-23,47.70400698743784,10.39954987816539
2023-03-24,48.013967981679556,10.467791724465911
2023-03-27,48.46237282334857,10.487366494990663
2023-03-28,48.622606304393486,10.46382235720941
2023-03-29,49.33883729116587,10.615914015171448
2023-03-30,49.5207190297807,10.678070191730276
2023-03-31,50.35389002709827,10.828577591082714
2023-04-03,50.31600522104516,10.86984530028233
2023-04-04,49.597560993252024,10.809539398556364
2023-04-05,49.423714125187985,10.781240024410943
2023-04-06,49.511479475387375,10.82329764174617
2023-04-10,49.95802390818519,10.8344023451266
2023-04-11,50.427746700591356,10.83731679935744
2023-04-12,49.96199233422476,10.79314389608326
2023-04-13,50.473843011673175,10.936509226454932
2023-04-14,50.120948416725646,10.909791334414702
2023-04-17,50.45769183794544,10.948935665722582
2023-04-18,50.31302028455956,10.956074371776634
2023-04-19,50.52482917904923,10.954222795207803
2023-04-20,50.11423614874208,10.894445601414354
2023-04-21,50.11327560326893,10.902910585646653
2023-04-24,50.28620744393065,10.914282321387482
2023-04-25,48.65757778938644,10.741029003817777
2023-04-26,47.997590050586226,10.695530004957606
2023-04-27,48.906715014583845,10.908456616296302
2023-04-28,49.18499068016481,11.001560293516391
2023-05-01,49.05891717017482,10.990448717619941
2023-05-02,48.10562714958207,10.86692706448261
2023-05-03,47.954321855747374,10.792336477112002
2023-05-04,47.1269112083934,10.715894357844618
2023-05-05,47.938666990611615,10.914277710091396
2023-05-08,47.82089364481876,10.91719182223999
2023-05-09,47.59593758289252,10.869319936099469
2023-05-10,47.38012945786657,10.920101398840925
2023-05-11,47.073176409653875,10.901056742001348
2023-05-12,47.125413751074625,10.886776357669326
2023-05-15,47.63880594610646,10.924335736103284
2023-05-16,46.86972760928811,10.851328400378906
2023-05-17,47.69722616174977,10.983052675831104
2023-05-18,48.15323312682787,11.088852422257386
2023-05-19,47.8799609072883,11.072718141983001
2023-05-22,48.13593479232625,11.077213665548646
2023-05-23,47.70154072808935,10.952894096580193
2023-05-24,47.10469417159138,10.873540378850471
2023-05-25,47.03460486685886,10.967705238531314
2023-05-26,47.37892713975091,11.109747989075533
2023-05-30,47.268113550985106,11.11398080305937
2023-05-31,46.52722825250904,11.052353779506406
2023-06-01,46.88058278998317,11.157362192765497
2023-06-02,48.1745096122823,11.31870880743508
2023-06-05,47.96585456646085,11.297022161360033
2023-06-06,48.54786525028439,11.321615778605315
2023-06-07,49.14218278637538,11.282465631242898
2023-06-08,48.96043087403595,11.350713265846286
2023-06-09,48.68596307021456,11.371076445445215
2023-06-12,48.9953010103515,11.474234850958293
2023-06-13,49.58534406331925,11.549884481330663
2023-06-14,49.302851715054054,11.563640393747928
2023-06-15,49.91436822971246,11.707006407349613
2023-06-16,49.8976461184713,11.667284534609477
2023-06-20,49.46389201752023,11.606754662443924
2023-06-21,49.398237180111934,11.547281651553561
2023-06-22,49.07163505575524,11.588967338315669
2023-06-23,48.63973339046947,11.501354745238002
2023-06-26,49.025619104433865,11.454360209748959
2023-06-27,49.777950790804276,11.579934360728437
2023-06-28,49.69661783196761,11.585770647646244
2023-06-29,50.13203463344769,11.631430169768619
2023-06-30,50.513314479851374,11.768692677202058
2023-07-03,50.75121378458042,11.782238442473517
2023-07-05,50.40822295543746,11.764718253909558
2023-07-06,50.01426274880941,11.672588745263193
2023-07-07,50.38474290355765,11.643115458681404
2023-07-10,50.82954787412105,11.672584183907327
2023-07-11,51.612950249982255,11.746926872574633
2023-07-12,51.894453106732996,11.84144264619137
2023-07-13,52.1861412095905,11.935428176474192
2023-07-14,51.66891990628423,11.927992404720248
2023-07-17,51.75059681802633,11.969406394349436
2023-07-18,52.17402155310403,12.058351053265847
2023-07-19,52.62050631622195,12.08516882600831
2023-07-20,52.58857039657916,12.00499581601657
2023-07-21,52.57017761635133,12.00499581601657
2023-07-24,52.734868404421164,12.058622132326716
2023-07-25,52.7635247691556,12.091542170747967
2023-07-26,53.0544625303597,12.093404268242262
2023-07-27,52.562098831466265,12.013224997943816
2023-07-28,52.8916948495633,12.130834470673685
2023-07-31,53.041291064662,12.153931579505846
2023-08-01,52.74042783113839,12.1191470273253
2023-08-02,52.22034837735065,11.950557573028178
2023-08-03,51.9234604525015,11.916307275023879
2023-08-04,51.79043987905317,11.862409817218944
2023-08-07,52.12814161711013,11.965956792513449
2023-08-08,51.97859015906641,11.913916846422808
2023-08-09,51.78599637428823,11.83427231230447
2023-08-10,51.68124374044267,11.838520816064587
2023-08-11,51.72718263335634,11.831618958428821
2023-08-14,51.60672005162652,11.896929495079348
2023-08-15,50.81585289523089,11.758342163391168
2023-08-16,50.43692195673554,11.672059448596205
2023-08-17,50.08017782405558,11.583118355597902
2023-08-18,50.13393286811534,11.588689835526944
2023-08-21,50.0600765336947,11.664085851596882
2023-08-22,49.76449972104865,11.632487843024906
2023-08-23,50.16850702703745,11.762050492620519
2023-08-24,49.735315768054896,11.599040234843292
2023-08-25,49.86964260609455,11.680813468498938
2023-08-28,50.31125598149381,11.75488150670269
2023-08-29,50.927647465242,11.924798318882079
2023-08-30,51.08609476902434,11.973916563157553
2023-08-31,51.00404721256899,11.956398723225654
2023-09-01,51.186284009121486,11.97869740684447
2023-09-05,50.409510640826305,11.926925476652087
2023-09-06,50.081971616417086,11.846752683598032
2023-09-07,49.654779563811346,11.810383152859385
2023-09-08,49.75321532681011,11.828169589887592
2023-09-11,49.62879304229667,11.905963461280283
2023-09-12,49.6555164718189,11.8406473457317
2023-09-13,49.34883896712801,11.854453540536824
2023-09-14,50.04172504725665,11.956662638963332
2023-09-15,49.70190407059439,11.813110947319938
2023-09-18,49.480339179454575,11.820033430335068
2023-09-19,49.40645809549803,11.795518681000553
2023-09-20,49.1802774015631,11.687082477766115
2023-09-21,48.35966187127525,11.493918378573596
2023-09-22,48.08843153687804,11.468068556140185
2023-09-25,48.23932672343843,11.516291784418755
2023-09-26,47.52213775165604,11.347105941813858
2023-09-27,47.56717852386625,11.351633437084642
2023-09-28,47.93032305472272,11.417438856119421
2023-09-29,47.95887988665288,11.38972873201562
2023-10-02,47.29288325596607,11.385195619980276
2023-10-03,46.626503759670626,11.23279339141122
2023-10-04,46.84482592465414,11.314590592887477
2023-10-05,46.6199055488383,11.310324992233959
2023-10-06,46.9375167061747,11.444612480866752
2023-10-09,47.230257955309376,11.51788088996926
2023-10-10,47.71426317457049,11.57783146000155
2023-10-11,47.71102064281624,11.625254257661718
2023-10-12,46.87976635814802,11.554386707707012
2023-10-13,46.7975185089767,11.496834307515924
2023-10-16,47.54456231062231,11.617803998099605
2023-10-17,47.89377830146287,11.617269579115693
2023-10-18,47.00669145881146,11.462469461973976
2023-10-19,46.356426949144385,11.361760205281072
2023-10-20,45.642010833798516,11.222146895878579
2023-10-23,45.224944400272015,11.202698915308021
2023-10-24,45.496059278231705,11.287156062430528
2023-10-25,44.9647620716337,11.125162798622524
2023-10-26,44.96372980445956,10.99193897410902
2023-10-27,44.25701593551477,10.942112514739383
2023-10-30,44.58238390507865,11.072936411965609
2023-10-31,44.870708146341784,11.142474452632753
2023-11-01,44.86372516169854,11.26130894267008
2023-11-02,45.96303769004341,11.477120667247409
2023-11-03,47.02052670482679,11.581826439094707
2023-11-06,46.62038079032535,11.608464639904625
2023-11-07,46.53613872390056,11.641502330269793
2023-11-08,46.439434633224614,11.65002390997555
2023-11-09,45.957372304979764,11.559165373501651
2023-11-10,46.375371023397776,11.739546149155146
2023-11-13,46.193661355431296,11.728358361675001
2023-11-14,47.86733411892467,11.955900242249857
2023-11-15,48.252420299199635,11.9812108830627
2023-11-16,47.89060017782599,11.995863903972685
2023-11-17,48.160036973033556,12.010786758669227
2023-11-20,48.367878271365946,12.103245795137463
2023-11-21,48.18376464629578,12.076872822549857
2023-11-22,48.474053562055936,12.12350162851772
2023-11-24,48.65169163154628,12.13095758201926
2023-11-27,48.50187777753238,12.109109727414042
2023-11-28,48.490906548085945,12.121097746044182
2023-11-29,48.80300362557177,12.112576614328713
2023-11-30,49.127860657769794,12.160263828459327
2023-12-01,50.17519353869301,12.232203949268492
2023-12-04,50.28293467436251,12.167997110738781
2023-12-05,49.602801879717425,12.165600015307966
2023-12-06,49.801739994541066,12.116572647246276
2023-12-07,50.1287563486085,12.209022096544766
2023-12-08,50.26353323581171,12.261508682537812
2023-12-11,50.63565575367693,12.309205951312883
2023-12-12,50.614483954148824,12.365422094892528
2023-12-13,52.041681929891496,12.535941265581096
2023-12-14,53.138845245203235,12.576169101102346
2023-12-15,52.67809304368836,12.555544183776538
2023-12-18,52.610550572029474,12.626169119810282
2023-12-19,53.21761019188658,12.702948854227849
2023-12-20,52.143212523521015,12.526924091954813
2023-12-21,52.92006504357668,12.645704386194728
2023-12-22,53.0563531931778,12.67112225201098
2023-12-26,53.39540090883052,12.724632401281223
2023-12-27,53.441654922881675,12.74763853666274
2023-12-28,53.574090177021915,12.752457144029599
2023-12-29,53.29749272988886,12.715538780597633
2024-01-02,53.408544040134025,12.64438262558141
2024-01-03,52.43370378139194,12.541115952678286
2024-01-04,52.28270792950688,12.500721018194708
2024-01-05,52.57397114813042,12.517847005989637
2024-01-08,53.249728463769756,12.696551789847144
2024-01-09,52.98638591336254,12.677291120781945
2024-01-10,53.10259795519604,12.748981202069967
2024-01-11,52.85046089609341,12.743358901359853
2024-01-12,52.53093713545923,12.752190049078497
2024-01-16,52.04308884986442,12.70537675940833
2024-01-17,51.45789724000779,12.634747570002778
2024-01-18,51.74407208857981,12.747108380142814
2024-01-19,52.02803782169613,12.906013833209675
2024-01-22,52.4409791931927,12.93329714645308
2024-01-23,52.550269672391174,12.971010640932137
2024-01-24,52.300827530066464,12.985187955562676
2024-01-25,52.92227431601026,13.05581439285298
2024-01-26,53.040791591077685,13.039233508574057
2024-01-29,53.38707923503492,13.142491198728456
2024-01-30,53.28236541553104,13.132332053031838
2024-01-31,52.4366097016986,12.918051790922517
2024-02-01,53.051668821656385,13.08712325276211
2024-02-02,52.84653808258908,13.224891399243937
2024-02-05,52.2929069504568,13.17673956965929
2024-02-06,52.67026284315927,13.214991644630013
2024-02-07,52.72879864584665,13.325204674946228
2024-02-08,52.98555930875915,13.331094415412554
2024-02-09,53.13575173738951,13.408134810039224
2024-02-12,53.787951115242315,13.402248638857618
2024-02-13,52.65958504017805,13.217659468354631
2024-02-14,53.28623698980572,13.337781557603037
2024-02-15,54.06005651616835,13.429812250350498
2024-02-16,53.942200811326714,13.362931785343752
2024-02-20,53.7689553664506,13.289368845865436
2024-02-21,53.76576663109192,13.301409014039791
2024-02-22,54.127085417797915,13.576694974994359
2024-02-23,54.27600335256591,13.586062894527107
2024-02-26,53.93695701927958,13.536297146144454
2024-02-27,54.189802573671095,13.56144758624199
2024-02-28,54.06391539743856,13.543519352532977
2024-02-29,54.37828647197559,13.592208304605332
2024-03-01,54.576402008687104,13.719811956168966
2024-03-04,54.574681771345695,13.705104317751953
2024-03-05,54.4044602386249,13.56813550520034
2024-03-06,54.752019737523,13.63688524780519
2024-03-07,55.2688839524464,13.772244970774905
2024-03-08,55.304338732621034,13.689583956460314
2024-03-11,55.48005207169897,13.677810914257758
2024-03-12,55.43997138166021,13.824943126262427
2024-03-13,55.47517399880865,13.803265615440448
2024-03-14,54.80414647797186,13.775976559318723
2024-03-15,54.78947477167272,13.681666223793627
2024-03-18,54.891838633965385,13.762976366161633
2024-03-19,55.25031315141424,13.839457225828394
2024-03-20,55.799143332064304,13.967458365710081
2024-03-21,56.28652665504688,14.013620815608752
2024-03-22,55.83417816217924,13.987050990542357
2024-03-25,55.73277684293518,13.94840476865549
2024-03-26,55.671678459943,13.922642065047782
2024-03-27,56.78154836529024,14.039647948962445
2024-03-28,57.11703543012774,14.036966376204193
2024-04-01,56.69723375904651,14.012542054709598
2024-04-02,56.03150779651319,13.923450312325755
2024-04-03,56.10301149813519,13.938752184219
2024-04-04,55.53106539989104,13.768615775058421
2024-04-05,55.73452221245513,13.912456504060458
2024-04-08,55.920628382221985,13.920233567246228
2024-04-09,56.34863310219203,13.936339277483533
2024-04-10,55.26634594576539,13.79679471229809
2024-04-11,54.98300045168183,13.900919121991802
2024-04-12,53.94893612002044,13.709044735350949
2024-04-15,53.52576989174185,13.537297822906472
2024-04-16,53.192969736383624,13.51260579167749
2024-04-17,53.01158640250396,13.432638190602344
2024-04-18,52.962751772414244,13.404993821206084
2024-04-19,53.29315324742942,13.287995035134598
2024-04-22,53.7103681228666,13.410364181413152
2024-04-23,54.15071881815041,13.569504973153983
2024-04-24,54.24720734100481,13.563059458291734
2024-04-25,53.93783975707563,13.511533395409684
2024-04-26,53.977939573652925,13.639541662797795
2024-04-29,54.45842063199138,13.687839279825763
2024-04-30,53.550163177160115,13.471010217794044
2024-05-01,53.50227749982295,13.427269847616866
2024-05-02,53.778586179466295,13.552855102501626
2024-05-03,54.10985342256807,13.720842741497133
2024-05-06,54.51514845970914,13.862537884488574
2024-05-07,54.63875771623799,13.877828263775166
2024-05-08,54.548800207117665,13.879174413116752
2024-05-09,55.04298020020572,13.95914621608513
2024-05-10,55.08700054081299,13.977125596411447
2024-05-13,55.209933465184704,13.978998531241368
2024-05-14,55.505033529385464,14.043134176502704
2024-05-15,55.85311604666498,14.217030307010338
2024-05-16,55.73868119529181,14.18777165863851
2024-05-17,55.76025182075014,14.208173674283634
2024-05-20,55.69847426699433,14.224541490356408
2024-05-21,55.57057416271251,14.259434290632253
2024-05-22,55.39510125887772,14.218381379309523
2024-05-23,54.59035995084092,14.114530321715048
2024-05-24,54.95290083334905,14.207912054323513
2024-05-28,54.56434499004267,14.217843384849486
2024-05-29,53.893552406226775,14.118275827625386
2024-05-30,54.253160287066486,14.024615185784919
2024-05-31,55.00500335726748,14.152351380897047
2024-06-03,54.7646986632805,14.163885547272479
2024-06-04,54.382231775003426,14.179720771314328
2024-06-05,54.71758115847536,14.348246752681398
2024-06-06,54.61515395949705,14.347974135993097
2024-06-07,54.342691547205234,14.330526999443729
2024-06-10,54.39712975414271,14.37480832787201
2024-06-11,54.159295900871726,14.409422866325526
2024-06-12,54.508825245117784,14.527767456326657
2024-06-13,54.19257317897555,14.557026379983698
2024-06-14,53.72315830543114,14.565877052022728
2024-06-17,54.064682426583275,14.681806867479777
2024-06-18,54.066825433054355,14.719113338730041
2024-06-20,54.14481476149538,14.679121507788713
2024-06-21,54.2979023378319,14.659510201454307
2024-06-24,54.65859845793817,14.611852133789379
2024-06-25,54.122294645472145,14.668122376356601
2024-06-26,53.962733885691044,14.686428193082293
2024-06-27,53.908438747323814,14.709574003914591
2024-06-28,53.97821829321037,14.651691830209186
2024-07-01,53.38811844917891,14.681845011995755
2024-07-02,53.56227104408426,14.780653828926484
2024-07-03,54.4108887891894,14.846619886964984
2024-07-05,53.5259487382243,14.932240343853111
2024-07-08,53.68188553361596,14.94947214920992
2024-07-09,53.565350850951575,14.964003036138951
2024-07-10,54.09258985954673,15.112071846181546
2024-07-11,55.170549450945224,14.981760450651922
2024-07-12,55.700341150403695,15.076265395574634
2024-07-15,55.68058758298806,15.117725125412464
2024-07-16,57.052081663124206,15.20737323540616
2024-07-17,57.08763300169159,14.994150655272533
2024-07-18,56.364860352225655,14.878920607486762
2024-07-19,55.84495239264559,14.780109695732442
2024-07-22,56.321817000669824,14.932492626695444
2024-07-23,56.11667331224477,14.909063545764159
2024-07-24,55.56512250878891,14.571179438626507
2024-07-25,55.851896823667815,14.495263593751261
2024-07-26,56.75415670543831,14.657610546001276
2024-07-29,56.91718532673491,14.666229221002325
2024-07-30,57.45532543727362,14.591930103768727
2024-07-31,57.74005367778214,14.829121927605486
2024-08-01,57.06115719294364,14.619126731988665
2024-08-02,55.908831736990265,14.3469478304925
2024-08-05,54.631019115348906,13.929107321877236
2024-08-06,55.02431883800248,14.057533691384945
2024-08-07,54.57245338202555,13.963573136191728
2024-08-08,55.583708281466635,14.286369056381073
2024-08-09,55.6110393954277,14.349371943919714
2024-08-12,55.18183212940468,14.356905364190274
2024-08-13,55.94608341223078,14.593019029809746
2024-08-14,55.88288589646368,14.639060004848796
2024-08-15,56.75540984106035,14.889973493331903
2024-08-16,56.91179458381189,14.923356813903954
2024-08-19,57.38621876098292,15.066039028401688
2024-08-20,56.96275050795012,15.041541648941507
2024-08-21,57.405307688518384,15.093239427588918
2024-08-22,57.15874871208069,14.974772591321772
2024-08-23,58.08240653089351,15.133879550104567
2024-08-26,58.06559647303771,15.097800381257116
2024-08-27,57.99966355089064,15.118529661180583
2024-08-28,57.94616990475534,15.03076659649743
2024-08-29,58.22091833501364,15.032119365491114
2024-08-30,58.545254278960854,15.175615976954093
2024-09-03,57.816081415909714,14.863316975764354
2024-09-04,57.68568534842917,14.832891765914963
2024-09-05,57.39632041155852,14.796818173140258
2024-09-06,56.73648985293259,14.547787723286307
2024-09-09,57.121300260502565,14.71066475463622
2024-09-10,57.04523539384821,14.774744410307415
2024-09-11,57.00785358167369,14.92631851321276
2024-09-12,57.25866385797346,15.052042894049551
2024-09-13,58.04094171156276,15.130659714085171
2024-09-16,58.44664316144628,15.153007698482874
2024-09-17,58.72358884235988,15.159205278631555
2024-09-18,58.79116727344841,15.114243075775134
2024-09-19,59.39502745201026,15.37215251962016
2024-09-20,58.90233716203485,15.345650928676335
2024-09-23,59.14737746536253,15.383999710347098
2024-09-24,59.35865398348426,15.4280133335184
2024-09-25,58.73693129153931,15.393979136104658
2024-09-26,59.64602032776049,15.455016263379314
2024-09-27,59.97104940245519,15.432606489797415
2024-09-30,60.04567646322435,15.494444944002035
2024-10-01,59.619925374419566,15.355645706193664
2024-10-02,59.50655060216538,15.362125788681677
2024-10-03,59.23914098825542,15.334043822739966
2024-10-04,59.6955210906189,15.473384278957205
2024-10-07,59.231727724119956,15.333504885075431
2024-10-08,59.19932600314636,15.478529174278474
2024-10-09,59.53656987274539,15.585733467339526
2024-10-10,59.334858628613574,15.558458433771682
2024-10-11,59.901422040736016,15.651622482873108
2024-10-14,60.29694348790002,15.779621451538045
2024-10-15,60.15777218591763,15.657013792859594
2024-10-16,60.571531793730415,15.725059174803361
2024-10-17,60.46669612848738,15.726411529892395
2024-10-18,60.69888787648065,15.78691103504789
2024-10-21,60.13135535065871,15.760988927128341
2024-10-22,59.7486665091883,15.752619842008038
2024-10-23,59.488439860619174,15.608688154511611
2024-10-24,59.54177303637066,15.642449746989818
2024-10-25,59.269618733365725,15.637053101827107
2024-10-28,59.70046058359586,15.685387232964853
2024-10-29,59.529762670357364,15.710766189507789
2024-10-30,59.40378888693131,15.663241121784527
2024-10-31,58.842054943554515,15.356194606074183
2024-11-01,58.94612815755003,15.421013103506423
2024-11-04,59.13862867295018,15.387796241281471
2024-11-05,59.7586369793221,15.573865473431047
2024-11-06,61.171856066529116,15.961125212293384
2024-11-07,61.157671995691835,16.084536632434837
2024-11-08,61.27826173728054,16.154214845126546
2024-11-11,61.661830822966536,16.16960981187395
2024-11-12,61.173172589991765,16.11938700379827
2024-11-13,61.124847511716474,16.127221025882115
2024-11-14,60.715148547261855,16.023522994685692
2024-11-15,60.12453154974551,15.818277688646763
2024-11-18,60.31760482358993,15.883085172337148
2024-11-19,60.01159769287022,15.94113784864204
2024-11-20,60.30105006396635,15.94654189437273
2024-11-21,61.18236144007897,16.032142931261724
2024-11-22,61.688807325594894,16.081826542205704
2024-11-25,62.564212646144895,16.136376097836866
2024-11-26,62.357445139623636,16.22062411744367
2024-11-27,62.374800096377456,16.171475626367815
2024-11-29,62.58100228652972,16.271932832958814
2024-12-02,62.57150112967539,16.30109213659548
2024-12-03,62.29286527119214,16.30865584334686
2024-12-04,62.21907691249927,16.409932596134045
2024-12-05,61.807361407076,16.38292184708081
2024-12-06,61.7143921153974,16.41398386690287
2024-12-09,61.75838806853398,16.32945184998832
2024-12-10,61.43663240634908,16.278683584186705
2024-12-11,61.42844586249302,16.404534086976053
2024-12-12,61.26195293347799,16.320001522825866
2024-12-13,60.97495638012311,16.316753842522825
2024-12-16,60.681866700336585,16.386426381430397
2024-12-17,60.216019335453666,16.318914304738904
2024-12-18,58.49897138270244,15.832545382800465
2024-12-19,58.22307140963226,15.827684791367945
2024-12-20,59.06576116574428,16.01714217832062
2024-12-23,59.08235520518318,16.113052825684402
2024-12-24,59.487437643072326,16.292149407841883
2024-12-26,59.60100741089174,16.293240981852207
2024-12-27,59.21759354855265,16.12172203403625
2024-12-30,58.68193146746235,15.937740942183828
2024-12-31,58.78070770882004,15.879759440636162
2025-01-02,58.57519999890831,15.840742177246652
2025-01-03,59.160902206641985,16.03880646299867
2025-01-06,59.22580078743731,16.131198993737424
2025-01-07,58.965334653866634,15.948851672357307
2025-01-08,58.82730161992019,15.972151971374918
2025-01-10,57.93133265751584,15.728299108377174
2025-01-13,58.48622234048402,15.752686575724521
2025-01-14,58.95903885367335,15.774359477705332
2025-01-15,59.47917618027912,16.06129306349788
2025-01-16,59.9214716169021,16.030406074376753
2025-01-17,60.1848287488004,16.191350608129593
2025-01-21,60.890421330178434,16.339557824043883
2025-01-22,60.4838319364448,16.431410126075576
2025-01-23,60.70915373560665,16.52109480236341
2025-01-24,60.71719603649639,16.472865129562486
2025-01-27,60.94595599884821,16.239850395284048
2025-01-28,60.471840078839136,16.379387108222893
2025-01-29,60.25293569397207,16.30596130274293
2025-01-30,60.81838248722442,16.393476675557995
2025-01-31,60.3863156582759,16.306231417096463
2025-02-03,59.878574037526114,16.196497880406813
2025-02-04,60.105196006488,16.305149281953437
2025-02-05,60.27666039086141,16.371258511683415
2025-02-06,60.250152893807304,16.428160365188692
2025-02-07,60.06591281193549,16.277785523530536
2025-02-10,60.40575492257969,16.388327725551875
2025-02-11,60.289312704824425,16.40079157357908
2025-02-12,59.999734173337735,16.347958212665805
2025-02-13,60.692619859798555,16.52055289592745
2025-02-14,60.93335922828796,16.519739197409052
2025-02-18,61.767701247751546,16.568237306834607
2025-02-19,61.994050593983,16.60725457022412
2025-02-20,61.901217844402986,16.538162338502975
2025-02-21,61.051019669260135,16.25529221211572
2025-02-24,61.23646977074596,16.181326177928693
2025-02-25,61.14478038116182,16.10085223332337
2025-02-26,61.111888162012065,16.10898082986285
2025-02-27,60.32474978269967,15.8518504203195
2025-02-28,60.90861299776251,16.099226514015474
2025-03-03,59.97617268640366,15.817170086146618
2025-03-04,59.13109903168932,15.629943929113908
2025-03-05,59.71576475563958,15.797933246534297
2025-03-06,59.230515490951205,15.51750086024443
2025-03-07,59.88396238620454,15.604476004352435
2025-03-10,59.3337800496812,15.188840478882543
2025-03-11,58.70076123035922,15.062577957031495
2025-03-12,58.352129455806605,15.142506639743043
2025-03-13,57.795997080320426,14.94065068666817
2025-03-14,59.05373467863658,15.249260529899336
2025-03-17,59.88049521073761,15.366852548774936
2025-03-18,59.47343499473594,15.200762420473785
2025-03-19,59.91834254282861,15.366310642338973
2025-03-20,59.647808217341236,15.321874314589806
2025-03-21,59.41710105123801,15.326927634048404
2025-03-24,60.18126124338516,15.601412471373884
2025-03-25,59.97586627385698,15.638916423292063
2025-03-26,59.96936771983358,15.452215395406277
2025-03-27,59.835009576827034,15.411176468687545
2025-03-28,59.0315102361994,15.100823465125208
2025-03-31,59.54645173324695,15.20219016777102
2025-04-01,59.55401524374858,15.245128283608988
2025-04-02,60.140138025541326,15.341606084228784
2025-04-03,57.145478360119625,14.58555936415396
2025-04-04,54.046494705844076,13.731677560776072
2025-04-07,53.461665341260826,13.707218789950305
2025-04-08,52.264924863067456,13.492526533031556
2025-04-09,56.497681411086376,14.909501971838033
2025-04-10,54.50593200512103,14.256180914821195
2025-04-11,55.40361492023135,14.510553138046506
2025-04-14,56.15034427180683,14.651326337187541
2025-04-15,55.85381220074013,14.610290765926615
2025-04-16,55.064101530097794,14.285531104266335
2025-04-17,55.583787758762845,14.305913832720035
2025-04-21,54.56156965880051,13.96539358573635
2025-04-22,56.00689552393956,14.32874101218674
2025-04-23,56.459369143926615,14.550773333060132
2025-04-24,57.42319710256286,14.857051133114853
2025-04-25,57.28631710739309,14.964398939303132
2025-04-28,57.43751557718421,14.970104895305356
2025-04-29,57.73140711249985,15.064408359265675
2025-04-30,57.74186869371685,15.070384429621429
2025-05-01,57.540334184314545,15.177186973915934
2025-05-02,58.54960402552705,15.402479122049636
2025-05-05,57.83996855812989,15.314158439360693
2025-05-06,57.462173079739294,15.186157790365185
2025-05-07,57.84282121141643,15.250022218821721
2025-05-08,58.49393064272103,15.35628117895136
2025-05-09,58.52000449340807,15.336713826744967
2025-05-12,60.24872540703688,15.843554050889642
2025-05-13,60.35408229284222,15.94818225852467
2025-05-14,59.82452270957743,15.968564986978365
2025-05-15,60.32569162983015,16.0465609259926
2025-05-16,60.978815416799584,16.14820109844975
2025-05-19,60.86412337304683,16.165864228350195
2025-05-20,60.67955299079602,16.11151084504997
2025-05-21,59.3006688194446,15.840020753817987
2025-05-22,59.06110078371703,15.846271971713984
2025-05-23,58.80878827211893,15.738107111549498
2025-05-27,59.924600705311015,16.06531290195169
2025-05-28,59.29056094417553,15.972370076132448
2025-05-29,59.53910648653919,16.035419128341683
2025-05-30,59.42534082347457,16.017484206358805
2025-06-02,59.278728897568215,16.107707433624793
2025-06-03,59.77948341331923,16.1995647688432
2025-06-04,59.632401800579366,16.195216095524245
2025-06-05,59.45495330983898,16.116946686698668
2025-06-06,59.97762579797471,16.282451287612357
2025-06-09,60.15451412128948,16.297126382334923
2025-06-10,60.56115908740514,16.3895273017182
2025-06-11,60.26212415508894,16.342782418997242
2025-06-12,60.30704313692992,16.40773569351242
2025-06-13,59.48008764395004,16.224294492886948
2025-06-16,60.151901319411834,16.37865561842081
2025-06-17,59.365245482028534,16.238699473255984
2025-06-18,59.423911391406556,16.23625166678517
2025-06-20,59.54063260752513,16.198120244256923
2025-06-23,60.01110185670152,16.35811686117905
2025-06-24,60.642547900415245,16.53883007460675
2025-06-25,60.129346654394226,16.54809617134309
2025-06-26,60.59041292619607,16.67756483312953
2025-06-27,60.793269827011045,16.760426185965127
2025-06-30,60.9811968359673,16.840561229331858
2025-07-01,62.044970394480636,16.83511028812303
2025-07-02,62.182194312400966,16.91142849823335
2025-07-03,62.45240756066995,17.044713993276197
2025-07-07,61.735726433082895,16.917696493418386
2025-07-08,62.04126417765165,16.90843039668205
2025-07-09,62.30371503685843,17.009823942990323
2025-07-10,62.72584859081321,17.057796923268953
2025-07-11,62.14993332366738,16.997831536785124
2025-07-14,62.09359762050111,17.03026706968457
2025-07-15,61.049208837883825,16.95749222301933
2025-07-16,61.30193855094169,17.014184360411615
2025-07-17,61.855783845956005,17.11830589391766
2025-07-18,61.84702077541732,17.105766548089782
2025-07-21,61.586632659336935,17.13820375871813
2025-07-22,62.77923924914251,17.14065659837566
2025-07-23,63.248969241156004,17.28648143924639
2025-07-24,63.0064925269629,17.292202494808752
2025-07-25,63.316016494343515,17.365250811285335
2025-07-28,62.808600792646615,17.360892071592957
2025-07-29,62.65274528244946,17.315100138889424
2025-07-30,62.156868016630256,17.293294696325205
2025-07-31,61.532247787453706,17.22842363052632
2025-08-01,60.9554963226059,16.946043400979004
2025-08-04,61.41617163924521,17.203618408681894
2025-08-05,61.44101783095016,17.11639831615392
2025-08-06,61.24252079840312,17.24750276362168
2025-08-07,61.17569932876617,17.23305584003004
2025-08-08,61.353092133790675,17.36743353658934
2025-08-11,61.147336027753006,17.333088748197238
2025-08-12,62.02691451358067,17.51761711715245
2025-08-13,63.226389139530994,17.577580825907376
2025-08-14,62.75973303007845,17.579218289317602
2025-08-15,62.64812624064361,17.53806024384669
2025-08-18,62.59417877182264,17.53424341059028
2025-08-19,63.126255669893,17.439117859467043
2025-08-20,62.98976711146289,17.392782342598643
2025-08-21,62.79314293134943,17.323003919755795
2025-08-22,64.226131648993,17.58902797021882
2025-08-25,63.8095103273873,17.511620914049857
2025-08-26,63.8073899296623,17.584939344879974
2025-08-27,64.1380135880523,17.625008544292243
2025-08-28,64.00797679224239,17.687425092704697
2025-08-29,64.13001860634796,17.581942921057575
2025-09-02,63.60566867401197,17.45165552756603
2025-09-03,63.518686051269704,17.546235816795495
2025-09-04,63.9904083377809,17.692876033913528
2025-09-05,64.17706803861707,17.64163483773007
2025-09-08,64.00737935199076,17.684972253047174
2025-09-09,63.53916394206957,17.72585850643565
2025-09-10,63.311963194821345,17.77710138034801
2025-09-11,64.3707196833055,17.924833798982494
2025-09-12,63.74925025077222,17.918834240422086
2025-09-15,63.551523678250774,18.01423326135666
2025-09-16,63.479548999043175,17.989431394970048
2025-09-17,63.40926187774387,17.967079012783152
2025-09-18,63.79491167204644,18.051032567135206
2025-09-19,63.571821313316086,18.14043538496718
2025-09-22,63.56440840001846,18.226259607047098
2025-09-23,63.59929967566142,18.127043752856107
2025-09-24,63.58762387233242,18.06937014405503
2025-09-25,62.933457401089804,17.98600715027716
2025-09-26,63.65882867494566,18.089051581826894
2025-09-29,63.74071020640608,18.139888445344507
2025-09-30,63.93562397727306,18.20821898814327
2025-10-01,64.06433470888986,18.270263080739056
2025-10-02,64.25887562755355,18.2913068343809
2025-10-03,64.52307634634293,18.291036720027368
2025-10-06,64.33684595857481,18.35663256471275
2025-10-07,63.99327993267142,18.288575491725325
2025-10-08,64.02316684278094,18.397631225937797
2025-10-09,63.42113237181873,18.344333134118134
2025-10-10,62.020297347971294,17.84852565524562
2025-10-13,62.64370298598146,18.122394766063362
2025-10-14,63.27494926788943,18.10025545544726
2025-10-15,63.35271923691948,18.18061195902931
2025-10-16,62.81082710668744,18.05679724364908
2025-10-17,63.07942598878311,18.159294735576132
2025-10-20,63.65254341265574,18.34816003374797
2025-10-21,63.97715941171268,18.347886563936633
2025-10-22,63.67651339651479,18.252497609375485
2025-10-23,63.88639918215543,18.360732934153937
2025-10-24,63.9571983442109,18.510787329591444
2025-10-27,64.11933212554506,18.729172267827717
2025-10-28,63.37956919970635,18.77891692982888
2025-10-29,62.45626160991595,18.78793807814525
2025-10-30,62.355300835965856,18.581305630880923
2025-10-31,62.5121975234214,18.64225416650245
2025-11-03,62.29631354220033,18.677241525064755
2025-11-04,62.20000169867777,18.45585009663266
2025-11-05,62.55623920593359,18.519806800178912
2025-11-06,62.07681171194919,18.321101621985594
2025-11-07,62.846420443635765,18.339138885431613
2025-11-10,63.08812096322508,18.625309104572878
2025-11-11,63.5678472416891,18.667946906937047
2025-11-12,63.73602598124262,18.678335404310108
2025-11-13,63.3163490779863,18.368386733413615
2025-11-14,62.96680095985388,18.365378565488893
2025-11-17,61.964743631092574,18.194278738680637
2025-11-18,62.091487944343804,18.041491322858647
2025-11-19,61.783598280768786,18.111189214714106
2025-11-20,61.243943152309974,17.83513402313456
2025-11-21,62.634149614875106,18.01279376995713
2025-11-24,62.9753388958803,18.277915202269845
2025-11-25,63.920651020436296,18.449837116241017
2025-11-26,64.31058056983281,18.57720526143975
2025-11-28,64.57449274780947,18.678607196392544
2025-12-01,64.22811395612217,18.593329913935307
2025-12-02,64.07169445620586,18.627770332874935
2025-12-03,64.47755600846548,18.692273976043865
2025-12-04,64.39381544727955,18.705939077966274
2025-12-05,64.63301225813397,18.74147169842235
2025-12-08,64.16257701241267,18.68516711640687
2025-12-09,63.93391874710886,18.66904078618241
2025-12-10,64.95638545654566,18.79285717929155
2025-12-11,65.64409035543405,18.836587183172167
2025-12-12,65.4085022395668,18.634056783077916
2025-12-15,65.51457136833021,18.60590281434127
2025-12-16,64.8822051164835,18.555065950823657
2025-12-17,65.02919190502955,18.350893054132474
2025-12-18,65.02270364348244,18.48946675068047
2025-12-19,64.99849518836969,18.6570450245194
2025-12-22,65.51291798873719,18.773276405253927
2025-12-23,65.20839697030873,18.859078816858098
2025-12-24,65.4553702005425,18.925417895447914
2025-12-26,65.45975547523646,18.92349857358183
2025-12-29,65.39600013375035,18.85606226028885
2025-12-30,65.37858772775513,18.833037108811485
