date,inverse_return,spy_return
1996-01-02,0.0,0.010673
1996-01-03,0.0068657588075132,0.002766
1996-01-04,-0.0051010925062524,-0.009529
1996-01-05,-0.0009934793765967,-0.002025
1996-01-08,0.0035028563065026,0.003805
1996-01-09,-0.0157221897901427,-0.017185
1996-01-10,-0.0164737170282509,-0.013114
1996-01-11,0.0047105677359623,0.005993
1996-01-12,-0.0005352425852164,-0.001554
1996-01-15,-0.0027152816876949,-0.002075
1996-01-16,0.0021308384846261,0.012217
1996-01-17,-0.0063134270593374,-0.003082
1996-01-18,0.0036673925807684,0.003349
1996-01-19,0.0045490020883828,0.006675
1996-01-22,0.0075411396211183,0.000255
1996-01-23,0.0016181126092939,0.002295
1996-01-24,0.0119060832078272,0.00814
1996-01-25,-0.0044942278543549,-0.003533
1996-01-26,-0.0008484643953774,0.00861
1996-01-29,0.0039413002885716,0.004017
1996-01-30,0.0054443864791856,0.008502
1996-01-31,0.0102108249531524,0.010414
1996-02-01,0.0036915852874921,0.003681
1996-02-02,0.0002407241960301,-0.004156
1996-02-05,0.0066876515639209,0.008102
1996-02-06,0.0070321211030604,0.009498
1996-02-07,-0.0003167081201514,0.00579
1996-02-08,0.0067251722172747,0.010794
1996-02-09,0.0017122521407075,-0.000237
1996-02-12,0.0041147112478712,0.007596
1996-02-13,-0.002296994823665,-0.00212
1996-02-14,-0.0047286668171099,-0.008735
1996-02-15,-0.0019484481469006,-0.006192
1996-02-16,-0.0012698698437371,-0.004074
1996-02-20,-0.0119100126761389,-0.009865
1996-02-21,0.0123852429872941,0.012394
1996-02-22,0.0113700172162089,0.015843
1996-02-23,-0.0023972696989342,-0.002836
1996-02-26,-0.0093986285979043,-0.014218
1996-02-27,-0.0049621086032434,-0.003125
1996-02-28,-5.907865490717837e-05,-0.004582
1996-02-29,-0.0009713947443818,-0.00969
1996-03-01,0.008270621694318,0.0159
1996-03-04,0.011491979486765,0.005779
1996-03-05,0.0060411150463387,0.009337
1996-03-06,-0.0014697645373793,-0.008776
1996-03-07,0.0013437317795095,0.005025
1996-03-08,-0.0288670706881855,-0.032381
1996-03-11,0.0124222473870888,0.011565
1996-03-12,-0.0045972464143694,-0.007784
1996-03-13,0.0119292959691505,0.006864
1996-03-14,0.0079105229920884,0.004383
1996-03-15,-0.0012811513798533,-0.000662
1996-03-18,0.0119126729820021,0.01925
1996-03-19,0.0029760606174679,-0.002152
1996-03-20,-0.0044808178100328,-0.001198
1996-03-21,-0.0010204711306662,-0.002399
1996-03-22,0.0053080626130908,0.002645
1996-03-25,-0.0042473226578772,-0.001918
1996-03-26,0.0035582634617714,0.004805
1996-03-27,0.0001305984189906,-0.009087
1996-03-28,0.0024272139572895,0.003861
1996-03-29,-0.0035855750500014,-0.004808
1996-04-01,0.0070062279886929,0.011594
1996-04-02,-0.0005570271048078,0.00191
1996-04-03,0.0062432105177066,0.0
1996-04-04,0.0037131075610154,-0.000715
1996-04-08,-0.0140371943910807,-0.017172
1996-04-09,0.008604302277828,-0.003883
1996-04-10,-0.0074922986261183,-0.017783
1996-04-11,-0.001292900957037,-0.00124
1996-04-12,0.0048970860637701,0.012665
1996-04-15,0.0108378937648823,0.008337
1996-04-16,0.0080135222523228,0.002918
1996-04-17,-0.0033263058193537,-0.002425
1996-04-18,0.0070261470805342,0.001458
1996-04-19,0.006618524909062,0.002427
1996-04-22,0.0016033952549508,0.007748
1996-04-23,0.0118296902449298,0.003124
1996-04-24,-4.982553455413765e-05,-0.003593
1996-04-25,0.0061701031614966,0.004567
1996-04-26,0.0012308642588379,0.002154
1996-04-29,0.001303143372401,0.0
1996-04-30,-0.0035252833576848,-0.000716
1996-05-01,0.0016059033384891,0.002151
1996-05-02,-0.0105516073169111,-0.017167
1996-05-03,-0.0019659710916965,-0.001456
1996-05-06,-0.0009643910442671,-0.000972
1996-05-07,-0.0056289200790244,-0.004134
1996-05-08,0.0030768694776906,0.012454
1996-05-09,0.006944283773235,-0.000724
1996-05-10,0.0074198738730702,0.009896
1996-05-13,0.0086244361568548,0.015057
1996-05-14,0.0037102520856259,0.006122
1996-05-15,0.0011536880521683,-0.00117
1996-05-16,-0.0002702887453434,0.002109
1996-05-17,0.0031658608896954,0.005378
1996-05-20,0.0020956791280843,0.006744
1996-05-21,-0.0005125187537419,-0.001386
1996-05-22,0.0061126193938107,0.009484
1996-05-23,-0.004556386552448,-0.004125
1996-05-24,0.0022404008025352,0.003912
1996-05-28,-0.0107065553936508,-0.010085
1996-05-29,-0.0062969593737788,-0.006715
1996-05-30,0.009340277862649,0.005128
1996-05-31,0.0003628323528805,-0.007421
1996-06-03,-0.0029202151907836,0.002804
1996-06-04,0.0078813949188332,0.00699
1996-06-05,0.0055457937752356,0.008792
1996-06-06,-0.0073597908724081,-0.007339
1996-06-07,-0.004124713230105,0.0
1996-06-10,-0.0032795075301132,-0.003235
1996-06-11,-0.0021262275537977,-0.000927
1996-06-12,-0.0058895661849033,-0.001856
1996-06-13,-0.0048434625963464,0.0
1996-06-14,-0.0064088090315214,-0.004184
1996-06-17,-0.0003456126101872,-0.0007
1996-06-18,0.000138806522548,-0.008176
1996-06-19,-0.0036911514224956,0.004475
1996-06-20,-0.0047409933358991,-0.000703
1996-06-21,0.0031930740147687,0.008555
1996-06-24,0.0029586048811464,0.001871
1996-06-25,-0.0084822763680264,-0.001167
1996-06-26,-0.0098746138676039,-0.006777
1996-06-27,0.0004733984764727,0.007059
1996-06-28,0.0111407415636948,0.003505
1996-07-01,0.0100219459824363,0.008615
1996-07-02,-0.002302231143092,-0.003693
1996-07-03,-0.0072819614810668,-0.002085
1996-07-05,-0.0158612558812231,-0.02554
1996-07-08,-0.0046476170564496,-0.004051
1996-07-09,-0.001304365041276,0.004067
1996-07-10,-0.0076051328522486,0.004051
1996-07-11,-0.0167352669330362,-0.020171
1996-07-12,0.0012674815001532,0.000727
1996-07-15,-0.0337941247553744,-0.029526
1996-07-16,-0.0050281655955696,0.002494
1996-07-17,0.0141962635728562,0.01194
1996-07-18,0.0170950580241925,0.013766
1996-07-19,-0.0071137677198635,-0.007274
1996-07-22,-0.0095590368268171,-0.007328
1996-07-23,-0.0091821812429664,-0.012795
1996-07-24,-0.007840416351338,0.001994
1996-07-25,0.0031382388336945,0.008955
1996-07-26,0.0085577870488465,0.005424
1996-07-29,-0.003165899170135,-0.011035
1996-07-30,0.0032754507960913,0.00967
1996-07-31,0.0051562425973848,0.007367
1996-08-01,0.0066963926337643,0.016577
1996-08-02,0.011602610233714,0.021583
1996-08-05,0.0039687880978632,-0.005869
1996-08-06,0.0066543866792569,0.00307
1996-08-07,0.006801610057587,0.002589
1996-08-08,0.0050741700985294,-0.001644
1996-08-09,-0.0003605202822471,-0.003293
1996-08-12,0.002784107247928,0.007315
1996-08-13,-0.0031135091256197,-0.007964
1996-08-14,0.0033737158437169,0.003542
1996-08-15,0.0004927314269448,-0.001882
1996-08-16,0.0037624157507224,0.008487
1996-08-19,0.0067795740870814,0.000468
1996-08-20,-0.0047288328284937,-0.000701
1996-08-21,-0.0015610258125674,-0.003507
1996-08-22,0.0044423222302161,0.009385
1996-08-23,-0.0009264523118297,-0.005346
1996-08-26,-0.0061591339408519,-0.004908
1996-08-27,0.0026758885191311,0.003758
1996-08-28,0.0029567576230095,-0.001638
1996-08-29,-0.0084471566207029,-0.009843
1996-08-30,-0.0047333046716878,-0.010414
1996-09-03,-0.0004753756008747,0.006458
1996-09-04,0.0023820274283357,0.000951
1996-09-05,-0.0075374002195995,-0.012108
1996-09-06,0.0114588591176203,0.014179
1996-09-09,0.0066998798276088,0.011848
1996-09-10,0.0006468832097937,-0.000468
1996-09-11,0.0004702072024171,0.005623
1996-09-12,0.0023967113766896,0.00699
1996-09-13,0.0038770815840096,0.015271
1996-09-16,0.0020479198364171,0.003646
1996-09-17,-0.0003425115387718,-0.002271
1996-09-18,0.0009755682345948,-0.002503
1996-09-19,-0.0018315902922877,0.003879
1996-09-20,0.0044889801159755,0.003528
1996-09-23,-0.0022107121524823,-0.000228
1996-09-24,0.0044745883119769,-0.000228
1996-09-25,0.0047736186275693,0.000683
1996-09-26,-0.0009557904345226,-0.000455
1996-09-27,0.0028316754386443,0.000911
1996-09-30,0.0043632576003858,-0.00091
1996-10-01,-0.0023693207139318,0.005464
1996-10-02,-0.000643827027489,0.006793
1996-10-03,-0.0028978509989172,-0.0009
1996-10-04,0.010267759878561,0.013507
1996-10-07,-0.0003741871020718,0.001111
1996-10-08,0.0113359852194826,-0.003994
1996-10-09,-0.0014667273690223,-0.007797
1996-10-10,-0.0017088806338158,-0.002021
1996-10-11,0.0035158200260762,0.012374
1996-10-14,0.0028401697876847,0.001333
1996-10-15,-0.0032989980455846,-0.001332
1996-10-16,-0.0013372403029784,0.004889
1996-10-17,0.0035436444375574,0.002654
1996-10-18,0.0033049942147952,0.005293
1996-10-21,-0.001571037315437,-0.001316
1996-10-22,-0.0058074818493114,-0.00703
1996-10-23,0.0002380155650647,0.003319
1996-10-24,-0.0073282828382161,-0.0086
1996-10-25,0.0017767340054605,0.00089
1996-10-28,-0.006160040464068,-0.006667
1996-10-29,0.0012046593774279,0.008054
1996-10-30,0.0029623712699323,-0.003329
1996-10-31,0.0035957664328453,0.009575
1996-11-01,-0.0058365471996773,-0.003529
1996-11-04,0.0030340757184626,0.00664
1996-11-05,-0.0002758445053114,0.005717
1996-11-06,0.0099809655059134,0.019239
1996-11-07,0.0036930703667863,0.00236
1996-11-08,0.0054835818645968,0.005564
1996-11-11,0.0022418659104202,-0.001064
1996-11-12,0.0043900449463371,-0.002983
1996-11-13,0.0024177626666389,0.004487
1996-11-14,0.0055180945686057,0.006594
1996-11-15,0.0023369533699023,0.001268
1996-11-18,0.0016916367390502,0.000211
1996-11-19,0.001033408193431,0.007175
1996-11-20,-0.0017972152327605,0.001676
1996-11-21,-0.0012320555912792,-0.001464
1996-11-22,0.0096551063044514,0.00775
1996-11-25,0.0050067333635886,0.012679
1996-11-26,-0.0030433209487668,-0.003284
1996-11-27,-0.0006690569411979,-0.001853
1996-11-29,0.007573233239425,0.003714
1996-12-02,0.0074099112225499,0.000411
1996-12-03,0.0122225030608615,-0.017054
1996-12-04,-0.0056713684708221,0.002717
1996-12-05,0.002472822068966,-0.00271
1996-12-06,-0.0125915309836061,-0.005853
1996-12-09,0.017378406715664,0.014718
1996-12-10,-0.0019546498222129,-0.004766
1996-12-11,-0.0101893289273191,-0.009161
1996-12-12,-0.0077705316131322,-0.0166
1996-12-13,0.0022826071469428,0.002564
1996-12-16,-0.0092983505820628,-0.012788
1996-12-17,-0.0026924047323716,0.007988
1996-12-18,0.002106021603151,0.007925
1996-12-19,0.0102320676995711,0.020612
1996-12-20,0.0049597779935434,0.002714
1996-12-23,-0.0074669193823629,-0.002505
1996-12-24,0.0002741117377271,0.007325
1996-12-26,0.0060089893173632,0.007688
1996-12-27,-0.0011410958234431,0.001237
1996-12-30,-0.0036021971077791,-0.008649
1996-12-31,-0.00535820369438,-0.01828
1997-01-02,0.0061465123529542,0.002539
1997-01-03,0.0085776947209924,0.014352
1997-01-06,-0.0039760237232113,-0.008739
1997-01-07,0.0076410883266096,0.012175
1997-01-08,-0.0050271687601872,-0.00871
1997-01-09,0.0069950389088338,0.008368
1997-01-10,-0.0019647820956602,0.010788
1997-01-13,0.0047463587076393,-0.001437
1997-01-14,0.0034270854354836,0.012539
1997-01-15,-0.0016140962871371,-0.002436
1997-01-16,0.002373972276318,0.00407
1997-01-17,0.0038917781576582,0.00608
1997-01-20,-0.002067581771356,0.001209
1997-01-21,0.0096442561207414,0.008048
1997-01-22,0.0097771042489093,0.007186
1997-01-23,-0.0056256789418779,-0.013872
1997-01-24,-0.0076346047506192,-0.012862
1997-01-27,-0.0021566656040664,-0.00285
1997-01-28,0.0022778840702857,0.002858
1997-01-29,0.0015721674925176,0.009772
1997-01-30,0.0113738012073638,0.012903
1997-01-31,-0.0068521726372021,-0.001194
1997-02-03,0.0020040292536776,0.002989
1997-02-04,-0.0004167641736504,0.006159
1997-02-05,-0.0130813810787098,-0.01876
1997-02-06,0.0055938278480956,0.006641
1997-02-07,0.0078251197494874,0.013595
1997-02-10,-0.0054354196384294,-0.009467
1997-02-11,0.0002394105189242,0.011549
1997-02-12,0.0116637019348472,0.014173
1997-02-13,0.0089365253753581,0.01087
1997-02-14,0.0026044413179695,-0.002304
1997-02-18,0.0022365436358132,0.008468
1997-02-19,-0.0035138349482534,-0.006679
1997-02-20,-0.0011345234620899,-0.012104
1997-02-21,-0.0010892349733775,0.000389
1997-02-24,0.0022097715114609,0.011859
1997-02-25,0.0003606997953627,0.000768
1997-02-26,-0.0048925788467252,-0.009791
1997-02-27,-0.0019975512018643,-0.014928
1997-02-28,0.0040153123644083,-0.002952
1997-03-03,-0.0012175238433232,0.006711
1997-03-04,-0.0022500267926443,-0.00549
1997-03-05,0.0081785283919754,0.016956
1997-03-06,0.0017676779927281,-0.005816
1997-03-07,0.0033056944096117,0.00897
1997-03-10,0.0062185401317917,0.010437
1997-03-11,0.0016629964575171,-0.005356
1997-03-12,-0.0065785765697538,-0.008846
1997-03-13,-0.0027620016002184,-0.015522
1997-03-14,0.0013991480129714,0.005124
1997-03-17,-0.0067825105692769,0.002745
1997-03-18,-0.0077571015320434,-0.010755
1997-03-19,-0.0050288084952623,-0.00336
1997-03-20,-0.0023481105101145,-0.005157
1997-03-21,-0.0020316371979375,0.004616
1997-03-24,0.0003458586964962,0.013944
1997-03-25,-0.0007632200268582,-0.009823
1997-03-26,0.0021414606000995,0.004365
1997-03-27,-0.0136147599513493,-0.026472
1997-03-31,-0.0121287858132942,-0.015828
1997-04-01,-0.0069208268019433,0.001031
1997-04-02,-0.0084061662757167,-0.01792
1997-04-03,-0.0047534167976038,0.005453
1997-04-04,0.0074805832869696,0.012516
1997-04-07,0.0061770167718112,0.003914
1997-04-08,0.0026874067164754,0.007182
1997-04-09,-0.0022842707063479,-0.00815
1997-04-10,0.0010779365964311,-0.003698
1997-04-11,-0.0229243825008333,-0.031753
1997-04-14,-0.000615950879514,0.013416
1997-04-15,0.0142747803423566,0.01702
1997-04-16,0.0085215959448354,0.01157
1997-04-17,-0.0009498196116629,-0.004085
1997-04-18,0.0012046854040943,0.004922
1997-04-21,-0.0102290727379329,-0.006531
1997-04-22,0.0023417828518693,0.02198
1997-04-23,0.0017740555592113,0.001005
1997-04-24,-0.0020745956892887,-0.00502
1997-04-25,-0.004734015279378,-0.011504
1997-04-28,0.0081949422408723,0.0098
1997-04-29,0.0150925020789277,0.031541
1997-04-30,0.0093992679553675,0.004704
1997-05-01,-0.0011890368284526,-0.001171
1997-05-02,0.016222302454917,0.017969
1997-05-05,0.0176235507902365,0.023791
1997-05-06,0.0051045110374437,-0.00075
1997-05-07,-0.0064586105161474,-0.021755
1997-05-08,0.0045393116651318,0.006902
1997-05-09,0.004089379970363,0.006855
1997-05-12,0.0132243659238075,0.016642
1997-05-13,-0.0056022932647797,-0.004092
1997-05-14,0.000211209996424,0.001868
1997-05-15,0.0074419344394335,0.006711
1997-05-16,0.0003234824882923,-0.013704
1997-05-19,0.0023391351984912,0.003004
1997-05-20,0.0031136949013305,0.011981
1997-05-21,-0.0015094840758951,-0.00222
1997-05-22,0.0048989721530274,-0.003337
1997-05-23,0.0097293908243071,0.009301
1997-05-27,-3.22695309298123e-05,0.004055
1997-05-28,0.0015748029108587,-0.000184
1997-05-29,0.0027137714176817,-0.005875
1997-05-30,0.007329966483287,0.006464
1997-06-02,-0.0014043163512536,-0.004404
1997-06-03,0.000492702906888,-0.003317
1997-06-04,-0.0034499953113351,-0.001109
1997-06-05,0.0065348208578226,0.003702
1997-06-06,0.0085018100817834,0.01955
1997-06-09,0.0064105203253268,0.005065
1997-06-10,0.0003104436027191,0.00306
1997-06-11,0.0038041451370091,0.002333
1997-06-12,0.0065847430624949,0.019334
1997-06-13,0.0080031511417399,0.00843
1997-06-16,-0.0007140529941509,0.000348
1997-06-17,0.0015153928565063,-0.001393
1997-06-18,0.0010841544101429,-0.003487
1997-06-19,0.013221343344457,0.010322
1997-06-20,0.0004827505015976,-0.003394
1997-06-23,-0.0117200645481181,-0.024246
1997-06-24,0.0173403053752293,0.025384
1997-06-25,-0.0059142984983614,-0.006974
1997-06-26,-0.0038765302806584,-0.004916
1997-06-27,0.0053502937999448,0.003881
1997-06-30,-0.0013824792005872,-0.006678
1997-07-01,0.0054093674917098,0.011677
1997-07-02,0.0045856087454423,0.016439
1997-07-03,0.0043879143383832,0.013765
1997-07-07,-0.0037842721350931,-0.010183
1997-07-08,0.0070970918290776,0.01046
1997-07-09,-0.009567393803769,-0.01103
1997-07-10,0.0096406860504163,0.004461
1997-07-11,0.0132137788921331,0.003416
1997-07-14,-0.0030386221717265,0.003064
1997-07-15,0.0055154849727012,0.005092
1997-07-16,0.0090487519864454,0.013171
1997-07-17,0.0015623749427811,-0.005
1997-07-18,-0.0065854397348052,-0.021273
1997-07-21,-0.0015203955802564,0.000171
1997-07-22,0.0157844334023647,0.026523
1997-07-23,0.0017884707260706,-0.000833
1997-07-24,0.0002071718224339,0.004671
1997-07-25,0.0030999394468612,-0.000664
1997-07-28,0.003176221247666,-0.000665
1997-07-29,0.0044502721836832,0.003326
1997-07-30,0.0079969711622757,0.011932
1997-07-31,0.0052036170550953,-0.000983
1997-08-01,-0.0030437975293628,-0.003934
1997-08-04,0.0084520615245804,0.002633
1997-08-05,0.0049455169323205,0.000657
1997-08-06,0.013346458303537,0.008202
1997-08-07,-0.0065297030278209,-0.007485
1997-08-08,-0.0165878262474108,-0.020328
1997-08-11,0.0041303597343353,0.007363
1997-08-12,-0.0044225772437031,-0.015947
1997-08-13,0.0030035816938063,-0.003038
1997-08-14,0.0020602003171678,0.003725
1997-08-15,-0.0168814723711386,-0.030702
1997-08-18,0.0031643627976405,0.022276
1997-08-19,0.0153867080899292,0.011576
1997-08-20,0.0137963717623834,0.015146
1997-08-21,-0.0131241541431594,-0.017573
1997-08-22,-0.0039092237085188,-0.000337
1997-08-25,0.0059188052934009,-0.003714
1997-08-26,-0.0030510981058105,-0.014741
1997-08-27,0.0067732023058042,0.006019
1997-08-28,0.0010415887869972,-0.015214
1997-08-29,0.0041143187319207,0.003992
1997-09-02,0.0094143968595306,0.032504
1997-09-03,-0.0017926316745862,-0.005358
1997-09-04,-0.0026898835959963,0.006397
1997-09-05,-0.0002695653565773,-0.002844
1997-09-08,0.008651030693143,0.004362
1997-09-09,0.0060789326053919,0.000501
1997-09-10,-0.0089694313721676,-0.020701
1997-09-11,-0.0047528624801971,-0.005114
1997-09-12,0.0138616539926902,0.016107
1997-09-15,0.0025958575545428,-0.001686
1997-09-16,0.0156329627905254,0.025
1997-09-17,0.002588643710569,0.0
1997-09-18,0.0065725023334145,0.004285
1997-09-19,0.003070077470018,0.001689
1997-09-22,0.0025986170901648,0.00559
1997-09-23,-0.0009272127446821,-0.004578
1997-09-24,-0.0056886378517801,-0.008213
1997-09-25,-0.0007851374105374,-0.006956
1997-09-26,0.0035286854713275,0.008339
1997-09-29,0.0068047723774924,0.009593
1997-09-30,0.0004520806481941,-0.010485
1997-10-01,-0.0009719094564578,0.013245
1997-10-02,0.0050510990827901,0.005556
1997-10-03,0.0018145376889979,0.005037
1997-10-06,0.0073337459620571,0.006629
1997-10-07,0.0027049338731903,0.009316
1997-10-08,-0.0078213354047875,-0.007002
1997-10-09,-0.0008652849193396,-0.003526
1997-10-10,0.0031152541516457,-0.002895
1997-10-13,0.0090708705268923,0.000968
1997-10-14,-0.0029576520204053,0.000322
1997-10-15,-0.0035100605749644,-0.002255
1997-10-16,-0.0086234351778348,-0.015822
1997-10-17,-0.0156945095164884,-0.010171
1997-10-20,0.0080957858519449,0.014253
1997-10-21,0.0111489384482838,0.019444
1997-10-22,-0.0012975403611436,-0.006572
1997-10-23,-0.0170138339762368,-0.019684
1997-10-24,-0.0067826332799795,-0.009875
1997-10-27,-0.0617380981283563,-0.072473
1997-10-28,0.0258241521517909,0.055556
1997-10-29,0.0026836162904365,-0.000679
1997-10-30,-0.0062149540759056,-0.022086
1997-10-31,0.014763759272525,0.023628
1997-11-03,0.0160437992142261,0.021046
1997-11-04,0.0029313963465014,0.0
1997-11-05,0.0038809691604697,0.003324
1997-11-06,0.0049779534117861,-0.00381
1997-11-07,-0.0183578447565748,-0.01081
1997-11-10,-0.000565948788569,-0.006052
1997-11-11,0.0007261309348218,0.000338
1997-11-12,-0.0161780442021119,-0.020629
1997-11-13,0.0032029823760602,0.014503
1997-11-14,0.004870888039152,0.013615
1997-11-17,0.0140254615877816,0.018469
1997-11-18,-0.0069267107498027,-0.006264
1997-11-19,0.0039118727064412,0.004977
1997-11-20,0.0102145962465613,0.015187
1997-11-21,-0.0016657470652136,0.006829
1997-11-24,-0.0102668983069101,-0.018088
1997-11-25,0.0018188763103118,0.002632
1997-11-26,-0.0022324153942628,0.002953
1997-11-28,0.0034256449987659,0.000981
1997-12-01,0.0119550792611094,0.025817
1997-12-02,-0.0046178958181063,-0.006053
1997-12-03,-0.0021806720499966,0.002885
1997-12-04,-0.005056120973797,-0.000959
1997-12-05,0.0062326861481114,0.012796
1997-12-08,0.0021293225483481,-0.002843
1997-12-09,-0.007101881688842,-0.006018
1997-12-10,-0.0095778548171772,-0.008604
1997-12-11,-0.0148352689962889,-0.017036
1997-12-12,-0.0010123967944814,0.001962
1997-12-15,0.0049935254408907,0.010118
1997-12-16,0.0093701428105409,0.006139
1997-12-17,0.0017959484870882,-0.005138
1997-12-18,-0.0101208062926149,-0.009684
1997-12-19,-0.0134565323658896,-0.00745
1997-12-22,0.0059845252080532,0.006429
1997-12-23,-0.009968935682816,-0.017854
1997-12-24,-0.0030287577227498,-0.003002
1997-12-26,0.0008997522300176,0.004015
1997-12-29,0.0085771837513328,0.01966
1997-12-30,0.0163666608270826,0.015686
1997-12-31,0.0128573630229374,-0.000644
1998-01-02,0.005033680928931,0.005151
1998-01-05,0.011503292821922,0.002242
1998-01-06,-0.0099185225707745,-0.01598
1998-01-07,-0.0032012807245099,0.002598
1998-01-08,-0.0081758233271679,-0.008746
1998-01-09,-0.0271811342325764,-0.034641
1998-01-12,-0.001159133610721,0.01828
1998-01-13,0.0154398217523932,0.013963
1998-01-14,-0.0008155750087936,0.00459
1998-01-15,-0.0079086210515479,-0.008322
1998-01-16,0.0153693264815238,0.014316
1998-01-20,0.0054089814868836,0.016223
1998-01-21,-0.0056387650300671,-0.009579
1998-01-22,-0.0047438074943075,-0.008865
1998-01-23,-0.0062602687983823,-0.001464
1998-01-26,-0.0077309523067295,-0.000651
1998-01-27,0.0015535174537276,0.010104
1998-01-28,0.0073900705858022,0.009035
1998-01-29,0.0024630403321744,0.005437
1998-01-30,-0.0045435611961894,0.000636
1998-02-02,0.0143735658927547,0.016529
1998-02-03,0.0044576210790392,0.007505
1998-02-04,0.0055612430120379,-0.001241
1998-02-05,-0.0001712777439337,-0.000622
1998-02-06,0.0106041789263883,0.011194
1998-02-09,0.0030733538085974,-0.003383
1998-02-10,0.0105245849245481,0.009565
1998-02-11,-0.003889517802463,-0.000917
1998-02-12,0.0003380943301421,0.004283
1998-02-13,0.0006600809884402,-0.005787
1998-02-17,0.0043758914668357,0.004902
1998-02-18,0.0141848710242785,0.009146
1998-02-19,-0.002538705284516,-0.005287
1998-02-20,-0.0023827279801608,0.007441
1998-02-23,0.0045680848220841,0.003919
1998-02-24,-0.0035609200848989,-0.007808
1998-02-25,0.0080610850930072,0.012409
1998-02-26,0.0137966085927743,0.00568
1998-02-27,-0.0032485863940098,0.0
1998-03-02,0.0014055040743783,-0.002081
1998-03-03,-0.000892777807852,0.00566
1998-03-04,0.0037950525188178,-0.006517
1998-03-05,-0.0077055553263461,-0.009243
1998-03-06,0.0102309341011769,0.020163
1998-03-09,0.0013677121714036,-0.00354
1998-03-10,0.0126630606258207,0.009473
1998-03-11,0.0054244922698136,0.004692
1998-03-12,0.0025490146762411,0.004086
1998-03-13,-0.0006332015958649,-0.003779
1998-03-16,0.0094205579964715,0.010797
1998-03-17,0.0008652190704651,0.002887
1998-03-18,-0.0034697631288536,0.003742
1998-03-19,-0.0014368647184096,0.002581
1998-03-20,0.0018131729946434,0.00859
1998-03-23,0.0005231502055938,-0.002275
1998-03-24,-0.0025198559242487,0.008552
1998-03-25,-0.0027294168945099,-0.003674
1998-03-26,-0.001510981232683,-0.000567
1998-03-27,0.0001938704183112,-0.004258
1998-03-30,-0.0029366639105566,-0.00057
1998-03-31,0.0052979724673566,0.003423
1998-04-01,0.0076493456761192,0.008101
1998-04-02,0.0024454640882247,0.010856
1998-04-03,0.0027913757674144,0.005021
1998-04-06,-0.0121957186675319,-0.008049
1998-04-07,-0.0102734208291259,-0.006715
1998-04-08,-0.0035851398509505,-0.005634
1998-04-09,0.013302340973624,0.007932
1998-04-13,0.0016215769031945,-0.002811
1998-04-14,0.0049694024511001,0.008455
1998-04-15,0.0010768438570174,0.002795
1998-04-16,-0.0009272350638021,-0.011706
1998-04-17,0.0118080779511382,0.013254
1998-04-20,0.006893298256805,-0.000278
1998-04-21,0.0053883982663791,0.004733
1998-04-22,0.0048568174439906,0.002771
1998-04-23,-0.0135741982245851,-0.009671
1998-04-24,-0.0088815575838605,-0.010603
1998-04-27,-0.0216669103332214,-0.018895
1998-04-28,0.0060564569180139,-0.001437
1998-04-29,0.0013364379589214,0.006908
1998-04-30,0.0118912072312526,0.018582
1998-05-01,0.0044087606474094,0.011227
1998-05-04,-0.0002453591454965,-0.002498
1998-05-05,-0.0043520237756369,-0.006956
1998-05-06,-0.0042159255478977,-0.011768
1998-05-07,-0.0042049416208222,-0.007939
1998-05-08,0.0039799262683929,0.01629
1998-05-11,-0.0031674013982376,-0.003375
1998-05-12,6.229594320353574e-05,0.010722
1998-05-13,0.00149332047829,0.002513
1998-05-14,-0.0024811980679565,-0.005013
1998-05-15,-0.0100361225612133,-0.005598
1998-05-18,-0.012371139875362,-0.00394
1998-05-19,0.004737360406363,0.006782
1998-05-20,0.001359800460597,0.009543
1998-05-21,0.0015516765084856,-0.006394
1998-05-22,-0.0053504597171705,-0.003917
1998-05-26,-0.0178425690285348,-0.016011
1998-05-27,0.0001449303675513,0.001427
1998-05-28,0.0137984457668288,0.004561
1998-05-29,-0.0080552096812502,-0.009932
1998-06-01,-0.0058546623868993,0.004586
1998-06-02,-0.0013911794611858,0.000856
1998-06-03,-0.0080314102200472,-0.015964
1998-06-04,-0.0020482404432362,0.01854
1998-06-05,0.008426222587546,0.01934
1998-06-08,0.0145114094540145,-0.001116
1998-06-09,-0.0031342427050625,0.003073
1998-06-10,-0.0105379855826205,-0.006405
1998-06-11,-0.0201360995200218,-0.018778
1998-06-12,-0.0039234921685382,0.009426
1998-06-15,-0.012490167941768,-0.026316
1998-06-16,0.0049341298340555,0.015403
1998-06-17,0.011121427063343,0.020893
1998-06-18,-0.0069288517045977,-0.004486
1998-06-19,-0.0108703176635154,-0.004995
1998-06-22,-0.0027467877965857,0.004827
1998-06-23,0.006258050871242,0.011868
1998-06-24,0.0050677287229944,0.013404
1998-06-25,-0.0029951531740123,-0.001653
1998-06-26,0.0091181857615436,0.00414
1998-06-29,-0.0038950445075885,0.003573
1998-06-30,-0.0059653922300995,-0.006847
1998-07-01,0.0178328828385323,0.011583
1998-07-02,-0.0031514626690455,0.001908
1998-07-06,0.0077720242411637,0.010068
1998-07-07,-0.005656853158158,-0.001886
1998-07-08,0.0029892931498703,0.007287
1998-07-09,-0.0044962862342429,-0.006699
1998-07-10,0.0010058889670817,0.005395
1998-07-13,-0.0030765820215582,0.000268
1998-07-14,0.0072261839330414,0.011266
1998-07-15,0.0001465504745068,-0.001857
1998-07-16,0.0037853868421821,0.006909
1998-07-17,-0.0018359310925339,0.00132
1998-07-20,-0.005314272183673,0.0
1998-07-21,-0.0095638167792079,-0.017396
1998-07-22,-0.0083656104879768,0.0
1998-07-23,-0.0215443313611851,-0.01985
1998-07-24,-0.0062109587188417,-0.000821
1998-07-27,-0.0018913895751671,0.007121
1998-07-28,-0.0059900126658456,-0.016862
1998-07-29,-0.0010321729068078,-0.003873
1998-07-30,0.003296449789442,0.014996
1998-07-31,-0.0187393434062645,-0.021341
1998-08-03,-0.0064371438982205,-0.004193
1998-08-04,-0.0242113185239455,-0.038742
1998-08-05,-0.0011548963103091,0.013727
1998-08-06,0.0084289865889826,0.004322
1998-08-07,0.009976233510711,0.001721
1998-08-10,-0.005805823782787,-0.005727
1998-08-11,-0.0176690379820589,-0.014977
1998-08-12,0.015835032807597,0.016959
1998-08-13,-0.0081293734497687,-0.012076
1998-08-14,-0.0099891770572975,-0.011641
1998-08-17,0.0064899958699142,0.021201
1998-08-18,0.0114741794563262,0.018454
1998-08-19,-0.0042288589792112,-0.002548
1998-08-20,-0.0060526727980747,-0.005961
1998-08-21,-0.017027950841587,-0.007995
1998-08-24,-0.0016200679551823,0.006333
1998-08-25,-0.0030018732125943,0.002288
1998-08-26,-0.0175457744868526,-0.005708
1998-08-27,-0.0374779945480905,-0.047072
1998-08-28,-0.0157820304762197,-0.003614
1998-08-31,-0.0510610920151265,-0.071342
1998-09-01,0.0264071684093534,0.042318
1998-09-02,0.0061812267761544,-0.007183
1998-09-03,-0.0124093028115575,-0.007864
1998-09-04,0.0033912447160619,-0.008244
1998-09-08,0.0379733105603994,0.053708
1998-09-09,-0.0133620834855488,-0.024272
1998-09-10,-0.0188933399273935,-0.019901
1998-09-11,0.0163620714073658,0.03236
1998-09-14,0.0169756475921912,0.01721
1998-09-15,0.0031207480792906,0.006042
1998-09-16,0.0068465641628765,0.009009
1998-09-17,-0.0150201790680362,-0.028571
1998-09-18,0.0024563800690884,0.004434
1998-09-21,-0.0039379423868779,-0.000612
1998-09-22,0.0022545679145058,0.00827
1998-09-23,0.0242783806378864,0.040097
1998-09-24,-0.012192439669307,-0.024533
1998-09-25,-0.0034593315434446,-0.001198
1998-09-28,-0.0013865698405725,0.008993
1998-09-29,-0.0030357924009438,-0.002377
1998-09-30,-0.0229518364747379,-0.030375
1998-10-01,-0.0276779202222815,-0.02887
1998-10-02,0.0163933840224006,0.019292
1998-10-05,-0.0190015948488525,-0.020168
1998-10-06,-0.0071081515857005,-0.00095
1998-10-07,-0.0160885497837206,-0.014897
1998-10-08,-0.0264088456964278,-0.00547
1998-10-09,0.0157143259971309,0.020058
1998-10-12,0.0145746372567657,0.014589
1998-10-13,-0.0087490630940313,-0.003439
1998-10-14,0.008495185328094,0.00941
1998-10-15,0.0357126428696102,0.05376
1998-10-16,0.0246866560379534,0.000295
1998-10-19,0.0179775199698385,0.003538
1998-10-20,0.0124059339049651,0.005875
1998-10-21,0.0169301157780981,-0.003505
1998-10-22,0.0090712454365551,0.014947
1998-10-23,-0.004024023209917,-0.012706
1998-10-26,0.0073739010301907,0.007312
1998-10-27,-0.0030466337706476,-0.005807
1998-10-28,-0.0025327307492186,-0.001752
1998-10-29,0.0104073748029025,0.024283
1998-10-30,0.0138764777300849,0.005427
1998-11-02,0.0261255444638644,0.017046
1998-11-03,0.003931448985796,-0.007263
1998-11-04,0.0138434236402607,0.010692
1998-11-05,0.0130681586413689,0.013641
1998-11-06,0.0066875047473083,0.003021
1998-11-09,-0.0110163252353659,-0.007119
1998-11-10,-0.0106024603023304,-0.002758
1998-11-11,-0.0071670016279807,-0.006637
1998-11-12,-0.000503926949176,-0.001114
1998-11-13,0.002926815168543,0.009755
1998-11-16,0.001715900460886,0.007452
1998-11-17,-0.0013942409467571,0.0
1998-11-18,0.0077004174103356,0.006027
1998-11-19,0.0026891543734217,0.008715
1998-11-20,0.0083618611945639,0.007559
1998-11-23,0.0100641139946066,0.02358
1998-11-24,-0.0033237682286177,-0.006283
1998-11-25,0.0024235571827771,0.0
1998-11-27,0.0019301254596001,0.007376
1998-11-30,-0.0113826637962459,-0.028243
1998-12-01,0.0275625655041368,0.012917
1998-12-02,0.0006886966626673,-0.002922
1998-12-03,-0.0239566305450364,-0.01652
1998-12-04,0.0150051593674225,0.02628
1998-12-07,0.0066961732698818,0.004752
1998-12-08,-0.0099925228541428,-0.004467
1998-12-09,0.0006163824923091,0.001847
1998-12-10,-0.0178715463908092,-0.014621
1998-12-11,0.0041806011625248,0.002005
1998-12-14,-0.0145263819026191,-0.028815
1998-12-15,-0.0001219849783865,0.025824
1998-12-16,-0.0029928984015312,-0.001339
1998-12-17,0.0076567506882567,0.015956
1998-12-18,0.001691249895012,0.004233
1998-12-21,0.0039043807942074,0.013977
1998-12-22,-0.0118876614303285,0.004421
1998-12-23,0.0170758894239175,0.020974
1998-12-24,0.0068329353573185,-0.004311
1998-12-28,-0.0063840795416974,-0.002547
1998-12-29,0.0116870317571909,0.015833
1998-12-30,0.0006013909255264,-0.008044
1998-12-31,0.0138849664744571,0.0
1999-01-04,0.0105023305901066,-0.002281
1999-01-05,0.0069315041879163,0.01143
1999-01-06,0.0171980020417974,0.024109
1999-01-07,0.0030788350726743,-0.004904
1999-01-08,0.0052557198664137,0.007393
1999-01-11,0.0069318969828661,-0.00954
1999-01-12,-0.0109994934102456,-0.018029
1999-01-13,-0.0032246852697816,-0.007042
1999-01-14,-0.0151855739224761,-0.017477
1999-01-15,0.0104969723706247,0.026038
1999-01-19,0.0161562538846307,0.006533
1999-01-20,-0.0027684628566497,0.007988
1999-01-21,-0.0093260127651583,-0.026498
1999-01-22,-0.0178058961483412,-0.002289
1999-01-25,-0.0024011054859732,0.010199
1999-01-26,0.0065335859310782,0.018173
1999-01-27,-0.0068954134314776,-0.011651
1999-01-28,0.0012322977487571,0.016805
1999-01-29,0.0032412208052508,0.007647
1999-02-01,0.0025374270036907,-0.005875
1999-02-02,-0.0102372999565502,-0.006156
1999-02-03,0.0073213409738262,0.010159
1999-02-04,-0.0079159269542107,-0.014962
1999-02-05,-0.0029990796675555,-0.011454
1999-02-08,0.0061760032900019,0.002015
1999-02-09,-0.0153965469664944,-0.022373
1999-02-10,-0.0011895194032073,0.006428
1999-02-11,-0.0047770165767922,0.022994
1999-02-12,-0.0144652059007019,-0.011988
1999-02-16,-0.0006866961341775,-0.006067
1999-02-17,-0.0098573645134329,-0.001017
1999-02-18,0.0083234467259177,0.007892
1999-02-19,0.0003918612503063,0.004294
1999-02-22,0.0127843360763304,0.02666
1999-02-23,0.0002776195869779,-0.00049
1999-02-24,-0.005979763432185,-0.017647
1999-02-25,-0.0041357961252308,-0.009481
1999-02-26,0.0060628187547068,-0.00403
1999-03-01,-0.0058951006077326,0.002782
1999-03-02,-0.0003281728607618,-0.008827
1999-03-03,-0.000529573871072,0.005344
1999-03-04,0.0066605600683316,0.012655
1999-03-05,0.0063387034198831,0.02012
1999-03-08,-0.0012231857327302,0.006493
1999-03-09,-0.0056097835386967,-0.002434
1999-03-10,0.0039905578397602,0.008785
1999-03-11,0.0003155028516076,0.011127
1999-03-12,0.0066071315088075,-0.009569
1999-03-15,0.000808539319251,0.014251
1999-03-16,-0.0051364020885755,-0.00381
1999-03-17,0.0008881652649324,-0.004303
1999-03-18,0.0067686307799536,0.016086
1999-03-19,-0.0065155940716973,-0.016958
1999-03-22,-0.0034403221794703,0.001928
1999-03-23,-0.0175792662559656,-0.02886
1999-03-24,0.0504597165251376,0.005696
1999-03-25,0.0262168807599423,0.020438
1999-03-26,-0.0109195097882137,-0.007239
1999-03-29,0.0081501645328301,0.020175
1999-03-30,0.0134922295174253,-0.005242
1999-03-31,-0.0056420168819993,-0.016048
1999-04-01,0.0068188084447291,0.007546
1999-04-05,0.0172715453479553,0.023677
1999-04-06,0.0016914924732104,-0.00236
1999-04-07,0.0026735139990676,0.008044
1999-04-08,0.0054344855152632,0.012673
1999-04-09,0.010271308721947,0.000232
1999-04-12,0.0232540159583545,0.010658
1999-04-13,-0.0047187337229019,-0.006419
1999-04-14,0.0131157351907435,-0.016844
1999-04-15,0.0342785701380405,-0.003755
1999-04-16,0.0220887670749426,-0.008481
1999-04-19,0.0245764877238149,-0.015443
1999-04-20,-0.0079699160012142,0.012548
1999-04-21,0.0113714230273349,0.028599
1999-04-22,0.011864982942296,0.0095
1999-04-23,-0.0062946717377764,-0.002525
1999-04-26,0.0052553416725249,0.005752
1999-04-27,0.0122613380388316,0.004804
1999-04-28,0.0221646603462084,-0.013661
1999-04-29,0.0145450962512277,-0.007618
1999-04-30,-0.0086174965819263,-0.008141
1999-05-03,0.012920006872477,0.018293
1999-05-04,-0.001776191328108,-0.014279
1999-05-05,0.0043601188880883,0.007944
1999-05-06,0.0044645229640256,-0.006143
1999-05-07,-0.0001439273571856,0.00758
1999-05-10,0.0038915717443922,-0.004977
1999-05-11,0.0042156042437776,0.01012
1999-05-12,-0.0030004123948916,0.00783
1999-05-13,0.0140389837019334,0.004342
1999-05-14,0.0157269853788365,-0.025939
1999-05-17,-0.0011962008598586,0.003037
1999-05-18,-0.0096063355787371,-0.001863
1999-05-19,0.0180522461623042,0.007233
1999-05-20,0.0079994350281284,-0.006023
1999-05-21,0.0093914499528654,-0.005593
1999-05-24,-0.0166641186888232,-0.016639
1999-05-25,-0.0178214935424702,-0.016206
1999-05-26,0.0017849580879332,0.011143
1999-05-27,-0.0108379638750158,-0.014375
1999-05-28,0.0131334425916921,0.012761
1999-06-01,-0.0185466539649737,-0.00348
1999-06-02,0.0122817415089407,0.000963
1999-06-03,0.0065734331994657,0.005534
1999-06-04,0.0064078208319679,0.020101
1999-06-07,0.0025926534197268,0.00258
1999-06-08,-0.0084746314261004,-0.009827
1999-06-09,0.0025893391486251,-0.000945
1999-06-10,-0.0088996793441101,-0.009224
1999-06-11,0.002712860829512,-0.008355
1999-06-14,0.0047527173522731,0.000963
1999-06-15,0.004816978722546,0.006734
1999-06-16,-0.000344113670569,0.019111
1999-06-17,0.0022249000290008,0.009376
1999-06-18,0.0019071864534501,0.001152
1999-06-21,-0.0010877170823217,0.002327
1999-06-22,0.0010853041287276,-0.006964
1999-06-23,-0.0002804929762682,-0.004909
1999-06-24,-0.0095838873753518,-0.007517
1999-06-25,0.0038120299590687,-0.002485
1999-06-28,0.0112108400042844,0.01222
1999-06-29,0.006727336614258,0.009376
1999-06-30,0.0033487175768386,0.018114
1999-07-01,0.0060276822356028,0.007527
1999-07-02,0.0019351772764621,0.009962
1999-07-06,-0.0023599869185422,-0.000224
1999-07-07,0.0039625498134596,0.001345
1999-07-08,-0.0003338554218638,0.000784
1999-07-09,0.0150167244897472,0.005929
1999-07-12,-0.0029211963665468,-0.004448
1999-07-13,-0.0030292154235379,-0.003575
1999-07-14,0.0011236114001126,0.005605
1999-07-15,0.0002687738060727,0.006355
1999-07-16,0.0005118613823442,0.005428
1999-07-19,-0.0059510575229847,-0.006611
1999-07-20,-0.0098613984263062,-0.020519
1999-07-21,-0.0005864239077988,-0.001132
1999-07-22,-0.0131113327905283,-0.01315
1999-07-23,-0.0068390863342609,-0.001953
1999-07-26,2.928676491301474e-05,-0.007366
1999-07-27,0.0060635768988923,0.008349
1999-07-28,-0.0029878136399786,0.00322
1999-07-29,-0.0122783215135054,-0.013984
1999-07-30,0.0006820796804008,-0.012323
1999-08-02,0.0004460843060916,0.002354
1999-08-03,-0.006576662287669,-0.004697
1999-08-04,-0.0097996013025073,-0.013686
1999-08-05,0.0019948317042195,0.009091
1999-08-06,-0.0118899926372819,-0.010906
1999-08-09,0.0131697501938164,-0.002157
1999-08-10,-0.0160073982776398,-0.01105
1999-08-11,0.0154452118345233,0.012145
1999-08-12,-0.0050475041975053,-0.0006
1999-08-13,0.0116828809484737,0.023172
1999-08-16,0.0029394416614861,0.004459
1999-08-17,0.0046115883030383,0.006542
1999-08-18,-0.011584816077209,-0.007196
1999-08-19,0.0038585572509022,-0.008183
1999-08-20,0.0096857586621192,0.010137
1999-08-23,0.0081848350984033,0.019137
1999-08-24,-0.006162825997014,0.003664
1999-08-25,0.0006915424308791,0.010267
1999-08-26,-0.0057974663533242,-0.011969
1999-08-27,-0.0095628408005538,-0.012114
1999-08-30,-0.0144381569069932,-0.01851
1999-08-31,-0.0049325128595876,-0.003772
1999-09-01,0.0036513234866008,0.012305
1999-09-02,-0.0069330170814379,-0.011805
1999-09-03,0.0215560051666306,0.029214
1999-09-07,-0.0014185147551095,-0.003677
1999-09-08,-0.0051813301534669,-0.004844
1999-09-09,0.0048954499632483,-0.000464
1999-09-10,0.0003272449809467,0.008349
1999-09-13,-0.0022391105610136,-0.006785
1999-09-14,-0.0069758701877262,-0.0066
1999-09-15,-0.0028022673960159,-0.015851
1999-09-16,-0.0096815871701768,0.003908
1999-09-17,0.0041089785923955,0.012601
1999-09-20,-0.0028990745530149,-0.001402
1999-09-21,-0.0195599173558974,-0.021058
1999-09-22,-0.0019022968292293,-0.001195
1999-09-23,-0.019759306475149,-0.020818
1999-09-24,-0.0093318833486219,-0.000978
1999-09-27,0.0150185934248232,0.006605
1999-09-28,-0.0100252217620839,-0.001944
1999-09-29,0.0042205795757098,-0.011931
1999-09-30,0.0062489950224008,0.015279
1999-10-01,-0.0061745238675895,-0.002184
1999-10-04,0.0101385402828119,0.017757
1999-10-05,-0.0066606166028196,-0.000956
1999-10-06,0.0077305537805519,0.015311
1999-10-07,-0.0054377789615917,-0.005655
1999-10-08,0.0035877667389584,0.015166
1999-10-11,0.0033712564678489,-0.001634
1999-10-12,-0.014699435481345,-0.015431
1999-10-13,-0.0123007696491095,-0.025885
1999-10-14,-0.0044913086218594,-0.000244
1999-10-15,-0.0162376846995222,-0.025604
1999-10-18,-0.0002335740844665,0.007257
1999-10-19,-0.0053857687481479,0.009689
1999-10-20,0.0056819930107861,0.009843
1999-10-21,-0.0061540795703088,0.005848
1999-10-22,0.0102079940423862,0.008479
1999-10-25,-0.0004974372475468,-0.005044
1999-10-26,-0.0160836600093252,-0.012554
1999-10-27,0.0063235578501448,0.018093
1999-10-28,0.0152921952829457,0.034102
1999-10-29,0.0181902566326753,0.018114
1999-11-01,0.0016341603676676,-0.010493
1999-11-02,0.0040741565409578,-0.007146
1999-11-03,-0.0036097324693043,0.006733
1999-11-04,0.0039387245504931,0.007611
1999-11-05,0.0009009051055526,0.009842
1999-11-08,0.0057992877701926,0.000907
1999-11-09,-0.0045539756635568,-0.009398
1999-11-10,0.0025120207060798,0.007429
1999-11-11,-0.0017829071340705,0.005673
1999-11-12,0.0030007947247702,0.009025
1999-11-15,0.0105370867768038,0.002348
1999-11-16,0.0124385539536948,0.008366
1999-11-17,-0.006225729444414,0.002212
1999-11-18,0.0077806751757938,0.007506
1999-11-19,-0.0060234010963605,-0.000876
1999-11-22,-0.0033015291057698,-0.000219
1999-11-23,-0.0135426512195599,-0.008774
1999-11-24,0.0015636522241902,0.005975
1999-11-26,-0.0016382630429427,-0.004839
1999-11-29,-0.0097320028093909,-0.003095
1999-11-30,0.003496347587501,-0.010976
1999-12-01,-0.0035388332688596,0.007286
1999-12-02,0.0052791391221826,0.006009
1999-12-03,0.005755336150687,0.018363
1999-12-06,-0.0076683684446581,-0.007386
1999-12-07,-0.0124638739811539,-0.008098
1999-12-08,-0.0034503153724745,-0.006399
1999-12-09,-0.0084796748815973,0.004886
1999-12-10,0.0013998019836025,0.003315
1999-12-13,-7.180542471346365e-05,0.001762
1999-12-14,-0.0014382521109461,-0.009675
1999-12-15,-0.0029330336733178,0.005218
1999-12-16,-0.0009160498613531,0.004528
1999-12-17,0.0051000525456237,0.006403
1999-12-20,-0.0041417514468447,-0.007227
1999-12-21,0.007316891602906,0.015222
1999-12-22,0.0034603974748193,0.002608
1999-12-23,0.0144814865224428,0.01593
1999-12-27,0.0015903677358137,-0.001387
1999-12-28,0.001486173962436,-0.000641
1999-12-29,0.0194745821624316,0.004275
1999-12-30,0.003751738646665,-0.001171
1999-12-31,0.007805459289853,0.001598
2000-01-03,-0.0229523863007544,-0.009787
2000-01-04,-0.0237795342925932,-0.039106
2000-01-05,0.0129162656906219,0.001789
2000-01-06,0.02811840736664,-0.016071
2000-01-07,0.0098602904000821,0.058076
2000-01-10,0.0071187314274447,0.003431
2000-01-11,-0.0109464219658216,-0.013248
2000-01-12,-0.0064440842399386,-0.008662
2000-01-13,0.0130258909609269,0.013543
2000-01-14,-0.0024390114429821,0.013578
2000-01-18,-0.0051613734143316,-0.007867
2000-01-19,-0.0005968811910907,0.003
2000-01-20,-0.0130411636224487,-0.010256
2000-01-21,-0.0121204039734048,-0.002159
2000-01-24,-0.0189696405677044,-0.028343
2000-01-25,-0.012195079504442,0.011356
2000-01-26,0.0074206711642112,-0.007926
2000-01-27,-0.0015996742416916,-0.003995
2000-01-28,-0.0160805289713493,-0.031194
2000-01-31,0.0073567038014127,0.027599
2000-02-01,0.0037707063056205,0.0094
2000-02-02,0.0055177022582697,0.000887
2000-02-03,0.0152746196306223,0.015064
2000-02-04,0.0034630912688943,-0.004147
2000-02-07,-0.0175070505644415,-0.001534
2000-02-08,0.0012264862240867,0.013608
2000-02-09,-0.0105662457970919,-0.021005
2000-02-10,0.0028576208157852,0.001991
2000-02-11,-0.016011555487841,-0.020309
2000-02-14,0.0031307025341474,0.005858
2000-02-15,0.0069479500879858,0.011425
2000-02-16,-0.0062018225347334,-0.013511
2000-02-17,0.0134415233808307,-0.006511
2000-02-18,-0.0236563404552435,-0.021469
2000-02-22,0.0017196767004058,-0.00254
2000-02-23,-0.0158721041897735,0.011808
2000-02-24,-0.0193980058382564,-0.020137
2000-02-25,-0.0105451275432568,-0.00362
2000-02-28,0.0072361130312088,0.020977
2000-02-29,0.0114857834816917,0.009642
2000-03-01,-0.0025884293400842,0.007276
2000-03-02,-0.0022261114978148,0.000677
2000-03-03,0.020908307539868,0.018723
2000-03-06,-0.0125979334997935,-0.0093
2000-03-07,-0.0182122416787347,-0.019781
2000-03-08,0.0019224236226135,-0.001254
2000-03-09,0.0089001826834475,0.029224
2000-03-10,-0.0048724842464286,-0.00488
2000-03-13,0.00136264595434,-0.011369
2000-03-14,-0.0096569052317777,-0.014205
2000-03-15,0.0273245472287004,0.02333
2000-03-16,0.0535197832081798,0.046714
2000-03-17,-0.0087737871430961,0.006591
2000-03-20,-0.010056377538469,-0.001063
2000-03-21,0.0095827263486136,0.016393
2000-03-22,-0.001623224868467,0.006075
2000-03-23,0.0094973669817489,0.016032
2000-03-24,-0.0022794814097684,0.006967
2000-03-27,-0.0081495690894797,-0.010582
2000-03-28,0.0028522501875284,-0.005759
2000-03-29,0.0025097219720651,0.001034
2000-03-30,0.0031075995828869,-0.016739
2000-03-31,0.0096325890397912,0.011349
2000-04-03,0.0064415885893047,0.005819
2000-04-04,0.0011012261672826,-0.036364
2000-04-05,0.0040554761591014,0.023585
2000-04-06,0.0071737299472494,0.008693
2000-04-07,-0.000830369151206,0.006334
2000-04-10,0.0020470538417328,-0.003921
2000-04-11,0.0077599885847175,-0.0029
2000-04-12,0.0043199172357091,-0.027426
2000-04-13,-0.003221648207005,-0.013886
2000-04-14,-0.0480746870694556,-0.040728
2000-04-17,0.0128612915042585,0.017164
2000-04-18,0.0069394021580755,0.026421
2000-04-19,0.0054991869567581,-0.009301
2000-04-20,0.0069423329173474,0.004803
2000-04-24,0.0025291415190113,-0.010865
2000-04-25,0.026266239801642,0.04152
2000-04-26,-0.0111060469277358,-0.011285
2000-04-27,-0.0049412996155441,-0.003307
2000-04-28,0.0023099185698007,-0.006207
2000-05-01,0.015133951887351,0.013569
2000-05-02,-0.0042290214218213,-0.019975
2000-05-03,-0.0164605008882755,-0.017346
2000-05-04,0.0131192180754807,0.001324
2000-05-05,0.0060792143255652,0.01212
2000-05-08,0.0003853511555799,-0.007511
2000-05-09,-0.0036734333965987,-0.008007
2000-05-10,-0.0105239386592271,-0.022556
2000-05-11,0.0265545084374428,0.022851
2000-05-12,0.0037660791377391,0.010838
2000-05-15,0.0089088742213673,0.017287
2000-05-16,0.0041791024668532,0.008819
2000-05-17,-0.0120305875901102,-0.009595
2000-05-18,-0.0020989801204558,-0.009257
2000-05-19,-0.0100343180188817,-0.018688
2000-05-22,0.002386493667997,-0.007529
2000-05-23,-0.0042432223264328,-0.014726
2000-05-24,0.0121248643294446,0.016304
2000-05-25,-0.0122124645418284,-0.017157
2000-05-26,0.0053384578054988,0.001134
2000-05-30,0.0195222169060173,0.034194
2000-05-31,-0.0049950313424079,0.000657
2000-06-01,0.0042762676728232,0.017506
2000-06-02,0.0102045182223885,0.017419
2000-06-05,-0.0050787468964998,-0.004862
2000-06-06,-0.0038637750130904,-0.00446
2000-06-07,-0.0053250594514235,0.006934
2000-06-08,-0.0091567166081507,-0.00392
2000-06-09,0.0064921008405968,-0.002127
2000-06-12,-0.0048019584240671,-0.011725
2000-06-13,0.0035983176002199,0.018766
2000-06-14,0.0039431709525307,0.001694
2000-06-15,-0.0048489612696713,0.002114
2000-06-16,-0.010423165850108,-0.008195
2000-06-19,-0.0010433856831265,0.01279
2000-06-20,-0.0108714718055237,-0.003578
2000-06-21,-0.0034022107342428,-0.000634
2000-06-22,-0.0082681116579189,-0.015007
2000-06-23,0.0014084259435675,-0.008584
2000-06-26,0.0060458495759641,0.012879
2000-06-27,0.0097078774864219,-0.007373
2000-06-28,0.0031199575122319,0.002799
2000-06-29,0.0004414857576635,-0.009446
2000-06-30,-0.0213863835586662,0.007586
2000-07-03,0.025181374521506,0.013766
2000-07-05,-0.0015935563392737,-0.018035
2000-07-06,0.0035893310773122,0.007779
2000-07-07,0.0107589565544927,0.016081
2000-07-10,0.00963069038966,-0.001688
2000-07-11,0.008956796780099,0.002114
2000-07-12,0.0071598574180405,0.006539
2000-07-13,0.0058029078094622,0.004401
2000-07-14,0.0024028097623024,0.009806
2000-07-17,-0.0015361707750513,-0.001653
2000-07-18,-0.0025865187579818,-0.008175
2000-07-19,-0.0090972966065396,-0.007199
2000-07-20,0.0011435964183894,0.013031
2000-07-21,-0.0143503637155536,-0.019502
2000-07-24,-0.0081661763097708,-0.005713
2000-07-25,0.003035999926672,0.003192
2000-07-26,-0.0102917940128211,-0.009758
2000-07-27,0.0056504005683577,-0.003428
2000-07-28,-0.017992519388093,-0.022571
2000-07-31,0.0088350451672213,0.005718
2000-08-01,0.0081717736755913,0.006779
2000-08-02,0.0157944767827207,0.004996
2000-08-03,0.0004496584919689,0.006916
2000-08-04,0.0049859812325436,0.005366
2000-08-07,0.0101302394000409,0.011956
2000-08-08,0.0102001011314575,0.003797
2000-08-09,0.0065113950528525,-0.008407
2000-08-10,-0.007092165720173,-0.004875
2000-08-11,0.0158042912170014,0.004153
2000-08-14,0.0144949053738804,0.013257
2000-08-15,-0.0122246710542836,-0.000837
2000-08-16,-0.0030441118581979,-0.003562
2000-08-17,0.0043195053962978,0.010513
2000-08-18,-0.0021954701094304,-0.003329
2000-08-21,-0.0020848851849751,0.005846
2000-08-22,0.0032331707532379,-0.00166
2000-08-23,-0.0046141132907109,0.003534
2000-08-24,-0.0049836489255569,0.003108
2000-08-25,0.0038422930076977,-0.000413
2000-08-28,-0.000788127092057,0.003409
2000-08-29,-0.0011013552971451,0.000206
2000-08-30,0.0031114878075464,-0.009573
2000-08-31,0.0086543505281915,0.013303
2000-09-01,-0.0022759401811738,0.000205
2000-09-05,0.0036014367639229,-0.007178
2000-09-06,0.0093981193470015,-0.009915
2000-09-07,-0.0023945304884372,0.007094
2000-09-08,0.0024907547470269,-0.006837
2000-09-11,0.0045955864247381,-0.00146
2000-09-12,-0.0016574556576086,-0.00752
2000-09-13,0.0007388243284637,0.002842
2000-09-14,-0.0010376871672327,-0.002833
2000-09-15,-0.0082297565569467,-0.013469
2000-09-18,-0.0187766564162168,-0.00984
2000-09-19,-0.008817510379452,0.009073
2000-09-20,-0.0013096380711722,-0.007386
2000-09-21,-0.000710060223131,0.002049
2000-09-22,0.0032469862919094,0.000646
2000-09-25,0.001931943799352,-0.007744
2000-09-26,-0.0003476494482125,-0.01214
2000-09-27,0.0044925263252593,0.005267
2000-09-28,0.0126866845164613,0.020738
2000-09-29,0.0042145076855277,-0.017109
2000-10-02,-0.0025982625792211,0.001523
2000-10-03,-0.0030289752223944,-0.009342
2000-10-04,0.0018551849918543,0.008333
2000-10-05,-0.0194722013068135,0.00348
2000-10-06,-0.0130265428751101,-0.021673
2000-10-09,0.0060840799599791,-0.007532
2000-10-10,-0.0082819370985167,-0.016518
2000-10-11,-0.0123390690847522,-0.008398
2000-10-12,-0.0157329996460809,-0.024949
2000-10-13,0.0123255855982066,0.033333
2000-10-16,0.0013521851486635,0.004543
2000-10-17,-0.0239381797079747,-0.024876
2000-10-18,-0.0002880837523571,-0.003711
2000-10-19,0.0153448021187092,0.037477
2000-10-20,0.0013245075514669,0.004487
2000-10-23,-0.0060672700521349,0.004467
2000-10-24,0.0106963986855203,-0.006671
2000-10-25,-0.0075172932844438,-0.023506
2000-10-26,0.0015322157368527,0.002751
2000-10-27,0.0114512192764825,0.018976
2000-10-30,0.0290320875478982,0.008975
2000-10-31,0.0226259405702373,0.017234
2000-11-01,-0.0024788982338834,-0.003388
2000-11-02,0.0146241353672669,0.001645
2000-11-03,0.0003124830584496,0.000547
2000-11-06,0.0007004595330522,0.007004
2000-11-07,0.00226160958801,-0.000217
2000-11-08,0.0024875643813915,-0.022174
2000-11-09,-0.0082144615876679,-0.003779
2000-11-10,-0.0141374735782074,-0.024325
2000-11-13,0.0059376254096909,-0.007777
2000-11-14,0.0101813944362547,0.026279
2000-11-15,0.0015928961187994,0.003145
2000-11-16,-0.015514199138501,-0.015674
2000-11-17,0.0008400081123838,-0.005346
2000-11-20,-0.0073839252825679,-0.014294
2000-11-21,9.267196823666808e-05,0.005104
2000-11-22,-0.0056624070902852,-0.023892
2000-11-24,0.0087939948879448,0.020456
2000-11-27,0.0030925132055131,0.008806
2000-11-28,-0.0031913182436118,-0.01723
2000-11-29,0.0007652528721882,-0.00187
2000-11-30,-0.0115483355806114,-0.008665
2000-12-01,0.0163860112369689,-0.000472
2000-12-04,0.0080733774795577,0.008509
2000-12-05,0.0084573018121168,0.03281
2000-12-06,-0.0160334270793613,-0.015997
2000-12-07,-0.0178698933101814,-0.013721
2000-12-08,0.0199009738803992,0.002338
2000-12-11,0.0046307298846848,0.034756
2000-12-12,0.0033987448230105,-0.004283
2000-12-13,-0.0129881995916368,-0.013697
2000-12-14,-0.0116140119501227,-0.01274
2000-12-15,-0.0129907050075779,-0.022515
2000-12-18,0.0264314826461015,0.013362
2000-12-19,0.0041241618767707,-0.020367
2000-12-20,-0.0174598019091545,-0.028963
2000-12-21,0.0109473098612471,0.006931
2000-12-22,0.0295863618836422,0.02999
2000-12-26,0.0079674044664355,0.01074
2000-12-27,0.0239577753300969,0.00732
2000-12-28,0.0128168766470765,0.003047
2000-12-29,-0.0003283178729704,-0.01893
2001-01-02,-0.012302837581667,-0.018104
2001-01-03,0.0434363706703063,0.048035
2001-01-04,0.0099320532431142,-0.010764
2001-01-05,-0.0081857346424665,-0.032643
2001-01-08,-0.0020329849336295,0.007741
2001-01-09,0.0076000850294209,-0.00264
2001-01-10,0.0119414526216726,0.017569
2001-01-11,0.0119600077351726,0.000946
2001-01-12,-0.0006309980758784,-0.00189
2001-01-16,0.0219325288302763,0.006392
2001-01-17,-0.0074050244022317,0.004587
2001-01-18,0.0072985854806452,0.009952
2001-01-19,-0.0252630292165995,-0.005681
2001-01-22,0.0034192024493283,0.006646
2001-01-23,0.0172086552388061,0.007876
2001-01-24,-0.0092722475674692,0.002988
2001-01-25,-0.0093140972495248,-0.002521
2001-01-26,-0.0018549841528338,-0.001149
2001-01-29,0.0150053869429193,0.005336
2001-01-30,-0.0012227944919102,0.008785
2001-01-31,0.0009667241631667,-0.00566
2001-02-01,0.0149890105459661,0.006641
2001-02-02,-0.013748352693624,-0.022693
2001-02-05,0.0030727372833586,0.007344
2001-02-06,0.0076790972207915,-0.002946
2001-02-07,0.0064203015413206,-0.00517
2001-02-08,-0.0088487701751669,-0.011657
2001-02-09,-0.009284397150604,-0.009615
2001-02-12,0.0131015201797146,0.011453
2001-02-13,0.0049590011453569,-0.008174
2001-02-14,-0.0027570511522156,-0.001512
2001-02-15,0.0166364318323707,0.009693
2001-02-16,-0.0126095534504903,-0.022049
2001-02-20,-0.0076391186206857,-0.015414
2001-02-21,-0.0164453025136109,-0.021575
2001-02-22,-0.0012264511861523,0.001512
2001-02-23,-0.0037679194073379,-0.006756
2001-02-26,0.0213870440307565,0.021287
2001-02-27,-0.0082950737700476,-0.009246
2001-02-28,-0.0112665107971453,-0.019693
2001-03-01,0.002696463400476,0.005244
2001-03-02,0.0076083190884996,-0.007945
2001-03-05,0.0154430084088087,0.009142
2001-03-06,0.0090232596448132,0.010742
2001-03-07,0.0135543021043459,0.007138
2001-03-08,0.0018785041465889,0.001103
2001-03-09,-0.0112625073257347,-0.029578
2001-03-12,-0.0309539900858202,-0.042802
2001-03-13,-0.0024597310499312,0.01643
2001-03-14,-0.0210214966815142,-0.019747
2001-03-15,-0.000922764394072,0.000255
2001-03-16,-0.016717368806773,-0.020008
2001-03-19,0.0204362698526999,0.020346
2001-03-20,-0.0076485856959097,-0.026843
2001-03-21,-0.0184009714436263,-0.016988
2001-03-22,-0.0138528835290926,-0.010155
2001-03-23,0.0132968551430764,0.030238
2001-03-26,0.0121567927434918,0.012753
2001-03-27,0.0062925491906011,0.020442
2001-03-28,-0.0197826476901426,-0.027639
2001-03-29,0.0051101346433139,0.003825
2001-03-30,0.0138078033751551,0.010478
2001-04-02,-0.0174630921636094,-0.021339
2001-04-03,-0.0296150177643532,-0.033363
2001-04-04,0.0029692704137633,0.004167
2001-04-05,0.039923495864972,0.037889
2001-04-06,-0.0274104308244308,-0.015211
2001-04-09,0.0153387298404922,0.011121
2001-04-10,0.02849974519889,0.018244
2001-04-11,-0.0068221421786246,0.000686
2001-04-12,0.0123623839908067,0.018162
2001-04-16,-0.0041495004139548,-0.010518
2001-04-17,0.0092561631090254,0.014116
2001-04-18,0.0380622126926396,0.039745
2001-04-19,0.016644201342795,0.013307
2001-04-20,-0.0100998382450118,-0.009152
2001-04-23,-0.0126385752501348,-0.018153
2001-04-24,-0.0020603051565702,-0.005399
2001-04-25,0.0172012954269723,0.013078
2001-04-26,0.0026866106834027,0.004465
2001-04-27,0.0148146616984064,0.016651
2001-04-30,0.0069370282294755,-0.006917
2001-05-01,0.0063074934567055,0.017132
2001-05-02,0.0006730121239639,-0.00181
2001-05-03,-0.0177546247032975,-0.012695
2001-05-04,0.0160700849041487,0.017011
2001-05-07,-0.0062050490807925,-0.008638
2001-05-08,0.0020165142402775,-0.000475
2001-05-09,-0.0031442862230804,-0.0042
2001-05-10,0.0031146335715863,0.002945
2001-05-11,-0.0026470050690986,-0.006904
2001-05-14,0.0011183207978715,0.001998
2001-05-15,0.0022843740620589,0.004625
2001-05-16,0.0237919411316493,0.023575
2001-05-17,0.0083050333245525,0.001551
2001-05-18,0.0048076802102957,0.004568
2001-05-21,0.0164337335633578,0.014722
2001-05-22,-0.0005231054910686,-0.001291
2001-05-23,-0.0178085710673556,-0.016961
2001-05-24,0.0018265536380881,0.00294
2001-05-25,-0.0062466440901481,-0.011803
2001-05-29,-0.0105805567184083,-0.007963
2001-05-30,-0.0161280423408137,-0.014007
2001-05-31,0.0064603166014095,0.005188
2001-06-01,0.0072362951714909,0.006193
2001-06-04,0.0036163505560833,0.004813
2001-06-05,0.016815354070321,0.011465
2001-06-06,-0.0096326603009525,-0.008307
2001-06-07,-0.0029577041052883,0.003601
2001-06-08,-0.0082684401803109,-0.009283
2001-06-11,-0.0138311245262566,-0.007087
2001-06-12,0.0002778062839911,-0.001745
2001-06-13,-0.0061707343536197,-0.00858
2001-06-14,-0.0205077874041541,-0.022436
2001-06-15,-0.0034383973694556,0.00161
2001-06-18,-0.0043140686548251,-0.004842
2001-06-19,0.0004723277984347,0.004371
2001-06-20,0.0064387519261235,0.005255
2001-06-21,0.0038574232073995,0.011353
2001-06-22,-0.0147410157682989,-0.007834
2001-06-25,-0.0058676279628893,-0.009198
2001-06-26,0.0080933930366963,-0.001397
2001-06-27,0.0064155850328633,-0.000576
2001-06-28,0.0122753476055224,0.005515
2001-06-29,0.0247278118953949,0.003684
2001-07-02,0.0020684263000592,0.01248
2001-07-03,-0.0040078384541384,-0.000242
2001-07-05,-0.0034773310396579,-0.0195
2001-07-06,-0.0220176245531176,-0.021614
2001-07-09,0.0045730844534553,0.00546
2001-07-10,-0.0140408057219094,-0.01203
2001-07-11,0.0023323973910007,0.001015
2001-07-12,0.0197713442278109,0.023737
2001-07-13,0.0021642352119861,0.008664
2001-07-16,-0.0105494645587689,-0.012516
2001-07-17,0.0095706329792456,0.009361
2001-07-18,-0.0017368037737089,-0.006812
2001-07-19,0.0089669874249729,0.00876
2001-07-20,-0.0003549545926147,-0.00598
2001-07-23,-0.0112527745132865,-0.019697
2001-07-24,-0.0187529586896331,-0.009668
2001-07-25,0.0151912337611062,0.011036
2001-07-26,0.0098158819000338,0.010495
2001-07-27,0.0017671380629913,0.003822
2001-07-30,0.0003062488689208,0.000331
2001-07-31,0.007472006265382,0.004137
2001-08-01,0.0034031082325932,0.006263
2001-08-02,0.0045568029505267,0.004095
2001-08-03,-0.0050352968607193,-0.005464
2001-08-06,-0.0116755170512934,-0.013449
2001-08-07,-0.0008029545187293,0.003907
2001-08-08,-0.0140089675903263,-0.018548
2001-08-09,0.001604314046522,0.002953
2001-08-10,0.0065010775794823,0.003449
2001-08-13,0.0048470464908412,0.000251
2001-08-14,0.0054217582501974,-0.000419
2001-08-15,-0.0031491528221211,-0.008636
2001-08-16,0.0080761836118107,0.003468
2001-08-17,-0.0112376397724252,-0.016014
2001-08-20,0.0056840587162131,0.009251
2001-08-21,-0.007834694574764,-0.017059
2001-08-22,0.0072970584340148,0.010361
2001-08-23,-0.0002208592884406,-0.003589
2001-08-24,0.0175477555950973,0.020755
2001-08-27,0.0026651082646738,-0.005965
2001-08-28,-0.0105494968098369,-0.014623
2001-08-29,-0.0041570987035964,-0.008921
2001-08-30,-0.0107992078734172,-0.019214
2001-08-31,0.0061101992443522,0.007324
2001-09-04,0.0032188134241599,-0.006395
2001-09-05,-0.002936651332651,0.002469
2001-09-06,-0.0203066133072485,-0.02577
2001-09-07,-0.0213412131474754,-0.018507
2001-09-10,-0.0079126223597084,0.012233
2001-09-17,-0.0599095079957316,-0.052249
2001-09-18,-0.0084640477495697,-0.002397
2001-09-19,-0.0215061642444581,-0.020183
2001-09-20,-0.0354798329390405,-0.03178
2001-09-21,-0.0216257095698881,-0.010749
2001-09-24,0.0417810835125752,0.035156
2001-09-25,0.0021431867947597,0.010427
2001-09-26,-0.012655236154875,-0.003538
2001-09-27,0.008827698589443,0.008679
2001-09-28,0.0245236780739333,0.021218
2001-10-01,-0.017219935092559,-0.001628
2001-10-02,0.0132061001343586,0.012564
2001-10-03,0.040931684808598,0.016765
2001-10-04,0.0081232715798527,0.000838
2001-10-05,0.0029369407968955,-0.001955
2001-10-08,-0.0151718414600512,-0.006528
2001-10-09,-0.0035078618919672,-0.005351
2001-10-10,0.0398137353406054,0.022273
2001-10-11,0.0405026038484117,0.01551
2001-10-12,0.0003056392367911,-0.004545
2001-10-15,-0.003696682784308,-0.001826
2001-10-16,0.0246099784777254,0.006313
2001-10-17,-0.0177175969291112,-0.021275
2001-10-18,-0.0211005424533117,-0.002137
2001-10-19,0.0074125305833762,-0.000652
2001-10-22,0.0147256056362042,0.019749
2001-10-23,0.0009069655471271,-0.005116
2001-10-24,0.0113115901617319,-0.002663
2001-10-25,0.0363396357665908,0.017953
2001-10-26,-0.0052314457730976,-0.002261
2001-10-29,-0.0321787004160681,-0.026015
2001-10-30,-0.0316446700322405,-0.012006
2001-10-31,0.014661656329759,-0.003391
2001-11-01,0.018967052751061,0.025614
2001-11-02,0.0033533515350007,0.00682
2001-11-05,0.0270302782716661,0.013089
2001-11-06,0.0235592432643663,0.01554
2001-11-07,-0.0021512248709996,-0.001335
2001-11-08,-0.0025348538153359,0.003118
2001-11-09,0.00837943772359,0.001066
2001-11-12,0.0023273086873857,-0.006121
2001-11-13,0.0257396317582421,0.022494
2001-11-14,0.0200938544439042,0.00096
2001-11-15,0.0096905942056572,0.001831
2001-11-16,0.0173054942765466,-0.00444
2001-11-19,0.0210017485910376,0.01233
2001-11-20,-0.0306587094417296,-0.008379
2001-11-21,0.0080529337422685,-0.00662
2001-11-23,0.0213012540238878,0.014381
2001-11-26,0.009822963118338,0.002161
2001-11-27,-0.0085098686611028,-0.004313
2001-11-28,-0.0298880237807992,-0.018106
2001-11-29,0.0081469883988464,0.013499
2001-11-30,-0.0076418503821598,-0.007139
2001-12-03,-0.024801339283949,-0.005962
2001-12-04,0.0376851137575325,0.016936
2001-12-05,0.0486901459209334,0.018302
2001-12-06,0.0005476363099985,-0.000511
2001-12-07,-0.0108665347625237,-0.006647
2001-12-10,-0.0121967722373128,-0.018703
2001-12-11,0.0068997647141448,-0.002011
2001-12-12,0.0071951120747565,0.001139
2001-12-13,-0.0326012229197881,-0.019426
2001-12-14,-0.0039693962374198,0.009548
2001-12-17,0.0095021819407554,0.010342
2001-12-18,0.0144473320383084,0.005949
2001-12-19,-0.0106133116143029,0.007045
2001-12-20,-0.0199168800919687,-0.009845
2001-12-21,0.0042177067589301,0.006042
2001-12-24,0.0179069655369054,-0.001914
2001-12-26,0.0123673904160655,0.005491
2001-12-27,0.0082232854145581,0.006068
2001-12-28,0.0012496636977751,-0.000517
2001-12-31,-0.0075299940389597,-0.014655
2002-01-02,-0.0007063517885026,0.010761
2002-01-03,0.0110579794591838,0.011339
2002-01-04,0.0104143477406968,0.006676
2002-01-07,-0.0018472752915323,-0.007057
2002-01-08,-0.0020224267885762,-0.002312
2002-01-09,-0.0018783252692014,-0.008153
2002-01-10,-0.0041195420600094,0.004413
2002-01-11,-0.010612585809729,-0.009821
2002-01-14,-0.0129649564711251,-0.006264
2002-01-15,0.003582133850121,0.008142
2002-01-16,-0.0227588924446758,-0.020235
2002-01-17,0.0120736292887625,0.007534
2002-01-18,-0.0100906619012107,-0.004575
2002-01-22,-0.0130399316080454,-0.006893
2002-01-23,0.0143507101504284,0.007653
2002-01-24,0.0105655131276413,0.003091
2002-01-25,0.0075549330924163,-0.000264
2002-01-28,0.0033143649164516,0.00273
2002-01-29,-0.018106598876332,-0.031442
2002-01-30,0.0084329762529656,0.014418
2002-01-31,0.0130892440235668,0.01171
2002-02-01,-0.0040059640788594,-0.004683
2002-02-04,-0.0255569268790524,-0.024856
2002-02-05,-0.0067503112128627,-0.00619
2002-02-06,-0.008914388504744,-0.004305
2002-02-07,-0.0057088220379108,-0.006256
2002-02-08,0.0161370156024665,0.019163
2002-02-11,0.021206265944143,0.012263
2002-02-12,-0.0016949589472986,-0.003141
2002-02-13,0.0119302136106427,0.010622
2002-02-14,-0.0039891750031582,-0.00187
2002-02-15,-0.0034491383024752,-0.010441
2002-02-19,-0.0208990922246598,-0.019208
2002-02-20,0.0122747182716304,0.016826
2002-02-21,-0.0106641441052263,-0.020707
2002-02-22,0.008634547818637,0.012373
2002-02-25,0.0159497861970454,0.016509
2002-02-26,0.0088527746165028,-0.002064
2002-02-27,0.0022874446691039,0.003866
2002-02-28,-0.0004365806813355,-0.004478
2002-03-01,0.0168436006586482,0.023302
2002-03-04,0.0301059782780032,0.017672
2002-03-05,-0.0003103075356801,-0.003197
2002-03-06,0.0194561520380826,0.011874
2002-03-07,-0.0031305672946426,-0.002141
2002-03-08,0.0095644257543426,0.004206
2002-03-11,0.0031799918690436,0.002137
2002-03-12,-0.0022286014890573,-0.000597
2002-03-13,-0.0093039037770963,-0.009644
2002-03-14,0.0022815742425095,-0.001379
2002-03-15,0.0087864290008925,0.009501
2002-03-18,0.001429679231349,0.000171
2002-03-19,0.0075492922457289,0.006686
2002-03-20,-0.0107968037489417,-0.018817
2002-03-21,0.0023072576760696,0.000434
2002-03-22,-0.0017081146878872,-0.002168
2002-03-25,-0.0142608271952262,-0.012431
2002-03-26,0.0106528256603601,0.005809
2002-03-27,0.014328511074506,0.002625
2002-03-28,0.0057233487409161,-0.000436
2002-04-01,-0.0026681464921421,0.000437
2002-04-02,-0.0127178334316443,-0.005499
2002-04-03,-0.01092629062199,-0.007021
2002-04-04,0.0016238241981092,-0.004154
2002-04-05,-0.0004764967058463,0.000178
2002-04-08,0.0046624582881052,0.00213
2002-04-09,-0.0037652643830369,-0.006995
2002-04-10,0.0129506020917642,0.011325
2002-04-11,-0.0155141027392482,-0.024866
2002-04-12,0.0121721734087979,0.007505
2002-04-15,-0.0019546371025786,-0.007629
2002-04-16,0.0232007553614613,0.023786
2002-04-17,0.0013052912415716,-0.00212
2002-04-18,-0.0053452695467718,-0.004338
2002-04-19,0.0016710979882024,0.003645
2002-04-22,-0.0172575525680947,-0.016655
2002-04-23,-0.0015312210093839,-0.004324
2002-04-24,-0.0052505250936897,-0.010043
2002-04-25,-0.002585831365022,0.000548
2002-04-26,-0.0119115966626423,-0.019001
2002-04-29,-0.0096478588269897,-0.004935
2002-04-30,0.0138501107449997,0.009358
2002-05-01,0.0017439283629619,0.012238
2002-05-02,0.0007149155071374,-0.003847
2002-05-03,-0.013277853134436,-0.01085
2002-05-06,-0.0209584479499574,-0.019613
2002-05-07,-0.0016953903711533,-0.003508
2002-05-08,0.0343830986454358,0.037203
2002-05-09,-0.0137599736113374,-0.011559
2002-05-10,-0.0164027931378772,-0.01884
2002-05-13,0.0158065115495986,0.020337
2002-05-14,0.0266626501323167,0.021786
2002-05-15,0.0011629579115024,-0.003901
2002-05-16,-0.0017775459291916,0.005192
2002-05-17,0.0004084504846556,0.004893
2002-05-20,-0.0076964893456486,-0.010821
2002-05-21,-0.0130675424101287,-0.009116
2002-05-22,0.0023581830913826,0.002208
2002-05-23,0.008059986360168,0.010648
2002-05-24,-0.0081593287802693,-0.012807
2002-05-28,-0.0076544581822863,-0.005428
2002-05-29,-0.0081447982708039,-0.007401
2002-05-30,-0.0053880276682572,-0.002796
2002-05-31,0.0023131694493151,0.002056
2002-06-03,-0.0266580316948373,-0.026581
2002-06-04,-0.0029671611478996,0.002491
2002-06-05,0.0066351801259995,0.009366
2002-06-06,-0.0206509621050799,-0.020358
2002-06-07,0.0034574170517044,-0.00116
2002-06-10,0.002279730460098,0.003871
2002-06-11,-0.0170447972716732,-0.017158
2002-06-12,-0.0012584563345596,0.006081
2002-06-13,-0.0133167756875337,-0.010041
2002-06-14,-0.0032814614810207,-0.001477
2002-06-17,0.0240938144661777,0.026825
2002-06-18,-0.0023971307174132,0.008164
2002-06-19,-0.0121006469900212,-0.02334
2002-06-20,-0.0098197480226003,-0.012778
2002-06-21,-0.0130485633264156,-0.015578
2002-06-24,-0.0012939958325309,0.005238
2002-06-25,-0.0213014817255884,-0.022445
2002-06-26,-0.0106937097312898,0.00164
2002-06-27,0.0126615358603032,0.017499
2002-06-28,0.0133604748815565,-0.004727
2002-07-01,-0.0322613603795284,-0.019503
2002-07-02,-0.0410479330591018,-0.021231
2002-07-03,0.0056860096148381,0.005686
2002-07-05,0.0427322514684859,0.039786
2002-07-08,-0.024558582408191,-0.012486
2002-07-09,-0.0203291771063619,-0.025186
2002-07-10,-0.0299746503600335,-0.036402
2002-07-11,0.023161297093502,0.008142
2002-07-12,0.0055790046409046,-0.010983
2002-07-15,0.0007933587266797,0.005335
2002-07-16,-0.0204524343369948,-0.019277
2002-07-17,0.0025918326331081,0.001988
2002-07-18,-0.0278399402094128,-0.0324
2002-07-19,-0.043145071930378,-0.035194
2002-07-22,-0.0271594836267561,-0.029631
2002-07-23,-0.0442927485278843,-0.027372
2002-07-24,0.04621866959677,0.059662
2002-07-25,-0.024811633947668,-0.008499
2002-07-26,0.0040930490778723,0.019048
2002-07-29,0.0603819031546664,0.048715
2002-07-30,0.0094876881629621,0.013033
2002-07-31,-0.0164550386156598,0.002419
2002-08-01,-0.0220871440853247,-0.026108
2002-08-02,-0.0312049969399409,-0.022415
2002-08-05,-0.0386232806258266,-0.034797
2002-08-06,0.0438309201492447,0.033664
2002-08-07,0.0134420235527633,0.017439
2002-08-08,0.0212926040179129,0.03235
2002-08-09,0.0100038781148885,0.003738
2002-08-12,-0.0005800351279684,-0.007339
2002-08-13,-0.0317966946484009,-0.018208
2002-08-14,0.039377695023719,0.036529
2002-08-15,0.0043747130725356,0.01388
2002-08-16,0.0034554022171263,-0.002995
2002-08-19,0.0290626109686212,0.023386
2002-08-20,-0.0054189000882867,-0.010587
2002-08-21,0.034527582714976,0.014408
2002-08-22,0.0141331139040583,0.009713
2002-08-23,-0.0254488030879202,-0.021514
2002-08-26,0.0204136246205769,0.006977
2002-08-27,-0.0114724620269382,-0.011547
2002-08-28,-0.025983097091366,-0.021878
2002-08-29,0.0069391390868624,0.000434
2002-08-30,-0.0057157733251244,-0.003907
2002-09-03,-0.0443173261830974,-0.038135
2002-09-04,0.0265590641910853,0.014273
2002-09-05,-0.0231424911448784,-0.008488
2002-09-06,0.0291466637513322,0.013742
2002-09-09,0.0028120223995977,0.007333
2002-09-10,0.0090763250462512,0.011471
2002-09-11,0.0038386215809042,-0.006216
2002-09-12,-0.0291946684470506,-0.018435
2002-09-13,0.0059467221091398,0.002459
2002-09-16,-0.0098816683637487,0.002453
2002-09-17,-0.0225896314018995,-0.022917
2002-09-18,-0.0163406999204803,-0.010019
2002-09-19,-0.0539536172064125,-0.025877
2002-09-20,0.0029855506164649,0.000332
2002-09-23,-0.0097657620124335,-0.00818
2002-09-24,-0.0158601428404586,-0.016137
2002-09-25,0.0333273599918938,0.024784
2002-09-26,0.0119240423484814,0.016361
2002-09-27,-0.0290145041863573,-0.03476
2002-09-30,-0.0112391759426316,-0.011601
2002-10-01,0.0287846845911744,0.04805
2002-10-02,-0.039509396890437,-0.029981
2002-10-03,-0.015155300256805,-0.010102
2002-10-04,-0.0278963923611741,-0.018345
2002-10-07,-0.0311700128525085,-0.020668
2002-10-08,0.0014374014848341,0.015671
2002-10-09,-0.0403500757337809,-0.028244
2002-10-10,0.0386483802631057,0.032394
2002-10-11,0.0559836620352268,0.04378
2002-10-14,0.0081289735159658,0.005585
2002-10-15,0.0688513856578495,0.048092
2002-10-16,-0.0482076206847744,-0.024239
2002-10-17,0.0393779560573309,0.019873
2002-10-18,0.0059636377147937,0.004192
2002-10-21,0.0314021543998926,0.017261
2002-10-22,-0.0081048811956137,-0.007209
2002-10-23,0.0184023078471453,0.007596
2002-10-24,0.0015780437567771,-0.020399
2002-10-25,0.0201748208280076,0.020824
2002-10-28,-0.0038453372027598,-0.006541
2002-10-29,-0.0140949622763733,-0.011606
2002-10-30,0.0236177010526016,0.00971
2002-10-31,0.0019141381310728,-0.010176
2002-11-01,0.0453848105826904,0.01977
2002-11-04,0.026308370688815,0.009527
2002-11-05,0.0001262062659289,0.007901
2002-11-06,0.0316615523708872,0.012956
2002-11-07,-0.0456869075430573,-0.024506
2002-11-08,-0.0234915935437216,-0.01223
2002-11-11,-0.0317161809647456,-0.015505
2002-11-12,0.0254556896498624,0.007931
2002-11-13,0.0105730711058612,0.001012
2002-11-14,0.040511580101936,0.018866
2002-11-15,0.0019576756626789,0.007385
2002-11-18,-0.0043247888090142,-0.010066
2002-11-19,-0.0062961393085542,-0.001326
2002-11-20,0.0388891649389998,0.022244
2002-11-21,0.0484962953311211,0.018621
2002-11-22,0.0044850991394837,-0.007121
2002-11-25,0.0298370442427117,0.000642
2002-11-26,-0.023505663554613,-0.019042
2002-11-27,0.0396628623207553,0.028135
2002-11-29,0.0021640999804463,-0.003182
2002-12-02,0.0061994454527426,0.001596
2002-12-03,-0.0320302789025115,-0.013386
2002-12-04,-0.026626808358165,-0.004523
2002-12-05,-0.0130911713900364,-0.011033
2002-12-06,0.0060472943577363,0.006562
2002-12-09,-0.0406964616532552,-0.027491
2002-12-10,0.0218074404020688,0.013408
2002-12-11,-0.0005580141306975,0.000882
2002-12-12,0.0055125018058174,-0.00011
2002-12-13,-0.0184454839006908,-0.015754
2002-12-16,0.029175174668945,0.025856
2002-12-17,-0.0010951881010348,-0.008729
2002-12-18,-0.0269207658409631,-0.011558
2002-12-19,-0.0132069630699897,-0.007127
2002-12-20,0.010931390485001,0.014197
2002-12-23,0.0070402187387423,0.000333
2002-12-24,-0.0051634192572451,-0.007387
2002-12-26,0.0031281220083763,0.000392
2002-12-27,-0.0164054064199514,-0.022486
2002-12-30,-0.0044555144273767,0.008354
2002-12-31,0.0124910648167496,0.001362
2003-01-02,0.0397152547462961,0.032189
2003-01-03,-0.0015456228335864,0.003075
2003-01-06,0.0232737125032575,0.017625
2003-01-07,0.0129133360514417,-0.002474
2003-01-08,-0.0081269540093268,-0.014451
2003-01-09,0.0184634195602703,0.015538
2003-01-10,0.0014724661601495,0.002694
2003-01-13,-0.0038235000299667,-0.000322
2003-01-14,0.0146345730917953,0.003225
2003-01-15,-0.0067320931567454,-0.009965
2003-01-16,-0.0001962351294876,-0.004113
2003-01-17,-0.0236363552972627,-0.014779
2003-01-21,-0.0211240589256273,-0.015553
2003-01-22,-0.0180681735216909,-0.012101
2003-01-23,0.0209201749175775,0.006125
2003-01-24,-0.036392681209346,-0.026265
2003-01-27,-0.0250154333035985,-0.013661
2003-01-28,0.0228328452061402,0.007394
2003-01-29,0.0095658163907468,0.007573
2003-01-30,-0.0244145988485952,-0.023705
2003-01-31,-0.0090577679114094,0.019306
2003-02-03,-0.004955446455526,0.001975
2003-02-04,-0.0136004965087139,-0.009857
2003-02-05,0.0007048823107813,-0.006208
2003-02-06,-0.0092976502022058,-0.004714
2003-02-07,-0.0140640982375244,-0.012197
2003-02-10,0.0088703697367293,0.007073
2003-02-11,-0.0059213506133632,-0.006904
2003-02-12,-0.0180342962187687,-0.015942
2003-02-13,-0.0034010236107951,0.003045
2003-02-14,0.0137533141351011,0.021858
2003-02-18,0.0273757915604971,0.017588
2003-02-19,-0.0091431920614699,-0.005255
2003-02-20,3.752354536368334e-05,-0.009979
2003-02-21,0.0105207027621776,0.010079
2003-02-24,-0.0191238224397066,-0.016201
2003-02-25,0.0064464723714522,0.007995
2003-02-26,-0.0171833180050985,-0.014561
2003-02-27,0.0114244030430365,0.013215
2003-02-28,0.0054795916243926,0.00664
2003-03-03,-0.0063763611225219,-0.009541
2003-03-04,-0.0157570710664129,-0.015935
2003-03-05,0.0066423931963415,0.008459
2003-03-06,-0.0002416655015989,-0.008388
2003-03-07,0.0081667984995729,0.006888
2003-03-10,-0.0262237353604957,-0.024004
2003-03-11,-0.0199311780220753,-0.009838
2003-03-12,0.0062044728242357,0.006706
2003-03-13,0.0388723951996768,0.034542
2003-03-14,-0.0032865602941384,0.00322
2003-03-17,0.0400319665843302,0.031499
2003-03-18,0.0142903197354979,0.005877
2003-03-19,-0.0032974103748494,0.007676
2003-03-20,0.0083233087952763,0.00216
2003-03-21,0.0286208594533327,0.021264
2003-03-24,-0.0440211939744302,-0.033233
2003-03-25,0.022533690762912,0.009574
2003-03-26,-0.0154105864219382,-0.005027
2003-03-27,0.003215440103551,0.000804
2003-03-28,-0.0070582173240054,-0.005049
2003-03-31,-0.0118042753128325,-0.022719
2003-04-01,0.0152398611425747,0.015341
2003-04-02,0.02971842955364,0.024175
2003-04-03,-0.0040897953332611,-0.004766
2003-04-04,-0.0004546014548072,0.005929
2003-04-07,0.0085660043386785,-0.001927
2003-04-08,-0.008452664621117,0.00159
2003-04-09,-0.0105319459899599,-0.013154
2003-04-10,0.0065487040205355,0.005515
2003-04-11,-0.0007638811356991,-0.004114
2003-04-14,0.0241597315840668,0.020654
2003-04-15,0.0107277474725411,0.009331
2003-04-16,-0.0105356717623196,-0.017042
2003-04-17,0.027487033366385,0.014844
2003-04-21,0.0112915311838002,0.001005
2003-04-22,0.0251523139243049,0.018851
2003-04-23,0.0114517043019959,0.009196
2003-04-24,-0.0024835852634905,-0.008896
2003-04-25,-0.0136550545727601,-0.012369
2003-04-28,0.0296807018237493,0.017289
2003-04-29,0.0136358040759708,0.0
2003-04-30,0.0010282948141978,0.001307
2003-05-01,-0.0009395226479482,-0.000109
2003-05-02,0.0251912384706891,0.014255
2003-05-05,0.0118695890738295,-0.001931
2003-05-06,0.0075040513392352,0.009459
2003-05-07,-0.0101375278373942,-0.005537
2003-05-08,-0.0080600534815706,-0.010065
2003-05-09,0.0232403894142156,0.013845
2003-05-12,0.0153527616630444,0.012269
2003-05-13,0.0008706953846582,-0.001792
2003-05-14,0.0038237166025812,-0.002112
2003-05-15,0.0278642609140288,0.006349
2003-05-16,0.0087874563824442,-0.002523
2003-05-19,-0.0336259918513596,-0.023401
2003-05-20,-0.0052530740288723,-0.002051
2003-05-21,0.0053812994357714,0.002055
2003-05-22,0.01233220757464,0.00993
2003-05-23,0.0148312536401142,0.002031
2003-05-27,0.0206551601996952,0.017492
2003-05-28,0.0046992182834318,0.00283
2003-05-29,0.0019752912677037,-0.002613
2003-05-30,0.0218858336366303,0.016034
2003-06-02,0.0075433456530331,0.004126
2003-06-03,-0.0064450339150726,0.004109
2003-06-04,0.0277152086826856,0.014425
2003-06-05,0.0158626152988548,0.004941
2003-06-06,-0.00806711777895,-0.003914
2003-06-09,-0.0220980213614657,-0.010175
2003-06-10,0.0086978992977727,0.010178
2003-06-11,0.0183378876959845,0.010579
2003-06-12,0.0064450349083092,0.003091
2003-06-13,-0.020105916687156,-0.010436
2003-06-16,0.0181216850111593,0.021093
2003-06-17,0.0028019978352829,0.0
2003-06-18,0.0007744436025814,-0.000885
2003-06-19,-0.0139623939405123,-0.01526
2003-06-20,-0.0064672262823147,-0.002197
2003-06-23,-0.0277940094948945,-0.010258
2003-06-24,-0.0035121000735279,0.001016
2003-06-25,-0.0040862063186333,-0.010049
2003-06-26,0.0118721317057324,0.013022
2003-06-27,-0.0058788941742737,-0.011539
2003-06-30,0.0028680548789118,-0.000307
2003-07-01,0.0039639188621976,0.009218
2003-07-02,0.0166337924330779,0.012585
2003-07-03,-0.0083172813078398,-0.010324
2003-07-07,0.0185921167541033,0.01985
2003-07-08,0.0096894246570109,0.004469
2003-07-09,0.004112568155712,-0.005635
2003-07-10,-0.0183019046292392,-0.012726
2003-07-11,0.0080320316852484,0.009466
2003-07-14,0.0054559907725854,0.004888
2003-07-15,-0.0049930900044537,-0.002184
2003-07-16,-0.0065840827937491,-0.00587
2003-07-17,-0.0171775311173503,-0.014211
2003-07-18,0.0126968933822592,0.010254
2003-07-21,-0.0165766474949358,-0.012361
2003-07-22,0.0178467865166789,0.009056
2003-07-23,-0.0007451439820434,0.000706
2003-07-24,-0.0028814444989563,-0.007557
2003-07-25,0.0172531920794949,0.017667
2003-07-28,0.0035675217015943,-0.003692
2003-07-29,-0.0059813281383809,-0.004606
2003-07-30,-0.0031843612628892,-0.002414
2003-07-31,0.0106443897718726,0.002319
2003-08-01,-0.0058325067310559,-0.008854
2003-08-04,-0.0017813075651352,0.0
2003-08-05,-0.0163667278023995,-0.021216
2003-08-06,-0.0050274166878684,0.005808
2003-08-07,0.0049198643431339,0.010518
2003-08-08,0.0009967488642864,0.002857
2003-08-11,0.0071209052312937,0.003765
2003-08-12,0.0114373541038626,0.009123
2003-08-13,0.0005705755345736,-0.005123
2003-08-14,0.0092488553118568,0.002726
2003-08-15,0.0012995478271447,0.003122
2003-08-18,0.0167182257656503,0.008633
2003-08-19,0.0107804099545146,0.003782
2003-08-20,6.05899205317296e-05,-0.004065
2003-08-21,0.0114882138771076,0.003186
2003-08-22,-0.0116957622563221,-0.009924
2003-08-25,-0.0025951426163417,0.001604
2003-08-26,0.0038611191487178,0.001801
2003-08-27,0.0046366499465656,0.0003
2003-08-28,0.0098801624951995,0.006191
2003-08-29,0.0076920207698591,0.006749
2003-09-02,0.014969321931398,0.013407
2003-09-03,0.0037176418105984,0.005447
2003-09-04,0.0002100938715905,0.000484
2003-09-05,-0.0062422546122454,-0.005609
2003-09-08,0.0132860813630055,0.008266
2003-09-09,-0.0095030885242229,-0.006559
2003-09-10,-0.0200669979666034,-0.010097
2003-09-11,0.0098183146115353,0.002942
2003-09-12,0.0044785724918112,0.001858
2003-09-15,-0.0043207791022505,-0.003514
2003-09-16,0.0164561415874442,0.014595
2003-09-17,-0.0020168926406059,-0.001931
2003-09-18,0.0098626046961321,0.011801
2003-09-19,8.57081732693684e-06,-0.005066
2003-09-22,-0.0155055090032453,-0.010804
2003-09-23,0.0073940692312895,0.003803
2003-09-24,-0.0204265174587403,-0.017777
2003-09-25,-0.0145477070177533,-0.008209
2003-09-26,-0.0127279129084328,-0.003291
2003-09-29,0.013226246846245,0.009805
2003-09-30,-0.0104967720913449,-0.00971
2003-10-01,0.0214294029132886,0.021311
2003-10-02,0.0066493376776672,0.003625
2003-10-03,0.0165781107782486,0.009175
2003-10-06,0.0056369932103138,0.004546
2003-10-07,0.0066544759786591,0.003851
2003-10-08,-0.0024757882715788,-0.002494
2003-10-09,0.0083674012303611,0.002692
2003-10-10,-0.0010536923044013,0.002781
2003-10-13,0.0110698440681035,0.003156
2003-10-14,0.0061402572734235,0.003527
2003-10-15,-0.0049074006883806,-0.00266
2003-10-16,0.0032761841451567,0.004
2003-10-17,-0.0151485175295729,-0.01091
2003-10-20,0.0044425302476559,0.007481
2003-10-21,0.0021845936615525,-0.001714
2003-10-22,-0.0165747050380226,-0.012588
2003-10-23,-0.0039154425299768,-0.001835
2003-10-24,-0.0044694315767015,0.002225
2003-10-27,0.0108261938065811,0.000483
2003-10-28,0.0158404615240087,0.013606
2003-10-29,0.0080283089329357,0.001333
2003-10-30,0.0010863908965535,0.002092
2003-10-31,0.0034309458908541,-0.000949
2003-11-03,0.0112839369744597,0.006553
2003-11-04,-0.0024686529206884,-0.00217
2003-11-05,-0.0007600220523188,0.000756
2003-11-06,0.0080021334721973,0.005291
2003-11-07,0.0011481461048606,-0.007425
2003-11-10,-0.0135680343228357,-0.004072
2003-11-11,-0.0012304680075039,-0.000285
2003-11-12,0.0158620205128964,0.011222
2003-11-13,0.0021248854892617,0.000282
2003-11-14,-0.0116272546850065,-0.008462
2003-11-17,-0.0132381200893473,-0.005026
2003-11-18,-0.0101237893742313,-0.010388
2003-11-19,0.005280658279312,0.008475
2003-11-20,-0.007426623271999,-0.008976
2003-11-21,0.0066689568905665,0.004143
2003-11-24,0.0208263895849655,0.013243
2003-11-25,0.0087895064025022,0.003788
2003-11-26,0.0067102423048566,0.003585
2003-11-28,0.0011428802135641,0.000752
2003-12-01,0.0161201939835117,0.010803
2003-12-02,-0.0050170988994331,-0.002509
2003-12-03,-8.194090084436391e-05,-0.001584
2003-12-04,0.0011178266488125,0.004106
2003-12-05,-0.0106428700926411,-0.00697
2003-12-08,0.0087702842807071,0.006738
2003-12-09,-0.0096839634361015,-0.007716
2003-12-10,-0.0062604719109772,-9.4e-05
2003-12-11,0.0216987794805452,0.011243
2003-12-12,0.004930602259678,0.001946
2003-12-15,-0.0083543361306094,-0.004994
2003-12-16,0.0026697689780574,0.005205
2003-12-17,0.0039115832970845,0.003143
2003-12-18,0.0192506667342543,0.011244
2003-12-19,0.0041667203164495,-0.002774
2003-12-22,0.0104885234305557,0.006979
2003-12-23,0.0062828340869832,0.000638
2003-12-24,-0.0014933360382299,-0.001002
2003-12-26,0.0033597019805755,0.00073
2003-12-29,0.0150928558783628,0.013309
2003-12-30,-0.0009101798310324,0.00018
2003-12-31,-0.0014440721309964,0.000899
2004-01-02,-0.0011696079465133,-0.000449
2004-01-05,0.0139660591116621,0.010878
2004-01-06,-8.91325501666168e-05,0.000978
2004-01-07,0.0015545231936305,0.003376
2004-01-08,0.0123750972023717,0.003985
2004-01-09,-0.0053520545931773,-0.008732
2004-01-12,0.0059326385579612,0.007385
2004-01-13,-0.0062705366411556,-0.005829
2004-01-14,0.0095141590790446,0.008351
2004-01-15,0.0024981686306194,0.002467
2004-01-16,0.0130553587407853,0.003955
2004-01-20,0.0058617001235107,-0.000263
2004-01-21,0.0036998771586398,0.007881
2004-01-22,-0.0080496649588268,-0.002606
2004-01-23,-0.0030771044529679,-0.003223
2004-01-26,0.0081715837060002,0.012584
2004-01-27,-0.0087741733499832,-0.01027
2004-01-28,-0.0161350724450703,-0.011423
2004-01-29,-0.0037154698175157,0.00097
2004-01-30,0.0046127716458224,0.0
2004-02-02,0.0011114813746759,0.004318
2004-02-03,-0.000952098685695,-0.001667
2004-02-04,-0.0168899791279542,-0.008174
2004-02-05,0.0039821479712402,0.002924
2004-02-06,0.0191749436831491,0.011221
2004-02-09,0.0006581256773269,0.000262
2004-02-10,0.0078459501623,0.003232
2004-02-11,0.0116991912075863,0.010623
2004-02-12,-0.0047734242410309,-0.003618
2004-02-13,-0.008502217416107,-0.004496
2004-02-17,0.0146684508473688,0.009033
2004-02-18,-0.0034282413914152,-0.00439
2004-02-19,-0.0075503878849533,-0.003718
2004-02-20,-0.0073775093090916,-0.003037
2004-02-23,-0.0109721580271095,-0.002524
2004-02-24,0.0002179075747804,-0.001745
2004-02-25,0.008075344605944,0.004196
2004-02-26,0.0076180614972599,0.000609
2004-02-27,0.007282282663577,0.000696
2004-03-01,0.0158006055375747,0.009911
2004-03-02,-0.0042191820603631,-0.005854
2004-03-03,0.0006937950613977,0.001818
2004-03-04,0.0049958752427736,0.002593
2004-03-05,0.0015250990425623,0.003362
2004-03-08,-0.0124819274035279,-0.012201
2004-03-09,-0.0111643014047992,-0.004001
2004-03-10,-0.0189439406076943,-0.016769
2004-03-11,-0.0157401029934188,-0.012969
2004-03-12,0.0189504134929711,0.013139
2004-03-15,-0.0193190154665217,-0.012258
2004-03-16,0.0040666064234857,0.005306
2004-03-17,0.0166279474154127,0.011182
2004-03-18,-0.0030764018621719,0.000265
2004-03-19,-0.0075782069862438,-0.014285
2004-03-22,-0.0179061527981494,-0.012696
2004-03-23,0.0003766952551969,-0.001733
2004-03-24,-0.0024460693262817,0.000822
2004-03-25,0.0206176021937731,0.013236
2004-03-26,0.0014158032100825,0.00027
2004-03-29,0.015439874299527,0.01405
2004-03-30,0.0080375358846914,0.003375
2004-03-31,0.0021244285525486,0.001151
2004-04-01,0.0131160938873974,0.006012
2004-04-02,0.0205715645805254,0.007558
2004-04-05,0.0089737079307429,0.005495
2004-04-06,-0.0048483509655147,-0.00321
2004-04-07,0.0061082299473491,-0.00235
2004-04-08,0.0041449778490647,-0.002268
2004-04-12,0.0022891097301032,0.003935
2004-04-13,-0.0198813640349531,-0.014022
2004-04-14,-0.0061567731723289,0.00159
2004-04-15,-0.0116906931640865,-0.003792
2004-04-16,0.0042363685179945,0.007702
2004-04-19,-0.0004679305896608,0.0
2004-04-20,-0.0144699674954048,-0.016779
2004-04-21,0.0088416872583477,0.006701
2004-04-22,0.0147351572582252,0.014023
2004-04-23,-0.001716556085406,0.000963
2004-04-26,-0.0065710919909446,-0.001399
2004-04-27,0.0031953139346416,0.000876
2004-04-28,-0.0146495258021004,-0.012948
2004-04-29,-0.0070386440344744,-0.008775
2004-04-30,-0.0094476187619171,-0.00778
2004-05-03,-0.0010621892120406,0.010725
2004-05-04,0.0018436617797859,-0.000803
2004-05-05,0.0081983289114377,0.006425
2004-05-06,-0.0195216642719115,-0.008601
2004-05-07,-0.0187897260840791,-0.016546
2004-05-10,-0.0206485661955331,-0.010276
2004-05-11,0.0111911846852268,0.008454
2004-05-12,0.0002162660600498,0.006378
2004-05-13,0.0031516450161847,-0.004165
2004-05-14,-0.0020464933743508,0.000455
2004-05-17,-0.0175126311200072,-0.008542
2004-05-18,0.0143929843315353,0.005041
2004-05-19,0.0050678863137778,-0.003466
2004-05-20,-0.0072521012488483,0.003203
2004-05-21,-0.0020876400890589,0.001733
2004-05-24,0.0071051439759196,0.004189
2004-05-25,0.0210969400478231,0.014329
2004-05-26,0.0093341290258205,0.003487
2004-05-27,0.0072470293670378,0.005613
2004-05-28,0.0035222987306512,-8.9e-05
2004-06-01,-0.0007558746126234,-0.001329
2004-06-02,0.0017862225977709,0.003726
2004-06-03,-0.0128979613415496,-0.009193
2004-06-04,0.0080657997116667,0.00794
2004-06-07,0.0145895196146634,0.015224
2004-06-08,-0.005580586349194,0.001395
2004-06-09,-0.0106984198435357,-0.009316
2004-06-10,0.0055309875895774,0.004921
2004-06-14,-0.0119422790514031,-0.009882
2004-06-15,0.0124788070836736,0.007066
2004-06-16,-0.0004050127900113,-0.000175
2004-06-17,0.0010066775403025,-0.001491
2004-06-18,0.0070600363410411,0.001878
2004-06-21,-0.0008851349428536,-0.003784
2004-06-22,0.0075566247483903,0.005035
2004-06-23,0.0140788397022587,0.008614
2004-06-24,-0.0027616065626535,-0.003137
2004-06-25,0.001061563193516,-0.004808
2004-06-28,-0.0045728167979293,-0.003426
2004-06-29,0.0105702120600238,0.004143
2004-06-30,0.0059531124100187,0.005355
2004-07-01,-0.0107963784308053,-0.013883
2004-07-02,-0.0058873385513727,-0.000531
2004-07-06,-0.0122855917707771,-0.00877
2004-07-07,0.0019570307545168,0.002949
2004-07-08,-0.0154293728728553,-0.007129
2004-07-09,0.0041909017117594,0.002782
2004-07-12,-0.0044400783734214,0.000447
2004-07-13,0.0005094508394392,0.000716
2004-07-14,0.0005555867582234,-0.00304
2004-07-15,4.966643724279553e-05,-0.006456
2004-07-16,-0.0069067403174287,-0.000812
2004-07-19,-0.0003748288861673,-0.004245
2004-07-20,0.0067464248033954,0.0127
2004-07-21,-0.0153474879551156,-0.018452
2004-07-22,-0.0014292647425523,0.002738
2004-07-23,-0.0133665954020345,-0.008373
2004-07-26,-0.0036436371810779,-0.001927
2004-07-27,0.0034556895776656,0.009379
2004-07-28,0.0011855674029955,0.003006
2004-07-29,0.0142423855118537,0.004269
2004-07-30,0.0024163686958339,0.002442
2004-08-02,0.0002784587753695,0.002075
2004-08-03,-0.0117308020593416,-0.007743
2004-08-04,0.001263118830677,-9.1e-05
2004-08-05,-0.0219279791687337,-0.016334
2004-08-06,-0.016399452353976,-0.014299
2004-08-09,0.0120900901058346,0.001404
2004-08-10,0.018703403729262,0.011402
2004-08-11,-0.0070538762284558,-0.000554
2004-08-12,-0.011474511776997,-0.01091
2004-08-13,-0.0013330854487097,0.001963
2004-08-16,0.0177154409756073,0.010355
2004-08-17,0.0105750430379495,0.005633
2004-08-18,0.0124797241835517,0.010284
2004-08-19,-0.0050184517433086,-0.002908
2004-08-20,0.016291671524236,0.007019
2004-08-23,-0.0029660556051081,-0.002534
2004-08-24,0.0001601321118286,0.001361
2004-08-25,0.0091687074057695,0.006797
2004-08-26,0.0008433558182077,0.0
2004-08-27,0.0070468647097615,0.00315
2004-08-30,-0.0080223187769277,-0.008255
2004-08-31,0.0012014298581879,0.005247
2004-09-01,0.0008280204312822,0.00189
2004-09-02,0.0089939816754901,0.011319
2004-09-03,-0.0043422560248659,-0.004086
2004-09-07,0.0070041020613899,0.0066
2004-09-08,-0.0108078110176826,-0.002481
2004-09-09,0.0058186136147378,-0.000888
2004-09-10,0.0036818441697745,0.005156
2004-09-13,0.008220657581047,0.003273
2004-09-14,-0.0013810121021504,0.002028
2004-09-15,-0.0108334009012655,-0.007566
2004-09-16,0.0033508396165027,0.003014
2004-09-17,0.0076142832747245,0.004232
2004-09-20,-0.0077235020175333,-0.00601
2004-09-21,0.0078741953419573,0.004357
2004-09-22,-0.0056051473560016,-0.012482
2004-09-23,-0.0084014942119909,-0.005379
2004-09-24,-0.0027692073407089,0.004597
2004-09-27,-0.0080002845794978,-0.00637
2004-09-28,0.0056320714417646,0.004786
2004-09-29,0.0057549258354391,0.005032
2004-09-30,0.0080202419031529,-0.000715
2004-10-01,0.0166070934585657,0.016911
2004-10-04,0.0056945154273541,0.001672
2004-10-05,-0.0015230707375541,0.000527
2004-10-06,0.0068764352336587,0.006321
2004-10-07,-0.008442942288147,-0.010208
2004-10-08,-0.010623543471495,-0.008286
2004-10-11,0.0014766681066525,0.004089
2004-10-12,-0.0046897384804345,-0.003895
2004-10-13,-0.0076961037786449,-0.008798
2004-10-14,-0.004281101975043,-0.008069
2004-10-15,0.001600176199241,0.005604
2004-10-18,0.0037779378780632,0.003775
2004-10-19,-0.0068402427037379,-0.008417
2004-10-20,0.0038609568977571,-0.001987
2004-10-21,0.0116898280130345,0.006515
2004-10-22,-0.0072357483317739,-0.011237
2004-10-25,0.0007169640151677,-0.001182
2004-10-26,0.0114803731072414,0.015292
2004-10-27,0.0154726773942635,0.012014
2004-10-28,0.0006750476373373,0.003012
2004-10-29,0.0114971296559152,-0.000177
2004-11-01,-0.0026736149933368,0.002739
2004-11-02,-0.0008416410812729,0.000352
2004-11-03,0.0137619490057064,0.012594
2004-11-04,0.017937465551081,0.013655
2004-11-05,0.0091349209710881,0.006263
2004-11-08,-0.0016599800830543,-0.00145
2004-11-09,0.007265885916967,-0.001964
2004-11-10,-0.0001788521768218,0.00077
2004-11-11,0.0074838290870465,0.007609
2004-11-12,0.0111739240036828,0.007891
2004-11-15,0.0053691115216422,0.00245
2004-11-16,-0.005044864860978,-0.007159
2004-11-17,0.0096969951959043,0.005938
2004-11-18,0.0024791487031994,0.001349
2004-11-19,-0.0058675291167392,-0.011117
2004-11-22,0.0191840495135239,0.004769
2004-11-23,0.0040519370490398,0.001526
2004-11-24,0.0100686943751406,0.00237
2004-11-26,0.0054682865961791,-0.000844
2004-11-29,-0.0001542858871356,-0.004479
2004-11-30,-0.0039349573042205,0.000679
2004-12-01,0.0108880698158679,0.011367
2004-12-02,-0.0051602178646157,0.000839
2004-12-03,0.0009159762979913,-0.00067
2004-12-06,0.0001028720416218,-0.000335
2004-12-07,-0.0088004281140718,-0.009311
2004-12-08,0.0003712795435735,0.005843
2004-12-09,0.0061635230329704,0.003536
2004-12-10,0.0038079222947522,0.001007
2004-12-13,0.0188026154258308,0.008715
2004-12-14,0.0043363428646022,0.003489
2004-12-15,0.0060835058807175,0.000745
2004-12-16,-0.017014310724949,-0.000579
2004-12-17,-0.0062049049523393,-0.006639
2004-12-20,-0.0068939955030126,0.000251
2004-12-21,0.0082421146005044,0.007701
2004-12-22,0.0012423796270835,0.002409
2004-12-23,0.0043028760785983,0.000746
2004-12-27,-0.0049955341768278,-0.00207
2004-12-28,0.0115466616194646,0.005476
2004-12-29,0.0021410089221801,0.001485
2004-12-30,0.0039566743646263,-0.001895
2004-12-31,0.0061551942415006,-0.002146
2005-01-03,-0.0154600426890192,-0.004716
2005-01-04,-0.0162149279905613,-0.013051
2005-01-05,-0.0120723234628412,-0.006064
2005-01-06,5.5311695178443856e-05,0.005084
2005-01-07,-0.0019611401185798,-0.001433
2005-01-10,0.0016256581842054,0.004728
2005-01-11,-0.0007195487001711,-0.006891
2005-01-12,0.0032375238504193,0.0033
2005-01-13,-0.0069294340392886,-0.008012
2005-01-14,0.0089837060997028,0.005271
2005-01-18,0.005960672243,0.010403
2005-01-19,-0.0086223662748792,-0.010463
2005-01-20,-1.7695271289714545e-05,-0.00609
2005-01-21,-0.0043376414885644,-0.006128
2005-01-24,-0.005426591848128,-0.001969
2005-01-25,0.0158433242140515,0.002831
2005-01-26,0.0065853277190865,0.002995
2005-01-27,0.0069699271987928,0.001706
2005-01-28,-0.0031101161690918,0.0
2005-01-31,0.0133931550372755,0.006217
2005-02-01,0.0004322005349869,0.006347
2005-02-02,0.0072067765318619,0.003027
2005-02-03,-0.0039157334714705,-0.002599
2005-02-04,0.0161144434521021,0.010676
2005-02-07,-0.0047079162346682,-0.001331
2005-02-08,0.0063401912600796,0.001166
2005-02-09,-0.0126177215650909,-0.007487
2005-02-10,0.0025869299558987,0.003604
2005-02-11,0.0094877132357667,0.008602
2005-02-14,0.0066962576662181,-0.000745
2005-02-15,0.004619690291585,0.003729
2005-02-16,0.0023542649249375,0.00066
2005-02-17,-0.0071092628991305,-0.008085
2005-02-18,-0.0005641985417134,0.001331
2005-02-22,-0.0180140051974066,-0.014868
2005-02-23,0.0067738842607228,0.007167
2005-02-24,0.0058383040579703,0.006614
2005-02-25,0.0030742151039306,0.009897
2005-02-28,-0.0042041126554553,-0.006588
2005-03-01,0.0120391498759043,0.004974
2005-03-02,-0.0021215168544654,-0.000495
2005-03-03,-0.0029662745959296,0.000413
2005-03-04,0.0082644455653616,0.012457
2005-03-07,0.007791121383063,0.000489
2005-03-08,-0.0100393409580866,-0.003746
2005-03-09,-0.0147144389389618,-0.011118
2005-03-10,0.0039755509558682,0.002232
2005-03-11,-0.0057337735717721,-0.007011
2005-03-14,0.0105835846837278,0.00623
2005-03-15,-0.0028072482521734,-0.008255
2005-03-16,-0.0074811677439471,-0.00849
2005-03-17,0.0034259725118034,0.002015
2005-03-18,-0.0014531886428556,-0.002957
2005-03-21,0.0009436696410253,-0.003712
2005-03-22,-0.0051826643160025,-0.010161
2005-03-23,0.0023060881094865,0.000855
2005-03-24,0.0017780622924492,0.001197
2005-03-28,0.0094739867037657,0.001451
2005-03-29,-0.0153867342554761,-0.006649
2005-03-30,0.0137628526175844,0.01416
2005-03-31,0.0076423964387434,-0.001862
2005-04-01,0.0009019096201808,-0.004493
2005-04-04,0.0029239332180864,0.001703
2005-04-05,0.0034549452755736,0.004761
2005-04-06,0.0035234839266592,0.003469
2005-04-07,0.0039104369771958,0.005396
2005-04-08,-0.0055873681570228,-0.010399
2005-04-11,0.0019682233966873,0.000763
2005-04-12,0.0044213517991664,0.005166
2005-04-13,-0.018185046375721,-0.011794
2005-04-14,-0.0187903353795232,-0.013044
2005-04-15,-0.0187724293954852,-0.013993
2005-04-18,0.0048998770338141,0.003066
2005-04-19,0.0145484181254447,0.007948
2005-04-20,-0.0124858194659092,-0.01395
2005-04-21,0.0233604814002585,0.01942
2005-04-22,-0.0068812579032094,-0.003793
2005-04-25,0.0151963010256175,0.006576
2005-04-26,-0.0050098793067107,-0.009714
2005-04-27,0.0085402594111528,0.003906
2005-04-28,-0.0099311969036966,-0.012538
2005-04-29,0.0086202695723644,0.013573
2005-05-02,0.0090987836102711,0.005616
2005-05-03,0.0049048474189729,0.001718
2005-05-04,0.0082538164679234,0.007719
2005-05-05,-0.0005075208965999,-0.00034
2005-05-06,0.010692174625101,-0.00315
2005-05-09,0.0166664221017429,0.006235
2005-05-10,-0.0045037972979338,-0.010355
2005-05-11,-0.0125717733870502,0.005489
2005-05-12,-0.0073784549914202,-0.011003
2005-05-13,0.003489834247034,-0.001984
2005-05-16,0.0201332955455334,0.009333
2005-05-17,0.0051524854758022,0.006678
2005-05-18,0.0189508343874896,0.010291
2005-05-19,0.0027142773845973,0.004209
2005-05-20,0.0041188552484956,-0.001425
2005-05-23,0.0092089753858508,0.005541
2005-05-24,0.0043333040289433,-0.002338
2005-05-25,-0.0066224763124666,-0.000753
2005-05-26,0.0042588753574201,0.00536
2005-05-27,0.001924051913533,0.001666
2005-05-31,0.008027305784789,-0.006403
2005-06-01,0.0073537495237668,0.008537
2005-06-02,0.0073331978157016,0.002158
2005-06-03,-0.0113829638179923,-0.005051
2005-06-06,0.0008394271291572,-0.000916
2005-06-07,0.0052258881953992,0.00075
2005-06-08,-0.0078958385222606,-0.001831
2005-06-09,0.0101059695859464,0.004754
2005-06-10,-0.0018899658148132,-0.002324
2005-06-13,0.0151387597608885,0.003161
2005-06-14,0.0080834301818545,0.002322
2005-06-15,0.0128104528769724,0.001903
2005-06-16,0.0130998476063268,0.00256
2005-06-17,0.00020068698042,0.003687
2005-06-20,-0.010013445822805,0.00033
2005-06-21,0.0079721153258576,0.000577
2005-06-22,-0.0003061034842373,0.000823
2005-06-23,-0.0125570938356444,-0.014066
2005-06-24,-0.0164939920285923,-0.007342
2005-06-27,0.0055458936761045,0.001429
2005-06-28,0.0173528397420261,0.008393
2005-06-29,0.0037006290695988,-0.002663
2005-06-30,-0.0045089862760152,-0.005424
2005-07-01,0.0026603704418491,0.002937
2005-07-05,0.0075823844782195,0.008031
2005-07-06,0.0008103425351259,-0.008382
2005-07-07,0.0036343154594739,0.003934
2005-07-08,0.0142446578024759,0.011421
2005-07-11,0.0116225636665357,0.00511
2005-07-12,0.0033185648057297,0.002624
2005-07-13,0.0009031418522947,0.00139
2005-07-14,0.0011062108111832,0.003921
2005-07-15,0.0007818925497234,-0.00057
2005-07-18,-0.0005277790458818,-0.003989
2005-07-19,0.0136244696214383,0.005476
2005-07-20,0.010876007841818,0.003414
2005-07-21,-0.0110568849579151,-0.005833
2005-07-22,0.0077602799599446,0.006682
2005-07-25,-0.0117834366236198,-0.002833
2005-07-26,0.0105165993356932,0.001218
2005-07-27,-0.0017096734409101,0.003648
2005-07-28,0.002437739689395,0.006301
2005-07-29,-0.0052098357606908,-0.006663
2005-08-01,0.0007964284310471,-0.000727
2005-08-02,0.0045958262735688,0.005985
2005-08-03,-0.001449089889523,0.002653
2005-08-04,-0.0114417460005519,-0.008018
2005-08-05,-0.0103269806182569,-0.00679
2005-08-08,-0.0058746154211167,-0.001872
2005-08-09,0.0027471967302865,0.006033
2005-08-10,-0.0026912456445894,-0.000486
2005-08-11,0.0048872708020576,0.003973
2005-08-12,-0.0109077206070201,-0.006138
2005-08-15,0.0039353566661433,0.006176
2005-08-16,-0.0188621675078261,-0.013003
2005-08-17,-0.0023391235225522,-8.2e-05
2005-08-18,-0.0059672243998777,-8.2e-05
2005-08-19,0.0051289437158131,0.002292
2005-08-22,0.0028760200948485,0.0
2005-08-23,0.0015479896964116,-0.001878
2005-08-24,-0.0045309215688296,-0.008917
2005-08-25,-0.0034324248043012,0.003632
2005-08-26,-0.0048608634944729,-0.006826
2005-08-29,0.0049229422470817,0.007701
2005-08-30,-0.0079521531407494,-0.005259
2005-08-31,0.01195343206155,0.012639
2005-09-01,0.0023005056491732,-0.000734
2005-09-02,-0.0047380436672265,-0.001796
2005-09-06,0.0102618931441062,0.011695
2005-09-07,0.0085487247577559,0.001698
2005-09-08,-0.0042390105492897,-0.003309
2005-09-09,0.0049059028051834,0.008907
2005-09-12,0.0049690649084379,-0.002006
2005-09-13,-0.004695953464993,-0.005549
2005-09-14,-0.0072238898476584,-0.003639
2005-09-15,-0.0056129806238541,-0.000487
2005-09-16,0.0036663295145441,0.007078
2005-09-19,-0.0120062278842291,-0.00332
2005-09-20,-0.005221607471246,-0.008449
2005-09-21,-0.0123459091222967,-0.00934
2005-09-22,0.0020178821364766,0.003556
2005-09-23,0.0065411521051874,0.000824
2005-09-26,0.001716276317367,0.001153
2005-09-27,0.0008989496861917,-0.000247
2005-09-28,0.0041834972944979,0.000987
2005-09-29,0.0069698877494665,0.008137
2005-09-30,0.0061632598844541,0.003098
2005-10-03,0.001125382907366,-0.003576
2005-10-04,-0.0065813335181976,-0.011256
2005-10-05,-0.0216710111509653,-0.013117
2005-10-06,-0.0041394252994426,-0.003594
2005-10-07,0.0095668940748339,0.00344
2005-10-10,-0.0095136121921642,-0.008444
2005-10-11,-0.0119231840477077,-0.001433
2005-10-12,-0.0123319022178316,-0.007853
2005-10-13,0.0049219216163855,-0.000596
2005-10-14,0.0068870811935244,0.01056
2005-10-17,0.0034241203686636,0.003708
2005-10-18,-0.0096578126017682,-0.01083
2005-10-19,0.0084453238707813,0.016636
2005-10-20,-0.0080793135994559,-0.017616
2005-10-21,0.0007242720403931,0.003909
2005-10-24,0.0147749367685951,0.015491
2005-10-25,-0.0053501356355695,-0.002001
2005-10-26,1.1768518954518508e-05,-0.002923
2005-10-27,-0.016038431417022,-0.010639
2005-10-28,0.0154176289136453,0.014395
2005-10-31,0.0202186643777346,0.002755
2005-11-01,-0.0039990244852922,0.002997
2005-11-02,0.0236662587396429,0.010457
2005-11-03,0.0075480584272721,0.004271
2005-11-04,-0.0010492747799838,-0.001309
2005-11-07,0.0026727705900314,0.000983
2005-11-08,-0.0098156601050935,0.0
2005-11-09,0.0040997640287301,0.001309
2005-11-10,0.0093824189686057,0.007762
2005-11-11,-0.0014923943042602,0.003405
2005-11-14,0.0009819287740424,-0.000566
2005-11-15,0.0016585220932097,-0.003638
2005-11-16,-0.0001691080234055,0.002029
2005-11-17,0.0121461306746597,0.009313
2005-11-18,0.0049041501309343,0.003931
2005-11-21,0.0111846662824053,0.005035
2005-11-22,0.0038779662568648,0.004294
2005-11-23,0.0020512953113555,0.00578
2005-11-25,0.0042426807368171,0.000787
2005-11-28,-0.0166149768091981,-0.007079
2005-11-29,0.0065030147087833,-0.001109
2005-11-30,0.0001550284109064,-0.005393
2005-12-01,0.0158955099378733,0.010207
2005-12-02,0.0049104077813783,0.001263
2005-12-05,-0.0058675521515343,-0.002128
2005-12-06,0.0021492872963856,0.001896
2005-12-07,-0.0112721588323067,-0.005835
2005-12-08,0.0017258413149085,-0.000635
2005-12-09,0.0053883734273438,0.002619
2005-12-12,0.0003083521469861,0.00095
2005-12-13,0.0037500203255486,0.006801
2005-12-14,-8.46588211507226e-05,0.003927
2005-12-15,-0.0066481706610882,-0.002895
2005-12-16,-0.0025186028754376,-0.003204
2005-12-19,-0.0089524790376979,-0.005144
2005-12-20,-0.0016322889417246,0.000955
2005-12-21,0.0098401100424454,0.001589
2005-12-22,0.0038357511541801,0.005237
2005-12-23,0.0077603856441192,0.000553
2005-12-27,-0.0086722992887884,-0.010177
2005-12-28,0.0028225135486315,0.002232
2005-12-29,-0.0018512484669907,-0.004453
2005-12-30,-0.0077985972249125,-0.005432
2006-01-03,0.0162830587208478,0.017589
2006-01-04,0.0096904336240708,0.004736
2006-01-05,0.0042899907619773,0.000628
2006-01-06,0.0107517721095342,0.008322
2006-01-09,0.0041434526985749,0.002569
2006-01-10,-2.492735692091983e-05,0.001009
2006-01-11,0.0028521954979607,0.003181
2006-01-12,-0.0051194782410628,-0.003944
2006-01-13,0.0024605270930297,-0.000932
2006-01-17,-0.0054150200374397,-0.00272
2006-01-18,-0.0003703994014057,-0.003974
2006-01-19,0.0150194380061737,0.003834
2006-01-20,-0.0171408434452757,-0.018237
2006-01-23,0.002940406937769,0.003572
2006-01-24,0.0133205191441787,0.001028
2006-01-25,0.0037437798897788,0.000869
2006-01-26,0.0075618980305492,0.005527
2006-01-27,0.0052029482259618,0.009265
2006-01-30,0.0010468038036054,-0.000778
2006-01-31,-0.0063244808009263,-0.007319
2006-02-01,0.0057868588077274,0.00698
2006-02-02,-0.0064539759670313,-0.011605
2006-02-03,-0.0066617536164011,-0.004965
2006-02-06,0.0026902295287405,0.002613
2006-02-07,-0.0086538282302969,-0.008847
2006-02-08,0.0052877808471716,0.009085
2006-02-09,-0.0016720342754908,-0.001659
2006-02-10,-0.001286363842594,0.001819
2006-02-13,-0.003491425208401,-0.001816
2006-02-14,0.0064798403566867,0.0106
2006-02-15,0.0075944892570864,0.003522
2006-02-16,0.0113899709620544,0.007488
2006-02-17,0.0008361278324963,-0.00271
2006-02-21,-0.0081017540807223,-0.002484
2006-02-22,0.0092286154320906,0.006071
2006-02-23,-0.0059143040668167,-0.00147
2006-02-24,-0.0007318464545482,0.002557
2006-02-27,0.006861085548932,0.000386
2006-02-28,-0.0142607034544474,-0.009501
2006-03-01,0.013731530027414,0.00889
2006-03-02,-0.0003893298520873,-7.7e-05
2006-03-03,-0.0051067457536349,-0.004638
2006-03-06,-0.0106136838354753,-0.004582
2006-03-07,-0.0065065981193607,-0.00156
2006-03-08,-0.007838235506484,0.00211
2006-03-09,-0.004669044111502,-0.006706
2006-03-10,0.0090730917029725,0.009499
2006-03-13,0.0044489560294812,0.001866
2006-03-14,0.0130094263788856,0.010479
2006-03-15,0.0126225920764296,0.004455
2006-03-16,-0.0033937023640553,0.002065
2006-03-17,0.0032718656023995,0.000835
2006-03-20,-0.0026172246904659,-0.001608
2006-03-21,-0.0082957281646783,-0.006288
2006-03-22,0.0020713113998718,0.006096
2006-03-23,-0.0003009028124973,-0.002071
2006-03-24,0.0035329606726702,0.000769
2006-03-27,0.0005112481476797,-0.001459
2006-03-28,-0.0036160784296636,-0.006153
2006-03-29,0.0109911288869931,0.006268
2006-03-30,-0.003903627025909,-0.001769
2006-03-31,-0.0034750537247659,0.000231
2006-04-03,-0.0004013497367352,-0.00077
2006-04-04,0.0022033006978621,0.006398
2006-04-05,0.00969478156815,0.003447
2006-04-06,-0.0006830347630927,-0.001069
2006-04-07,-0.0109484506817995,-0.010163
2006-04-10,0.0004805048933421,0.001544
2006-04-11,-0.0139103869596996,-0.008479
2006-04-12,0.0004569774777217,0.001866
2006-04-13,0.0030811953350596,-0.001319
2006-04-17,-0.0060848987447051,-0.000388
2006-04-18,0.0195402434231898,0.015856
2006-04-19,0.0042004186262558,0.001913
2006-04-20,-0.0003766755982517,0.001375
2006-04-21,-0.0011036184407836,0.000152
2006-04-24,-0.0049040862391031,-0.00183
2006-04-25,-0.0005183584896903,-0.004125
2006-04-26,0.0044792312850608,0.00023
2006-04-27,6.0528980051733216e-05,0.004831
2006-04-28,-0.0046452347939012,0.003358
2006-05-01,-0.001377052768945,-0.008139
2006-05-02,0.0062417374332337,0.007515
2006-05-03,-0.0004581925989632,-0.00373
2006-05-04,0.0030509823390735,0.003591
2006-05-05,0.0091863299946073,0.008831
2006-05-08,-0.0001742131612613,-0.001207
2006-05-09,-0.003900015948477,0.001964
2006-05-10,-0.002463719461024,-0.000528
2006-05-11,-0.0159181495853677,-0.012071
2006-05-12,-0.0109625252567658,-0.013058
2006-05-15,-0.0045661601761384,0.002012
2006-05-16,-0.0036598718762253,-0.001467
2006-05-17,-0.0138479535740223,-0.019024
2006-05-18,-0.0073260456933215,-0.005045
2006-05-19,0.007143318742704,0.007052
2006-05-22,-0.0071631637578913,-0.007632
2006-05-23,-0.0053902594000315,-0.007611
2006-05-24,-0.0014089081965681,0.007989
2006-05-25,0.0082713085700321,0.012364
2006-05-26,0.0072744719647279,0.005089
2006-05-30,-0.0143269627747816,-0.01776
2006-05-31,0.0118266730297165,0.011182
2006-06-01,0.0136406650216548,0.009568
2006-06-02,-0.0022005178952196,0.002097
2006-06-05,-0.0201210606431629,-0.014574
2006-06-06,-0.0045381131049107,-0.002439
2006-06-07,-0.0065432842131661,-0.007492
2006-06-08,-0.0038715966249088,-0.000874
2006-06-09,-0.0030296672163915,-0.003181
2006-06-12,-0.0152481442933773,-0.01085
2006-06-13,-0.0127787989879572,-0.011614
2006-06-14,0.0014786762594187,0.007752
2006-06-15,0.0226118116763853,0.021215
2006-06-16,-0.0048346861003618,-0.007251
2006-06-19,-0.0100291483949969,-0.007862
2006-06-20,-0.0018196150204809,0.003396
2006-06-21,0.0117873027592985,0.007414
2006-06-22,-0.0054094042192694,-0.0044
2006-06-23,0.0004727953871747,-0.000161
2006-06-26,0.0030074115575259,0.00442
2006-06-27,-0.0141644791968465,-0.008641
2006-06-28,0.0040720714268362,0.006779
2006-06-29,0.0280488685121487,0.0202
2006-06-30,0.0107528816875026,-0.000314
2006-07-03,0.0012950298815888,0.00448
2006-07-05,-0.0121012476805991,-0.005712
2006-07-06,0.0095744415863492,0.002912
2006-07-07,-0.0134235858249166,-0.006513
2006-07-10,-0.0017380004191011,0.001896
2006-07-11,0.0035603938049277,0.004415
2006-07-12,-0.0132594297992135,-0.010674
2006-07-13,-0.0195725395853245,-0.016263
2006-07-14,-0.0072319823371688,-0.003871
2006-07-17,-0.0041093163588816,-0.001457
2006-07-18,-0.0041269966074544,0.005108
2006-07-19,0.0181080764950573,0.013874
2006-07-20,-0.0160080819332584,-0.006842
2006-07-21,-0.0141169304526799,-0.00705
2006-07-24,0.0110597467741496,0.018233
2006-07-25,0.0053437579486736,0.003566
2006-07-26,0.0013575571232083,0.001342
2006-07-27,-0.0236166345811427,-0.000946
2006-07-28,0.010320650001389,0.010023
2006-07-31,-0.0037450530199808,-0.001016
2006-08-01,-0.0045165953076564,-0.004928
2006-08-02,0.0100690057755277,0.00676
2006-08-03,-0.0001884864721332,0.002655
2006-08-04,-0.0039418342744848,-0.001713
2006-08-07,-0.0027047745818746,-0.00195
2006-08-08,-0.0071644910404456,-0.00422
2006-08-09,-0.0053520224338125,-0.003375
2006-08-10,0.0049997233064853,0.003071
2006-08-11,-0.003591447562062,-0.002826
2006-08-14,0.0024567517250027,0.000787
2006-08-15,0.0155801886233173,0.011958
2006-08-16,0.0150057099102918,0.009018
2006-08-17,0.0079811283463125,0.001849
2006-08-18,-0.0004571824074321,0.005076
2006-08-21,-0.0063450436006055,-0.004285
2006-08-22,0.0050525376477222,-7.7e-05
2006-08-23,-0.0014009141300148,-0.002767
2006-08-24,-0.0082157686445338,-0.000848
2006-08-25,-0.0017192201257257,0.001234
2006-08-28,0.0057795021345585,0.004776
2006-08-29,0.0095053979162044,0.00115
2006-08-30,0.01134355059601,0.000613
2006-08-31,0.0036115191357122,-0.000153
2006-09-01,0.0073033346538271,0.005971
2006-09-05,-0.0047812289312046,0.001902
2006-09-06,-0.0133476348159579,-0.00881
2006-09-07,-0.0031865144761384,-0.004597
2006-09-08,0.0100438042978724,0.002848
2006-09-11,0.0014090686376644,0.000998
2006-09-12,0.0152530113673554,0.009815
2006-09-13,0.0045499143926488,0.004025
2006-09-14,7.210023337384505e-05,7.6e-05
2006-09-15,0.0009078864247672,0.002339
2006-09-18,-0.001373517639611,0.001364
2006-09-19,-0.0016472658937818,-0.002497
2006-09-20,0.0069112691813428,0.005311
2006-09-21,-0.0080206482543011,-0.00483
2006-09-22,-0.006482138662104,-0.003033
2006-09-25,0.0091736977205708,0.007682
2006-09-26,0.0044083950373843,0.008303
2006-09-27,-0.0002201941145944,0.001198
2006-09-28,0.0024469446646987,-0.000374
2006-09-29,-0.0064995237267088,-0.000823
2006-10-02,-0.0020702518315333,-0.003743
2006-10-03,0.0025999955256088,0.002104
2006-10-04,0.010912198335095,0.011698
2006-10-05,-0.0084726466191818,0.001927
2006-10-06,-0.0012460288860395,-0.001258
2006-10-09,0.0141311029500159,0.000593
2006-10-10,-0.0022562896983784,0.001333
2006-10-11,0.0038431273885577,-0.001183
2006-10-12,0.009145958159573,0.00866
2006-10-13,0.0057184632816144,0.002568
2006-10-16,0.0039144018570806,0.001537
2006-10-17,-0.0077763443005886,-0.003142
2006-10-18,-0.002901233025439,0.00132
2006-10-19,0.0024799667006024,0.001611
2006-10-20,-0.0035397449812975,0.000219
2006-10-23,0.0022547387740275,0.004604
2006-10-24,-0.000132954484346,0.002983
2006-10-25,0.0043461429721621,0.003409
2006-10-26,0.0065643254596523,0.003108
2006-10-27,-0.0077507696155261,-0.006269
2006-10-30,0.00554383964639,-0.000725
2006-10-31,0.0042272349950896,-0.000145
2006-11-01,-0.0013602434175711,-0.006749
2006-11-02,0.0030660248495841,-0.000585
2006-11-03,-0.0014197594700626,-0.001755
2006-11-06,0.0118244443049592,0.011279
2006-11-07,0.0090264749077505,0.003838
2006-11-08,0.0038248958861538,0.002164
2006-11-09,-0.00213578443545,-0.005255
2006-11-10,0.0026910732044937,0.000434
2006-11-13,0.0063229925059837,0.002459
2006-11-14,0.0102856201574237,0.007505
2006-11-15,0.0009720830972126,0.002865
2006-11-16,0.0025595260142331,0.002571
2006-11-17,-0.0035274686168048,0.000285
2006-11-20,0.0002073027371301,0.00057
2006-11-21,0.0052663506243566,0.000996
2006-11-22,0.0070751776384675,0.001991
2006-11-24,-0.0031337675026332,-0.004045
2006-11-27,-0.0160418626733559,-0.013751
2006-11-28,0.0002031307791925,0.004335
2006-11-29,0.008621042292417,0.01043
2006-11-30,0.0014241453430008,0.000427
2006-12-01,-0.0028007397854662,-0.002206
2006-12-04,0.009579906175483,0.007631
2006-12-05,0.0046174025931293,0.004317
2006-12-06,-0.0054633341012532,-0.000846
2006-12-07,0.0007301199108475,-0.004373
2006-12-08,0.0008166512924028,0.001842
2006-12-11,0.0039392475081779,0.002899
2006-12-12,-0.0009268431121255,-0.000776
2006-12-13,-0.001852251418705,0.001058
2006-12-14,0.0067068806255475,0.008811
2006-12-15,-0.0016190867683533,8.8e-05
2006-12-18,-0.0090739415716148,-0.00274
2006-12-19,-0.0037032644401001,0.001902
2006-12-20,0.0012048346701031,-0.000563
2006-12-21,-0.0037494410858682,-0.003658
2006-12-22,0.0016497316297673,-0.006143
2006-12-26,0.0052064980496335,0.005897
2006-12-27,0.0137258992183293,0.006569
2006-12-28,6.213239381976882e-05,-0.002105
2006-12-29,-0.0048553043742717,-0.004149
2007-01-03,-0.0010798384103213,-0.001765
2007-01-04,-0.0007169907511238,0.002122
2007-01-05,-0.009131477470048,-0.007976
2007-01-08,0.0004424373104752,0.004625
2007-01-09,0.0029123733070557,-0.00085
2007-01-10,0.0057920002303676,0.003332
2007-01-11,0.0156977303701836,0.00438
2007-01-12,0.0082683785925727,0.007597
2007-01-16,-0.0010361629514392,-0.001955
2007-01-17,0.0010117534511905,0.00042
2007-01-18,-0.0054976843503035,-0.003356
2007-01-19,0.0042360298546969,0.001964
2007-01-22,-0.005966198904755,-0.003081
2007-01-23,0.0047562951393009,0.00295
2007-01-24,0.0014291940106207,0.008053
2007-01-25,-0.0124858231046058,-0.01174
2007-01-26,0.0029585720981275,-0.000703
2007-01-29,0.000762485364388,-0.000774
2007-01-30,0.0068406955414978,0.005209
2007-01-31,0.0064846488689953,0.006723
2007-02-01,0.0084077354058869,0.005983
2007-02-02,0.0003193308783408,0.001383
2007-02-05,-0.004117498506505,0.000276
2007-02-06,0.0006787860998021,0.000276
2007-02-07,0.0043739132249872,0.002209
2007-02-08,0.0013760549881452,-0.001308
2007-02-09,-0.0070908704347584,-0.007447
2007-02-12,-0.0031816843431758,-0.003404
2007-02-13,-0.0019503548267658,0.008435
2007-02-14,0.0062541296317703,0.006567
2007-02-15,0.004606386432987,0.001305
2007-02-16,-0.0011108446163208,-0.00048
2007-02-20,0.0055550538519261,0.002127
2007-02-21,0.0036303954406222,-0.000411
2007-02-22,0.000947081826882,-0.000754
2007-02-23,-0.0006885747236976,-0.003908
2007-02-26,0.0010134544525001,-0.000895
2007-02-27,-0.0287658649003108,-0.039058
2007-02-28,0.0038384679412284,0.010251
2007-03-01,-0.0067099766465598,-0.00298
2007-03-02,-0.0108072735248329,-0.013095
2007-03-05,-0.0119560396332035,-0.009519
2007-03-06,0.0134814893640344,0.01711
2007-03-07,-0.0016237613173767,-0.001002
2007-03-08,0.0043535361455949,0.008455
2007-03-09,0.0025286622406157,0.000284
2007-03-12,0.0075790197196662,0.001492
2007-03-13,-0.016720057153451,-0.019434
2007-03-14,0.0053322015889533,0.00745
2007-03-15,0.0050024584981398,0.001364
2007-03-16,-0.003417281630988,-0.002787
2007-03-19,0.0086070649680021,0.012055
2007-03-20,0.0062201887637661,0.005492
2007-03-21,0.0117376446812659,0.016457
2007-03-22,-0.0018696846447143,-0.000768
2007-03-23,0.0042263377799009,0.001467
2007-03-26,8.781286333614353e-05,-0.001325
2007-03-27,-0.0028319758550998,-0.002374
2007-03-28,-0.0024306639342171,-0.00728
2007-03-29,0.0025396662566459,0.001058
2007-03-30,0.0037470391185071,0.000211
2007-04-02,0.0078350948797893,0.001127
2007-04-03,0.0092913144465109,0.010763
2007-04-04,-0.0003806063642686,0.001114
2007-04-05,0.005868193348741,0.002711
2007-04-09,0.0028476434608646,0.001387
2007-04-10,0.0013298308002816,0.001177
2007-04-11,-0.0060076910918908,-0.00408
2007-04-12,0.0079879128943527,0.004444
2007-04-13,0.0005102509306186,0.004562
2007-04-16,0.0067139300035418,0.009496
2007-04-17,-5.702892821173837e-05,0.002658
2007-04-18,0.000712890146239,0.001224
2007-04-19,-0.0018069649084031,-0.000272
2007-04-20,0.0080512866731855,0.009441
2007-04-23,0.0037190422563908,-0.003768
2007-04-24,0.0053176266005735,0.000405
2007-04-25,0.0042253428284177,0.009182
2007-04-26,-0.0108962426215885,0.001137
2007-04-27,-0.0007614512324882,-0.000802
2007-04-30,-0.0032780684744509,-0.008293
2007-05-01,0.006556901755836,0.002563
2007-05-02,0.0060296780481974,0.005852
2007-05-03,0.0022658010374795,0.005417
2007-05-04,-0.0002834632291392,0.003791
2007-05-07,0.0008693869604332,0.000199
2007-05-08,-0.0015643901249162,-0.001325
2007-05-09,0.0054669161658847,0.00272
2007-05-10,-0.0196276119499523,-0.010453
2007-05-11,0.0095302402228786,0.008557
2007-05-14,-0.0054487653535226,-0.002187
2007-05-15,-0.0039975740661237,0.000266
2007-05-16,0.0046233875364296,0.006841
2007-05-17,-0.0040365908015563,-0.001979
2007-05-18,0.0078259429716834,0.008724
2007-05-21,0.0003018056198253,-0.000524
2007-05-22,0.0012502046827552,-0.000787
2007-05-23,-0.0014991351262354,0.000131
2007-05-24,-0.0087911642784658,-0.009053
2007-05-25,0.0065661927027763,0.004171
2007-05-29,0.0055409394405197,0.003626
2007-05-30,0.0029486828843026,0.008145
2007-05-31,0.0016938021888125,-0.001042
2007-06-01,0.0053888167045059,0.004957
2007-06-04,-0.0038462526471639,0.00013
2007-06-05,-0.0060850984903509,-0.003958
2007-06-06,-0.0080489317474326,-0.01075
2007-06-07,-0.0179994045493119,-0.018045
2007-06-08,0.0135055220093375,0.013011
2007-06-11,-0.0038732929929686,0.001721
2007-06-12,-0.0105711564062893,-0.010906
2007-06-13,0.0113887220073142,0.014968
2007-06-14,0.0024599720156246,0.006386
2007-06-15,0.0041220266754182,0.005663
2007-06-18,0.0008792852735719,-0.001176
2007-06-19,0.0033939324283651,0.002485
2007-06-20,-0.0059514263674351,-0.013897
2007-06-21,0.0039929396915814,0.005558
2007-06-22,-0.0048971386435241,-0.009409
2007-06-25,-0.0096177829793964,-0.004782
2007-06-26,-0.0029869510208834,-0.010278
2007-06-27,0.0090045180677701,0.014229
2007-06-28,0.0011617947890394,-0.000133
2007-06-29,-0.0029494084335983,0.000332
2007-07-02,0.0095643275272367,0.009041
2007-07-03,0.0028217016028291,0.003623
2007-07-05,0.0003547919293643,-0.00105
2007-07-06,0.0044420763325305,0.005257
2007-07-09,0.0002936206462143,0.000131
2007-07-10,-0.0104429719692565,-0.013595
2007-07-11,0.002925482630427,0.00709
2007-07-12,0.0143371505071368,0.015791
2007-07-13,0.0021138609378288,0.00298
2007-07-16,-0.0057547299368602,-0.000129
2007-07-17,-0.0006167566006776,-0.000517
2007-07-18,0.000662742092101,-0.001809
2007-07-19,0.0024577581555946,0.003884
2007-07-20,-0.0129577159983076,-0.010125
2007-07-23,0.0022624200977703,0.003062
2007-07-24,-0.0191334238633301,-0.017341
2007-07-25,-4.421846992766695e-05,0.002049
2007-07-26,-0.0247036135273971,-0.023679
2007-07-27,-0.0129957311330101,-0.01966
2007-07-30,0.0050297073284537,0.015643
2007-07-31,-0.0122930453635623,-0.011263
2007-08-01,-0.00308799325851,0.004872
2007-08-02,0.001358732845669,0.00799
2007-08-03,-0.0298741514838339,-0.025745
2007-08-06,0.008751797672671,0.016759
2007-08-07,0.0042777305046875,0.01067
2007-08-08,0.0159199972118,0.013941
2007-08-09,-0.019203896893165,-0.029634
2007-08-10,0.0055290761088231,-0.004677
2007-08-13,-0.0005593291178042,0.003593
2007-08-14,-0.0187523317587044,-0.015286
2007-08-15,-0.0176923742952315,-0.013775
2007-08-16,-0.0028414615034942,0.007516
2007-08-17,0.0205056064276339,0.018367
2007-08-20,0.0078675816274385,-0.000484
2007-08-21,0.0024030246592744,0.002005
2007-08-22,0.0125699085586931,0.011868
2007-08-23,0.0046602278441021,-0.000886
2007-08-24,0.0109512346492864,0.012353
2007-08-27,-0.0109247743941737,-0.009304
2007-08-28,-0.0226165766166122,-0.02198
2007-08-29,0.0205260896343927,0.019621
2007-08-30,-0.0060494974474445,-0.002661
2007-08-31,0.0122137959100805,0.009853
2007-09-04,0.0061790950131599,0.010096
2007-09-05,-0.0111878264902578,-0.008653
2007-09-06,0.0047003062824604,0.002301
2007-09-07,-0.0148133332971767,-0.013907
2007-09-10,-0.009917684677918,-0.001917
2007-09-11,0.0106638154763637,0.011661
2007-09-12,6.136954171702885e-05,0.002576
2007-09-13,0.0042267278813989,0.007033
2007-09-14,-0.0008606527475421,-6.7e-05
2007-09-17,-0.0026770198940809,-0.005373
2007-09-18,0.0241540082763366,0.02944
2007-09-19,0.0068978901428752,0.005903
2007-09-20,-0.0098230367500496,-0.007042
2007-09-21,0.0048832679327864,0.002684
2007-09-24,-0.0117655777367062,-0.001842
2007-09-25,-0.0009522674845338,-0.001978
2007-09-26,0.0047937783472384,0.005284
2007-09-27,0.0056335887099988,0.005914
2007-09-28,-0.0029604595128378,-0.003331
2007-10-01,0.0165528115417044,0.011273
2007-10-02,0.0045657520585789,-0.001361
2007-10-03,-0.001065838979784,-0.002012
2007-10-04,-0.0007373985633278,0.001561
2007-10-05,0.0123903734340042,0.011882
2007-10-08,-0.0046915432411615,-0.005326
2007-10-09,0.0054640815678268,0.009418
2007-10-10,-0.0014640512848435,-0.001662
2007-10-11,-0.0067353254408862,-0.004801
2007-10-12,0.0030001430227019,0.005532
2007-10-15,-0.0080784472871749,-0.008444
2007-10-16,-0.0082386531646064,-0.007935
2007-10-17,0.0013489724267525,0.003056
2007-10-18,0.0023485436047899,-0.00363
2007-10-19,-0.0191610317374148,-0.026157
2007-10-22,0.0150193872614812,0.005813
2007-10-23,0.0025364321962523,0.008104
2007-10-24,-0.0034172538640392,-0.001845
2007-10-25,-0.0024519263938134,0.002377
2007-10-26,0.0081222398140971,0.011723
2007-10-29,0.0055861638704395,0.00332
2007-10-30,-0.0024472783783889,-0.006942
2007-10-31,0.0075084002752889,0.010388
2007-11-01,-0.0238964514879606,-0.023408
2007-11-02,-0.0008859776787211,0.001126
2007-11-05,-0.0039914310532985,-0.007606
2007-11-06,0.0099833183802994,0.013462
2007-11-07,-0.0251281925749924,-0.027356
2007-11-08,0.0045067896387762,-0.005071
2007-11-09,-0.0088678108235997,-0.013727
2007-11-12,-0.0067419664802546,-0.009921
2007-11-13,0.0239160265105993,0.03048
2007-11-14,-0.0090692200240312,-0.002769
2007-11-15,-0.0105518236995904,-0.014424
2007-11-16,-0.0037805687779186,0.001718
2007-11-19,-0.0182523293999587,-0.013924
2007-11-20,-0.0022104361624903,0.006121
2007-11-21,-0.0120563245140033,-0.020465
2007-11-23,0.0201666634434233,0.017293
2007-11-26,-0.0177024652472845,-0.022064
2007-11-27,0.0104903672088103,0.011494
2007-11-28,0.0195625532106397,0.031984
2007-11-29,-0.0035942015401972,0.00034
2007-11-30,0.0069595549108314,0.010056
2007-12-03,-0.0043331565576105,-0.006592
2007-12-04,-0.0020439889365426,-0.008938
2007-12-05,0.0119572630126249,0.01674
2007-12-06,0.02371954064641,0.014314
2007-12-07,-0.0012733739990471,-0.000199
2007-12-10,0.0090126686420514,0.007753
2007-12-11,-0.031744007829828,-0.02742
2007-12-12,0.0034097802687863,0.009871
2007-12-13,0.0018118335055998,-0.002075
2007-12-14,-0.0160571021480197,-0.01268
2007-12-17,-0.0100589221195088,-0.014269
2007-12-18,0.0068863531919965,0.005583
2007-12-19,-0.0062568086610134,0.0
2007-12-20,0.006733883803892,0.006307
2007-12-21,0.0145381327612118,0.014342
2007-12-24,0.0097879771401547,0.007426
2007-12-26,-0.0028319108961505,0.002144
2007-12-27,-0.0140431520873043,-0.012571
2007-12-28,-0.0034386173717615,-0.002506
2007-12-31,-0.0040341737921511,-0.0074
2008-01-02,-0.0176121327973632,-0.008755
2008-01-03,-0.0104061140938341,-0.000483
2008-01-04,-0.0311307884671856,-0.024506
2008-01-07,-0.0004867992660334,-0.000849
2008-01-08,-0.0279451975882593,-0.016148
2008-01-09,0.0104897920793262,0.01051
2008-01-10,0.0167839801681227,0.006554
2008-01-11,-0.0140304411828037,-0.008069
2008-01-14,0.009427642111035,0.008063
2008-01-15,-0.0252732376475447,-0.022013
2008-01-16,0.0066059214714502,-0.008613
2008-01-17,-0.0289990680358798,-0.025916
2008-01-18,-0.0069298389286442,-0.010268
2008-01-22,0.0004124095704721,-0.010147
2008-01-23,0.0351451171492789,0.024021
2008-01-24,0.0121354326979047,0.008442
2008-01-25,-0.0011306412134166,-0.014446
2008-01-28,0.0209960257054386,0.016537
2008-01-29,0.0152974098826283,0.004954
2008-01-30,-0.0058582816350932,-0.007358
2008-01-31,0.0262047143414841,0.018234
2008-02-01,0.0191090121881834,0.016088
2008-02-04,-0.0168926627781669,-0.012609
2008-02-05,-0.03130738301238,-0.026774
2008-02-06,-0.0069869649552331,-0.008052
2008-02-07,0.0119763033190035,0.006614
2008-02-08,-0.0059771857762483,-0.006421
2008-02-11,0.0121562850563461,0.00511
2008-02-12,0.0029688707528629,0.009271
2008-02-13,0.0139104492869105,0.010223
2008-02-14,-0.0173772730104768,-0.0088
2008-02-15,0.0016440598768573,-0.000222
2008-02-19,-0.0055567380458383,0.002812
2008-02-20,0.0162389303323448,0.002952
2008-02-21,-0.0170316351561661,-0.008314
2008-02-22,0.0082341641188884,0.006158
2008-02-25,0.0154242539895571,0.012609
2008-02-26,0.0105560004158406,0.0075
2008-02-27,-0.0009228469540379,-0.001012
2008-02-28,-0.0226563964321955,-0.009767
2008-02-29,-0.0325205437162495,-0.022284
2008-03-03,-0.0030432079425726,-0.002391
2008-03-04,-0.0007277684220175,-0.00382
2008-03-05,0.0064673048703754,0.006316
2008-03-06,-0.0274408394724047,-0.020698
2008-03-07,-0.0077258578171938,-0.010301
2008-03-10,-0.0205479751192632,-0.013183
2008-03-11,0.0410310204098792,0.035938
2008-03-12,-0.0144409475106619,-0.009351
2008-03-13,0.0059588698661786,0.002208
2008-03-14,-0.021192572683853,-0.015496
2008-03-17,-0.0202616360885769,-0.010107
2008-03-18,0.0405659621915847,0.041543
2008-03-19,-0.0031940381479365,-0.02477
2008-03-20,0.0274345667159853,0.018431
2008-03-24,0.0203143857749461,0.019988
2008-03-25,0.0019388791695276,0.000965
2008-03-26,-0.0183084687200898,-0.012236
2008-03-27,-0.0114600737178916,-0.003153
2008-03-28,-0.014893901291866,-0.009565
2008-03-31,0.0056639826690842,0.003498
2008-04-01,0.0428664084834517,0.03516
2008-04-02,0.0047869860047472,0.000659
2008-04-03,0.005937420073631,0.002487
2008-04-04,-0.0016384740077187,-0.001095
2008-04-07,-0.0009751472787939,0.000511
2008-04-08,-0.0091070778699315,-0.001022
2008-04-09,-0.0149562292332928,-0.007236
2008-04-10,0.0077723927343886,0.001399
2008-04-11,-0.0243347225461564,-0.019409
2008-04-14,-0.0009340130476396,-0.003374
2008-04-15,0.0019641908423222,0.002332
2008-04-16,0.0238310583171822,0.027094
2008-04-17,0.0065838097279869,0.001461
2008-04-18,0.0143762910401063,0.010434
2008-04-21,-0.0009570711133737,0.000506
2008-04-22,-0.0161250249975666,-0.004403
2008-04-23,0.0012993118516784,-0.001595
2008-04-24,0.0129065093951294,0.004357
2008-04-25,0.0122946066517879,0.009254
2008-04-28,0.0025088697460215,0.000215
2008-04-29,0.0002681259786298,-0.003939
2008-04-30,-0.0109773839907685,-0.005896
2008-05-01,0.0265750677390142,0.020686
2008-05-02,-0.0011581095230427,0.002764
2008-05-05,-0.0069733208687009,-0.004805
2008-05-06,0.0093344815893618,0.008663
2008-05-07,-0.0133573671791168,-0.017811
2008-05-08,-0.0038348828416768,-0.00258
2008-05-09,-0.0061955936222033,-0.001868
2008-05-12,0.0186332889622313,0.011231
2008-05-13,0.0040281520220068,0.000142
2008-05-14,0.0054387109445625,0.002064
2008-05-15,0.0128748809655197,0.012503
2008-05-16,-0.0060029273389855,0.000912
2008-05-19,-0.0025218749422044,0.002734
2008-05-20,-0.0089818828708451,-0.008109
2008-05-21,-0.0162684971766533,-0.016915
2008-05-22,0.005803361144981,0.000143
2008-05-23,-0.011869233805442,-0.013404
2008-05-27,0.0091537369567472,0.007411
2008-05-28,0.0045518512986649,0.004616
2008-05-29,0.0095187018090848,0.005025
2008-05-30,0.0016355162978396,0.0025
2008-06-02,-0.0095264813803123,-0.010331
2008-06-03,-0.0025462257287116,-0.005832
2008-06-04,0.0010967071805534,-0.000507
2008-06-05,0.0133890847689316,0.019997
2008-06-06,-0.0327847842243913,-0.031894
2008-06-09,-0.0024391244169797,0.002421
2008-06-10,-0.0040503569644764,-0.004977
2008-06-11,-0.0225551944645107,-0.014712
2008-06-12,0.0053191918840488,0.003808
2008-06-13,0.0177782449801896,0.012644
2008-06-16,0.0032600969057202,0.000588
2008-06-17,-0.0101854136146834,-0.004845
2008-06-18,-0.0151681166069155,-0.009737
2008-06-19,0.0086157273757335,0.001266
2008-06-20,-0.0183949059283134,-0.016149
2008-06-23,-0.0079240844228824,-0.000988
2008-06-24,-0.0017981420510047,-0.001978
2008-06-25,0.011204356228422,0.004726
2008-06-26,-0.0267349030751063,-0.02716
2008-06-27,-0.0052557171162507,-0.005459
2008-06-30,-0.0052431039708461,0.003529
2008-07-01,0.0026554239262612,0.003126
2008-07-02,-0.0158090494227425,-0.017137
2008-07-03,-0.0081642638509585,0.00103
2008-07-07,-0.013422946690274,-0.010213
2008-07-08,0.0335919899233481,0.017757
2008-07-09,-0.0296021665134671,-0.019255
2008-07-10,-0.0071105282808511,0.004087
2008-07-11,-0.0142719084138158,-0.011652
2008-07-14,-0.0161810721015352,-0.009044
2008-07-15,-0.0007924799056142,-0.014097
2008-07-16,0.0483740460951181,0.024548
2008-07-17,0.0309937718840059,0.010003
2008-07-18,-0.0046745360284969,0.00623
2008-07-21,-0.001951638773627,0.000556
2008-07-22,0.031026323119616,0.011345
2008-07-23,0.0137494379394348,0.005413
2008-07-24,-0.0381047705514352,-0.020754
2008-07-25,-0.0036468564023242,-0.000239
2008-07-28,-0.0238565546962749,-0.014664
2008-07-29,0.0382211708442995,0.021352
2008-07-30,0.0097176029988017,0.017818
2008-07-31,-0.0025486490873775,-0.013227
2008-08-01,0.001524325583888,-0.005283
2008-08-04,-0.0105200044217442,-0.009274
2008-08-05,0.0333794711934888,0.026962
2008-08-06,0.0046718948370879,0.004441
2008-08-07,-0.0186210644068188,-0.014892
2008-08-08,0.0366498042825237,0.018581
2008-08-11,0.0190609285278687,0.010358
2008-08-12,-0.0187471599596831,-0.010405
2008-08-13,-0.00720061350723,-0.00603
2008-08-14,0.0198683068886046,0.007544
2008-08-15,0.0122681725129141,0.004863
2008-08-18,-0.0174299611200638,-0.013674
2008-08-19,-0.0204959979562505,-0.010904
2008-08-20,-0.0023345668154889,0.004646
2008-08-21,-0.0013608879890677,0.001724
2008-08-22,0.0182827344238182,0.014476
2008-08-25,-0.0202968014017848,-0.020285
2008-08-26,0.0004421387688791,0.002913
2008-08-27,0.0174087011141839,0.009734
2008-08-28,0.0327947166521298,0.012128
2008-08-29,-0.0059617821624783,-0.010754
2008-09-02,0.0079231718975039,-0.006212
2008-09-03,0.0070820852895984,-0.000859
2008-09-04,-0.0298456970946604,-0.030106
2008-09-05,0.0111680759212847,0.003144
2008-09-08,0.0237006783844261,0.020656
2008-09-09,-0.0389591311870859,-0.029687
2008-09-10,0.0023087768748282,0.004058
2008-09-11,0.0073934422230446,0.014468
2008-09-12,0.0006630322511098,0.004621
2008-09-15,-0.0448317659031032,-0.047585
2008-09-16,0.0168557887219847,0.016738
2008-09-17,-0.055914337882674,-0.044963
2008-09-18,0.0787803912456194,0.029672
2008-09-19,0.0421348138868939,0.039485
2008-09-22,-0.0615895763773986,-0.022639
2008-09-23,-0.0155251787199562,-0.022752
2008-09-24,0.0065481451268968,0.003205
2008-09-25,0.018104693174898,0.01564
2008-09-26,0.0016794259053417,0.000497
2008-09-29,-0.0927230650410799,-0.078362
2008-09-30,0.0399394217965389,0.04139
2008-10-01,0.0102779210063668,0.000603
2008-10-02,-0.0473321962487068,-0.036274
2008-10-03,-0.0174767098793826,-0.0135
2008-10-06,-0.0437501651867279,-0.050933
2008-10-07,-0.0654757377888838,-0.044786
2008-10-08,-0.0154939539326917,-0.025192
2008-10-09,-0.0768305190896677,-0.069839
2008-10-10,0.0028495078358487,-0.024256
2008-10-13,0.0974391443088307,0.145198
2008-10-14,-0.0050499158441802,-0.0148
2008-10-15,-0.0925186221836956,-0.098448
2008-10-16,0.0338563020811074,0.041657
2008-10-17,-0.0079518447589294,-0.005972
2008-10-20,0.0415904702358681,0.060079
2008-10-21,-0.0289150276824724,-0.029855
2008-10-22,-0.0618714773331788,-0.054454
2008-10-23,-0.0198662045017047,0.011584
2008-10-24,-0.0407473943905307,-0.050714
2008-10-27,-0.0268584674106031,-0.035501
2008-10-28,0.088565643453359,0.116855
2008-10-29,-0.0025436823493434,-0.007253
2008-10-30,0.0352169343128322,0.034594
2008-10-31,0.0360993539239975,0.005504
2008-11-03,-0.0026717355752357,0.002892
2008-11-04,0.0386015233202929,0.033982
2008-11-05,-0.0543675641793451,-0.042028
2008-11-06,-0.0504533070421346,-0.055411
2008-11-07,0.0123948422835062,0.033018
2008-11-10,-0.0243581761584413,-0.013105
2008-11-11,-0.0264866740555483,-0.030876
2008-11-12,-0.0595943281667216,-0.044001
2008-11-13,0.072901138998121,0.06234
2008-11-14,-0.0493899623035203,-0.049907
2008-11-17,-0.0243393955877377,-0.013276
2008-11-18,-0.004442281263027,0.018837
2008-11-19,-0.0762914114480161,-0.064079
2008-11-20,-0.072804275386913,-0.074233
2008-11-21,0.0452570179675663,0.053943
2008-11-24,0.0893429463941887,0.069291
2008-11-25,0.0180494080845786,0.007409
2008-11-26,0.0538521607156813,0.038641
2008-11-28,0.0131260136967047,0.012589
2008-12-01,-0.0975237860634305,-0.088578
2008-12-02,0.033968149165568,0.038485
2008-12-03,0.026696974960508,0.024041
2008-12-04,-0.0287085841005212,-0.023133
2008-12-05,0.0397116811248943,0.030832
2008-12-08,0.0387625058249218,0.034914
2008-12-09,-0.0147878906005525,-0.016484
2008-12-10,0.0189351064747015,0.006816
2008-12-11,-0.0386232566678437,-0.024082
2008-12-12,0.0191524209572162,0.01194
2008-12-15,-0.0265345430539635,-0.013934
2008-12-16,0.0593789128794739,0.047066
2008-12-17,-0.0023642310480071,-0.009687
2008-12-18,-0.0189856745206002,-0.018683
2008-12-19,0.0152217376061491,-0.004263
2008-12-22,-0.027679512887896,-0.012813
2008-12-23,-0.0111906911042403,-0.010338
2008-12-24,0.0133243742916191,0.005803
2008-12-26,0.007425675688008,0.00577
2008-12-29,-0.0100101311286486,-0.002868
2008-12-30,0.035617459595062,0.023703
2008-12-31,0.0258377685036941,0.014274
2009-01-02,0.0484871736854763,0.030142
2009-01-05,0.0144941297191734,-0.001183
2009-01-06,0.0382155629092465,0.006677
2009-01-07,-0.0386468071555609,-0.029956
2009-01-08,0.015000570754506,0.004103
2009-01-09,-0.0357658860771344,-0.021441
2009-01-12,-0.0425671899934928,-0.024021
2009-01-13,-0.0009629726083377,0.00184
2009-01-14,-0.0444436500757758,-0.031455
2009-01-15,0.0044510637158837,0.000356
2009-01-16,0.0156991744196001,0.00782
2009-01-20,-0.0719776469628878,-0.052786
2009-01-21,0.0520836219697043,0.043192
2009-01-22,-0.0315645243283374,-0.015467
2009-01-23,0.0176335658007392,0.00435
2009-01-26,0.0040307830648297,0.006858
2009-01-27,0.0126502567846347,0.010158
2009-01-28,0.0495521749852816,0.033834
2009-01-29,-0.0485118093576497,-0.032498
2009-01-30,-0.0382201252292118,-0.020343
2009-02-02,0.0020882524217836,-0.003018
2009-02-03,0.0129885594751601,0.014047
2009-02-04,-0.007961705686065,-0.004896
2009-02-05,0.0258602087607757,0.014881
2009-02-06,0.0336988671926036,0.028485
2009-02-09,-0.0024540027956181,0.001391
2009-02-10,-0.0613996569187681,-0.045809
2009-02-11,0.0083691841236648,0.005896
2009-02-12,0.0014963837321722,0.000718
2009-02-13,-0.0082815685028909,-0.010758
2009-02-17,-0.0603859145486178,-0.042774
2009-02-18,-0.0103999914240933,-0.002398
2009-02-19,-0.0252342459033424,-0.010743
2009-02-20,-0.0146275051253309,-0.009734
2009-02-23,-0.0391561907247617,-0.035779
2009-02-24,0.0510419936155827,0.03791
2009-02-25,-0.015357036499104,-0.007847
2009-02-26,-0.0100665959011409,-0.016287
2009-02-27,-0.0214325589010098,-0.022349
2009-03-02,-0.0562680457596844,-0.045043
2009-03-03,-0.0131316753725973,-0.007507
2009-03-04,0.0351893262152855,0.023691
2009-03-05,-0.0516272562498431,-0.040848
2009-03-06,-0.002465628176412,0.001744
2009-03-09,-0.0078471109472545,-0.011753
2009-03-10,0.0806332368082846,0.059609
2009-03-11,0.0072376521210732,0.006512
2009-03-12,0.0461711531659661,0.039372
2009-03-13,0.0153109875094528,0.007815
2009-03-16,-0.0075967782569506,-0.003023
2009-03-17,0.0357801553418459,0.030583
2009-03-18,0.0502557730917782,0.022384
2009-03-19,-0.0079015709919272,-0.012386
2009-03-20,-0.0282096801618823,-0.021137
2009-03-23,0.0874021686019819,0.071829
2009-03-24,-0.0151035193515869,-0.019703
2009-03-25,0.0096596160208794,0.010546
2009-03-26,0.0415895115282249,0.020381
2009-03-27,-0.022657613560626,-0.018048
2009-03-30,-0.0514663489815307,-0.034555
2009-03-31,0.0100139944879371,0.009265
2009-04-01,0.0233450651575458,0.019366
2009-04-02,0.0617571499668644,0.029238
2009-04-03,0.0186405092624536,0.009948
2009-04-06,-0.0140899280672894,-0.007833
2009-04-07,-0.0357849316231417,-0.023325
2009-04-08,0.0190512956278755,0.010778
2009-04-09,0.0750170731727123,0.039743
2009-04-13,0.012690932048887,0.000233
2009-04-14,-0.029360700707499,-0.017243
2009-04-15,0.0267863431875451,0.01067
2009-04-16,0.0321703182359074,0.014663
2009-04-17,0.0343853048644143,0.006705
2009-04-20,-0.0832142084116664,-0.041916
2009-04-21,0.0459205367900882,0.019537
2009-04-22,0.0061221650211062,-0.006113
2009-04-23,0.0100337605737977,0.009818
2009-04-24,0.03181642629916,0.015111
2009-04-27,-0.024166893595342,-0.009462
2009-04-28,-0.0013140324766661,-0.003145
2009-04-29,0.0339445815711586,0.021269
2009-04-30,0.0139553621155557,0.000343
2009-05-01,0.0173043987885195,0.005376
2009-05-04,0.0519886863064538,0.03402
2009-05-05,0.0007549372571986,-0.003411
2009-05-06,0.0250741340805169,0.017346
2009-05-07,-0.0184964862614659,-0.013903
2009-05-08,0.0635809962604442,0.023333
2009-05-11,-0.0331289220032742,-0.018714
2009-05-12,-0.0259865984517897,-0.002959
2009-05-13,-0.0672244200218966,-0.025173
2009-05-14,0.0341634510359197,0.00857
2009-05-15,-0.0216334028814541,-0.008162
2009-05-18,0.0569268635339701,0.028407
2009-05-19,0.0096036502805591,-0.001206
2009-05-20,-0.005902972646542,-0.006694
2009-05-21,-0.0253699707216199,-0.014363
2009-05-22,-0.0014048910241314,-0.00213
2009-05-26,0.035190334985701,0.025612
2009-05-27,-0.0189864889894729,-0.017853
2009-05-28,0.0125001944246285,0.01394
2009-05-29,0.0251323190439434,0.017708
2009-06-01,0.0556521441734175,0.024208
2009-06-02,-0.0035227315355837,0.000844
2009-06-03,-0.0275996459642011,-0.012652
2009-06-04,0.0270777790244931,0.009397
2009-06-05,0.0014688045394359,0.000212
2009-06-08,-0.0071869122308635,-0.004125
2009-06-09,0.012271649624295,0.005098
2009-06-10,-0.003480504529081,-0.002536
2009-06-11,0.0046382287936795,0.004449
2009-06-12,-0.0070490238690142,0.002742
2009-06-15,-0.030272515150003,-0.022928
2009-06-16,-0.0234643863287744,-0.013563
2009-06-17,-0.013814693992905,-0.000982
2009-06-18,0.0028468298796168,0.007307
2009-06-19,0.0057599090059445,0.003678
2009-06-22,-0.0527063219159964,-0.029987
2009-06-23,0.000524355202414,0.000784
2009-06-24,0.018751829426387,0.008595
2009-06-25,0.031192985971598,0.021772
2009-06-26,0.0007146683846038,-0.002606
2009-06-29,0.0110996748817567,0.009364
2009-06-30,-0.0106050981384846,-0.008091
2009-07-01,0.0132344492814616,0.004133
2009-07-02,-0.0363865783561214,-0.027293
2009-07-06,-0.0063119956401968,-0.000111
2009-07-07,-0.026912905884022,-0.019377
2009-07-08,-0.0099315903583933,-0.000681
2009-07-09,0.0071141859732804,0.001932
2009-07-10,-0.0035372788830348,-0.002382
2009-07-13,0.013004137973714,0.024352
2009-07-14,0.024880952387479,0.005638
2009-07-15,0.0341896314537617,0.029246
2009-07-16,0.0145215896333837,0.009543
2009-07-17,-0.0008169154061786,-0.000212
2009-07-20,0.0208345668936985,0.010634
2009-07-21,-0.0029879131170551,0.004615
2009-07-22,0.0104100539583817,-0.000209
2009-07-23,0.0312612861184959,0.022093
2009-07-24,0.0097993600194004,0.004086
2009-07-27,0.0110274656105522,0.002957
2009-07-28,-0.0044611305664872,-0.004677
2009-07-29,-0.0104327682573702,-0.002431
2009-07-30,0.0185403582171979,0.010425
2009-07-31,0.0008394947371387,0.001419
2009-08-03,0.0243840493225465,0.016496
2009-08-04,0.0117769634497609,0.002589
2009-08-05,-0.0037189315563395,-0.00288
2009-08-06,-0.0065717860971056,-0.005179
2009-08-07,0.0299409493059045,0.013135
2009-08-10,-0.0033286340437409,-0.002095
2009-08-11,-0.0176750260747384,-0.012476
2009-08-12,0.0168157032563927,0.010729
2009-08-13,0.0086997132336093,0.007639
2009-08-14,-0.014050465757112,-0.007679
2009-08-17,-0.0310652506590596,-0.024606
2009-08-18,0.0140960628989897,0.007934
2009-08-19,0.0082852485214319,0.00878
2009-08-20,0.0121458081439252,0.010304
2009-08-21,0.0251984892806342,0.019606
2009-08-24,-0.0038496447171273,-9.7e-05
2009-08-25,0.0051290657746267,0.001943
2009-08-26,0.0027994594952199,9.7e-05
2009-08-27,0.0077455240339192,0.002229
2009-08-28,0.0029582236359081,-0.000193
2009-08-31,-0.013434813271195,-0.008899
2009-09-01,-0.0308173967712005,-0.022057
2009-09-02,-0.0095088578838779,-0.003792
2009-09-03,0.0166518071479494,0.008315
2009-09-04,0.0187029415511849,0.014009
2009-09-08,0.0142746821737194,0.008622
2009-09-09,0.0163564888617901,0.007674
2009-09-10,0.0169260788044223,0.010219
2009-09-11,-0.0017430678029395,-0.000191
2009-09-14,0.0121052932188318,0.004868
2009-09-15,0.0133008772902252,0.004179
2009-09-16,0.0226763474712816,0.015134
2009-09-17,-0.0111183498773745,-0.001491
2009-09-18,0.0058851049723349,0.000638
2009-09-21,-0.003954749866814,-0.00253
2009-09-22,0.013037819712441,0.005824
2009-09-23,-0.0131457153668269,-0.008312
2009-09-24,-0.0196539290719503,-0.011019
2009-09-25,-0.0085119442692922,-0.005333
2009-09-28,0.0255848192072103,0.017903
2009-09-29,0.0005156475758386,-0.00301
2009-09-30,-0.0074633414346104,-0.003868
2009-10-01,-0.0296766564058862,-0.024529
2009-10-02,-0.0075755768657206,-0.004951
2009-10-05,0.0189232635868882,0.014928
2009-10-06,0.0135641212684887,0.014324
2009-10-07,-0.0011331858167578,0.002749
2009-10-08,0.0142087662326581,0.007656
2009-10-09,0.0060030811652913,0.006097
2009-10-12,0.0035084792286402,0.003916
2009-10-13,-0.0008446446221992,-0.002043
2009-10-14,0.0193218536480897,0.017216
2009-10-15,0.0039265755909422,0.003659
2009-10-16,-0.0099655668867806,-0.007474
2009-10-19,0.0112378685312532,0.008265
2009-10-20,-0.0062981675477063,-0.005274
2009-10-21,-0.0133032407889536,-0.008983
2009-10-22,0.0148345527651338,0.010164
2009-10-23,-0.0160609929746966,-0.011433
2009-10-26,-0.0125125604105464,-0.010825
2009-10-27,-0.0085743532918259,-0.004583
2009-10-28,-0.0298972723129717,-0.018887
2009-10-29,0.0231650949235047,0.021454
2009-10-30,-0.0341520080381328,-0.028973
2009-11-02,0.0009516242499798,0.007339
2009-11-03,0.01130399691819,0.003163
2009-11-04,-0.0018632074039005,0.00258
2009-11-05,0.0275680095994905,0.018396
2009-11-06,-0.0016812846481091,0.00262
2009-11-09,0.025096759739764,0.022776
2009-11-10,-0.0044668409550192,0.000183
2009-11-11,0.00562260781807,0.00511
2009-11-12,-0.0182563652387691,-0.010168
2009-11-13,0.0105742532505754,0.005411
2009-11-16,0.0216665121891102,0.014505
2009-11-17,-0.0018451411231045,0.00116
2009-11-18,-0.0031838989316848,-0.00062
2009-11-19,-0.0186836366724159,-0.013031
2009-11-20,-0.006841985982526,-0.003551
2009-11-23,0.0132789612128655,0.012702
2009-11-24,-0.0034183116310534,0.001534
2009-11-25,0.0084257065533563,0.003514
2009-11-27,-0.0216871300466368,-0.016251
2009-11-30,-0.0003712731492352,0.003377
2009-12-01,0.0143125988900642,0.01237
2009-12-02,0.0040693705468395,-0.000449
2009-12-03,-0.0119986957499397,-0.00782
2009-12-04,0.0174754295162649,0.005708
2009-12-07,-0.0006683553562677,-0.001531
2009-12-08,-0.0066715015482423,-0.011097
2009-12-09,0.0017465415318069,0.00375
2009-12-10,0.0021137082652205,0.005626
2009-12-11,0.0060783383765817,0.004248
2009-12-14,0.0135825838301749,0.00684
2009-12-15,-0.0059370182463972,-0.004648
2009-12-16,0.0031897922817823,0.001527
2009-12-17,-0.0119525858366028,-0.012016
2009-12-18,0.0083568678591653,0.005629
2009-12-21,0.0087060830498056,0.010162
2009-12-22,0.0085320472565979,0.003593
2009-12-23,0.0088795265770198,0.001969
2009-12-24,0.0052554884307368,0.004734
2009-12-28,0.000615613551287,0.002134
2009-12-29,-0.001180872824915,-0.001402
2009-12-30,0.0007238149697449,-0.000373
2009-12-31,-0.0091355227284163,-0.009598
2010-01-04,0.0162316199001228,0.01696
2010-01-05,0.0057615262203703,0.002647
2010-01-06,0.0061747298937448,0.000704
2010-01-07,0.0066094942528545,0.004221
2010-01-08,0.0056947936303204,0.003328
2010-01-11,0.0002427636591649,0.001397
2010-01-12,-0.0124729166332884,-0.009326
2010-01-13,0.0101769839235047,0.008446
2010-01-14,0.0040618438649222,0.002705
2010-01-15,-0.0197476659385629,-0.011224
2010-01-19,0.0147918563114858,0.012496
2010-01-20,-0.0079785690631069,-0.010169
2010-01-21,-0.0163030140351088,-0.019229
2010-01-22,-0.0201355788909211,-0.022292
2010-01-25,0.0036113506848158,0.005128
2010-01-26,-0.0053326046951991,-0.004191
2010-01-27,0.005895648683122,0.004757
2010-01-28,-0.0133643001420733,-0.011472
2010-01-29,-0.0101087102102174,-0.010869
2010-02-01,0.0172085739469324,0.015551
2010-02-02,0.0137103475874735,0.012103
2010-02-03,-0.0058308573811326,-0.004983
2010-02-04,-0.0366284149410177,-0.030866
2010-02-05,0.0015764862480734,0.002067
2010-02-08,-0.0069767467909652,-0.007219
2010-02-09,0.0152902900906494,0.01256
2010-02-10,-0.003265254940194,-0.001959
2010-02-11,0.0140381805765085,0.010466
2010-02-12,0.0016398698994952,-0.000832
2010-02-16,0.0206569227824503,0.015735
2010-02-17,0.0069022897063393,0.004739
2010-02-18,0.0072883939298435,0.005895
2010-02-19,0.0002574976188889,0.002074
2010-02-22,0.0004667749798066,0.00018
2010-02-23,-0.0148277812508621,-0.012145
2010-02-24,0.0080976575802469,0.009198
2010-02-25,0.0015730827713918,-0.001354
2010-02-26,-0.0008866749944848,0.000633
2010-03-01,0.018313394337241,0.010385
2010-03-02,0.0036135616539097,0.002771
2010-03-03,0.0037713041376604,0.000891
2010-03-04,0.0043467844469873,0.003036
2010-03-05,0.01613739763218,0.014284
2010-03-08,0.0027709492617336,0.000175
2010-03-09,0.0024458918729281,0.001663
2010-03-10,0.0080016536959558,0.004456
2010-03-11,-0.0008759840792991,0.004175
2010-03-12,-0.0005649673698345,8.7e-05
2010-03-15,-0.0005660132004734,0.00026
2010-03-16,0.010245675074378,0.007966
2010-03-17,0.0076840701260381,0.005927
2010-03-18,-0.0048938898756399,-0.000534
2010-03-19,-0.0103914853066153,-0.005016
2010-03-22,0.0081484520792359,0.005368
2010-03-23,0.0111410546139037,0.007012
2010-03-24,-0.0069398436701958,-0.004855
2010-03-25,-0.0068076286618211,-0.001626
2010-03-26,0.0017066840290178,-0.000583
2010-03-29,0.0072517932330245,0.00633
2010-03-30,0.0009220117352683,0.000682
2010-03-31,-0.0070775868604528,-0.003407
2010-04-01,0.012961446341812,0.006838
2010-04-05,0.0142583153883413,0.008149
2010-04-06,0.0035459023940889,0.002358
2010-04-07,-0.0045939973574065,-0.005712
2010-04-08,-0.0022695737268959,0.003485
2010-04-09,0.0041547731042051,0.006546
2010-04-12,0.0044513206485611,0.001589
2010-04-13,0.0004490597460793,0.000752
2010-04-14,0.017041553992652,0.011349
2010-04-15,0.0055817493567119,0.000825
2010-04-16,-0.0124943538746159,-0.015912
2010-04-19,0.0012962839774585,0.00377
2010-04-20,0.0161964823937674,0.008931
2010-04-21,0.0025793260296321,-0.00182
2010-04-22,0.0096943487533231,0.002984
2010-04-23,0.005510448435481,0.006549
2010-04-26,-0.0054340289893781,-0.003797
2010-04-27,-0.0271382688709709,-0.023651
2010-04-28,0.0052026729970125,0.007596
2010-04-29,0.017988492369507,0.012377
2010-04-30,-0.0202528163766074,-0.016921
2010-05-03,0.0153639508862782,0.012941
2010-05-04,-0.0268201969766693,-0.023515
2010-05-05,-0.0077616293244564,-0.005956
2010-05-06,-0.037437452344496,-0.033196
2010-05-07,-0.0189843757154531,-0.014893
2010-05-10,0.049711933115763,0.044041
2010-05-11,0.002285365571154,-0.002841
2010-05-12,0.0255020828342747,0.013986
2010-05-13,-0.0139335451185275,-0.012431
2010-05-14,-0.0211469893730293,-0.018105
2010-05-17,0.0024377406825977,0.000527
2010-05-18,-0.0152878011277239,-0.013602
2010-05-19,-0.0118997997738522,-0.005694
2010-05-20,-0.0435574819031412,-0.03776
2010-05-21,0.0158971815626029,0.014646
2010-05-24,-0.0131114403099014,-0.012876
2010-05-25,-0.0005523201680341,0.001003
2010-05-26,0.0022041860795996,-0.00601
2010-05-27,0.0391616525355024,0.033498
2010-05-28,-0.0109199889896767,-0.012559
2010-06-01,-0.0289782670065136,-0.016815
2010-06-02,0.0269838887666735,0.026039
2010-06-03,0.0115638239130202,0.003444
2010-06-04,-0.0438095629327237,-0.035137
2010-06-07,-0.0178623652990429,-0.012451
2010-06-08,0.006209341095777,0.010712
2010-06-09,-0.0009193085534796,-0.005346
2010-06-10,0.0350230501181087,0.029232
2010-06-11,0.0081340646972483,0.004856
2010-06-14,6.59717274919312e-05,-0.001559
2010-06-15,0.0283817227421296,0.022747
2010-06-16,-0.0047721045470992,-0.000357
2010-06-17,-0.0027525390996035,0.001608
2010-06-18,-0.0009491763205832,0.001073
2010-06-21,-0.0068123537325441,-0.002855
2010-06-22,-0.0167844094326104,-0.016516
2010-06-23,0.002588699156016,-0.003103
2010-06-24,-0.0195332164041963,-0.016571
2010-06-25,0.0085228065955636,0.004166
2010-06-28,-0.004836254565499,-0.003129
2010-06-29,-0.0389884127210443,-0.030875
2010-06-30,-0.0092768593836206,-0.0095
2010-07-01,-0.0072347026885385,-0.004456
2010-07-02,-0.0067445456392149,-0.00545
2010-07-06,0.0014906442479998,0.006556
2010-07-07,0.0346231756739725,0.031472
2010-07-08,0.0132362930699376,0.009919
2010-07-09,0.0120025227953271,0.007465
2010-07-12,-0.0029977672843402,0.000648
2010-07-13,0.0223352692590188,0.015088
2010-07-14,-0.0046238019434832,-8.2e-05
2010-07-15,-0.0012679517455106,0.000264
2010-07-16,-0.0344576879152459,-0.027535
2010-07-19,0.0088500610521452,0.005907
2010-07-20,0.0159206022254645,0.011092
2010-07-21,-0.0153238038057211,-0.012998
2010-07-22,0.0294896438257673,0.022331
2010-07-23,0.0125228700969566,0.00867
2010-07-26,0.0176313355330121,0.010416
2010-07-27,-0.0041541917054793,-9e-05
2010-07-28,-0.0144873784791927,-0.006455
2010-07-29,-0.0038809125652727,-0.004872
2010-07-30,0.0028264030322935,-0.000181
2010-08-02,0.0225434333954026,0.022581
2010-08-03,-0.0108291746053804,-0.004789
2010-08-04,0.0111727213251557,0.006683
2010-08-05,-0.0041775573762362,-0.001062
2010-08-06,-0.0067111736452414,-0.004058
2010-08-09,0.0081860784297478,0.005338
2010-08-10,-0.0155328954301652,-0.005461
2010-08-11,-0.0358278290519334,-0.027364
2010-08-12,-0.0071020229812297,-0.00613
2010-08-13,-0.0079605819421127,-0.002946
2010-08-16,0.0012602023973445,-0.000462
2010-08-17,0.0181871012572095,0.012285
2010-08-18,0.0025678174627692,0.001825
2010-08-19,-0.0200005554799736,-0.017397
2010-08-20,-0.0030173387325318,-0.003244
2010-08-23,-0.0068010049198197,-0.003779
2010-08-24,-0.0163012866692501,-0.014876
2010-08-25,0.0069293263840333,0.003885
2010-08-26,-0.0083760154673977,-0.006702
2010-08-27,0.0225348663832238,0.01549
2010-08-30,-0.0165096971601546,-0.014496
2010-08-31,-0.0016562756201135,-9e-06
2010-09-01,0.0382283205141629,0.029912
2010-09-02,0.0149626014763144,0.009312
2010-09-03,0.017147133013924,0.012972
2010-09-07,-0.0192584100322729,-0.011272
2010-09-08,0.0086619969569509,0.007023
2010-09-09,0.0027173491732218,0.004619
2010-09-10,0.0068707138357635,0.005067
2010-09-13,0.01782583091195,0.011105
2010-09-14,0.003238990286275,-0.000621
2010-09-15,0.0027367039682692,0.003817
2010-09-16,-0.0054286464608154,-0.000265
2010-09-17,0.0012283795103363,0.000373
2010-09-20,0.0227193499706586,0.01529
2010-09-21,-0.0044905015270735,-0.002014
2010-09-22,-0.0126875877377384,-0.004913
2010-09-23,-0.0088461294853675,-0.008129
2010-09-24,0.0294952773878738,0.02064
2010-09-27,-0.0056302905299914,-0.00479
2010-09-28,0.0056418691474406,0.0035
2010-09-29,-0.0004988971672824,-0.001744
2010-09-30,-0.000129458150981,-0.00297
2010-10-01,0.0034100474723515,0.004206
2010-10-04,-0.0138721578782529,-0.007504
2010-10-05,0.0246683744313597,0.020132
2010-10-06,0.0002905198278283,-8.6e-05
2010-10-07,-0.0029117455458755,-0.001207
2010-10-08,0.0101314470369457,0.005587
2010-10-11,0.0051283694699123,0.000965
2010-10-12,0.0041140715805281,0.003086
2010-10-13,0.0124821477453938,0.007777
2010-10-14,-0.0047768838881795,-0.003901
2010-10-15,-0.0010401747575372,0.002043
2010-10-18,0.0066760721239542,0.004928
2010-10-19,-0.0193703860093012,-0.013105
2010-10-20,0.0084734405021472,0.009766
2010-10-21,-0.0033035112494784,0.002206
2010-10-22,0.0010526333687298,0.001837
2010-10-25,0.0044323120914234,0.002983
2010-10-26,-0.0055196041109204,0.000169
2010-10-27,-0.0049092895637694,-0.002864
2010-10-28,-0.0027456744199281,0.000169
2010-10-29,0.0073215649735005,0.00076
2010-11-01,-0.0037106006909181,0.000338
2010-11-02,0.0086537863417699,0.007973
2010-11-03,0.0018062221025889,0.003976
2010-11-04,0.0246983287412995,0.019258
2010-11-05,0.0040017702206327,0.003803
2010-11-08,-0.0026346574917537,-0.001915
2010-11-09,-0.009855240776227,-0.007184
2010-11-10,0.0062527142691031,0.004029
2010-11-11,-0.0034479005320628,-0.003808
2010-11-12,-0.0130120068117817,-0.011814
2010-11-15,0.0017364244707079,-0.001398
2010-11-16,-0.0169119916548011,-0.015579
2010-11-17,0.0022217661183301,0.000491
2010-11-18,0.0170200149224594,0.014714
2010-11-19,0.0053754393929269,0.002772
2010-11-22,0.0011682968017079,-0.000831
2010-11-23,-0.006787451826795,-0.014498
2010-11-24,0.0207168443827599,0.014796
2010-11-26,-0.0057221595007226,-0.011647
2010-11-29,-0.0023608047938366,0.003047
2010-11-30,-0.0061459170578352,-0.005618
2010-12-01,0.0231584322998073,0.021246
2010-12-02,0.016634648544706,0.012809
2010-12-03,0.0054969617075179,0.002693
2010-12-06,0.0046007890681768,-0.001058
2010-12-07,0.0036552316057361,0.00057
2010-12-08,0.0008286241630848,0.003664
2010-12-09,0.0053629350450734,0.003894
2010-12-10,0.0110099456479592,0.005818
2010-12-13,-0.0060119864345525,0.000643
2010-12-14,0.0010852085488814,0.000883
2010-12-15,-0.0049032530514973,-0.004588
2010-12-16,0.0101679898323089,0.005818
2010-12-17,0.0059529690062972,0.001064
2010-12-20,0.0015242394925059,0.002413
2010-12-21,0.0078551567285128,0.00634
2010-12-22,0.0034418066805819,0.00311
2010-12-23,-0.001432686496435,-0.001431
2010-12-27,0.0016568529851232,0.000398
2010-12-28,-0.002862241175755,0.001433
2010-12-29,-4.382614552579276e-05,0.000715
2010-12-30,0.0009880906520147,-0.001588
2010-12-31,-0.0027144755318522,0.000239
2011-01-03,0.0108940001837583,0.010338
2011-01-04,-0.0102256630499745,-0.000551
2011-01-05,0.0057772498706743,0.005198
2011-01-06,-0.0048313282937171,-0.001959
2011-01-07,-0.0034801910941158,-0.001962
2011-01-10,-0.0014759310491462,-0.001258
2011-01-11,0.0057811359270352,0.003544
2011-01-12,0.0094682881489494,0.009025
2011-01-13,-0.0015897481469898,-0.001633
2011-01-14,0.0077893272759067,0.007245
2011-01-18,0.0033289068664373,0.001701
2011-01-19,-0.0159356337098328,-0.009805
2011-01-20,-0.0039666074922463,-0.001326
2011-01-21,-0.0003014002501271,0.002264
2011-01-24,0.0082079979266989,0.005687
2011-01-25,-0.0009281928555253,0.000542
2011-01-26,0.0084345700154884,0.003871
2011-01-27,0.0073204155354327,0.002468
2011-01-28,-0.0245976933369042,-0.017463
2011-01-31,0.0084900625537445,0.007516
2011-02-01,0.0181771335483402,0.016009
2011-02-02,-0.000266653512203,-0.00195
2011-02-03,0.005910882242547,0.002261
2011-02-04,0.0048607594778656,0.002829
2011-02-07,0.0102915356970979,0.006252
2011-02-08,0.0042739494064429,0.004547
2011-02-09,-0.0020399428849836,-0.002271
2011-02-10,0.007248681312049,0.000393
2011-02-11,0.0069425580802254,0.005963
2011-02-14,0.0001134529976743,0.002404
2011-02-15,-0.0048477623332418,-0.003148
2011-02-16,0.0091035149022409,0.006315
2011-02-17,0.0073949769242917,0.002988
2011-02-18,0.0007819751044434,0.002086
2011-02-22,-0.0286054736134527,-0.02007
2011-02-23,-0.0080375672247352,-0.006144
2011-02-24,0.0026071171428724,-0.000687
2011-02-25,0.0170873452516556,0.010693
2011-02-28,0.0010631595861697,0.006197
2011-03-01,-0.0183496089215401,-0.016673
2011-03-02,0.0049696332585253,0.002139
2011-03-03,0.0189782142843898,0.017224
2011-03-04,-0.0080586215739918,-0.007492
2011-03-07,-0.0098952125164854,-0.007851
2011-03-08,0.0136476156699226,0.00875
2011-03-09,-0.0014344495808301,-0.001433
2011-03-10,-0.0194873330452516,-0.018525
2011-03-11,0.0063879010578564,0.006946
2011-03-14,-0.0081209769953962,-0.006038
2011-03-15,-0.0038910549572553,-0.011457
2011-03-16,-0.0147056624966299,-0.018552
2011-03-17,0.0086345413377113,0.013275
2011-03-18,0.0088363552114789,0.003624
2011-03-21,0.0174910974771991,0.015498
2011-03-22,-0.0065285276466348,-0.003469
2011-03-23,0.0040960323207701,0.002862
2011-03-24,0.0091459557821503,0.009563
2011-03-25,0.0049630348506644,0.003056
2011-03-28,-0.005366030606851,-0.002437
2011-03-29,0.0081946136407572,0.006719
2011-03-30,0.0101824814252758,0.006901
2011-03-31,-0.0048986326348137,-0.001356
2011-04-01,0.0035607828410969,0.004224
2011-04-04,0.0035339004246276,0.000826
2011-04-05,0.0085024294727754,-0.00015
2011-04-06,0.0016642914307994,0.003152
2011-04-07,-0.0006316471870985,-0.002544
2011-04-08,-0.0060097312457621,-0.00345
2011-04-11,-0.0048159967672453,-0.003011
2011-04-12,-0.0068732064096394,-0.007474
2011-04-13,0.0017369306841124,-7.6e-05
2011-04-14,0.0013816460283494,0.000761
2011-04-15,0.0057835803645909,0.003648
2011-04-18,-0.011469695501428,-0.011209
2011-04-19,0.0094693668435002,0.005744
2011-04-20,0.0141648510355972,0.013632
2011-04-21,0.0035867426652367,0.005109
2011-04-25,-0.0010309192838984,-0.001046
2011-04-26,0.0067721785542446,0.008613
2011-04-27,0.0032760897661443,0.006521
2011-04-28,0.0017427899972103,0.003243
2011-04-29,0.0010808235625204,0.002351
2011-05-02,-0.0027378901409252,-0.001539
2011-05-03,-0.0046466984255587,-0.003597
2011-05-04,-0.0053003760624605,-0.006631
2011-05-05,-0.0043934559431311,-0.009048
2011-05-06,0.0037312351165675,0.004416
2011-05-09,0.0039587115759252,0.003875
2011-05-10,0.0135243928384639,0.008536
2011-05-11,-0.0100820890577623,-0.010525
2011-05-12,0.0057604824850785,0.00476
2011-05-13,-0.0066567007262866,-0.007699
2011-05-16,-0.0078045311633316,-0.006341
2011-05-17,-0.0008747601782361,-0.00015
2011-05-18,0.0103681278247918,0.008936
2011-05-19,0.0016738196474202,0.002382
2011-05-20,-0.0078720600472317,-0.007945
2011-05-23,-0.0123842768302452,-0.011601
2011-05-24,-0.003321959194219,-0.000833
2011-05-25,0.0018121700299157,0.003335
2011-05-26,0.0051706423615886,0.004608
2011-05-27,0.0066074876336536,0.003835
2011-05-31,0.0078794879521059,0.010411
2011-06-01,-0.0236318297709782,-0.022461
2011-06-02,-0.0031908763736147,-0.001062
2011-06-03,-0.0131629758003356,-0.009945
2011-06-06,-0.0111205160651846,-0.010543
2011-06-07,0.0017583042789832,-0.000659
2011-06-08,-0.0077785628662705,-0.004187
2011-06-09,0.0083019192102751,0.007631
2011-06-10,-0.0126385431226166,-0.01391
2011-06-13,-0.0014342437809696,0.000784
2011-06-14,0.0155067693685687,0.012686
2011-06-15,-0.0145444020442691,-0.017785
2011-06-16,-0.0009918685639939,0.002204
2011-06-17,0.0053088195731924,0.002966
2011-06-20,0.0056098129618967,0.005116
2011-06-21,0.0155296406266225,0.013704
2011-06-22,-0.0056799640445586,-0.006025
2011-06-23,-0.0017454051386277,-0.002868
2011-06-24,-0.0092791138829562,-0.011621
2011-06-27,0.0059714499838171,0.008911
2011-06-28,0.0129764812950823,0.013053
2011-06-29,0.0062412500563275,0.008564
2011-06-30,0.0076508613549008,0.009562
2011-07-01,0.0174800063920799,0.014776
2011-07-05,-0.0047667420053412,-0.000821
2011-07-06,0.0016356463035876,0.001196
2011-07-07,0.0130009975877088,0.010376
2011-07-08,-0.0101039899001807,-0.007092
2011-07-11,-0.0233359243830399,-0.01808
2011-07-12,-0.0046768843088297,-0.004319
2011-07-13,0.0021860381927122,0.003349
2011-07-14,-0.0119196812926939,-0.006902
2011-07-15,0.0041779831383627,0.005805
2011-07-18,-0.0133575270071122,-0.008201
2011-07-19,0.0179074785986491,0.016232
2011-07-20,0.0008453354990198,-0.000603
2011-07-21,0.0159696248546775,0.013871
2011-07-22,0.0004081225233673,0.000669
2011-07-25,-0.0075259628578094,-0.005573
2011-07-26,-0.0040760963007162,-0.003736
2011-07-27,-0.0241678662638422,-0.020476
2011-07-28,-0.0066403888555273,-0.00291
2011-07-29,-0.0046467601897667,-0.006835
2011-08-01,-0.0089939459415224,-0.004253
2011-08-02,-0.0313640248736402,-0.025548
2011-08-03,0.0054488227809192,0.005419
2011-08-04,-0.0547142769217756,-0.046842
2011-08-05,-0.006917036064634,-0.001497
2011-08-08,-0.0803999026299517,-0.065123
2011-08-09,0.0491708800045811,0.046499
2011-08-10,-0.0429447313256734,-0.044178
2011-08-11,0.0499616228043907,0.044884
2011-08-12,0.004335897385053,0.006733
2011-08-15,0.0256431144490303,0.021165
2011-08-16,-0.0130207383166269,-0.008539
2011-08-17,-0.0039720644739147,0.000669
2011-08-18,-0.0513297102140566,-0.043119
2011-08-19,-0.0114615883960241,-0.016331
2011-08-22,0.0014193609512972,0.000799
2011-08-23,0.0355935724274923,0.032911
2011-08-24,0.014252967914077,0.014085
2011-08-25,-0.0205291210057937,-0.015244
2011-08-26,0.0199227561742052,0.014534
2011-08-29,0.0390209328849801,0.028736
2011-08-30,0.0057192435328612,0.002637
2011-08-31,0.0042848908171642,0.004438
2011-09-01,-0.0178345774707757,-0.010473
2011-09-02,-0.0311995650685833,-0.02555
2011-09-06,-0.0091940896244414,-0.007297
2011-09-07,0.0354939207658354,0.028208
2011-09-08,-0.0163453569664228,-0.010392
2011-09-09,-0.0260989756347622,-0.02621
2011-09-12,0.0052782968034667,0.00647
2011-09-13,0.0141250521129268,0.009171
2011-09-14,0.0180968086464374,0.013844
2011-09-15,0.0161240716516993,0.017257
2011-09-16,0.0026175345746317,0.005896
2011-09-19,-0.0139136839188597,-0.009965
2011-09-20,-0.006104774502931,-0.001164
2011-09-21,-0.0324266227637831,-0.029458
2011-09-22,-0.0307176485568417,-0.032324
2011-09-23,0.0112635614788315,0.006025
2011-09-26,0.0284940008013697,0.02378
2011-09-27,0.0118207145513756,0.011184
2011-09-28,-0.0278768472847111,-0.020376
2011-09-29,0.0100074950852658,0.00786
2011-09-30,-0.0289039114480321,-0.024989
2011-10-03,-0.0468203759887287,-0.028458
2011-10-04,0.0367778715449252,0.021923
2011-10-05,0.027128064839371,0.018515
2011-10-06,0.0272117747469465,0.018091
2011-10-07,-0.0160359600235053,-0.006696
2011-10-10,0.0381161840359821,0.033446
2011-10-11,0.005477205611852,0.001003
2011-10-12,0.0117663069609806,0.008772
2011-10-13,-0.0031578087615994,-0.001988
2011-10-14,0.0149364423727704,0.017094
2011-10-17,-0.027748931049648,-0.019091
2011-10-18,0.0342005355344924,0.019546
2011-10-19,-0.019109127927337,-0.011829
2011-10-20,0.00807442144047,0.004376
2011-10-21,0.0269823991704307,0.018987
2011-10-24,0.0271586535813702,0.012261
2011-10-25,-0.0322010552399099,-0.019452
2011-10-26,0.015017270655282,0.010167
2011-10-27,0.0462707004513487,0.034835
2011-10-28,0.0050984252464836,-0.000233
2011-10-31,-0.0325411787891258,-0.024106
2011-11-01,-0.0352647108980499,-0.027873
2011-11-02,0.021184852589813,0.016295
2011-11-03,0.0244545332088682,0.018227
2011-11-04,-0.0014471431585327,-0.006091
2011-11-07,0.0041947942838626,0.006208
2011-11-08,0.0144369982173997,0.012831
2011-11-09,-0.0485497822349102,-0.036902
2011-11-10,0.0097268442293304,0.00941
2011-11-11,0.0263611778058313,0.018822
2011-11-14,-0.0121568873721237,-0.009474
2011-11-15,0.0046852708325614,0.004966
2011-11-16,-0.0170290552092385,-0.015886
2011-11-17,-0.0233266530067046,-0.015917
2011-11-18,0.0010601748877672,-0.001032
2011-11-21,-0.0208612880840539,-0.019003
2011-11-22,-0.0103609753787385,-0.003936
2011-11-23,-0.0297504860428709,-0.022066
2011-11-25,-0.0035191430535823,-0.001887
2011-11-28,0.0344149662954324,0.028967
2011-11-29,0.0033370646154783,0.00284
2011-11-30,0.0503835015926894,0.04115
2011-12-01,-0.004873570327654,-0.00016
2011-12-02,0.0004196499765159,-0.00088
2011-12-05,0.0176190686341872,0.010892
2011-12-06,-0.0006154282595327,0.000317
2011-12-07,-0.0002115104279442,0.003722
2011-12-08,-0.02788889052317,-0.021937
2011-12-09,0.024099495561937,0.016942
2011-12-12,-0.0171770665390263,-0.014597
2011-12-13,-0.0180620444855618,-0.009339
2011-12-14,-0.0175295020594246,-0.010646
2011-12-15,0.0078149326514023,0.003655
2011-12-16,0.0045450508968161,0.001433
2011-12-19,-0.0174997798292281,-0.010692
2011-12-20,0.0378288907967712,0.03026
2011-12-21,0.0050236396195142,0.001937
2011-12-22,0.0159291461837411,0.008859
2011-12-23,0.0083169211042253,0.008941
2011-12-27,-0.0023975141486464,0.000791
2011-12-28,-0.0161103318918869,-0.013124
2011-12-29,0.0148299262124825,0.010334
2011-12-30,-0.0022944438029292,-0.004916
2012-01-03,0.0186757897177889,0.015896
2012-01-04,0.0008638691767635,0.001608
2012-01-05,0.0044362947551816,0.002662
2012-01-06,-0.0011609911836305,-0.002577
2012-01-09,0.0039949653459106,0.002427
2012-01-10,0.0148233289325495,0.008671
2012-01-11,0.0061589976097736,0.000542
2012-01-12,0.0059913118420517,0.002399
2012-01-13,-0.0111962814683091,-0.005173
2012-01-17,0.001048420225346,0.003881
2012-01-18,0.0184632455354188,0.011056
2012-01-19,0.009119975499017,0.005276
2012-01-20,-0.0008752917452532,0.000608
2012-01-23,0.0003125246863942,0.000532
2012-01-24,0.003161774493091,-0.00114
2012-01-25,0.0115764077614819,0.008367
2012-01-26,-0.0096811978736595,-0.00513
2012-01-27,0.0030419390828078,-0.000455
2012-01-30,-0.0085655995718729,-0.003414
2012-01-31,-0.005283805748984,-0.000381
2012-02-01,0.0211872645874379,0.008757
2012-02-02,0.001765003739668,0.001585
2012-02-03,0.0219100089352044,0.014019
2012-02-06,-0.0020987646332204,-0.000669
2012-02-07,0.0013957222967968,0.002529
2012-02-08,0.0036713278092551,0.002968
2012-02-09,0.0045001699937929,0.001257
2012-02-10,-0.0117792328702035,-0.00738
2012-02-13,0.0073590616173554,0.007435
2012-02-14,-0.0033515887546846,-0.001256
2012-02-15,0.0061226722211965,-0.00466
2012-02-16,0.0131599179576545,0.011066
2012-02-17,0.0033029049500672,0.002654
2012-02-21,-0.0052100121681723,0.00044
2012-02-22,-0.0066905979702802,-0.00321
2012-02-23,0.00846573945798,0.004403
2012-02-24,-0.0005127331299924,0.002188
2012-02-27,0.0003347676489304,0.00168
2012-02-28,0.0003610937759061,0.002909
2012-02-29,-0.0070881083770981,-0.003918
2012-03-01,0.0069151438175156,0.005182
2012-03-02,-0.0087445322727049,-0.003035
2012-03-05,-0.006826754705469,-0.004093
2012-03-06,-0.0197178072281649,-0.014625
2012-03-07,0.0087940251766891,0.006976
2012-03-08,0.0164640061794058,0.009949
2012-03-09,0.0105555889455735,0.003868
2012-03-12,-0.0029988647237352,7.3e-05
2012-03-13,0.0228125291508117,0.01804
2012-03-14,-0.0009686416425797,-0.001085
2012-03-15,0.018115324083263,0.005789
2012-03-16,0.0001262506039228,0.001378
2012-03-19,0.0091207565302985,0.00392
2012-03-20,-0.0092156463690544,-0.002911
2012-03-21,0.0003131626942806,-0.001638
2012-03-22,-0.0108605384010118,-0.007204
2012-03-23,0.00638285383882,0.003233
2012-03-26,0.0121126864642047,0.014035
2012-03-27,-0.003354799376279,-0.003107
2012-03-28,-0.0105577190890609,-0.004959
2012-03-29,-0.0034060055016869,-0.001709
2012-03-30,0.0002244627645569,0.004136
2012-04-02,0.006974900356807,0.007315
2012-04-03,-0.0051898912297663,-0.004089
2012-04-04,-0.0118056310903439,-0.009911
2012-04-05,-0.0085792517904991,-0.000501
2012-04-09,-0.0156999068301554,-0.011231
2012-04-10,-0.0203396161241544,-0.016785
2012-04-11,0.0130700854778882,0.008094
2012-04-12,0.0186136453897663,0.013066
2012-04-13,-0.0134278981000327,-0.011888
2012-04-16,-4.8861146847518295e-05,-0.000656
2012-04-17,0.0156229970675769,0.014827
2012-04-18,-0.0067009353986629,-0.003394
2012-04-19,-0.0047104984162444,-0.006421
2012-04-20,0.0009640894501378,0.00167
2012-04-23,-0.0099259790490439,-0.008409
2012-04-24,0.0010967652461809,0.003801
2012-04-25,0.0137141459966899,0.013692
2012-04-26,0.0069455856744185,0.006969
2012-04-27,0.0040119460111785,0.001641
2012-04-30,-0.0031680438140182,-0.003704
2012-05-01,0.0058885151651141,0.00622
2012-05-02,-0.0046412094109294,-0.002949
2012-05-03,-0.0104680809302207,-0.007661
2012-05-04,-0.0169650466178483,-0.016158
2012-05-07,-0.0016632552262122,0.00073
2012-05-08,-0.0049739299034293,-0.004012
2012-05-09,-0.010950108632591,-0.005932
2012-05-10,0.0003565709207977,0.002063
2012-05-11,-0.0019952851602013,-0.003014
2012-05-14,-0.0113362616704092,-0.011061
2012-05-15,-0.0104695000918367,-0.005742
2012-05-16,-0.0076289148895614,-0.003832
2012-05-17,-0.0218860207577019,-0.014824
2012-05-18,-0.0102932264827005,-0.008559
2012-05-21,0.0201174294477974,0.017188
2012-05-22,-0.000618846175741,0.001743
2012-05-23,0.0087239730808885,0.00053
2012-05-24,0.0017114518874428,0.001966
2012-05-25,0.0040236711129408,-0.003244
2012-05-29,0.0122147406774194,0.012112
2012-05-30,-0.0199592287026385,-0.01451
2012-05-31,-0.0020358460775906,-0.002201
2012-06-01,-0.0301764784454322,-0.025177
2012-06-04,-0.0041780160464194,-0.000468
2012-06-05,0.0124392527737265,0.007572
2012-06-06,0.0249534087227873,0.022468
2012-06-07,-0.003899273655521,0.000606
2012-06-08,0.0095379319062766,0.007952
2012-06-11,-0.0368090920703373,-0.01266
2012-06-12,0.0147734868591076,0.011452
2012-06-13,-0.010753183186902,-0.006395
2012-06-14,0.0112567398696784,0.0106
2012-06-15,0.0109524035028279,0.010177
2012-06-18,0.0041215861799177,0.001938
2012-06-19,0.012239493494576,0.009673
2012-06-20,-4.070465998629411e-05,-0.001621
2012-06-21,-0.0270551304855835,-0.022439
2012-06-22,0.0081501287080626,0.007702
2012-06-25,-0.014167792892358,-0.016035
2012-06-26,0.006116884667217,0.005026
2012-06-27,0.0117487862732359,0.009039
2012-06-28,0.0011815794798798,-0.002876
2012-06-29,0.0344184601264059,0.024964
2012-07-02,0.0056133903661743,0.002976
2012-07-03,0.013165334677387,0.006608
2012-07-05,-0.0082899205868837,-0.004527
2012-07-06,-0.0139696150669583,-0.009504
2012-07-09,-0.0097628148707533,-0.001255
2012-07-10,-0.0133545565938305,-0.00872
2012-07-11,0.0067858420761536,0.000149
2012-07-12,-0.0176106900188038,-0.004845
2012-07-13,0.0128870975294779,0.016778
2012-07-16,-0.0034068681473565,-0.002357
2012-07-17,0.0120083543383267,0.006867
2012-07-18,0.0086573784147453,0.007407
2012-07-19,0.0030139571557521,0.002621
2012-07-20,-0.0135244455248449,-0.009148
2012-07-23,-0.0135762945411238,-0.010112
2012-07-24,-0.011042027024123,-0.008624
2012-07-25,-0.0018273330382622,0.000261
2012-07-26,0.008137977887816,0.016497
2012-07-27,0.0251265906422494,0.018396
2012-07-30,-0.0040488378524325,3.6e-05
2012-07-31,0.0025768389128027,-0.006994
2012-08-01,-0.004966909458281,-0.000871
2012-08-02,-0.0115175975490849,-0.006905
2012-08-03,0.023785431369587,0.019826
2012-08-06,0.004598804899273,0.001945
2012-08-07,0.0114603403033486,0.005014
2012-08-08,0.0065389809012078,0.001212
2012-08-09,0.015336495539221,0.000854
2012-08-10,0.0186730298805937,0.001636
2012-08-13,0.0012115766821105,-0.000497
2012-08-14,-0.0008215585766925,0.000142
2012-08-15,0.0151520484767672,0.001136
2012-08-16,0.0192670144137145,0.007379
2012-08-17,0.0040058686212929,0.001338
2012-08-20,0.0025623081010859,7e-05
2012-08-21,-0.0087708365332498,-0.003024
2012-08-22,0.0018296570513018,0.000423
2012-08-23,-0.0059914113341742,-0.008144
2012-08-24,0.0023219748085657,0.006007
2012-08-27,-0.0016088777756922,0.000212
2012-08-28,0.0019398720897867,-0.000989
2012-08-29,0.0004194855945513,0.000778
2012-08-30,-0.0134320719758631,-0.007208
2012-08-31,0.0053939300444863,0.004769
2012-09-04,0.0046807270976677,-0.000921
2012-09-05,-0.0067288170052211,-0.000851
2012-09-06,0.0238673099701422,0.020297
2012-09-07,0.012518910682693,0.003895
2012-09-10,0.0021487860984025,-0.005681
2012-09-11,0.0023981697056873,0.002787
2012-09-12,0.0067708646341582,0.003335
2012-09-13,0.0154424477514524,0.015237
2012-09-14,0.019301182746414,0.004434
2012-09-17,-0.0100080501018392,-0.003396
2012-09-18,-0.0053291118755499,-0.000818
2012-09-19,0.0057898428076967,0.000546
2012-09-20,-0.0061378951536702,6.8e-05
2012-09-21,-2.6423860142099786e-05,-0.000413
2012-09-24,-0.0068883359698855,-0.001542
2012-09-25,-0.0213076835448821,-0.010608
2012-09-26,-0.0068020799690169,-0.005586
2012-09-27,0.0161395827990983,0.009386
2012-09-28,-0.0087544600456382,-0.004632
2012-10-01,0.0027833454608992,0.002605
2012-10-02,0.0011600258351478,0.001074
2012-10-03,0.0017068520361573,0.004083
2012-10-04,0.0108224113648009,0.007134
2012-10-05,0.0025625447293876,0.000103
2012-10-08,-0.0018239890993122,-0.003408
2012-10-09,-0.0104661542459254,-0.009901
2012-10-10,-0.006816059929199,-0.00638
2012-10-11,0.0086777159825275,0.000558
2012-10-12,-0.0064582785869292,-0.003278
2012-10-15,0.0071348401695365,0.008328
2012-10-16,0.0185355239112671,0.010133
2012-10-17,0.0076646302014128,0.004535
2012-10-18,-0.0008249028448692,-0.002599
2012-10-19,-0.0197330823132219,-0.016667
2012-10-22,0.0016548517759469,0.000142
2012-10-23,-0.0107937473502077,-0.013876
2012-10-24,-0.0093281425330151,-0.002828
2012-10-25,0.0060257404099844,0.002907
2012-10-26,-0.0019806749437217,-0.000566
2012-10-31,0.0040857880542243,0.0
2012-11-01,0.0151972062658437,0.01047
2012-11-02,-0.0099622681922509,-0.008892
2012-11-05,0.0023684228141087,0.002039
2012-11-06,0.0111546333408681,0.007835
2012-11-07,-0.0247469890085482,-0.022664
2012-11-08,-0.0008086777180059,-0.012024
2012-11-09,0.0051885931182279,0.000869
2012-11-12,0.0057201347511394,0.00076
2012-11-13,-0.0013661649530577,-0.003435
2012-11-14,-0.0218212778009203,-0.0135
2012-11-15,-0.003853222842858,-0.001691
2012-11-16,0.0025884616071232,0.004937
2012-11-19,0.0190549553498253,0.020239
2012-11-20,-0.0015099533625836,0.000431
2012-11-21,0.0060639871974749,0.001868
2012-11-23,0.0125853364341399,0.013625
2012-11-26,-0.0002970060955012,-0.002122
2012-11-27,0.0002879916971676,-0.005105
2012-11-28,0.0080234304768936,0.008052
2012-11-29,0.0096650935345983,0.004666
2012-11-30,-0.0034631211418899,0.000246
2012-12-03,-0.0040617836810495,-0.004959
2012-12-04,0.0040806674208699,-0.001414
2012-12-05,0.0003876424995144,0.00177
2012-12-06,0.0015896848647496,0.003392
2012-12-07,0.0023775930093708,0.003064
2012-12-10,0.0041315967320135,0.000407
2012-12-11,0.0054528024159762,0.006787
2012-12-12,9.079116071957231e-05,0.000488
2012-12-13,-0.005347973403469,-0.006132
2012-12-14,0.0007561243964904,-0.00368
2012-12-17,0.0090513117796191,0.011716
2012-12-18,0.015165514711505,0.011129
2012-12-19,-0.0040947021662613,-0.007429
2012-12-20,0.0050773619728427,0.005752
2012-12-21,-0.0107860505252061,-0.009014
2012-12-24,-0.0023532810486983,-0.003081
2012-12-26,-0.0067240632855668,-0.004215
2012-12-27,0.0001932793745027,-0.001329
2012-12-28,-0.0093642383757566,-0.010819
2012-12-31,0.0194694360616526,0.016996
2013-01-02,0.0259038427377989,0.02563
2013-01-03,0.0065954740329768,-0.002231
2013-01-04,0.0081213929071054,0.004363
2013-01-07,0.0022057372826562,-0.002736
2013-01-08,-0.0070098354100186,-0.002877
2013-01-09,0.0036825784410136,0.002545
2013-01-10,0.0070348621007733,0.00795
2013-01-11,0.001899869908056,-6.8e-05
2013-01-14,-0.0013952168368463,-0.00068
2013-01-15,0.0067282248836713,0.00068
2013-01-16,0.0001914061474068,-0.000136
2013-01-17,0.0106940089531447,0.00646
2013-01-18,0.0025107747827869,0.00223
2013-01-22,0.0060928552619929,0.005393
2013-01-23,0.000469704549771,0.001609
2013-01-24,0.0031581289829372,0.000268
2013-01-25,0.0074932395190834,0.005622
2013-01-28,-0.0023112647312567,-0.001198
2013-01-29,0.0017044537191301,0.003931
2013-01-30,-0.0033936279421938,-0.003916
2013-01-31,-0.0011005759449495,-0.002466
2013-02-01,0.0081317251044617,0.010287
2013-02-04,-0.0101248405630666,-0.011274
2013-02-05,0.0100258831018832,0.010131
2013-02-06,0.0027090166006047,0.000728
2013-02-07,-0.0030446848917045,-0.001323
2013-02-08,0.0047356804353249,0.005564
2013-02-11,6.263135880116478e-05,-0.000198
2013-02-12,0.0046589358436122,0.001647
2013-02-13,0.0005197197751507,0.000862
2013-02-14,0.0090456697759713,0.000914
2013-02-15,-0.0010281973200909,-0.001182
2013-02-19,0.0073773549530725,0.007495
2013-02-20,-0.0173744038326462,-0.012463
2013-02-21,-0.00707871401634,-0.006079
2013-02-22,0.009151458714615,0.009773
2013-02-25,-0.0191566246818544,-0.019027
2013-02-26,0.0038224284916829,0.006846
2013-02-27,0.0128274197159803,0.012598
2013-02-28,-0.0013815395534131,-0.001975
2013-03-01,0.0012549507866931,0.003298
2013-03-04,0.0032095157862883,0.005325
2013-03-05,0.0102277934379863,0.008959
2013-03-06,0.0028446505281262,0.001361
2013-03-07,0.0045689787188441,0.001786
2013-03-08,0.0071418119357906,0.00429
2013-03-11,0.0032902857331296,0.003796
2013-03-12,-0.0004865302006649,-0.002243
2013-03-13,0.0048172602007056,0.001445
2013-03-14,0.0077744114704828,0.005292
2013-03-15,-0.0036060189042489,-0.001316
2013-03-18,-0.0033070921846626,-0.005519
2013-03-19,-0.0042636814089399,-0.002323
2013-03-20,0.0089087154602085,0.006985
2013-03-21,-0.0096544254945507,-0.008549
2013-03-22,0.0030243946944616,0.00804
2013-03-25,-0.0027296142448039,-0.004177
2013-03-26,0.0071590022594858,0.008003
2013-03-27,-0.0009520053375978,0.0
2013-03-28,0.0049097349670651,0.003073
2013-04-01,-0.0093851690090911,-0.003957
2013-04-02,-0.0021585929383416,0.004934
2013-04-03,-0.0118060660255668,-0.010139
2013-04-04,0.0062609658548649,0.004059
2013-04-05,0.0037082324879565,-0.004504
2013-04-08,0.0100823672948041,0.00678
2013-04-09,0.006197708455227,0.003457
2013-04-10,0.0111992955535297,0.012249
2013-04-11,0.0049127616809896,0.003277
2013-04-12,-0.0050828089302632,-0.00245
2013-04-15,-0.0281837529383749,-0.023186
2013-04-16,0.0143692812767206,0.014776
2013-04-17,-0.0153260662317009,-0.014612
2013-04-18,-0.0044041043369619,-0.006254
2013-04-19,0.0088106251196399,0.008693
2013-04-22,0.0032305540014626,0.004438
2013-04-23,0.0098343842110687,0.010309
2013-04-24,0.0056067976112353,0.000634
2013-04-25,0.0089144600023083,0.004054
2013-04-26,-0.0045782300513787,-0.001766
2013-04-29,0.0064704841293954,0.006699
2013-04-30,0.0034902771953738,0.002385
2013-05-01,-0.0082479879826286,-0.008768
2013-05-02,0.010296550914587,0.009287
2013-05-03,0.0140156766543948,0.010128
2013-05-06,0.002658750349597,0.002553
2013-05-07,0.0047596168074696,0.005068
2013-05-08,0.0085908346604812,0.004552
2013-05-09,-0.0025434234296105,-0.00281
2013-05-10,0.0093810792648325,0.003248
2013-05-13,-0.0013448646948487,0.000795
2013-05-14,0.0132838097711556,0.010334
2013-05-15,0.0063287240297727,0.005356
2013-05-16,-0.0080693785799493,-0.004666
2013-05-17,0.0133139692940557,0.009677
2013-05-20,0.0022490910894712,-6e-05
2013-05-21,0.001503042038713,0.001438
2013-05-22,-0.0135365097226667,-0.007418
2013-05-23,-0.0003437786503582,-0.002893
2013-05-24,-0.003000290209747,-0.000858
2013-05-28,0.0068331899650575,0.006001
2013-05-29,-0.0067069686055149,-0.006494
2013-05-30,0.0067924732698389,0.003692
2013-05-31,-0.0127160516333432,-0.014382
2013-06-03,0.0001932774339055,0.005537
2013-06-04,-0.0039994579429506,-0.004807
2013-06-05,-0.0134170111374673,-0.013989
2013-06-06,0.0082441429163787,0.009041
2013-06-07,0.0129916675994087,0.012721
2013-06-10,0.0012900542865879,0.0
2013-06-11,-0.0120304403183756,-0.010328
2013-06-12,-0.0112917561049571,-0.008265
2013-06-13,0.0167707312059902,0.015209
2013-06-14,-0.0056293169694931,-0.006303
2013-06-17,0.0084507421034045,0.007752
2013-06-18,0.0073499142010321,0.007875
2013-06-19,-0.0123669427888551,-0.013787
2013-06-20,-0.0240148281388757,-0.024778
2013-06-21,0.001002313047823,0.003194
2013-06-24,-0.0117467964439352,-0.012636
2013-06-25,0.0128010702000471,0.009646
2013-06-26,0.0067990602436006,0.009869
2013-06-27,0.0099146866971816,0.00587
2013-06-28,-0.0014250301201841,-0.004097
2013-07-01,0.0083734210442689,0.00586
2013-07-02,-0.0023669169676149,-0.00093
2013-07-03,-0.0022986769253015,0.000434
2013-07-05,0.0111589027270048,0.010789
2013-07-08,0.0042978854070504,0.005674
2013-07-09,0.0086797871076486,0.007228
2013-07-10,0.0029679591387406,0.000375
2013-07-11,0.0155803900056606,0.013608
2013-07-12,0.0019787868978203,0.000418
2013-07-15,0.0021103575172788,0.003851
2013-07-16,-0.0044106272442753,-0.003747
2013-07-17,0.0018377048011981,0.002538
2013-07-18,0.0085250483633007,0.005477
2013-07-19,-0.000753021957769,0.001777
2013-07-22,0.0022965445016363,0.001951
2013-07-23,-0.0017576584224028,-0.002124
2013-07-24,-0.0072264774033369,-0.003666
2013-07-25,0.0059430799567157,0.002433
2013-07-26,0.000500812667368,0.001066
2013-07-29,-0.0026751104524186,-0.003075
2013-07-30,0.0044768832155575,-1.2e-05
2013-07-31,0.0025027739824251,0.000724
2013-08-01,0.0171900328543003,0.011558
2013-08-02,0.0026908139235803,0.001699
2013-08-05,-0.0005734209430942,-0.001462
2013-08-06,-0.0071014099868931,-0.005682
2013-08-07,-0.0069310019306893,-0.00324
2013-08-08,0.0077223768383733,0.003665
2013-08-09,0.0010763361390787,-0.002886
2013-08-12,0.0004372380838279,-0.001175
2013-08-13,0.0011264955067257,0.002951
2013-08-14,-0.0047951405303073,-0.005129
2013-08-15,-0.0151254479877449,-0.013986
2013-08-16,-0.0033631567829274,-0.003306
2013-08-19,-0.0099087673534852,-0.006392
2013-08-20,0.0096410370017461,0.004916
2013-08-21,-0.0091021898358129,-0.00616
2013-08-22,0.0113179707271806,0.009115
2013-08-23,0.0025226235193337,0.003372
2013-08-26,-0.0034553773090058,-0.003721
2013-08-27,-0.0204083188468384,-0.016084
2013-08-28,0.0014493430263968,0.003551
2013-08-29,0.0033203856241567,0.001586
2013-08-30,-0.0063124269859719,-0.003167
2013-09-03,0.0049124123919482,0.004522
2013-09-04,0.0108340919207682,0.008273
2013-09-05,0.0042571088250331,0.001267
2013-09-06,0.0011736351619927,0.000482
2013-09-09,0.0152547367398479,0.0096
2013-09-10,0.009124359684412,0.007373
2013-09-11,0.0034200114329577,0.003139
2013-09-12,-0.0056589155726223,-0.002656
2013-09-13,0.0029202132115664,0.002249
2013-09-16,0.0067163261715014,0.005787
2013-09-17,0.0053441586659676,0.004463
2013-09-18,0.0111594997600847,0.01158
2013-09-19,-0.002182208766904,-0.001682
2013-09-20,-0.0099186199593416,-0.006958
2013-09-23,-0.0053825117068933,-0.004628
2013-09-24,0.0018303981222385,-0.002354
2013-09-25,-0.0022661519056095,-0.00289
2013-09-26,0.0016311306749282,0.003845
2013-09-27,-0.006331256055293,-0.004603
2013-09-30,-0.0031852106467593,-0.005322
2013-10-01,0.0087884099068902,0.007916
2013-10-02,0.0005608517164746,-0.000945
2013-10-03,-0.0082356736116376,-0.009221
2013-10-04,0.0082542711662787,0.007577
2013-10-07,-0.0102264499272573,-0.008645
2013-10-08,-0.0131676614003457,-0.011647
2013-10-09,0.0006473051811453,0.000725
2013-10-10,0.0209363918403587,0.021558
2013-10-11,0.0076001958002285,0.006443
2013-10-14,0.0030936718464269,0.003994
2013-10-15,-0.009797036288778,-0.007254
2013-10-16,0.0128040216132202,0.013966
2013-10-17,0.0089994216584238,0.006683
2013-10-18,0.0056737946770201,0.006743
2013-10-21,-0.0011200553696526,6.9e-05
2013-10-22,0.006769024090907,0.005791
2013-10-23,-0.0053587215619874,-0.004789
2013-10-24,0.0038067159831079,0.003322
2013-10-25,0.005455544878953,0.004568
2013-10-28,0.0010410478894714,0.001591
2013-10-29,0.0083756710648822,0.005334
2013-10-30,-0.0065574961991113,-0.004967
2013-10-31,-0.000590667377728,-0.002836
2013-11-01,0.0049892403761581,0.002389
2013-11-04,0.0076123382100696,0.003519
2013-11-05,-0.0041167187387485,-0.003167
2013-11-06,-0.0005967021146676,0.005106
2013-11-07,-0.0163295043722079,-0.012643
2013-11-08,0.0138538670935572,0.013491
2013-11-11,0.0024154893635559,0.000169
2013-11-12,-0.0025560876557221,-0.00203
2013-11-13,0.0103195908518163,0.008024
2013-11-14,0.0045890145252424,0.004989
2013-11-15,0.0048379654125836,0.004351
2013-11-18,-0.0063690981998033,-0.003499
2013-11-19,-0.0047361814932062,-0.002174
2013-11-20,-0.0023371072900979,-0.003128
2013-11-21,0.0081925260369338,0.008069
2013-11-22,0.0028458607641323,0.005002
2013-11-25,-0.0024756329854018,-0.000995
2013-11-26,0.001214520802057,0.000277
2013-11-27,0.0037080142017997,0.002435
2013-11-29,-0.0010933853523411,-0.000663
2013-12-02,-0.0027904197310179,-0.002597
2013-12-03,-0.0020665071896606,-0.004321
2013-12-04,-0.0008243577132734,-0.000111
2013-12-05,-0.006196785827059,-0.004395
2013-12-06,0.0090659017845601,0.011177
2013-12-09,0.0008053279481654,0.002542
2013-12-10,-0.0014683810067798,-0.003583
2013-12-11,-0.0135806587920518,-0.011231
2013-12-12,-0.0023256458736788,-0.003301
2013-12-13,0.0014603977952472,-0.000112
2013-12-16,0.0092315238317419,0.00621
2013-12-17,-0.0008145494789381,-0.003158
2013-12-18,0.012031032037213,0.017073
2013-12-19,0.000253476178434,-0.001156
2013-12-20,0.0066235853921743,0.005787
2013-12-23,0.0077398772417269,0.005343
2013-12-24,0.004216568944717,0.002191
2013-12-26,0.003023224358789,0.005057
2013-12-27,0.0011593280969757,-5.4e-05
2013-12-30,0.0010337651227141,-0.000136
2013-12-31,0.002868912901616,0.004733
2014-01-02,-0.0100771298180108,-0.009584
2014-01-03,0.0005837216693488,-0.000191
2014-01-06,-0.0054268131575768,-0.002871
2014-01-07,0.0072335570299674,0.006142
2014-01-08,0.0024707625890923,0.000218
2014-01-09,0.0007767114078543,0.000654
2014-01-10,0.0050936895660511,0.002723
2014-01-13,-0.0143027230343014,-0.013332
2014-01-14,0.0108476384221383,0.010926
2014-01-15,0.003462086552443,0.00539
2014-01-16,-0.0007769176940705,-0.0013
2014-01-17,-0.004024096316121,-0.004257
2014-01-21,0.0023761332927827,0.002968
2014-01-22,0.0026207725964513,0.000652
2014-01-23,-0.0096429541927691,-0.008193
2014-01-24,-0.0238609127142562,-0.021336
2014-01-27,-0.0036457942844701,-0.004919
2014-01-28,0.0094518637128072,0.005955
2014-01-29,-0.0086081049802831,-0.009605
2014-01-30,0.011711135762326,0.0106
2014-01-31,-0.0064419715319046,-0.005858
2014-02-03,-0.025667388610436,-0.022505
2014-02-04,0.0089294583973755,0.006976
2014-02-05,-0.0026993952524818,-0.001226
2014-02-06,0.0155485069967987,0.013187
2014-02-07,0.0104748605359527,0.012396
2014-02-10,0.0022017464799838,0.001837
2014-02-11,0.0097647637405567,0.010944
2014-02-12,0.0023415698534966,0.000495
2014-02-13,0.0072966279620025,0.005163
2014-02-14,0.0051100666753734,0.005519
2014-02-18,0.0043237932330447,0.001196
2014-02-19,-0.0055663020956591,-0.006622
2014-02-20,0.0075328893293604,0.005901
2014-02-21,0.0005396513232135,-0.001141
2014-02-24,0.0058906278717419,0.005547
2014-02-25,-0.00114846067956,-0.000379
2014-02-26,0.0016467295893975,5.4e-05
2014-02-27,0.0040740908594455,0.005248
2014-02-28,0.0028530240067015,0.002529
2014-03-03,-0.0071681826137968,-0.007032
2014-03-04,0.014647466544577,0.014056
2014-03-05,-0.0007034012674532,0.000906
2014-03-06,0.0030207172980317,0.00229
2014-03-07,0.0007033635692877,0.000425
2014-03-10,-0.0032516636956662,-0.000531
2014-03-11,-0.0059412500139352,-0.004943
2014-03-12,0.0008234354797513,0.000267
2014-03-13,-0.0109465325592107,-0.011213
2014-03-14,0.0014421339963127,-0.002808
2014-03-17,0.0075850389847883,0.009044
2014-03-18,0.008092091830416,0.007138
2014-03-19,-0.0042045622121193,-0.005329
2014-03-20,0.0040093158452849,0.005823
2014-03-21,-0.0001421867904262,-0.003848
2014-03-24,-0.0064526055827633,-0.004135
2014-03-25,0.0012412013733562,0.004746
2014-03-26,-0.0079705706037244,-0.007192
2014-03-27,-0.0013257108722646,-0.002108
2014-03-28,0.007244203965357,0.00493
2014-03-31,0.0099664928018481,0.008194
2014-04-01,0.0087824264450083,0.006631
2014-04-02,0.0049141980706325,0.003347
2014-04-03,-0.0010449884481967,-0.001324
2014-04-04,-0.0105729998901938,-0.011822
2014-04-07,-0.0149051640624112,-0.011052
2014-04-08,0.0067189511942121,0.004123
2014-04-09,0.0091026851505938,0.010751
2014-04-10,-0.0206659570253376,-0.021033
2014-04-11,-0.0128391016355967,-0.008981
2014-04-14,0.0083540240867214,0.007879
2014-04-15,0.0052386900030247,0.006887
2014-04-16,0.0099393725602938,0.010451
2014-04-17,0.0020969708161078,0.001424
2014-04-21,0.0012300590059543,0.003487
2014-04-22,0.0053738557720869,0.004545
2014-04-23,-0.0018616606000611,-0.002342
2014-04-24,0.0016004408714047,0.002027
2014-04-25,-0.0099239118648069,-0.008199
2014-04-28,-0.0009548693142323,0.00314
2014-04-29,0.0034472935851625,0.004682
2014-04-30,0.0073989741309639,0.002983
2014-05-01,-0.0004765481456955,8e-05
2014-05-02,0.000195648381882,-0.001407
2014-05-05,-0.0002410058519333,0.001914
2014-05-06,-0.0077270945414199,-0.008704
2014-05-07,0.005116717496153,0.005889
2014-05-08,-0.0013043907093224,-0.001091
2014-05-09,0.0008652581976141,0.001519
2014-05-12,0.0122891949557644,0.00971
2014-05-13,-0.0002250972361262,0.000922
2014-05-14,-0.0071678024650129,-0.004738
2014-05-15,-0.0084596342954049,-0.00878
2014-05-16,0.0041568623271904,0.003469
2014-05-19,0.0043768054782479,0.003669
2014-05-20,-0.0100615259491988,-0.006305
2014-05-21,0.0063772743140166,0.008424
2014-05-22,0.003366494164044,0.002432
2014-05-23,0.0052025704426277,0.004009
2014-05-27,0.0053766795503463,0.006147
2014-05-28,-0.0001276636571485,-0.000731
2014-05-29,0.0052849213982179,0.005173
2014-05-30,-0.000117373341327,0.001611
2014-06-02,0.0014472257444096,0.001116
2014-06-03,-0.0005668780954194,-0.000493
2014-06-04,0.0029390801205198,0.002023
2014-06-05,0.007055467163657,0.006522
2014-06-06,0.0062132128344346,0.004757
2014-06-09,0.0028676642017811,0.001049
2014-06-10,-0.0019657397837471,0.000102
2014-06-11,-0.003831851392069,-0.003477
2014-06-12,-0.0062981728485187,-0.00708
2014-06-13,0.0042555200766178,0.003049
2014-06-16,0.0021841394296898,0.000824
2014-06-17,0.0055187011608323,0.002779
2014-06-18,0.0081170272525632,0.007314
2014-06-19,0.0011013962409365,0.001146
2014-06-20,0.0031493502153218,0.002019
2014-06-23,0.0001725916835978,-0.000306
2014-06-24,-0.0067209546270084,-0.006024
2014-06-25,0.0048713653878083,0.00452
2014-06-26,0.0012869788567999,-0.000716
2014-06-27,0.0024081532555821,0.001944
2014-06-30,0.0017047638354977,-0.000511
2014-07-01,0.0047888705992241,0.006693
2014-07-02,-0.0005457794732046,0.001015
2014-07-03,0.0067717829480155,0.004918
2014-07-07,-0.0065254666149551,-0.003481
2014-07-08,-0.0061975699903833,-0.00643
2014-07-09,0.0040718087354715,0.004484
2014-07-10,-0.0057339659520449,-0.003957
2014-07-11,-2.478836992507832e-05,0.001375
2014-07-14,0.0017295430121664,0.005035
2014-07-15,-0.0031879363983811,-0.001873
2014-07-16,0.0039732521419795,0.003701
2014-07-17,-0.0120187530508663,-0.011366
2014-07-18,0.0108073123256023,0.010219
2014-07-21,-0.0030519379566353,-0.001871
2014-07-22,0.004270132705247,0.004358
2014-07-23,-0.0004145570786512,0.00222
2014-07-24,0.0028245852327587,5e-05
2014-07-25,-0.0035313030842687,-0.004682
2014-07-28,0.0001748819002036,0.000405
2014-07-29,-0.0036948691654842,-0.004297
2014-07-30,0.001184062117004,0.000152
2014-07-31,-0.0179398134448872,-0.019748
2014-08-01,-0.0019674985404855,-0.003056
2014-08-04,0.0068708805526556,0.007221
2014-08-05,-0.0066243423963173,-0.009696
2014-08-06,0.0005314222097778,0.000313
2014-08-07,-0.0061836853633995,-0.005415
2014-08-08,0.0140470279518644,0.011569
2014-08-11,0.0033748042536219,0.002872
2014-08-12,-0.0020751570949634,-0.001367
2014-08-13,0.0052050113801938,0.006769
2014-08-14,0.005697322177936,0.004722
2014-08-15,-0.0009560949631378,-0.000204
2014-08-18,0.0099789952980779,0.008379
2014-08-19,0.0053509034006188,0.005219
2014-08-20,0.0029046543960252,0.002672
2014-08-21,0.0019402991006613,0.002916
2014-08-22,-0.0006308267161708,-0.001554
2014-08-25,0.0044362354172795,0.005071
2014-08-26,0.0005705937203506,0.000649
2014-08-27,0.000149247963461,-0.000399
2014-08-28,-0.0010111437352958,-0.000549
2014-08-29,0.0038932237898369,0.002848
2014-09-02,0.0004900944115725,-0.000498
2014-09-03,-0.0005871031744129,-0.000548
2014-09-04,-0.0008511396971854,-0.001446
2014-09-05,0.0041124027104911,0.004495
2014-09-08,-0.0033585895028772,-0.002586
2014-09-09,-0.0081077527585245,-0.006331
2014-09-10,0.0022661122325095,0.003763
2014-09-11,0.0038924261340814,0.00115
2014-09-12,-0.0066505091390279,-0.005841
2014-09-15,-0.0017497130111842,-0.000748
2014-09-16,0.0063208654469388,0.007533
2014-09-17,0.0017899030491877,0.001347
2014-09-18,0.0027765565102777,0.00533
2014-09-19,-0.0030790895276485,-0.000896
2014-09-22,-0.0098266022426414,-0.007723
2014-09-23,-0.0067862072584697,-0.005724
2014-09-24,0.0063325970812069,0.007828
2014-09-25,-0.01460523804819,-0.016136
2014-09-26,0.0054559688394447,0.007945
2014-09-29,-0.0018189779750853,-0.001819
2014-09-30,-0.0056585910155004,-0.002632
2014-10-01,-0.0139737241831718,-0.013552
2014-10-02,0.0018438039804197,0.000154
2014-10-03,0.0090462102990203,0.011009
2014-10-06,-0.0032226955574615,-0.00117
2014-10-07,-0.0169361853372284,-0.015436
2014-10-08,0.0167750561014306,0.017489
2014-10-09,-0.0241043967894179,-0.019833
2014-10-10,-0.0135544545947589,-0.011414
2014-10-13,-0.0168695680803341,-0.016428
2014-10-14,0.0078978979331089,0.001548
2014-10-15,-0.0025233857364744,-0.006766
2014-10-16,0.004815014842949,-0.000858
2014-10-17,0.0096257335708991,0.011811
2014-10-20,0.0105760130322238,0.00971
2014-10-21,0.0219886418558486,0.019811
2014-10-22,-0.0104888117786914,-0.007111
2014-10-23,0.0134946318018247,0.011625
2014-10-24,0.0075359204013512,0.007695
2014-10-27,-0.003825474604581,-0.001374
2014-10-28,0.0150636574094658,0.01147
2014-10-29,-0.0023250814933846,-0.001512
2014-10-30,0.0059372512202933,0.006411
2014-10-31,0.0119566950180804,0.011435
2014-11-03,-0.0001272098225414,0.000545
2014-11-04,-0.0067568081101857,-0.003469
2014-11-05,0.0089179590489366,0.006316
2014-11-06,0.0045610000141814,0.004003
2014-11-07,0.0019123984317906,0.000935
2014-11-10,0.0014068623317276,0.003147
2014-11-11,-0.0001360563789617,0.000956
2014-11-12,0.0012312992451486,-0.001053
2014-11-13,-0.0035701494182055,0.001128
2014-11-14,0.0008590863762149,0.000245
2014-11-17,0.000986596059955,0.000636
2014-11-18,0.0048215993891127,0.005774
2014-11-19,-0.0013979227423453,-0.001605
2014-11-20,0.0049979778188136,0.001754
2014-11-21,0.0055962412307436,0.005351
2014-11-24,0.0035833386338326,0.002806
2014-11-25,-0.0008467268427949,-0.000724
2014-11-26,-0.0006073775007493,0.002559
2014-11-28,-0.0036113883993826,-0.002119
2014-12-01,-0.0097632551599597,-0.00695
2014-12-02,0.005449283164774,0.00644
2014-12-03,0.0082107646841799,0.003887
2014-12-04,-0.0031250943548344,-0.001106
2014-12-05,0.0025054559858515,0.001637
2014-12-08,-0.0096959548677573,-0.006683
2014-12-09,0.0025406154625722,-0.000678
2014-12-10,-0.0179227230451645,-0.016031
2014-12-11,0.0059224887393563,0.005069
2014-12-12,-0.0165335909611938,-0.016161
2014-12-15,-0.0035672563694159,-0.006869
2014-12-16,-0.0052377973766787,-0.00802
2014-12-17,0.0217948301556122,0.019605
2014-12-18,0.0215541880300611,0.024729
2014-12-19,0.0072324503991798,0.004231
2014-12-22,0.0028191654204921,0.0046
2014-12-23,0.0060162806866841,0.00135
2014-12-24,0.0007542919052482,9.6e-05
2014-12-26,0.0024154802381613,0.003225
2014-12-29,0.0031894659048843,0.001343
2014-12-30,-0.0056938924857404,-0.005366
2014-12-31,-0.0092392896622277,-0.009923
2015-01-02,-0.0010993952425408,-0.000535
2015-01-05,-0.0229283297167217,-0.01806
2015-01-06,-0.012120440019738,-0.009419
2015-01-07,0.0090683150240779,0.012461
2015-01-08,0.0193548849667164,0.017745
2015-01-09,-0.008709137859726,-0.008014
2015-01-12,-0.011695761364737,-0.007834
2015-01-13,-0.0032737106654154,-0.002813
2015-01-14,-0.0045896765632821,-0.006037
2015-01-15,-0.0119357215969641,-0.009161
2015-01-16,0.0154757816439624,0.013115
2015-01-20,-0.0021449366575416,0.002108
2015-01-21,0.0087954677583594,0.005073
2015-01-22,0.0134404527817547,0.014871
2015-01-23,-0.005840316615237,-0.005483
2015-01-26,0.0072270693130015,0.002342
2015-01-27,-0.0066255093322312,-0.013191
2015-01-28,-0.0155652671801568,-0.012824
2015-01-29,0.0094703779279709,0.009245
2015-01-30,-0.0103548640120281,-0.012576
2015-02-02,0.0155213703128599,0.012384
2015-02-03,0.0213863831457777,0.014461
2015-02-04,-0.006786151384032,-0.003808
2015-02-05,0.0119702769461296,0.010095
2015-02-06,-0.001575895317922,-0.002765
2015-02-09,-0.0028101420259046,-0.004476
2015-02-10,0.0097848926856826,0.010653
2015-02-11,-0.0013408420705598,0.00058
2015-02-12,0.0122019615817101,0.009617
2015-02-13,0.0056648441338506,0.004116
2015-02-17,0.0028322028341469,0.001573
2015-02-18,-0.0008144188106748,9.5e-05
2015-02-19,-0.0003481436713774,-0.000714
2015-02-20,0.0045226777095225,0.005996
2015-02-23,-0.0017413720566585,-0.000142
2015-02-24,0.0032185709257536,0.002846
2015-02-25,0.0010343766933989,-0.00085
2015-02-26,-0.0058655987436026,-0.001181
2015-02-27,-0.0017709368819479,-0.003406
2015-03-02,0.005495285900065,0.006314
2015-03-03,-0.0032731724487593,-0.004104
2015-03-04,-0.0045669407073594,-0.004215
2015-03-05,0.0001625600227529,0.001094
2015-03-06,-0.0145628705003338,-0.014065
2015-03-09,0.0020401520055795,0.004145
2015-03-10,-0.0155321868304793,-0.016222
2015-03-11,0.0007396111313058,-0.002342
2015-03-12,0.0121070055370349,0.012714
2015-03-13,-0.0073562296485359,-0.006146
2015-03-16,0.0120609893300813,0.013374
2015-03-17,-0.0027943961239723,-0.002972
2015-03-18,0.0142293708558092,0.012022
2015-03-19,-0.0069359684152775,-0.004561
2015-03-20,0.0098604317798678,0.008787
2015-03-23,7.465359770328277e-05,-0.001949
2015-03-24,-0.003633545750075,-0.005619
2015-03-25,-0.0133898287798605,-0.014654
2015-03-26,-0.0020138695664868,-0.002381
2015-03-27,0.0032203400302316,0.00229
2015-03-30,0.0124764720252067,0.0122
2015-03-31,-0.0065628938039356,-0.00874
2015-04-01,-0.0021622728226423,-0.003536
2015-04-02,0.006968259962941,0.003573
2015-04-06,0.0080743757353579,0.006758
2015-04-07,-0.0033045476956202,-0.002646
2015-04-08,0.0015968486617886,0.003353
2015-04-09,0.0045436715736776,0.004448
2015-04-10,0.0017758543636327,0.005457
2015-04-13,-0.0046103882718051,-0.004523
2015-04-14,0.0023630192186759,0.001913
2015-04-15,0.0089106352692533,0.004487
2015-04-16,-0.0038771248406313,-0.000285
2015-04-17,-0.0111091730765651,-0.011504
2015-04-20,0.0080449417628157,0.009137
2015-04-21,-0.0014968809119174,-0.001191
2015-04-22,0.0039324998240631,0.004914
2015-04-23,0.0039897959148322,0.002516
2015-04-24,-0.0020618381469381,0.00232
2015-04-27,-0.0055745914279561,-0.004157
2015-04-28,0.0044239388780887,0.003179
2015-04-29,-0.001144109532396,-0.004115
2015-04-30,-0.0062831020152328,-0.01002
2015-05-01,0.0100340955207851,0.010841
2015-05-04,0.003949228973932,0.002847
2015-05-05,-0.0118278892076673,-0.011452
2015-05-06,-0.0054504832779399,-0.004117
2015-05-07,-0.0002726491128564,0.00399
2015-05-08,0.0099860733415664,0.013166
2015-05-11,-0.002899039650004,-0.004796
2015-05-12,-0.0035736121700355,-0.002968
2015-05-13,-2.729928734021843e-05,0.000191
2015-05-14,0.0065814538635319,0.010428
2015-05-15,0.001464902471438,0.001084
2015-05-18,0.0056307925583048,0.003107
2015-05-19,-0.0033796175159678,-0.000329
2015-05-20,0.0016740843503623,-0.000704
2015-05-21,0.0033570300828725,0.002912
2015-05-22,-0.0015194763813151,-0.002389
2015-05-26,-0.0130234660446413,-0.010752
2015-05-27,0.0080664599478984,0.009492
2015-05-28,-0.0028076809672378,-0.001128
2015-05-29,-0.0051976122236033,-0.006213
2015-06-01,0.0006463781991652,0.002037
2015-06-02,0.0022501336987007,-0.000993
2015-06-03,0.0016627516887842,0.00265
2015-06-04,-0.0099009940283917,-0.00845
2015-06-05,0.0013335315331383,-0.001709
2015-06-08,-0.0062997614140016,-0.00615
2015-06-09,5.182727796452706e-05,-0.000144
2015-06-10,0.0096774833897152,0.011993
2015-06-11,0.0009484547224674,0.003224
2015-06-12,-0.0062434014157676,-0.007655
2015-06-15,-0.0062055130010898,-0.004285
2015-06-16,0.0053608127344604,0.005452
2015-06-17,0.00291463978524,0.001617
2015-06-18,0.0079010182196178,0.010399
2015-06-19,-0.0030312241568271,-0.004417
2015-06-22,0.0050351779508252,0.005123
2015-06-23,4.84544925971063e-05,0.000708
2015-06-24,-0.0084012976091079,-0.007263
2015-06-25,-0.0034532561853049,-0.00304
2015-06-26,0.0011972780543558,-0.000191
2015-06-29,-0.0224824464396935,-0.02097
2015-06-30,0.0022952246696375,0.002093
2015-07-01,0.0039982404036244,0.008016
2015-07-02,-8.086239192828118e-06,-0.000916
2015-07-06,-0.0078713019815225,-0.002846
2015-07-07,0.0081713705460868,0.006289
2015-07-08,-0.0192829591754846,-0.016777
2015-07-09,0.0027459808113726,0.001809
2015-07-10,0.0092015084623202,0.012592
2015-07-13,0.0104992875377659,0.011037
2015-07-14,0.0031038109942246,0.004338
2015-07-15,-0.006672263290454,-0.000332
2015-07-16,0.0070443228291038,0.008024
2015-07-17,-0.0087995231759253,0.000848
2015-07-20,-0.004319013485568,0.000518
2015-07-21,-0.0055992571173775,-0.003951
2015-07-22,-0.0004276503834925,-0.001795
2015-07-23,-0.0041561500478461,-0.00563
2015-07-24,-0.0121446921721852,-0.010372
2015-07-27,-0.0072301789743338,-0.005817
2015-07-28,0.0133063339352346,0.012283
2015-07-29,0.0103280049555269,0.006879
2015-07-30,0.0013983254148503,0.000237
2015-07-31,-0.0002871498831928,-0.001518
2015-08-03,-0.0064468577917423,-0.003373
2015-08-04,-0.0004089189288752,-0.001954
2015-08-05,0.0005248526946013,0.003295
2015-08-06,-0.0048725668227378,-0.008188
2015-08-07,-0.0034256698188196,-0.00192
2015-08-10,0.0187834850614571,0.012599
2015-08-11,-0.0108071277168817,-0.009023
2015-08-12,0.0028522224899474,0.001198
2015-08-13,-0.0038982211015822,-0.001244
2015-08-14,0.004317490748939,0.003642
2015-08-17,0.0042541042438241,0.005587
2015-08-18,-0.0025664447966976,-0.002897
2015-08-19,-0.0087199201203028,-0.007905
2015-08-20,-0.0214885412814333,-0.020881
2015-08-21,-0.0248951135071326,-0.031083
2015-08-24,-0.0374279263345281,-0.040885
2015-08-25,-0.0136721582312902,-0.012029
2015-08-26,0.0301741270625815,0.038394
2015-08-27,0.0280753116946793,0.024735
2015-08-28,0.0038563278944277,5e-05
2015-08-31,-0.0039478166745388,-0.008079
2015-09-01,-0.0295735597936629,-0.029848
2015-09-02,0.0144339939824585,0.018981
2015-09-03,0.0053054802470657,0.000716
2015-09-04,-0.0151445328704953,-0.015137
2015-09-08,0.0271424543020788,0.025131
2015-09-09,-0.0120935699206612,-0.013372
2015-09-10,0.0026388180344309,0.005442
2015-09-11,0.0017851670395356,0.004544
2015-09-14,-0.0044114163052307,-0.003711
2015-09-15,0.0117121496957141,0.012499
2015-09-16,0.0117766397401892,0.008667
2015-09-17,-0.0028389684733702,-0.002248
2015-09-18,-0.0198429329175968,-0.016255
2015-09-21,0.0035026934873737,0.005168
2015-09-22,-0.0159161773685292,-0.01298
2015-09-23,-0.0060673804998039,-0.001599
2015-09-24,-0.0016627227470864,-0.003616
2015-09-25,0.0011307612522403,-0.000259
2015-09-28,-0.0276474954853945,-0.025097
2015-09-29,-5.58972749129449e-06,0.000585
2015-09-30,0.0178814720503589,0.018658
2015-10-01,-0.0049309202321804,0.002609
2015-10-02,0.0216039289046334,0.014938
2015-10-05,0.0254088896859156,0.017795
2015-10-06,0.0021003643989071,-0.003426
2015-10-07,0.0154480549524813,0.008191
2015-10-08,0.01688036025367,0.009027
2015-10-09,-0.0026003104868024,0.000596
2015-10-12,-0.0068110389140552,0.000944
2015-10-13,-0.0095513532777429,-0.006302
2015-10-14,-0.0007220436508238,-0.004794
2015-10-15,0.0130957199969752,0.015355
2015-10-16,-0.0045664615081848,0.004547
2015-10-19,-0.0044851742553985,0.000492
2015-10-20,0.0051316611582389,-0.001377
2015-10-21,-0.0102709337571279,-0.006106
2015-10-22,0.012427610331094,0.016894
2015-10-23,0.0048893676431866,0.010962
2015-10-26,-0.0079477340802609,-0.002458
2015-10-27,-0.0120468181405248,-0.001932
2015-10-28,0.0176885823661404,0.011375
2015-10-29,-0.0020688993117447,-0.000574
2015-10-30,0.0029956072556808,-0.00431
2015-11-02,0.017403220056478,0.011831
2015-11-03,0.004370477702385,0.002899
2015-11-04,-0.005576368411129,-0.003033
2015-11-05,-0.0003842456794747,-0.000998
2015-11-06,0.0009429618592832,-0.000523
2015-11-09,-0.010595596015658,-0.009332
2015-11-10,0.001043369468942,0.002307
2015-11-11,-0.0087560105469703,-0.003932
2015-11-12,-0.0189391158762757,-0.01396
2015-11-13,-0.0114108701630571,-0.011228
2015-11-16,0.0175226913001849,0.015207
2015-11-17,-0.0041622477624511,-0.000729
2015-11-18,0.0164280045340006,0.015866
2015-11-19,-0.0035449344182737,-0.000862
2015-11-20,0.0021316856756375,0.003648
2015-11-23,0.0006902126583351,-0.00115
2015-11-24,0.0065550187572786,0.001339
2015-11-25,0.001464180979947,-0.000143
2015-11-27,-0.0039792620999179,0.001147
2015-11-30,0.0002635418660925,-0.004152
2015-12-01,0.0071512069084235,0.009536
2015-12-02,-0.014050453031205,-0.01021
2015-12-03,-0.0139806044164653,-0.013998
2015-12-04,0.0085081282606834,0.019503
2015-12-07,-0.0117094687334454,-0.006059
2015-12-08,-0.0113685002500088,-0.006724
2015-12-09,-0.005204324226565,-0.007775
2015-12-10,0.0031418082540041,0.002581
2015-12-11,-0.0232472227275039,-0.019381
2015-12-14,-0.0052386136813278,0.005056
2015-12-15,0.0119342327552059,0.010498
2015-12-16,0.0157591998589716,0.014628
2015-12-17,-0.0187689979703186,-0.015238
2015-12-18,-0.0133522446675202,-0.017708
2015-12-21,0.0090077585534934,0.008245
2015-12-22,0.0121432028234937,0.009074
2015-12-23,0.0211658664611207,0.012383
2015-12-24,-0.0008981264409247,-0.00165
2015-12-28,-0.0084465184964022,-0.002285
2015-12-29,0.0089959478722483,0.010672
2015-12-30,-0.0101376555386812,-0.007088
2015-12-31,-0.0051005906364757,-0.010003
2016-01-04,-0.0071026926764381,-0.013983
2016-01-05,-0.0012303215673403,0.001695
2016-01-06,-0.0259555140593877,-0.012614
2016-01-07,-0.0213553911553583,-0.023992
2016-01-08,-0.0088780352511054,-0.010961
2016-01-11,-0.0086880126326103,0.000974
2016-01-12,0.0001488976594828,0.008072
2016-01-13,-0.0256965692435366,-0.024945
2016-01-14,0.0128113014788599,0.016417
2016-01-15,-0.0190669507633532,-0.021466
2016-01-19,-0.009259026751098,0.001331
2016-01-20,-0.0047465540733816,-0.012815
2016-01-21,0.0162443519110468,0.005602
2016-01-22,0.0192674465672287,0.020515
2016-01-25,-0.0241216056902328,-0.015117
2016-01-26,0.0255748906131236,0.013643
2016-01-27,-0.0039550287828716,-0.010883
2016-01-28,0.0001708714747247,0.005209
2016-01-29,0.0327855636344496,0.024382
2016-02-01,-0.0002909264213876,-0.000365
2016-02-02,-0.0264168343870327,-0.018022
2016-02-03,0.0172438236608251,0.005995
2016-02-04,0.0091442932407676,0.001568
2016-02-05,-0.0144961157112209,-0.01905
2016-02-08,-0.0250816729524728,-0.013461
2016-02-09,-0.0098766776777675,5.4e-05
2016-02-10,-0.0008530165540393,-0.000863
2016-02-11,-0.0149728543206998,-0.013008
2016-02-12,0.0249107016968701,0.020617
2016-02-16,0.0218449407998652,0.016878
2016-02-17,0.0283304109175497,0.016335
2016-02-18,-0.0029416113478647,-0.004096
2016-02-19,-0.008068633881958,-0.000469
2016-02-22,0.023533074807723,0.014479
2016-02-23,-0.0153048986340951,-0.01263
2016-02-24,0.0077655961612671,0.004576
2016-02-25,0.0080828863905773,0.012112
2016-02-26,0.0061988214223484,-0.002305
2016-02-29,-0.0048897529815406,-0.007838
2016-03-01,0.0209358501915639,0.023507
2016-03-02,0.0139994903794154,0.004492
2016-03-03,0.0202241555492939,0.003894
2016-03-04,0.0081906825446428,0.003279
2016-03-07,0.0105518862454141,0.000798
2016-03-08,-0.024957580827957,-0.010918
2016-03-09,0.0073899869431476,0.00494
2016-03-10,0.001797313105774,0.000802
2016-03-11,0.0227758812565122,0.016137
2016-03-14,-0.0034317432819335,-0.001282
2016-03-15,-0.0093592859002884,-0.00163
2016-03-16,0.013206299703262,0.005787
2016-03-17,0.0130026304734991,0.006344
2016-03-18,0.0048753690117755,0.003908
2016-03-21,-0.0008157723484584,0.001419
2016-03-22,-8.263751146700067e-05,-0.000537
2016-03-23,-0.0181187969548296,-0.006603
2016-03-24,0.0012247427758463,-0.000439
2016-03-28,0.0022986660275261,0.000591
2016-03-29,0.0104501499194874,0.009254
2016-03-30,0.0021741704991262,0.004384
2016-03-31,0.00177790888319,-0.002427
2016-04-01,0.0004201452019876,0.006812
2016-04-04,-0.0079555155191018,-0.003238
2016-04-05,-0.0125632828246983,-0.009992
2016-04-06,0.0105732785659155,0.010925
2016-04-07,-0.0140978915255391,-0.011966
2016-04-08,0.0069198340862472,0.002693
2016-04-11,0.002342067744203,-0.002343
2016-04-12,0.0166889974135396,0.009312
2016-04-13,0.0162478116800093,0.010105
2016-04-14,-0.001649239552781,4.4e-05
2016-04-15,-6.477642878463776e-05,-0.001106
2016-04-18,0.0060967811212742,0.007023
2016-04-19,0.0075317748736016,0.003158
2016-04-20,0.0043785765863848,0.000953
2016-04-21,-0.0066020750459081,-0.005378
2016-04-22,0.0121494640635694,0.0
2016-04-25,-0.00716638754169,-0.001723
2016-04-26,0.0105987715531037,0.001482
2016-04-27,0.0096461200260145,0.002062
2016-04-28,-0.0143539088933123,-0.009088
2016-04-29,-0.0053301621347143,-0.005383
2016-05-02,0.0034397421817733,0.007945
2016-05-03,-0.015887307584239,-0.008707
2016-05-04,-0.0080105030915451,-0.005574
2016-05-05,0.0006880570293422,-0.000195
2016-05-06,0.0027112179807598,0.003659
2016-05-09,-0.0051532509091532,0.000823
2016-05-10,0.0157086031016745,0.012438
2016-05-11,-0.0090360403360729,-0.009355
2016-05-12,-0.0057806854010582,0.000291
2016-05-13,-0.010672303030248,-0.008714
2016-05-16,0.0092334961919195,0.009865
2016-05-17,-0.0025974941768356,-0.00933
2016-05-18,-0.0048347966292803,0.000289
2016-05-19,-0.0016996094450468,-0.003465
2016-05-20,0.0091464280704088,0.006317
2016-05-23,-0.0011113138716848,-0.001363
2016-05-24,0.0140186544189668,0.012962
2016-05-25,0.0122966389980389,0.006783
2016-05-26,-0.0021396701192069,0.000287
2016-05-27,0.0052006969176601,0.004299
2016-05-31,0.0038500968044455,-0.001903
2016-06-01,0.0022432179259413,0.002049
2016-06-02,0.0044940158348603,0.003044
2016-06-03,-0.004529066136155,-0.002987
2016-06-06,0.0118625838452962,0.005088
2016-06-07,0.0043747938988236,0.001561
2016-06-08,0.0017280420604984,0.00326
2016-06-09,-0.0051319592762559,-0.001366
2016-06-10,-0.0201372363717971,-0.009478
2016-06-13,-0.0097244940540431,-0.007716
2016-06-14,-0.0047787957818796,-0.001963
2016-06-15,0.0010227309105672,-0.001394
2016-06-16,-0.0020322779832575,0.002984
2016-06-17,0.0050219603019748,-0.003703
2016-06-20,0.010697109543075,0.00644
2016-06-21,0.0016655011667096,0.002839
2016-06-22,-0.0017119986850644,-0.001631
2016-06-23,0.0163184480462188,0.013023
2016-06-24,-0.0462757657480549,-0.036431
2016-06-27,-0.0335661150411555,-0.017378
2016-06-28,0.0230601690369067,0.018035
2016-06-29,0.018405601843952,0.017029
2016-06-30,0.0150605368294337,0.013621
2016-07-01,0.0050491613707833,0.002128
2016-07-05,-0.0190395951615747,-0.007197
2016-07-06,0.0078002543045549,0.005998
2016-07-07,0.0022337146050787,-0.000639
2016-07-08,0.0212788292642563,0.01491
2016-07-11,0.005123011720413,0.003527
2016-07-12,0.0168953792235121,0.007263
2016-07-13,-0.0020586098355343,-0.00014
2016-07-14,0.0055150672956564,0.005583
2016-07-15,-0.0011891373482469,-0.001342
2016-07-18,0.0029212144657728,0.002684
2016-07-19,-0.0050294830630188,-0.001013
2016-07-20,0.0067050897585398,0.00414
2016-07-21,-0.0028595094120951,-0.003777
2016-07-22,0.0070881887642943,0.004508
2016-07-25,-0.0020364192745736,-0.002716
2016-07-26,0.0079315739034784,0.000462
2016-07-27,-0.0073335519476195,-0.001061
2016-07-28,0.0011381755142346,0.001155
2016-07-29,0.0007299155601167,0.001615
2016-08-01,-0.0081765514991903,-0.000829
2016-08-02,-0.0119911864116988,-0.006411
2016-08-03,0.0094711256613231,0.002926
2016-08-04,-0.0011819392039256,0.001063
2016-08-05,0.0105546959567596,0.00818
2016-08-08,0.0002575692686829,-0.000596
2016-08-09,-0.0039807257811623,0.000596
2016-08-10,-0.0025790404809187,-0.002475
2016-08-11,0.0104160194795854,0.004641
2016-08-12,-0.0019307895981493,-0.000869
2016-08-15,0.0086538585821188,0.002884
2016-08-16,-0.0046504993521167,-0.005158
2016-08-17,0.0004874171976996,0.001881
2016-08-18,0.0079061042145788,0.002244
2016-08-19,0.0009963445942824,-0.001462
2016-08-22,-0.0016218467356854,-4.6e-05
2016-08-23,0.0067282154385993,0.002013
2016-08-24,-0.0071238593845865,-0.005115
2016-08-25,0.0005397664399106,-0.000689
2016-08-26,-0.0015958895037189,-0.001883
2016-08-29,0.0049823849112402,0.004928
2016-08-30,-0.0012654617642475,-0.001652
2016-08-31,-0.005601257593259,-0.002844
2016-09-01,-0.0019121040841895,4.6e-05
2016-09-02,0.0071825263222255,0.004508
2016-09-06,-0.0010888865569728,0.003026
2016-09-07,0.004917873650729,-9.5e-05
2016-09-08,0.0020703079110725,-0.002283
2016-09-09,-0.0277895033729968,-0.023935
2016-09-12,0.0174209403525762,0.014347
2016-09-13,-0.0189839681467552,-0.014376
2016-09-14,-0.0037897607399222,-0.000375
2016-09-15,0.011094233430501,0.009993
2016-09-16,-0.0055897597453825,-0.003846
2016-09-19,0.0013555815726069,0.000188
2016-09-20,-0.005804578554578,4.7e-05
2016-09-21,0.013702767690704,0.011246
2016-09-22,0.0085152759383709,0.006301
2016-09-23,-0.0060671577220859,-0.005479
2016-09-26,-0.0078363154814573,-0.008102
2016-09-27,0.0044140478694478,0.006208
2016-09-28,0.0108267680546982,0.004964
2016-09-29,-0.0088329734871094,-0.009047
2016-09-30,0.0106997994618735,0.007546
2016-10-03,-0.0018619792927336,-0.002404
2016-10-04,-0.0072448665299414,-0.005098
2016-10-05,0.0093850772439147,0.004425
2016-10-06,0.0003435262253025,0.000696
2016-10-07,-0.006716662375291,-0.003429
2016-10-10,0.00481920522179,0.005208
2016-10-11,-0.0155268462841541,-0.01263
2016-10-12,0.0002753836924792,0.001312
2016-10-13,-0.0063923700556759,-0.003276
2016-10-14,-0.0009469900444832,0.000516
2016-10-17,-0.0037150803840539,-0.003472
2016-10-18,0.006564938094325,0.006262
2016-10-19,0.0072051777168979,0.002667
2016-10-20,-0.0014409918848509,-0.001867
2016-10-21,-0.0008674581770292,0.000468
2016-10-24,0.0012718714816086,0.004253
2016-10-25,-0.0083014688517932,-0.003351
2016-10-26,0.0027997086775126,-0.002008
2016-10-27,-0.0069351784315186,-0.002667
2016-10-28,0.0002234526693809,-0.002955
2016-10-31,0.0009763667078749,4.7e-05
2016-11-01,-0.0086034407189586,-0.007245
2016-11-02,-0.0093733513658699,-0.006019
2016-11-03,-0.0022585169937724,-0.004577
2016-11-04,-0.001601970411408,-0.001102
2016-11-07,0.0211783350292493,0.022057
2016-11-08,0.0024850809145889,0.004504
2016-11-09,0.0160224625159819,0.010598
2016-11-10,0.0120554754702008,0.002499
2016-11-11,0.00109352254007,-0.002305
2016-11-14,0.0146324809418044,0.000786
2016-11-15,0.0082932567347885,0.007803
2016-11-16,-0.0049754597958267,-0.001878
2016-11-17,0.006758870987097,0.005141
2016-11-18,-0.0044153047524654,-0.002238
2016-11-21,0.008994703507238,0.007551
2016-11-22,0.0015286548714951,0.001953
2016-11-23,0.0038540782614656,0.000544
2016-11-25,0.0023578948412195,0.003715
2016-11-28,-0.0081261928748806,-0.004695
2016-11-29,-0.0015219818443985,0.00195
2016-11-30,0.0043582352605498,-0.002399
2016-12-01,-0.0002365796794662,-0.003675
2016-12-02,-0.001664350963255,0.000501
2016-12-05,0.0098901620204977,0.006009
2016-12-06,0.0064174546978853,0.003167
2016-12-07,0.0154132444766444,0.013081
2016-12-08,0.0072777566077172,0.002449
2016-12-09,0.0014971002510241,0.00604
2016-12-12,-0.0091040452433402,-0.001148
2016-12-13,0.0022809568659774,0.006674
2016-12-14,-0.0112936192131054,-0.008254
2016-12-15,0.0027452780952469,0.004117
2016-12-16,-0.0045886582402597,-0.001945
2016-12-19,0.0016785143232425,0.002177
2016-12-20,0.003789575637768,0.003858
2016-12-21,-0.0016035598585636,-0.002783
2016-12-22,-0.0070985844577442,-0.001727
2016-12-23,0.0017523200469273,0.001464
2016-12-27,0.0050098058926194,0.002481
2016-12-28,-0.0119837640767037,-0.008265
2016-12-29,-0.0003223215102484,-0.000223
2016-12-30,-0.005094876751597,-0.003655
2017-01-03,0.0103466850462812,0.00765
2017-01-04,0.0140022019862783,0.005949
2017-01-05,-0.0053887876686477,-0.000794
2017-01-06,0.0029632087063839,0.003578
2017-01-09,-0.006506311428607,-0.003301
2017-01-10,0.0026085666169141,0.0
2017-01-11,0.0050449989693947,0.002826
2017-01-12,-0.001533299188989,-0.00251
2017-01-13,0.002802484030921,0.002296
2017-01-17,-0.0025396070039205,-0.003523
2017-01-18,0.0024667215966977,0.00221
2017-01-19,-0.0069066640839835,-0.003705
2017-01-20,0.0045364133482582,0.003674
2017-01-23,-0.0029673123967554,-0.002602
2017-01-24,0.0121089840417076,0.006412
2017-01-25,0.0076458286347399,0.008656
2017-01-26,-0.0050844528814567,-0.001045
2017-01-27,-0.0042137480896077,-0.00157
2017-01-30,-0.0064209997553913,-0.006202
2017-01-31,0.0006407752462421,-8.8e-05
2017-02-01,-0.002484814876146,0.000396
2017-02-02,-0.0007677163435886,0.000659
2017-02-03,0.0077136539344096,0.006893
2017-02-06,-0.003993220462082,-0.001788
2017-02-07,-0.0024808261930237,4.4e-05
2017-02-08,0.0017032050951816,0.00131
2017-02-09,0.0082318033385026,0.005933
2017-02-10,0.0072494629084965,0.003946
2017-02-13,0.0031859755638055,0.005443
2017-02-14,0.0032923627079274,0.003995
2017-02-15,0.004458851729862,0.00522
2017-02-16,-0.004436172650862,-0.000851
2017-02-17,0.0025257844905944,0.001576
2017-02-21,0.0085737012307571,0.005955
2017-02-22,-0.0049527120682519,-0.000888
2017-02-23,-0.0028379894276539,0.000677
2017-02-24,0.0026813380746626,0.001269
2017-02-27,0.0019053918803789,0.001563
2017-02-28,-0.0071282636080102,-0.002699
2017-03-01,0.0128500876946133,0.013998
2017-03-02,-0.0072537419355646,-0.006297
2017-03-03,-0.0011258252569289,0.00063
2017-03-06,-0.0055115775273582,-0.002978
2017-03-07,-0.0062234175182598,-0.002987
2017-03-08,-0.0016980314266947,-0.001857
2017-03-09,-0.0004674309926899,0.001268
2017-03-10,0.0043019589799789,0.003504
2017-03-13,0.0012845729271566,0.000505
2017-03-14,-0.0051416355672199,-0.003827
2017-03-15,0.0119308582975616,0.008653
2017-03-16,-0.0008970583516842,-0.001967
2017-03-17,-0.0006102955197776,-0.001748
2017-03-20,-0.0043009829945718,-0.001097
2017-03-21,-0.0145941523376859,-0.01284
2017-03-22,0.0016054599123953,0.002353
2017-03-23,0.0005583684915369,-0.001067
2017-03-24,0.0001781263011791,-0.000726
2017-03-27,-0.0003719551540264,-0.001026
2017-03-28,0.0094724230999596,0.007277
2017-03-29,0.0051211330817324,0.000935
2017-03-30,0.0039819642739557,0.003184
2017-03-31,-0.000432785204197,-0.002328
2017-04-03,-0.0064453106888356,-0.001739
2017-04-04,-0.0008486001663767,0.000637
2017-04-05,-0.0039177181471742,-0.002973
2017-04-06,0.007756368829171,0.002811
2017-04-07,-0.0030554754896776,-0.001019
2017-04-10,0.0030481658330828,0.000595
2017-04-11,-4.9407038129418456e-05,-0.00119
2017-04-12,-0.0082184840053058,-0.004382
2017-04-13,-0.0082655591372389,-0.006495
2017-04-17,0.0084359814148408,0.00886
2017-04-18,-0.0025891097819414,-0.002984
2017-04-19,0.0017048079832584,-0.001839
2017-04-20,0.0098356649560843,0.008139
2017-04-21,-0.0047065309802182,-0.003187
2017-04-24,0.0110979144850918,0.010998
2017-04-25,0.0037173543205028,0.005819
2017-04-26,0.0012202303472714,-0.000629
2017-04-27,-0.0004154705091917,0.000839
2017-04-28,-0.0070261571836402,-0.002179
2017-05-01,-0.0019482321139556,0.00252
2017-05-02,0.0008869082609348,0.000377
2017-05-03,-0.0050965779553862,-0.001215
2017-05-04,-0.0005645316196603,0.001174
2017-05-05,0.0082217223019674,0.003937
2017-05-08,-0.0018215285398164,-0.000167
2017-05-09,-0.0002294609141518,-0.000918
2017-05-10,0.0028303779908526,0.001796
2017-05-11,-0.0063863698316339,-0.002043
2017-05-12,-0.0069279337228705,-0.001671
2017-05-15,0.0062714500851416,0.005524
2017-05-16,-0.0045560386925716,-0.000916
2017-05-17,-0.0178496919656849,-0.017744
2017-05-18,0.0017942426045776,0.004028
2017-05-19,0.0087690853110118,0.006504
2017-05-22,0.0056616488551706,0.005077
2017-05-23,-0.0013307171418738,0.002213
2017-05-24,0.0007371279844001,0.002333
2017-05-25,0.0038224955333792,0.004779
2017-05-26,1.5745373161620588e-05,-0.000207
2017-05-30,-0.0021000718281348,-0.000869
2017-05-31,-5.87181126199648e-05,-0.000248
2017-06-01,0.0139751654899259,0.007952
2017-06-02,-0.0014664306757529,0.003328
2017-06-05,-0.0033457912184866,-0.000737
2017-06-06,-0.0030997570346055,-0.003197
2017-06-07,-0.0002692447778948,0.00185
2017-06-08,0.0013024927945902,0.000492
2017-06-09,0.0070843769899024,-0.001518
2017-06-12,0.0039406399534397,-0.000205
2017-06-13,0.0062646971318884,0.00489
2017-06-14,-0.0038112739539377,-0.001268
2017-06-15,-0.0026342752557455,-0.001924
2017-06-16,0.0002103313279113,0.000218
2017-06-19,0.005959853224117,0.008325
2017-06-20,-0.0109429405059246,-0.006744
2017-06-21,-0.0045256036110468,-0.000247
2017-06-22,0.0015894420609334,-0.000453
2017-06-23,0.0039643264906476,0.001194
2017-06-26,0.0045398778288253,0.000658
2017-06-27,-0.0053058333827735,-0.008056
2017-06-28,0.0083083127081891,0.00895
2017-06-29,-0.0046620052926908,-0.008789
2017-06-30,0.003644284312253,0.001865
2017-07-03,0.0062608711766811,0.001696
2017-07-05,-0.0049967051759755,0.002312
2017-07-06,-0.0137916354164434,-0.009144
2017-07-07,0.005942888037329,0.006485
2017-07-10,0.0006064358125666,0.001074
2017-07-11,-0.0001669710690397,-0.000743
2017-07-12,0.0068945089478126,0.007515
2017-07-13,0.0043865136845168,0.00168
2017-07-14,0.0048162378059225,0.004664
2017-07-17,0.0018735971979475,-0.000122
2017-07-18,-0.0039194840802607,0.000529
2017-07-19,0.0094922049320639,0.005414
2017-07-20,-0.0016750128931345,0.000445
2017-07-21,0.0001829607885057,-0.00089
2017-07-24,-0.0027868749365124,-0.000243
2017-07-25,0.0066088020670136,0.002431
2017-07-26,-0.003960172922407,4e-05
2017-07-27,0.0006490162350396,-0.00093
2017-07-28,-0.0021380592490303,-0.001173
2017-07-31,-0.0025652753643041,-0.000567
2017-08-01,-0.0008264000681706,0.002229
2017-08-02,-0.0050782059678313,0.000485
2017-08-03,-0.0017388412092253,-0.00194
2017-08-04,0.0012973113921876,0.001822
2017-08-07,0.000904959410027,0.001859
2017-08-08,-0.0012387990700612,-0.002461
2017-08-09,-0.0027870696381384,-4e-05
2017-08-10,-0.0166907892501228,-0.014115
2017-08-11,0.001411445563752,0.001477
2017-08-14,0.0078769648128268,0.009913
2017-08-15,-0.004292809110563,-0.000122
2017-08-16,0.0025053429371142,0.001744
2017-08-17,-0.0155069837489084,-0.015591
2017-08-18,-0.0026889218556016,-0.001563
2017-08-21,-0.0016811301003303,0.000783
2017-08-22,0.0102390938517233,0.010457
2017-08-23,-0.0032306321907171,-0.003585
2017-08-24,-0.000492437361569,-0.002331
2017-08-25,0.004066595707879,0.002336
2017-08-28,-0.0016599931448682,4.1e-05
2017-08-29,-0.0019767710334691,0.001145
2017-08-30,0.0039908724007645,0.004738
2017-08-31,0.0047331259234763,0.006016
2017-09-01,0.0060836786941971,0.001414
2017-09-05,-0.0066506482133133,-0.007182
2017-09-06,0.0046116444146576,0.003414
2017-09-07,-0.0019386746452736,-0.000122
2017-09-08,-0.0008400175122918,-0.001175
2017-09-11,0.0094819987629182,0.010666
2017-09-12,0.0065788692592919,0.003371
2017-09-13,0.0017124492968257,0.00048
2017-09-14,-0.0017571913775154,-0.00032
2017-09-15,0.0025522005610616,0.001338
2017-09-18,0.0008679316163799,0.002127
2017-09-19,-0.0013221457244725,0.001001
2017-09-20,0.0009147373554976,0.00036
2017-09-21,-0.0021370141729623,-0.002679
2017-09-22,0.0032897565346688,0.000201
2017-09-25,0.0024602122125554,-0.002045
2017-09-26,0.001188473267657,0.000603
2017-09-27,0.0059002276287171,0.003894
2017-09-28,-0.0012886083815302,0.0012
2017-09-29,0.0032077730757422,0.003515
2017-10-02,0.0044894045712841,0.004339
2017-10-03,0.0014314554632786,0.00214
2017-10-04,0.0016595227326869,0.001186
2017-10-05,0.0011065497462123,0.005925
2017-10-06,-0.0032294216058841,-0.001139
2017-10-09,-0.0061996982316595,-0.001651
2017-10-10,0.0012441935401135,0.002638
2017-10-11,-0.0025310958834581,0.001571
2017-10-12,-0.0015448009362111,-0.00149
2017-10-13,0.0008526314517501,0.001217
2017-10-16,0.0007988454205177,0.001334
2017-10-17,-5.540321817812287e-05,0.000705
2017-10-18,0.0013184286219431,0.000979
2017-10-19,0.0031212912289803,0.000274
2017-10-20,0.0097077291270558,0.00516
2017-10-23,-0.0066906392343549,-0.003889
2017-10-24,0.0002904134525693,0.001757
2017-10-25,-0.0073821649045809,-0.00495
2017-10-26,0.0037348768822692,0.001293
2017-10-27,-0.0025737408172722,0.008176
2017-10-30,-0.003881524146183,-0.003725
2017-10-31,-0.0030896124228629,0.001558
2017-11-01,-0.0024281253980865,0.001322
2017-11-02,-0.003894666641494,0.000388
2017-11-03,8.621853669954164e-05,0.003339
2017-11-06,0.0076877199418889,0.001548
2017-11-07,-0.0056223058505521,-0.000695
2017-11-08,0.000157430482896,0.001701
2017-11-09,0.0006619035715756,-0.003628
2017-11-10,0.0020896815341065,-0.00031
2017-11-13,0.0016084960015715,0.00093
2017-11-14,-0.0008253642576807,-0.002323
2017-11-15,-0.0040364645002055,-0.005005
2017-11-16,0.0102321112984556,0.008501
2017-11-17,0.007215648934622,-0.002939
2017-11-20,0.0010149463485852,0.001706
2017-11-21,0.0021196539431967,0.006543
2017-11-22,0.0021310167680786,-0.000885
2017-11-24,-0.0004852932763481,0.00231
2017-11-27,-0.0011741570560658,-0.000499
2017-11-28,0.0144392182656315,0.010145
2017-11-29,0.0119875766986585,-0.000609
2017-11-30,0.0060727933384091,0.008755
2017-12-01,-0.0021421714551712,-0.002075
2017-12-04,0.0091286786184109,-0.00121
2017-12-05,-0.0108108702125361,-0.003597
2017-12-06,-0.0053950403448745,0.00019
2017-12-07,0.0047819019214502,0.003153
2017-12-08,0.0075243504034102,0.005453
2017-12-11,0.0013841166297396,0.003013
2017-12-12,-0.0012888689266213,0.001765
2017-12-13,-0.0012754200578277,-0.000112
2017-12-14,-0.0067305292411912,-0.004086
2017-12-15,0.0113194837810085,0.008286
2017-12-18,0.0108325266955828,0.006341
2017-12-19,-0.0013183430546516,-0.00384
2017-12-20,0.0011065774323082,-0.000524
2017-12-21,0.0042605646627488,0.00206
2017-12-22,0.0018323019026049,-0.000262
2017-12-26,0.0030547934449377,-0.001196
2017-12-27,-0.0018790916061154,0.000487
2017-12-28,0.0022392936176999,0.002057
2017-12-29,-0.007101068277306,-0.003771
2018-01-02,0.0120684830085573,0.007157
2018-01-03,0.0055024250648066,0.006325
2018-01-04,0.0037214830458006,0.004215
2018-01-05,0.0043225603543089,0.006664
2018-01-08,0.0030210368301975,0.001829
2018-01-09,-0.0032114445238073,0.002263
2018-01-10,-0.0017370824621291,-0.00153
2018-01-11,0.0132218732341755,0.007296
2018-01-12,0.0071922207130426,0.006519
2018-01-16,-0.0115057405654611,-0.003418
2018-01-17,0.0060452681657032,0.009532
2018-01-18,-0.0015036375874484,-0.001681
2018-01-19,0.0075168879380597,0.00455
2018-01-22,0.0067676563795799,0.008131
2018-01-23,0.00277202604092,0.002122
2018-01-24,0.001903988853593,-0.000388
2018-01-25,-0.0025979861622189,0.000424
2018-01-26,0.0091652206064203,0.011578
2018-01-29,-0.0076701216564866,-0.00663
2018-01-30,-0.0134042108940045,-0.010257
2018-01-31,-0.0026241805762147,0.000497
2018-02-01,-0.0016754951014245,-0.001135
2018-02-02,-0.0227744504085977,-0.02177
2018-02-05,-0.0367812453322658,-0.041823
2018-02-06,0.0146172319060906,0.019702
2018-02-07,-0.0031141026804321,-0.005425
2018-02-08,-0.0325331381261001,-0.037509
2018-02-09,0.0109774929033639,0.015022
2018-02-12,0.0150544615887956,0.014685
2018-02-13,0.0057905863181451,0.002487
2018-02-14,0.019349467303603,0.013496
2018-02-15,0.0105409439132616,0.01276
2018-02-16,-0.0023161115756026,0.000293
2018-02-20,-0.0060179697130183,-0.006261
2018-02-21,-0.0051772562157147,-0.004974
2018-02-22,-0.0012518969454283,0.001296
2018-02-23,0.0148036982762428,0.015939
2018-02-26,0.0065239097300157,0.011612
2018-02-27,-0.0123740951888763,-0.012487
2018-02-28,-0.0120661849994965,-0.01013
2018-03-01,-0.0117349542568856,-0.014541
2018-03-02,0.0104154120261681,0.005155
2018-03-05,0.0127034908014944,0.011558
2018-03-06,0.0051516826297341,0.002535
2018-03-07,-0.0022141190702822,-0.000366
2018-03-08,0.0006224071505701,0.004839
2018-03-09,0.0139539381370119,0.017402
2018-03-12,-0.0014801717013504,-0.001255
2018-03-13,-0.0052407518105243,-0.006463
2018-03-14,-0.0080717996734382,-0.005132
2018-03-15,-0.0036487036131828,-0.00109
2018-03-16,0.005473648093204,0.001079
2018-03-19,-0.0111420023097916,-0.01353
2018-03-20,-0.0011518415561118,0.001701
2018-03-21,0.0028093459991559,-0.001919
2018-03-22,-0.0225998943236568,-0.024997
2018-03-23,-0.0170497270964865,-0.021315
2018-03-26,0.0227576412983202,0.027359
2018-03-27,-0.0119345148938578,-0.017012
2018-03-28,-0.0024093895787595,-0.002955
2018-03-29,0.0131403671187795,0.012778
2018-04-02,-0.0225304042083727,-0.021585
2018-04-03,0.0134121672081905,0.012817
2018-04-04,0.0129853849172114,0.010699
2018-04-05,0.0085113121662026,0.007892
2018-04-06,-0.0210192535396862,-0.022286
2018-04-09,-0.0004918845571504,0.004928
2018-04-10,0.0154742908405141,0.0159
2018-04-11,-0.0022239178944418,-0.005242
2018-04-12,0.0042847442001849,0.008227
2018-04-13,-0.0039855328802926,-0.002933
2018-04-16,0.0105003372836419,0.008222
2018-04-17,0.0055710271362103,0.010698
2018-04-18,0.0034351541558386,0.00074
2018-04-19,-0.0076188389034039,-0.005548
2018-04-20,-0.0079742615661179,-0.008479
2018-04-23,0.0056999015169102,-0.00015
2018-04-24,-0.0077190950941607,-0.013467
2018-04-25,0.0032249889014759,0.002472
2018-04-26,0.0079186258261754,0.010166
2018-04-27,0.0036762391335832,0.000939
2018-04-30,-0.0092974103811895,-0.007691
2018-05-01,0.0001474359542795,0.001777
2018-05-02,-0.0078934594999762,-0.006717
2018-05-03,-0.005643879092288,-0.002204
2018-05-04,0.0132480505801344,0.012946
2018-05-07,0.0010206403185542,0.003383
2018-05-08,-0.0004311374219456,0.0
2018-05-09,0.0082967294777728,0.009666
2018-05-10,0.0093930884481264,0.009351
2018-05-11,-0.0003235172847774,0.003051
2018-05-14,0.0022320812460209,0.000476
2018-05-15,-0.0006956518706317,-0.006887
2018-05-16,0.0098176026327224,0.004205
2018-05-17,0.0019140994249797,-0.000845
2018-05-18,-0.0040260196065034,-0.0025
2018-05-21,0.0083094310573602,0.007519
2018-05-22,-0.0050352937649361,-0.00278
2018-05-23,0.0007980618490505,0.002751
2018-05-24,0.0011272100469828,-0.002049
2018-05-25,-0.0012194504791869,-0.002383
2018-05-29,-0.0109777876580671,-0.011501
2018-05-30,0.0144930471728583,0.013345
2018-05-31,-0.010347519860293,-0.006126
2018-06-01,0.0084755246402103,0.009818
2018-06-04,0.003514554140089,0.004751
2018-06-05,0.0058463330767179,0.000728
2018-06-06,0.0087516215640999,0.008361
2018-06-07,0.0027215917263107,-0.000108
2018-06-08,0.0068003363833082,0.002956
2018-06-11,0.0037254439474015,0.00133
2018-06-12,0.0033706556970451,0.001292
2018-06-13,-0.0056398844213331,-0.003191
2018-06-14,0.0015255410742443,0.002518
2018-06-15,6.886648159763837e-05,-0.001272
2018-06-18,0.0016486699027695,-0.002057
2018-06-19,-0.0035319196559734,-0.003833
2018-06-20,0.0051198526338732,0.001706
2018-06-21,-0.0061191674590487,-0.006269
2018-06-22,0.0029294312697624,0.001823
2018-06-25,-0.0112878430802337,-0.013613
2018-06-26,0.0020616222511062,0.002214
2018-06-27,-0.0067614561865897,-0.008284
2018-06-28,0.0036311877994686,0.005718
2018-06-29,-0.0023880091349279,0.00144
2018-07-02,-0.0001602910888975,0.002138
2018-07-03,0.0004069306389943,-0.003531
2018-07-05,0.0067251238483031,0.008158
2018-07-06,0.007776026871631,0.008458
2018-07-09,0.0096248080871156,0.009004
2018-07-10,0.0023200797499146,0.003598
2018-07-11,-0.0091786281031506,-0.007314
2018-07-12,0.0034595462032118,0.009066
2018-07-13,0.000974136715112,0.000787
2018-07-16,-0.0036052753089583,-0.000894
2018-07-17,0.0030080837041408,0.004045
2018-07-18,0.0026174075022824,0.002104
2018-07-19,0.0015334320190112,-0.003771
2018-07-20,-0.0043335977831529,-0.001143
2018-07-23,0.0006878986085555,0.001859
2018-07-24,-0.0033667264998989,0.005032
2018-07-25,0.0066631850269567,0.008523
2018-07-26,0.0069400047565817,-0.002359
2018-07-27,-0.0067407301965449,-0.006776
2018-07-30,-0.0039257571350998,-0.005224
2018-07-31,0.0077159012587209,0.004929
2018-08-01,-0.0101408317176657,-0.001671
2018-08-02,0.0055468601676634,0.005448
2018-08-03,0.004759598106333,0.004285
2018-08-06,0.003067079089295,0.003667
2018-08-07,0.0008497616838565,0.003302
2018-08-08,-0.001730857211763,-0.00042
2018-08-09,0.0007500013786356,-0.001366
2018-08-10,-0.0093269440644624,-0.0067
2018-08-13,-0.0062015573382729,-0.003743
2018-08-14,0.0099435056962596,0.006381
2018-08-15,-0.0092799962233449,-0.007467
2018-08-16,0.008043285244161,0.008091
2018-08-17,0.0062357807845275,0.00352
2018-08-20,0.0061766891537098,0.00214
2018-08-21,0.0059667910894695,0.002345
2018-08-22,-0.0026466922170976,-0.000594
2018-08-23,-0.0036015672734859,-0.001328
2018-08-24,0.0039438099902322,0.006018
2018-08-27,0.0057028850927621,0.007895
2018-08-28,-0.0007814965453547,0.000483
2018-08-29,0.0044733939292583,0.005381
2018-08-30,-0.0073379985813261,-0.004048
2018-08-31,0.0004064744082466,3.4e-05
2018-09-04,-0.0017220627730451,-0.001722
2018-09-05,0.0015988148321174,-0.002691
2018-09-06,-0.0035840808180742,-0.00301
2018-09-07,-0.0030424077028127,-0.001943
2018-09-10,0.00451868284348,0.001739
2018-09-11,0.0012633728525577,0.003297
2018-09-12,0.0026721411815099,0.000242
2018-09-13,0.0038477578885817,0.005914
2018-09-14,0.0022584296823204,0.000172
2018-09-17,-0.0031445225398022,-0.005294
2018-09-18,0.0052014854541995,0.005426
2018-09-19,0.0019416565642671,0.001066
2018-09-20,0.0068220398598274,0.008104
2018-09-21,0.0014445321411556,-0.000911
2018-09-24,-0.0076913542342023,-0.003322
2018-09-25,-0.0034066867715279,-0.000928
2018-09-26,-0.0034381645756283,-0.002992
2018-09-27,-8.433740428365281e-05,0.002794
2018-09-28,0.0019562693648992,0.000103
2018-10-01,-0.0017549731403148,0.003474
2018-10-02,-0.0035345449467509,-0.000583
2018-10-03,0.0020847241512056,0.000549
2018-10-04,-0.0074888453230579,-0.007816
2018-10-05,-0.0061910880133181,-0.005597
2018-10-08,0.0026075175040055,0.0
2018-10-09,-0.0062615164747556,-0.001459
2018-10-10,-0.0290653472068557,-0.031663
2018-10-11,-0.0202262621194243,-0.022027
2018-10-12,0.0078770532767043,0.013888
2018-10-15,0.0025147862001338,-0.005617
2018-10-16,0.0194493899609746,0.021866
2018-10-17,-0.0035934825740359,0.000178
2018-10-18,-0.0139772380274758,-0.014441
2018-10-19,-0.0033392290482381,-0.000543
2018-10-22,-0.0067216403274089,-0.004489
2018-10-23,-0.0068967964709689,-0.005091
2018-10-24,-0.0275697919439182,-0.030299
2018-10-25,0.0132400682633994,0.017941
2018-10-26,-0.0155973711840438,-0.017587
2018-10-29,1.6829144368265712e-05,-0.00554
2018-10-30,0.0278705970069997,0.014819
2018-10-31,0.005133854473563,0.010681
2018-11-01,0.018311374455801,0.010642
2018-11-02,-0.0025735894071047,-0.005923
2018-11-05,0.0067701055513266,0.005517
2018-11-06,0.0071785187088515,0.006328
2018-11-07,0.0120177083530263,0.021409
2018-11-08,0.0004619143151811,-0.001815
2018-11-09,-0.0089127346230042,-0.009768
2018-11-12,-0.0147094516717523,-0.018685
2018-11-13,4.7900691370380886e-05,-0.001871
2018-11-14,-0.006041592588392,-0.006837
2018-11-15,0.0074265770223853,0.010437
2018-11-16,0.0015729510327285,0.002601
2018-11-19,-0.013889389803491,-0.016915
2018-11-20,-0.0193400581722299,-0.018506
2018-11-21,0.0092637132329999,0.003408
2018-11-23,-0.0016690775167975,-0.006679
2018-11-26,0.0158237808065092,0.016144
2018-11-27,-0.0017490571815698,0.003364
2018-11-28,0.0180793805613614,0.023025
2018-11-29,-0.0037826423491419,-0.002185
2018-11-30,0.0030036620589739,0.006095
2018-12-03,0.010252873617877,0.013241
2018-12-04,-0.0315750694985057,-0.032402
2018-12-06,-0.0052015462343768,-0.001517
2018-12-07,-0.0202774539874781,-0.023236
2018-12-10,-0.00531889113757,0.001897
2018-12-11,-0.0023275812383236,0.000227
2018-12-12,0.0056874139190341,0.005035
2018-12-13,-0.0104678446367857,-0.000339
2018-12-14,-0.0135249695187464,-0.018465
2018-12-17,-0.0217821506963584,-0.019618
2018-12-18,-0.0020741866610526,-0.001096
2018-12-19,-0.0160713010948887,-0.014976
2018-12-20,-0.0170325205031048,-0.016278
2018-12-21,-0.0189619590959176,-0.020369
2018-12-24,-0.0244679968907881,-0.026423
2018-12-26,0.0439657194150875,0.050525
2018-12-27,0.007135405151341,0.007677
2018-12-28,-0.0029320869331475,-0.00129
2018-12-31,0.0071966455312451,0.008759
2019-01-02,0.0064528129683194,0.00104
2019-01-03,-0.0190225235552969,-0.023863
2019-01-04,0.0365623342176445,0.033496
2019-01-07,0.0140679619712474,0.007885
2019-01-08,0.0119442584102151,0.009395
2019-01-09,0.0082666679856426,0.004673
2019-01-10,0.0052410133990301,0.003528
2019-01-11,0.0025092269374305,0.000386
2019-01-14,-0.0042346424832259,-0.006101
2019-01-15,0.0051839999856169,0.011461
2019-01-16,0.0021906514084706,0.00242
2019-01-17,0.0106682321301081,0.007587
2019-01-18,0.01614355219526,0.01331
2019-01-22,-0.016384060389551,-0.013511
2019-01-23,-0.0021442428479122,0.002092
2019-01-24,0.00891979196565,0.000531
2019-01-25,0.0126908356910278,0.008461
2019-01-28,-0.0031162018402649,-0.0076
2019-01-29,0.0010077611387795,-0.001327
2019-01-30,0.0085429357444257,0.015831
2019-01-31,0.0047821286873749,0.008782
2019-02-01,0.0029214392018954,0.000482
2019-02-04,0.0049630644850764,0.007035
2019-02-05,0.0054382639093122,0.004192
2019-02-06,-0.0014287768815209,-0.001318
2019-02-07,-0.0086849481399178,-0.009533
2019-02-08,0.0028857181284616,0.001222
2019-02-11,0.0037710804362862,0.000555
2019-02-12,0.0165800814909501,0.012859
2019-02-13,0.0045037994319782,0.003247
2019-02-14,-0.0014419297387372,-0.002218
2019-02-15,0.0082261823156694,0.010897
2019-02-19,0.0032480005153372,0.001731
2019-02-20,0.0039753199022575,0.002015
2019-02-21,-0.0036427322362961,-0.003556
2019-02-22,0.0056820145926479,0.0062
2019-02-25,-8.658645450002236e-05,0.001361
2019-02-26,-0.0033805239626505,-0.000715
2019-02-27,0.001203397020812,-0.00043
2019-02-28,-0.0035064702630502,-0.001863
2019-03-01,0.0084197637349639,0.006244
2019-03-04,-0.0053216970636013,-0.003637
2019-03-05,-0.0041098779897878,-0.00136
2019-03-06,-0.0103716368864953,-0.006057
2019-03-07,-0.0088570115310433,-0.008365
2019-03-08,-0.0037947461737426,-0.002
2019-03-11,0.0118854532596908,0.014501
2019-03-12,0.0026951307918125,0.003771
2019-03-13,0.0046092850542168,0.006619
2019-03-14,-0.0026707725463647,-0.00064
2019-03-15,0.0022143055234719,0.004919
2019-03-18,0.0061628000288463,0.003626
2019-03-19,-0.0030415510862955,0.000248
2019-03-20,-0.0103995772099344,-0.00301
2019-03-21,0.0126309749021429,0.011295
2019-03-22,-0.0247605696441985,-0.019246
2019-03-25,0.0013597555458097,-0.000752
2019-03-26,0.0099062498234062,0.007454
2019-03-27,-0.0015964251929078,-0.005229
2019-03-28,0.0066343476829995,0.00379
2019-03-29,0.0059344445292851,0.006306
2019-04-01,0.015197855572622,0.011859
2019-04-02,-0.0013838094528433,0.00049
2019-04-03,0.0045227212312068,0.001574
2019-04-04,0.0073080509688671,0.002653
2019-04-05,0.0078544974701585,0.00484
2019-04-08,0.001059653666632,0.000762
2019-04-09,-0.010525463105618,-0.005125
2019-04-10,0.0077595040649132,0.003411
2019-04-11,0.0019201159888067,-0.000278
2019-04-12,0.009665666335343,0.006766
2019-04-15,-0.0033464798330319,-0.000655
2019-04-16,0.0024843058636264,0.000655
2019-04-17,-0.0042182786927766,-0.002447
2019-04-18,0.0017492392877961,0.001969
2019-04-22,-0.0051683685745641,0.000862
2019-04-23,0.0098272610284163,0.008992
2019-04-24,0.0007286314857577,-0.002219
2019-04-25,-0.0087347624636508,-0.000616
2019-04-26,0.0070523883508971,0.004657
2019-04-29,0.0012897013145365,0.001568
2019-04-30,-5.0611211518228646e-05,0.00051
2019-05-01,-0.011832098517936,-0.007516
2019-05-02,-0.0015294973886517,-0.002159
2019-05-03,0.0087603924315676,0.009788
2019-05-06,-0.0065705193885709,-0.004115
2019-05-07,-0.016326676704136,-0.0167
2019-05-08,-0.0027986190988152,-0.001389
2019-05-09,-0.0017180516821886,-0.003026
2019-05-10,0.0024628425630354,0.005023
2019-05-13,-0.0297111908389472,-0.02513
2019-05-14,0.011116913637268,0.009044
2019-05-15,0.0021282489669968,0.005857
2019-05-16,0.0047362448729562,0.009261
2019-05-17,-0.0068611481954086,-0.006465
2019-05-20,-0.0051739116718036,-0.006612
2019-05-21,0.0130515701487194,0.009016
2019-05-22,-0.0077823648612553,-0.003071
2019-05-23,-0.0140484461012621,-0.012219
2019-05-24,0.0015939621569561,0.002268
2019-05-28,-0.0104707887211226,-0.009301
2019-05-29,-0.0085696881539537,-0.006711
2019-05-30,0.0004890619130453,0.002731
2019-05-31,-0.013489009177686,-0.013475
2019-06-03,0.0086893102838218,-0.002543
2019-06-04,0.027443758081218,0.021707
2019-06-05,0.0058939630046051,0.008662
2019-06-06,0.0033283555680811,0.006503
2019-06-07,0.0063465744789348,0.010007
2019-06-10,0.0027524805583312,0.004589
2019-06-11,0.0008430471025875,-0.000242
2019-06-12,-0.0029352419197844,-0.001765
2019-06-13,0.0098584373511139,0.004126
2019-06-14,-0.004124545197928,-0.001105
2019-06-17,-0.0013194119256037,0.00038
2019-06-18,0.0119425248179983,0.010471
2019-06-19,0.0036909281449454,0.002257
2019-06-20,0.0099905497905312,0.009554
2019-06-21,-0.0028460121218728,-0.001448
2019-06-24,-0.0063817652407793,-0.001224
2019-06-25,-0.0075494929209389,-0.009808
2019-06-26,-0.0004794350938856,-0.000997
2019-06-27,0.0085115627940693,0.003546
2019-06-28,0.0117653927951868,0.005146
2019-07-01,0.0066819391256734,0.009079
2019-07-02,-0.0040435963615867,0.002604
2019-07-03,0.0098324080572597,0.007995
2019-07-05,0.0008519062402057,-0.001138
2019-07-08,-0.0063442793958281,-0.005495
2019-07-09,-0.0013711508664245,0.001247
2019-07-10,-0.001530261104493,0.004778
2019-07-11,0.0020800452729726,0.002344
2019-07-12,0.0104486076500808,0.004477
2019-07-15,-0.0022093315385521,0.000333
2019-07-16,0.000248305319723,-0.003458
2019-07-17,-0.0116886635053034,-0.006573
2019-07-18,0.0023690683956263,0.003661
2019-07-19,-0.0025107145352986,-0.005555
2019-07-22,-0.0023688242906683,0.002456
2019-07-23,0.0101692534271668,0.00715
2019-07-24,0.0096470237583795,0.0047
2019-07-25,-0.0077126584727796,-0.004777
2019-07-26,0.0061898257195943,0.0067
2019-07-29,-0.004256044576313,-0.001821
2019-07-30,0.0002153017371707,-0.002455
2019-07-31,-0.0097541293668758,-0.01094
2019-08-01,-0.0217699690711585,-0.008708
2019-08-02,-0.0100899113620682,-0.00753
2019-08-05,-0.0292395980865775,-0.030073
2019-08-06,0.0103365381018946,0.014023
2019-08-07,0.0007837940025343,0.000591
2019-08-08,0.0181383398921572,0.01962
2019-08-09,-0.014487393917314,-0.006812
2019-08-12,-0.0155957546157765,-0.012173
2019-08-13,0.0137502231947194,0.015552
2019-08-14,-0.036396878152744,-0.029568
2019-08-15,-0.0051056217835697,0.002642
2019-08-16,0.0161854028271011,0.014755
2019-08-19,0.0125542873110361,0.012048
2019-08-20,-0.0096117588653253,-0.007663
2019-08-21,0.0090651798822508,0.008135
2019-08-22,0.0010946646756959,-0.000308
2019-08-23,-0.0322518493962677,-0.025687
2019-08-26,0.0076476570002778,0.011058
2019-08-27,-0.0089772688326317,-0.003924
2019-08-28,0.0104295095355236,0.007042
2019-08-29,0.0152485181010195,0.012773
2019-08-30,0.0023718472394808,-0.000444
2019-09-03,-0.0096876565062137,-0.005847
2019-09-04,0.0136430934584657,0.01135
2019-09-05,0.0193652257925105,0.012855
2019-09-06,0.0021952143569752,0.000772
2019-09-09,0.0140063626186434,0.000503
2019-09-10,0.0131302019504194,-0.000235
2019-09-11,0.0096747122188225,0.007111
2019-09-12,-0.0004995920859737,0.003464
2019-09-13,0.002029723398197,-0.000664
2019-09-16,0.002226923460617,-0.003089
2019-09-17,-0.0050191465782933,0.002532
2019-09-18,-0.0025942816844737,0.000598
2019-09-19,-0.0060677752620136,-6.6e-05
2019-09-20,-0.0049422708986802,-0.004704
2019-09-23,0.0017953475328252,-0.000235
2019-09-24,-0.0104564433369437,-0.007847
2019-09-25,0.0075174816896329,0.005915
2019-09-26,-0.0043438182777993,-0.002083
2019-09-27,-0.0007922471093947,-0.005387
2019-09-30,0.005599755691982,0.004638
2019-10-01,-0.0160954273614032,-0.011895
2019-10-02,-0.0224278337899433,-0.017665
2019-10-03,0.0072546970406194,0.008193
2019-10-04,0.0104964110918506,0.013532
2019-10-07,-0.0056788991720286,-0.004315
2019-10-08,-0.0219391793080844,-0.015525
2019-10-09,0.0086119892021534,0.009496
2019-10-10,0.0080399937083669,0.006763
2019-10-11,0.0206639107358752,0.010367
2019-10-14,-0.004843989605009,-0.001114
2019-10-15,0.0102239065461405,0.0099
2019-10-16,-0.0010369415190581,-0.001606
2019-10-17,0.0033289520278102,0.002949
2019-10-18,-0.0039204093723742,-0.004377
2019-10-21,0.009673555527992,0.006779
2019-10-22,0.0054386855773726,-0.003267
2019-10-23,0.0025460541411602,0.00291
2019-10-24,-0.0018854660058366,0.001634
2019-10-25,0.0057079967448304,0.004095
2019-10-28,0.0042151302911973,0.005637
2019-10-29,0.0021705148324968,-0.000297
2019-10-30,-0.0049849002140767,0.003067
2019-10-31,-0.005330069795203,-0.002663
2019-11-01,0.0181428707541277,0.009264
2019-11-04,0.0071038565540108,0.004018
2019-11-05,0.0046199429628487,-0.001106
2019-11-06,-0.003778605257297,0.000228
2019-11-07,0.0066900807076471,0.003517
2019-11-08,0.0016516381361395,0.002466
2019-11-11,-0.0013922301056487,-0.00191
2019-11-12,-0.001984159092181,0.002108
2019-11-13,-0.0052611352681562,0.000324
2019-11-14,0.0019005888421297,0.001456
2019-11-15,0.0094016591394116,0.007236
2019-11-18,-0.0029389398154043,0.000738
2019-11-19,-0.0040185446701884,-0.000288
2019-11-20,-0.0046693809319749,-0.003719
2019-11-21,-0.0020777844931613,-0.001609
2019-11-22,0.0067387658624155,0.002224
2019-11-25,0.0095875806837708,0.00775
2019-11-26,0.0002203302547126,0.002266
2019-11-27,0.005153773797404,0.004458
2019-11-29,-0.0060557393701953,-0.003709
2019-12-02,-0.0073876487876627,-0.008495
2019-12-03,-0.0120730567237921,-0.006707
2019-12-04,0.0087809946232592,0.00617
2019-12-05,0.0032821850953313,0.001798
2019-12-06,0.0094799610422653,0.009134
2019-12-09,-0.0024707005452096,-0.003144
2019-12-10,-0.0021267989530589,-0.001115
2019-12-11,0.0018859547521041,0.002839
2019-12-12,0.0152192819149374,0.008619
2019-12-13,-0.0052627438800188,0.000599
2019-12-16,0.0070290411858105,0.00687
2019-12-17,0.0028207273459809,0.000219
2019-12-18,0.0034700045334714,6.3e-05
2019-12-19,0.002699851847599,0.004099
2019-12-20,0.0059932211744253,0.004363
2019-12-23,0.0006593642765922,0.001528
2019-12-24,7.07773910518464e-05,3.1e-05
2019-12-26,0.0027827677664342,0.005323
2019-12-27,-0.0032376308770674,-0.000248
2019-12-30,-0.0041872790628699,-0.005513
2019-12-31,0.0054799411983675,0.002429
2020-01-02,0.0012665952034788,0.009352
2020-01-03,-0.0059165936872707,-0.007572
2020-01-06,0.0005540936906456,0.003815
2020-01-07,0.0009525863901106,-0.002812
2020-01-08,0.0016422265533182,0.00533
2020-01-09,0.0032786402793288,0.006781
2020-01-10,-0.0036570260371153,-0.002878
2020-01-13,0.0061452905969915,0.006877
2020-01-14,0.0040060937726514,-0.001525
2020-01-15,0.0008010869658555,0.00226
2020-01-16,0.0103809210260251,0.008318
2020-01-17,1.2071603589973155e-05,0.003113
2020-01-21,-0.0079657870951417,-0.001958
2020-01-22,-0.0021696654671042,0.000121
2020-01-23,0.0022645921080525,0.001147
2020-01-24,-0.0120850739209348,-0.008893
2020-01-27,-0.016884103959337,-0.016029
2020-01-28,0.0087723205926588,0.010479
2020-01-29,-0.002750140556118,-0.000826
2020-01-30,0.0020334613648404,0.003245
2020-01-31,-0.0206100418317254,-0.018158
2020-02-03,0.0051129599433648,0.007429
2020-02-04,0.0159836427235163,0.015241
2020-02-05,0.0199385717152482,0.011548
2020-02-06,-0.0026980651867782,0.003365
2020-02-07,-0.0109703274621192,-0.00533
2020-02-10,0.0019850173073211,0.007465
2020-02-11,0.0049976108170859,0.001733
2020-02-12,0.0084544860411062,0.006443
2020-02-13,-0.003078607053383,-0.001067
2020-02-14,-0.0011848985710835,0.001602
2020-02-18,-0.004388119077725,-0.002577
2020-02-19,0.0047509338024349,0.004781
2020-02-20,0.0019175834564475,-0.004108
2020-02-21,-0.0104861978814847,-0.010298
2020-02-24,-0.0331996840187893,-0.033165
2020-02-25,-0.036984285882802,-0.030302
2020-02-26,-0.0153448569613589,-0.003678
2020-02-27,-0.0364200116470714,-0.044912
2020-02-28,-0.0116652162036549,-0.004202
2020-03-02,0.0329943039880258,0.043307
2020-03-03,-0.0272344404068482,-0.028633
2020-03-04,0.0336818584580648,0.042033
2020-03-05,-0.0398763676986675,-0.033242
2020-03-06,-0.02413946827116,-0.016531
2020-03-09,-0.0906892143216983,-0.078095
2020-03-10,0.0468040881896454,0.051745
2020-03-11,-0.0581795996185446,-0.048748
2020-03-12,-0.1044496028328526,-0.095677
2020-03-13,0.0772571493685166,0.085486
2020-03-16,-0.1191784286024226,-0.109424
2020-03-17,0.0516432803449972,0.053992
2020-03-18,-0.0712499856895667,-0.050633
2020-03-19,0.0087940645362299,0.002125
2020-03-20,-0.051802738416408,-0.042844
2020-03-23,-0.037209518201361,-0.025568
2020-03-24,0.1131383505435999,0.090603
2020-03-25,0.0283555722111732,0.01497
2020-03-26,0.0556770190849212,0.05839
2020-03-27,-0.0392621092279487,-0.029786
2020-03-30,0.0215431698764517,0.032476
2020-03-31,-0.0175504945294919,-0.014905
2020-04-01,-0.0616873903725878,-0.045005
2020-04-02,0.0082393646484171,0.023075
2020-04-03,-0.0091705084793256,-0.014454
2020-04-06,0.094191584656409,0.067166
2020-04-07,0.0308822041904953,0.001019
2020-04-08,0.0544467545216464,0.033568
2020-04-09,0.0340773825444917,0.015217
2020-04-13,-0.0304673365163023,-0.00913
2020-04-14,0.0139378353479185,0.029493
2020-04-15,-0.0468629634462046,-0.021248
2020-04-16,-0.0168071047944439,0.004824
2020-04-17,0.0602661577047373,0.027015
2020-04-20,-0.0257024107731889,-0.017618
2020-04-21,-0.0233577405220506,-0.030363
2020-04-22,0.01459495549773,0.022195
2020-04-23,0.0206111663593824,-7.2e-05
2020-04-24,0.0141859866764907,0.013939
2020-04-27,0.0369574457423476,0.014418
2020-04-28,0.0300314049234338,-0.004598
2020-04-29,0.0544859553233077,0.026179
2020-04-30,-0.0363379529626481,-0.009311
2020-05-01,-0.04978655019203,-0.026473
2020-05-04,0.0056479096647115,0.002758
2020-05-05,-0.004978938427569,0.009239
2020-05-06,-0.0171244873699306,-0.006779
2020-05-07,0.0194102466052229,0.012067
2020-05-08,0.040987911867906,0.016546
2020-05-11,-0.0236333201608063,0.000205
2020-05-12,-0.0285050492726297,-0.019932
2020-05-13,-0.0426054203747792,-0.017686
2020-05-14,0.0165421911226462,0.011967
2020-05-15,0.0038870712458159,0.004597
2020-05-18,0.0710527563207279,0.03046
2020-05-19,-0.0212836885886287,-0.010271
2020-05-20,0.0232902747440834,0.016988
2020-05-21,0.0020145418689671,-0.006904
2020-05-22,-0.0026662524200471,0.001899
2020-05-26,0.0505490555809286,0.012321
2020-05-27,0.0354596486311014,0.014879
2020-05-28,-0.0273710933086662,-0.001845
2020-05-29,-0.0179106498540598,0.004456
2020-06-01,0.0230763097813998,0.004042
2020-06-02,0.0195672344960929,0.00828
2020-06-03,0.0438185519023994,0.013308
2020-06-04,0.0154862944449325,-0.002627
2020-06-05,0.05420090535636,0.02563
2020-06-08,0.0441793076594995,0.012088
2020-06-09,-0.0414841209966059,-0.007457
2020-06-10,-0.0437647969314732,-0.00558
2020-06-11,-0.087881078106902,-0.057649
2020-06-12,0.0310142097796159,0.011976
2020-06-15,0.0102656273098035,0.009336
2020-06-16,0.0262878092218331,0.019248
2020-06-17,-0.0219605597545327,-0.004154
2020-06-18,4.801734330554535e-05,0.000385
2020-06-19,-0.0151595736278352,-0.005689
2020-06-22,0.0016559218761805,0.006415
2020-06-23,0.0035106476889691,0.004604
2020-06-24,-0.0465821525415314,-0.025509
2020-06-25,0.0119167048518284,0.010721
2020-06-26,-0.0268091701082013,-0.023752
2020-06-29,0.0305849733899815,0.014698
2020-06-30,0.0128296326900186,0.01281
2020-07-01,-0.0098942619476671,0.007005
2020-07-02,0.0084204447549357,0.005507
2020-07-06,0.0130812431876065,0.015437
2020-07-07,-0.0228272149801278,-0.010314
2020-07-08,0.0025866654496813,0.007649
2020-07-09,-0.0255323658858535,-0.005693
2020-07-10,0.0244450392519472,0.010211
2020-07-13,-0.001210648272576,-0.008659
2020-07-14,0.0172428242967793,0.012959
2020-07-15,0.0378583837001077,0.009187
2020-07-16,0.0003303913314449,-0.003293
2020-07-17,-0.0028465528996105,0.002899
2020-07-20,-0.010585138704698,0.008082
2020-07-21,0.0188101875876681,0.002128
2020-07-22,0.0052769958256226,0.005692
2020-07-23,0.0048855906265036,-0.011932
2020-07-24,-0.0081734702945908,-0.00644
2020-07-27,0.0031101099894553,0.007292
2020-07-28,-0.0093828899125031,-0.006342
2020-07-29,0.0226297281912763,0.012299
2020-07-30,-0.0106534603610102,-0.003568
2020-07-31,-0.0068050218653486,0.007902
2020-08-03,0.001842574997151,0.006952
2020-08-04,0.0054122255419432,0.003863
2020-08-05,0.0148358961385236,0.006211
2020-08-06,-0.0031877154317607,0.006685
2020-08-07,0.0148681576110242,0.000718
2020-08-10,0.0217546994234076,0.002989
2020-08-11,0.0020721844934256,-0.008255
2020-08-12,0.0019614216150458,0.013942
2020-08-13,-0.0059220509759935,-0.001808
2020-08-14,0.0053214020922597,3e-05
2020-08-17,-0.003955588327957,0.003177
2020-08-18,-0.0095655485484596,0.00216
2020-08-19,-0.0039547647689314,-0.004164
2020-08-20,-0.0103063194895128,0.003114
2020-08-21,-0.0037536381569131,0.003547
2020-08-24,0.0235616963187941,0.010133
2020-08-25,-0.0010972528410888,0.003499
2020-08-26,-0.0056541367532511,0.010026
2020-08-27,0.0057928792383824,0.002187
2020-08-28,0.0106843903650468,0.006459
2020-08-31,-0.0131928744897773,-0.003623
2020-09-01,0.0061893456969428,0.009419
2020-09-02,0.0169659259435382,0.014464
2020-09-03,-0.0197755222092364,-0.034414
2020-09-04,0.0018812161152358,-0.008165
2020-09-08,-0.0182848280425844,-0.027323
2020-09-09,0.0085518798312962,0.019747
2020-09-10,-0.0121871070943585,-0.017364
2020-09-11,0.0068705477749995,0.000509
2020-09-14,0.0202650445667826,0.013171
2020-09-15,-0.0023851644369147,0.005052
2020-09-16,0.0130496013744091,-0.003969
2020-09-17,-0.0033011980354006,-0.008795
2020-09-18,-0.0133212497195152,-0.011466
2020-09-21,-0.0345963122167241,-0.01113
2020-09-22,0.0049227295559051,0.010184
2020-09-23,-0.020402588218764,-0.023191
2020-09-24,-0.0015336656937614,0.002665
2020-09-25,0.0096952203736312,0.016167
2020-09-28,0.0215722321603822,0.016609
2020-09-29,-0.012643775876886,-0.005446
2020-09-30,0.006848859424599,0.007582
2020-10-01,0.0004541378621378,0.00642
2020-10-02,0.0110834887649339,-0.009494
2020-10-05,0.0218744649521069,0.017733
2020-10-06,-0.0131032402913368,-0.014216
2020-10-07,0.0212293485590388,0.017407
2020-10-08,0.01918482873843,0.008863
2020-10-09,-0.0027151732443248,0.00893
2020-10-12,0.0049222744985906,0.016088
2020-10-13,-0.0127752826002382,-0.006526
2020-10-14,-0.000600291288648,-0.006283
2020-10-15,0.0079663641137264,-0.001236
2020-10-16,-0.0034745553396311,-0.000604
2020-10-19,-0.0115328454839874,-0.015203
2020-10-20,0.0082027003612023,0.004006
2020-10-21,-0.0030304700416696,-0.001893
2020-10-22,0.0215922115009025,0.005485
2020-10-23,0.0061394770010416,0.003395
2020-10-26,-0.0273013981718082,-0.01848
2020-10-27,-0.0151172478131684,-0.003447
2020-10-28,-0.0334829148487625,-0.034179
2020-10-29,0.0147942862915787,0.010164
2020-10-30,0.0024744342217505,-0.010425
2020-11-02,0.0287425999454848,0.011208
2020-11-03,0.0188503368862485,0.017656
2020-11-04,-0.0109730691965555,0.022349
2020-11-05,0.0225273840149607,0.019503
2020-11-06,-0.0093474130227759,-0.000228
2020-11-09,0.0661605838653333,0.012566
2020-11-10,0.0076612005681063,-0.001467
2020-11-11,-0.0082801772698467,0.007429
2020-11-12,-0.0203381435701509,-0.009701
2020-11-13,0.0304185834850062,0.013845
2020-11-16,0.0296521504924824,0.012483
2020-11-17,0.0017967854960477,-0.005378
2020-11-18,-0.0096946830898282,-0.012035
2020-11-19,0.0063246472604938,0.00421
2020-11-20,-0.0055289374511244,-0.006848
2020-11-23,0.0251312030881866,0.005994
2020-11-24,0.0305219159811251,0.016114
2020-11-25,-0.0108494022881292,-0.001542
2020-11-27,-0.0042502155976321,0.002785
2020-11-30,-0.0191579184120783,-0.004427
2020-12-01,0.0115287236590376,0.010937
2020-12-02,0.0063856549521317,0.002104
2020-12-03,0.0114357149196838,-0.000273
2020-12-04,0.0220917448153569,0.008618
2020-12-07,-0.0067771108436261,-0.002055
2020-12-08,0.0038647448773345,0.002926
2020-12-09,0.0008547370707527,-0.008969
2020-12-10,0.0061122904025998,-0.000327
2020-12-11,-0.0092416623616064,-0.001173
2020-12-14,-0.0128003971032757,-0.004477
2020-12-15,0.0182352794607498,0.013519
2020-12-16,-0.0054733162480056,0.001569
2020-12-17,0.0047422588752381,0.005592
2020-12-18,-0.005260348176472,-0.003976
2020-12-21,-0.0078247085433111,-0.003576
2020-12-22,-0.0077238106532526,-0.001685
2020-12-23,0.0159144331522913,0.000899
2020-12-24,-0.0005470525233174,0.00389
2020-12-28,0.0028835862222004,0.008591
2020-12-29,-0.007680826575256,-0.001908
2020-12-30,0.0123682110326797,0.001427
2020-12-31,0.0031646158816331,0.005081
2021-01-04,-0.0110937414031574,-0.013614
2021-01-05,0.0148561328320118,0.006887
2021-01-06,0.0322611835286674,0.005979
2021-01-07,0.0093905213360347,0.014858
2021-01-08,-0.0024421334511796,0.005698
2021-01-11,0.0020142769365473,-0.006741
2021-01-12,0.0158879037226624,0.000211
2021-01-13,-0.0077045821507421,0.002693
2021-01-14,0.0085905278549644,-0.003502
2021-01-15,-0.0106941377824172,-0.007293
2021-01-19,0.0037055618706359,0.007852
2021-01-20,0.0044437142143179,0.013839
2021-01-21,-0.0058167424955711,0.000912
2021-01-22,-0.003339623758368,-0.003539
2021-01-25,-0.0016579563586591,0.003944
2021-01-26,-0.0047573193642695,-0.001561
2021-01-27,-0.0212304625582714,-0.024441
2021-01-28,0.0060728288303309,0.0086
2021-01-29,-0.018649692656756,-0.02002
2021-02-01,0.0126770541435108,0.016646
2021-02-02,0.0121088504508888,0.01414
2021-02-03,0.0084687028518393,0.000786
2021-02-04,0.0142732757346517,0.011366
2021-02-05,0.0070992614567649,0.003936
2021-02-08,0.0162877538816857,0.007222
2021-02-09,0.0007143750377007,-0.000666
2021-02-10,0.0063065192997843,-0.000436
2021-02-11,-0.0007632220484958,0.001615
2021-02-12,0.0071154808072363,0.00494
2021-02-16,0.0026926627615552,-0.000866
2021-02-17,-0.0001911860694664,0.000229
2021-02-18,-0.0087765369185498,-0.004256
2021-02-19,0.0137096235995041,-0.001766
2021-02-22,0.008291074016005,-0.007692
2021-02-23,0.0035194328389637,0.001214
2021-02-24,0.0160963506197049,0.011019
2021-02-25,-0.0236280100681613,-0.024096
2021-02-26,-0.005468583397442,-0.005153
2021-03-01,0.0251043268967826,0.02424
2021-03-02,-0.0028329417420729,-0.007803
2021-03-03,0.0017495524978025,-0.013246
2021-03-04,-0.0107642300307079,-0.012375
2021-03-05,0.0285639402358008,0.018397
2021-03-08,0.011607886836176,-0.004979
2021-03-09,-0.0088812136247262,0.014278
2021-03-10,0.0140987166078743,0.006225
2021-03-11,0.0060550586022888,0.010139
2021-03-12,0.0096277844608846,0.001347
2021-03-15,0.0102304430599344,0.005964
2021-03-16,-0.0130489709216049,-0.001261
2021-03-17,0.0045915426838665,0.00341
2021-03-18,-0.0077160271744098,-0.01455
2021-03-19,0.0001466096514321,-0.001845
2021-03-22,-0.0051489850772301,0.007985
2021-03-23,-0.0242167876796558,-0.007871
2021-03-24,-0.0059875859233263,-0.005083
2021-03-25,0.0150319172251276,0.005626
2021-03-26,0.0096388660264151,0.016115
2021-03-29,-0.0106277718065245,-0.000505
2021-03-30,0.0073176332910632,-0.002653
2021-03-31,-0.0025705961313159,0.004053
2021-04-01,0.0103074701987083,0.010799
2021-04-05,0.0078319296124969,0.014353
2021-04-06,0.002237705768724,-0.000591
2021-04-07,-0.0050406785884811,0.001157
2021-04-08,0.0004356684048568,0.004747
2021-04-09,0.0060609847127823,0.00727
2021-04-12,0.002632295564721,0.000365
2021-04-13,-0.005042421560672,0.002964
2021-04-14,0.0039843153096813,-0.003415
2021-04-15,0.0055758883513807,0.010743
2021-04-16,0.0041972448597536,0.003342
2021-04-19,-0.0049220250322474,-0.004913
2021-04-20,-0.0101531361056759,-0.007322
2021-04-21,0.0165014516697758,0.009462
2021-04-22,-0.005169734794314,-0.009133
2021-04-23,0.0115757149083073,0.010842
2021-04-26,0.0026453823854687,0.002088
2021-04-27,0.0028099371344096,-0.000216
2021-04-28,0.0017757258641243,-0.000287
2021-04-29,0.007828523001323,0.006373
2021-04-30,-0.0092887702277564,-0.006571
2021-05-03,0.0077631711707795,0.002157
2021-05-04,-0.0004379657184877,-0.006169
2021-05-05,0.0073412765380192,0.000313
2021-05-06,0.0035316935811867,0.007986
2021-05-07,0.0117181607355204,0.007278
2021-05-10,-0.0036469084128562,-0.009902
2021-05-11,-0.0132959064562313,-0.008925
2021-05-12,-0.0232749313853344,-0.021245
2021-05-13,0.0139651407086319,0.012013
2021-05-14,0.0170089248144062,0.015355
2021-05-17,0.0013643496426097,-0.002545
2021-05-18,-0.0110344745808861,-0.008616
2021-05-19,-0.0085199605085975,-0.002622
2021-05-20,0.0036815651916155,0.010758
2021-05-21,0.0014578314991984,-0.000819
2021-05-24,0.0040813586440296,0.010194
2021-05-25,-0.0073349149219088,-0.002219
2021-05-26,0.0065208676711997,0.001985
2021-05-27,0.0080292428823253,0.000525
2021-05-28,-0.0006303765534872,0.001789
2021-06-01,0.0064438936185278,-0.000881
2021-06-02,-0.0004807702860091,0.001573
2021-06-03,-0.0016200339674907,-0.003711
2021-06-04,0.0036860375817058,0.009146
2021-06-07,-0.0025687301723715,-0.00097
2021-06-08,0.0031323565341256,0.000213
2021-06-09,-0.0070148143805038,-0.001492
2021-06-10,-0.0018337537031732,0.004648
2021-06-11,0.0055605237344368,0.001652
2021-06-14,-0.0076229179013256,0.002239
2021-06-15,0.0028879201501689,-0.001834
2021-06-16,-0.0062168698449604,-0.005583
2021-06-17,-0.0174055299938959,-0.000332
2021-06-18,-0.0175189107233994,-0.013447
2021-06-21,0.0219324051912286,0.014316
2021-06-22,0.0008852530460364,0.005346
2021-06-23,-0.0017506217936235,-0.001205
2021-06-24,0.0075395583566127,0.005916
2021-06-25,0.0090360303908165,0.003552
2021-06-28,-0.0085431316200937,0.002016
2021-06-29,-0.0015178860827346,0.000538
2021-06-30,0.0044032215179351,0.000842
2021-07-01,0.0090582026865991,0.005537
2021-07-02,3.7815451149468975e-05,0.007644
2021-07-06,-0.0127395197823977,-0.001821
2021-07-07,0.0001369317830967,0.003534
2021-07-08,-0.0113619182030042,-0.008148
2021-07-09,0.0189951575071564,0.010675
2021-07-12,0.0015739784434517,0.003582
2021-07-13,-0.0122445509542139,-0.003409
2021-07-14,-0.0030418331020527,0.001492
2021-07-15,-0.0040238423410828,-0.003416
2021-07-16,-0.0107520342698601,-0.007844
2021-07-19,-0.0197243036129673,-0.014768
2021-07-20,0.0207883030240431,0.01433
2021-07-21,0.0118017487851907,0.008096
2021-07-22,-0.004777688254403,0.002094
2021-07-23,0.0080022909983547,0.010288
2021-07-26,0.0060327367555398,0.002455
2021-07-27,-0.0030537579687494,-0.004558
2021-07-28,0.0006043136877914,-0.00041
2021-07-29,0.0075250390126563,0.004147
2021-07-30,-0.0031916025188769,-0.004856
2021-08-02,-0.0003527446343031,-0.002098
2021-08-03,0.0087383029594094,0.008135
2021-08-04,-0.0101468951223128,-0.004919
2021-08-05,0.0099485351505615,0.006333
2021-08-06,0.0056292717636967,0.001652
2021-08-09,-0.0027442808006005,-0.000814
2021-08-10,0.0079425140034581,0.001244
2021-08-11,0.0084647407143508,0.002485
2021-08-12,-0.0003110251345536,0.002997
2021-08-13,-0.0025143888531513,0.00182
2021-08-16,-0.0019058381003903,0.002355
2021-08-17,-0.0113557812286251,-0.006555
2021-08-18,-0.0109959001514464,-0.010945
2021-08-19,-0.0057758658422902,0.001548
2021-08-20,0.0085731502701901,0.007957
2021-08-23,0.008492526876131,0.008797
2021-08-24,0.0075806821954272,0.001587
2021-08-25,0.0071312178765245,0.002098
2021-08-26,-0.009435304019949,-0.005903
2021-08-27,0.012660391805163,0.008941
2021-08-30,-0.0044391748597986,0.004398
2021-08-31,-0.0001089552714837,-0.001482
2021-09-01,0.000858869606006,0.000531
2021-09-02,0.0085371897272066,0.003077
2021-09-03,-0.0050310489449108,-0.000243
2021-09-07,-0.0093418064417003,-0.003576
2021-09-08,-0.0027632137952897,-0.001218
2021-09-09,0.000573325938971,-0.00428
2021-09-10,-0.0085332038652597,-0.007885
2021-09-13,0.0041840096551799,0.002559
2021-09-14,-0.009465377306115,-0.005397
2021-09-15,0.0099884953455008,0.008353
2021-09-16,-0.0023697280115911,-0.001585
2021-09-17,-0.0087233984984301,-0.00971
2021-09-20,-0.0165433926225856,-0.016674
2021-09-21,-0.0050135192582281,-0.000945
2021-09-22,0.0126506785504685,0.009755
2021-09-23,0.0168909633119051,0.01215
2021-09-24,0.0028986051327663,0.001647
2021-09-27,0.0065251624112559,-0.002861
2021-09-28,-0.0132742413341358,-0.020152
2021-09-29,0.001392058751015,0.001683
2021-09-30,-0.0187338254262046,-0.012222
2021-10-01,0.0147996778032263,0.011884
2021-10-04,-0.0044902075566186,-0.012896
2021-10-05,0.0075475240958422,0.010405
2021-10-06,-0.0023685262027553,0.004156
2021-10-07,0.0098921256337336,0.008646
2021-10-08,-0.0036584106187973,-0.001824
2021-10-11,-0.0064551332121258,-0.00724
2021-10-12,0.0004954136648643,-0.002462
2021-10-13,0.0008697257774987,0.003598
2021-10-14,0.0168636750986394,0.016821
2021-10-15,0.0011480610175096,0.007616
2021-10-18,0.000609515631283,0.002961
2021-10-19,0.0045185119823172,0.007715
2021-10-20,0.0087468315520267,0.003928
2021-10-21,0.0009055777986716,0.002608
2021-10-22,0.0019538999935364,-0.001036
2021-10-25,0.0020121405931377,0.005363
2021-10-26,-0.0042949444469875,0.0009
2021-10-27,-0.0146554056859899,-0.00443
2021-10-28,0.0122293932409006,0.009649
2021-10-29,-0.0039825576685509,0.002029
2021-11-01,0.0123164048995271,0.00172
2021-11-02,0.0040293378297893,0.004043
2021-11-03,0.009466270254177,0.006105
2021-11-04,-0.0050476786921871,0.004713
2021-11-05,0.0077604248078594,0.00347
2021-11-08,0.0005490710927071,0.000854
2021-11-09,0.0004877460837809,-0.003305
2021-11-10,-0.0057241132652565,-0.008045
2021-11-11,0.0047017942706765,0.000324
2021-11-12,0.0043120526694777,0.007547
2021-11-15,0.0024202963499326,0.000342
2021-11-16,0.0023239710751138,0.003958
2021-11-17,-0.0072524193107327,-0.002429
2021-11-18,-0.0058242964175971,0.003396
2021-11-19,-0.0076006067395933,-0.001788
2021-11-22,0.0032360099576598,-0.002815
2021-11-23,0.0026776626727098,0.001326
2021-11-24,-0.002754122223688,0.00267
2021-11-26,-0.0264777326424965,-0.022303
2021-11-29,0.0057606185159424,0.012267
2021-11-30,-0.0269173322116499,-0.019458
2021-12-01,-0.0149734985026335,-0.011107
2021-12-02,0.0256888953186161,0.015316
2021-12-03,-0.0038381621503361,-0.008701
2021-12-06,0.0163976856686382,0.011843
2021-12-07,0.0153268950998716,0.020685
2021-12-08,0.0032293063965438,0.002648
2021-12-09,-0.0079915675177547,-0.006752
2021-12-10,0.0045002852429984,0.009414
2021-12-13,-0.0098929263036484,-0.008858
2021-12-14,-0.0054479949697344,-0.00688
2021-12-15,0.0103681161461429,0.015625
2021-12-16,-0.0018166731138121,-0.008819
2021-12-17,-0.0110053604667331,-0.010598
2021-12-20,-0.0160927394753865,-0.010633
2021-12-21,0.0220178796637017,0.017759
2021-12-22,0.0063036212921157,0.009999
2021-12-23,0.0081440788510493,0.006222
2021-12-27,0.0130374613733263,0.014152
2021-12-28,0.0024905304786841,-0.000817
2021-12-29,0.0030718549891349,0.001279
2021-12-30,-0.001430522535724,-0.002765
2021-12-31,0.0008448652571643,-0.00252
2022-01-03,0.0042880473026725,0.00579
2022-01-04,0.0115587257829605,-0.000335
2022-01-05,-0.0155586409988968,-0.019202
2022-01-06,0.0038984376171701,-0.000939
2022-01-07,0.0030500075506555,-0.003954
2022-01-10,-0.0084986652230645,-0.001244
2022-01-11,0.0100732719297815,0.009108
2022-01-12,0.0002783308710447,0.002704
2022-01-13,-0.0010172872761114,-0.013779
2022-01-14,0.0010018515925444,0.000409
2022-01-18,-0.017585348458422,-0.01771
2022-01-19,-0.0106610129445631,-0.010384
2022-01-20,-0.0154228170583069,-0.011068
2022-01-21,-0.0153215051664701,-0.019631
2022-01-24,0.0106236851457457,0.004247
2022-01-25,-0.0083954489458672,-0.012209
2022-01-26,-0.0099835803750503,-0.002509
2022-01-27,-0.0049084661322453,-0.004938
2022-01-28,0.0167944532764848,0.024835
2022-01-31,0.0159716522579945,0.018011
2022-02-01,0.0080397159427356,0.006757
2022-02-02,0.0063813659209052,0.009714
2022-02-03,-0.0094268867172084,-0.023505
2022-02-04,0.0003829501429983,0.004702
2022-02-07,0.0021290501807453,-0.003209
2022-02-08,0.0120503166660121,0.008228
2022-02-09,0.0193945785009882,0.014636
2022-02-10,-0.0135617330066189,-0.017966
2022-02-11,-0.0134673972263988,-0.019719
2022-02-14,-0.0098812288623305,-0.003269
2022-02-15,0.0167441910307466,0.016127
2022-02-16,0.0023255430759413,0.001121
2022-02-17,-0.0166387699570903,-0.021361
2022-02-18,-0.0041483885047414,-0.006475
2022-02-22,-0.0115582315946637,-0.010732
2022-02-23,-0.014745421875417,-0.017739
2022-02-24,0.0085837895100338,0.015049
2022-02-25,0.0311945995942191,0.022064
2022-02-28,-0.0045503164165861,-0.002559
2022-03-01,-0.0222223332414579,-0.01523
2022-03-02,0.0242246808035031,0.018396
2022-03-03,-0.0048167052441868,-0.004978
2022-03-04,-0.0124077444081227,-0.008125
2022-03-07,-0.0325544650796891,-0.029479
2022-03-08,-0.0035368293158268,-0.007582
2022-03-09,0.0203633504347356,0.026811
2022-03-10,-0.0019025457461813,-0.004516
2022-03-11,-0.0107550266318161,-0.012715
2022-03-14,-0.0044466599369753,-0.007308
2022-03-15,0.0160813392445978,0.02199
2022-03-16,0.0211217302810213,0.022174
2022-03-17,0.0122247385890561,0.012511
2022-03-18,0.0071139025810347,0.010919
2022-03-21,-0.0006962904651132,-0.000292
2022-03-22,0.0068365907685759,0.011701
2022-03-23,-0.0117196570395036,-0.012878
2022-03-24,0.0113839199634496,0.015074
2022-03-25,0.0097159506482022,0.004884
2022-03-28,-0.0033463017097868,0.007113
2022-03-29,0.0144837324888008,0.012371
2022-03-30,-0.008311723208038,-0.006175
2022-03-31,-0.0147034852489842,-0.015391
2022-04-01,0.0016519123592868,0.002834
2022-04-04,0.0053757895318702,0.008567
2022-04-05,-0.0131121503249333,-0.012631
2022-04-06,-0.0081854760602294,-0.009999
2022-04-07,0.00149817072622,0.005039
2022-04-08,0.0039853572075026,-0.002674
2022-04-11,-0.0059719630441705,-0.017092
2022-04-12,-0.0029692871368041,-0.003705
2022-04-13,0.012383356296198,0.011454
2022-04-14,-0.006076606736759,-0.012452
2022-04-18,-0.0022670190729744,0.000411
2022-04-19,0.0194682597072921,0.016143
2022-04-20,0.0069891748432686,-0.000742
2022-04-21,-0.0141309399387192,-0.014954
2022-04-22,-0.027456524705175,-0.027439
2022-04-25,0.0038862615050424,0.005798
2022-04-26,-0.0258113089826368,-0.028961
2022-04-27,0.0011430053063087,0.002812
2022-04-28,0.0168493797913871,0.025259
2022-04-29,-0.0251262635201515,-0.036956
2022-05-02,0.0055446842456851,0.006019
2022-05-03,0.009319457285276,0.004584
2022-05-04,0.0268227718524596,0.030453
2022-05-05,-0.0319161086649354,-0.035543
2022-05-06,-0.0181516034224054,-0.005969
2022-05-09,-0.0245580384003112,-0.032017
2022-05-10,-0.0039322006471237,0.002311
2022-05-11,-0.0166294993594318,-0.015886
2022-05-12,0.007812057905873,-0.001044
2022-05-13,0.0231013518334664,0.023908
2022-05-16,-0.0043191693694282,-0.004058
2022-05-17,0.0234230164117375,0.02057
2022-05-18,-0.0379616694881779,-0.040312
2022-05-19,-0.0043151280252146,-0.006125
2022-05-20,0.0008140254992365,0.000437
2022-05-23,0.0104454624300754,0.01871
2022-05-24,-0.0104755898636709,-0.007634
2022-05-25,0.0144726902979951,0.008835
2022-05-26,0.0249199234940343,0.019981
2022-05-27,0.0214480401118493,0.024549
2022-05-31,-0.0076287780057003,-0.005611
2022-06-01,-0.011495651372469,-0.008089
2022-06-02,0.0182131084973848,0.019044
2022-06-03,-0.0104589983685316,-0.016412
2022-06-06,0.0047541815194189,0.003045
2022-06-07,0.0081125637060525,0.009592
2022-06-08,-0.0138058424034665,-0.010872
2022-06-09,-0.0198041172385808,-0.023783
2022-06-10,-0.0287483414109418,-0.028996
2022-06-13,-0.0416082967766829,-0.037968
2022-06-14,-0.0056268575625695,-0.003013
2022-06-15,0.0097378815527497,0.014256
2022-06-16,-0.0388588088098167,-0.033096
2022-06-17,0.0054074367996547,0.002146
2022-06-21,0.0138658708127443,0.025174
2022-06-22,-0.0008929983955218,-0.001813
2022-06-23,0.0098803348931183,0.009803
2022-06-24,0.0309391427172722,0.031794
2022-06-27,0.0007526313264234,-0.00382
2022-06-28,-0.0149109023916911,-0.020433
2022-06-29,-0.0065822864034964,-0.000814
2022-06-30,-0.0069394511417467,-0.008124
2022-07-01,0.0141549565435115,0.010577
2022-07-05,2.7120741020224133e-05,0.001889
2022-07-06,-0.002331413385125,0.003377
2022-07-07,0.0171837097893481,0.014977
2022-07-08,-0.0045097252569091,-0.000823
2022-07-11,-0.0117346352315301,-0.011424
2022-07-12,-0.0018856986388699,-0.008849
2022-07-13,-0.0050580749402311,-0.005252
2022-07-14,-0.0108637793551085,-0.002428
2022-07-15,0.019781708688365,0.019105
2022-07-18,-0.0024586345955492,-0.008257
2022-07-19,0.0321925623453168,0.027019
2022-07-20,0.0099525475548066,0.006373
2022-07-21,0.0079576170963692,0.010183
2022-07-22,-0.007377567585915,-0.009278
2022-07-25,0.0025340344171919,0.001215
2022-07-26,-0.0109233381267494,-0.011831
2022-07-27,0.022110620852926,0.025966
2022-07-28,0.0149166903782723,0.012542
2022-07-29,0.0072571651638929,0.014579
2022-08-01,-0.0001437893180491,-0.002961
2022-08-02,-0.0081031670253233,-0.006597
2022-08-03,0.0108881771521188,0.01566
2022-08-04,-0.0033582526214452,-0.000676
2022-08-05,-9.049786069704446e-05,-0.00169
2022-08-08,0.0056106057290181,-0.001161
2022-08-09,-0.0090432581689777,-0.003971
2022-08-10,0.0240353365582989,0.021004
2022-08-11,0.0072504311836483,0.0
2022-08-12,0.0157723263889124,0.016929
2022-08-15,0.0002580123042478,0.004121
2022-08-16,0.0040554101453284,0.001959
2022-08-17,-0.01337638630542,-0.007098
2022-08-18,0.0040136996974881,0.002906
2022-08-19,-0.0154359800512212,-0.013438
2022-08-22,-0.024339966778634,-0.020823
2022-08-23,0.0006407104510852,-0.002419
2022-08-24,0.0051805678116305,0.003201
2022-08-25,0.0171530635050044,0.014118
2022-08-26,-0.0342092170598565,-0.033849
2022-08-29,-0.0055152858989582,-0.006612
2022-08-30,-0.0093315348808902,-0.010978
2022-08-31,-0.0090070724375322,-0.007609
2022-09-01,-0.0002933992686954,0.003138
2022-09-02,-0.0060556978276614,-0.010544
2022-09-06,-0.0054966295464394,-0.003773
2022-09-07,0.0250468542814909,0.017965
2022-09-08,0.0093427395598643,0.006536
2022-09-09,0.01645351803987,0.015535
2022-09-12,0.0100638541742956,0.010748
2022-09-13,-0.0421737239026624,-0.043483
2022-09-14,-0.0017772621698271,0.003816
2022-09-15,-0.0045689392590946,-0.011353
2022-09-16,-0.0148066162902587,-0.007597
2022-09-19,0.0109127055753953,0.007755
2022-09-20,-0.0175930558411278,-0.011479
2022-09-21,-0.0165999351535858,-0.017444
2022-09-22,-0.0210691694713875,-0.0084
2022-09-23,-0.0178457428345022,-0.016755
2022-09-26,-0.0154661647876214,-0.009893
2022-09-27,-0.0020486690315814,-0.002553
2022-09-28,0.0257446683790348,0.019676
2022-09-29,-0.021263230527076,-0.020889
2022-09-30,-0.0103350468017965,-0.015464
2022-10-03,0.0312593001029374,0.026401
2022-10-04,0.0389884369687699,0.030987
2022-10-05,-0.0041507121598927,-0.002328
2022-10-06,-0.0108226645037368,-0.010316
2022-10-07,-0.0249197982585651,-0.027894
2022-10-10,-0.0078580484396075,-0.007635
2022-10-11,-0.0056985451703402,-0.006333
2022-10-12,-0.0048810465595136,-0.003298
2022-10-13,0.0227409208275479,0.026391
2022-10-14,-0.0216582479762489,-0.022789
2022-10-17,0.0221043185190773,0.025697
2022-10-18,0.0148886693018903,0.01175
2022-10-19,-0.014939288518138,-0.007086
2022-10-20,-0.013531944011085,-0.008385
2022-10-21,0.0217635288474442,0.024302
2022-10-24,0.0092895875256286,0.012237
2022-10-25,0.0226955588912584,0.015969
2022-10-26,0.0013312103579711,-0.007534
2022-10-27,-0.0013610193968862,-0.00534
2022-10-28,0.0176166231346397,0.023791
2022-10-31,-0.0052902340887828,-0.007223
2022-11-01,0.0045845447756918,-0.004376
2022-11-02,-0.0264128519553124,-0.025096
2022-11-03,-0.0093256335762914,-0.010297
2022-11-04,0.0163185192214066,0.014393
2022-11-07,0.0087822392175289,0.009566
2022-11-08,0.0063009389623207,0.005395
2022-11-09,-0.0186146984303803,-0.020602
2022-11-10,0.0603269044411244,0.054954
2022-11-11,0.0178891622920255,0.009679
2022-11-14,-0.0145666396733298,-0.008507
2022-11-15,0.0100298556333461,0.008529
2022-11-16,-0.0155783225100339,-0.007629
2022-11-17,-0.0061080761659224,-0.00306
2022-11-18,0.007448072921383,0.00454
2022-11-21,-0.0020616114647049,-0.003636
2022-11-22,0.0145275633118917,0.013457
2022-11-23,0.0052691498121312,0.006302
2022-11-25,0.0035203496964717,-0.000224
2022-11-28,-0.0169334679052175,-0.015957
2022-11-29,0.0050423885642679,-0.001718
2022-11-30,0.0236479795990715,0.031501
2022-12-01,0.0023148478174993,-0.000736
2022-12-02,-0.0004415053611048,-0.001154
2022-12-05,-0.020932400642549,-0.017989
2022-12-06,-0.0112214655990236,-0.014415
2022-12-07,-0.0034410907909512,-0.001701
2022-12-08,0.0064982209034141,0.007834
2022-12-09,-0.0070063623186184,-0.00747
2022-12-12,0.01625814599523,0.014417
2022-12-13,0.0091711357717086,0.00757
2022-12-14,-0.0066332658569105,-0.006394
2022-12-15,-0.0230262555895946,-0.024462
2022-12-16,-0.0112615225114728,-0.011751
2022-12-19,-0.010903292775005,-0.00848
2022-12-20,0.0004859218819637,0.001368
2022-12-21,0.0166261390294715,0.014952
2022-12-22,-0.0100523357590879,-0.014266
2022-12-23,0.0078097545795085,0.005752
2022-12-27,0.0007109244977013,-0.003944
2022-12-28,-0.0160371709754971,-0.012428
2022-12-29,0.0200450427442272,0.018
2022-12-30,-0.0042250448847139,-0.002634
2023-01-03,0.0016275920469323,-0.00421
2023-01-04,0.0218826796805162,0.00772
2023-01-05,-0.009168535264987,-0.011413
2023-01-06,0.0227126657000237,0.022932
2023-01-09,0.0014384965808487,-0.000567
2023-01-10,0.0083671107805587,0.007013
2023-01-11,0.0133321216740241,0.012648
2023-01-12,0.0042527281270867,0.003641
2023-01-13,0.0031432145417529,0.00388
2023-01-17,-0.0039882302173617,-0.001832
2023-01-18,-0.0136261148425283,-0.015788
2023-01-19,-0.0130749756953214,-0.00728
2023-01-20,0.0210967004285033,0.018629
2023-01-23,0.0157635988104104,0.011999
2023-01-24,-0.0052609137070447,-0.001073
2023-01-25,0.0046689115249758,0.000375
2023-01-26,0.0079310087764108,0.01099
2023-01-27,0.0033063583710945,0.002298
2023-01-30,-0.011991417742687,-0.012547
2023-01-31,0.0193918137057898,0.014703
2023-02-01,0.0137445681781973,0.010628
2023-02-02,0.0165065425244842,0.014557
2023-02-03,-0.0160517002993482,-0.010629
2023-02-06,-0.0101411018288198,-0.006111
2023-02-07,0.0091066842886943,0.013079
2023-02-08,-0.0136371172373311,-0.010935
2023-02-09,-0.0089914615023107,-0.008669
2023-02-10,-0.0006681063566795,0.002334
2023-02-13,0.0119448436847843,0.011739
2023-02-14,-0.0010901132930761,-0.00046
2023-02-15,0.0067017726578485,0.003247
2023-02-16,-0.0128583838769748,-0.013769
2023-02-17,-0.0015410938678499,-0.002498
2023-02-21,-0.0268480973491416,-0.020061
2023-02-22,0.002055811215966,-0.001378
2023-02-23,0.0022884418772219,0.005319
2023-02-24,-0.0087046932410049,-0.010682
2023-02-27,-0.0010603607948266,0.003406
2023-02-28,-0.0023529040256381,-0.003696
2023-03-01,-0.0025515880822383,-0.003836
2023-03-02,0.0078299133714867,0.007777
2023-03-03,0.012927565812517,0.016038
2023-03-06,-0.0088046982461816,0.000693
2023-03-07,-0.014915005479495,-0.015329
2023-03-08,0.0007589326267379,0.001632
2023-03-09,-0.0239808425365882,-0.01845
2023-03-10,-0.0258948419588468,-0.014429
2023-03-13,-0.0168171059503843,-0.001425
2023-03-14,0.0129435314043548,0.01653
2023-03-15,-0.0153088498506551,-0.006254
2023-03-16,0.0110863537610053,0.017545
2023-03-17,-0.0166458682406037,-0.011648
2023-03-20,0.0102251485506177,0.009616
2023-03-21,0.0165481563753261,0.013131
2023-03-22,-0.0239571481059698,-0.017047
2023-03-23,-0.0052711834197305,0.002703
2023-03-24,0.0064975882282454,0.006562
2023-03-27,0.0093390498748221,0.00187
2023-03-28,0.0033063482390551,-0.002245
2023-03-29,0.0147304112471583,0.014535
2023-03-30,0.00368638072157,0.005855
2023-03-31,0.016824695069886,0.014095
2023-04-03,-0.0007523709892666,0.003811
2023-04-04,-0.0142786420471361,-0.005548
2023-04-05,-0.0035051495392624,-0.002618
2023-04-06,0.0017757740743054,0.003901
2023-04-10,0.0090190080670039,0.001026
2023-04-11,0.0094023493256948,0.000269
2023-04-12,-0.0092360733294699,-0.004076
2023-04-13,0.0102448011685431,0.013283
2023-04-14,-0.0069916331686081,-0.002443
2023-04-17,0.006718616304304,0.003588
2023-04-18,-0.0028671853213286,0.000652
2023-04-19,0.0042098226918544,-0.000169
2023-04-20,-0.0081265594951761,-0.005457
2023-04-21,-1.9167117908282772e-05,0.000777
2023-04-24,0.0034508189412874,0.001043
2023-04-25,-0.032387203913919,-0.015874
2023-04-26,-0.0135639250613123,-0.004236
2023-04-27,0.0189410543954282,0.019908
2023-04-28,0.0056899275589861,0.008535
2023-05-01,-0.0025632516799648,-0.00101
2023-05-02,-0.0194315340733265,-0.011239
2023-05-03,-0.003145272243603,-0.006864
2023-05-04,-0.0172541413439841,-0.007083
2023-05-05,0.0172248883154819,0.018513
2023-05-08,-0.0024567505353438,0.000267
2023-05-09,-0.0047041375595584,-0.004385
2023-05-10,-0.0045341711075677,0.004672
2023-05-11,-0.0064785185630542,-0.001744
2023-05-12,0.0011097050465887,-0.00131
2023-05-15,0.0108941684362427,0.00345
2023-05-16,-0.0161439465482909,-0.006683
2023-05-17,0.0176552882781779,0.012139
2023-05-18,0.0095604504029585,0.009633
2023-05-19,-0.0056750544417198,-0.001455
2023-05-22,0.0053461590232625,0.000406
2023-05-23,-0.0090243196919519,-0.011223
2023-05-24,-0.0125121022798853,-0.007245
2023-05-25,-0.0014879473471838,0.00866
2023-05-26,0.0073206158288503,0.012951
2023-05-30,-0.0023388792329329,0.000381
2023-05-31,-0.0156741033821229,-0.005545
2023-06-01,0.0075945752787256,0.009501
2023-06-02,0.0276004850045422,0.014461
2023-06-05,-0.0043312334157784,-0.001916
2023-06-06,0.0121338541569631,0.002177
2023-06-07,0.0122418881453806,-0.003458
2023-06-08,-0.0036984908287351,0.006049
2023-06-09,-0.0056059107103761,0.001794
2023-06-12,0.0063537397769211,0.009072
2023-06-13,0.0120428498407039,0.006593
2023-06-14,-0.005697093639291,0.001191
2023-06-15,0.0124032686424036,0.012398
2023-06-16,-0.0003350159850607,-0.003393
2023-06-20,-0.0086928770131003,-0.005188
2023-06-21,-0.0013273285770767,-0.005124
2023-06-22,-0.006611614968483,0.00361
2023-06-23,-0.0088014525049968,-0.00756
2023-06-26,0.0079335491185072,-0.004086
2023-06-27,0.0153456845647946,0.010963
2023-06-28,-0.0016339153690451,0.000504
2023-06-29,0.0087614976727852,0.003941
2023-06-30,0.0076055131053728,0.011801
2023-07-03,0.0047096356114969,0.001151
2023-07-05,-0.0067582783457915,-0.001487
2023-07-06,-0.0078153956543227,-0.007831
2023-07-07,0.0074074900715608,-0.002525
2023-07-10,0.0088281679121556,0.002531
2023-07-11,0.0154123420062932,0.006369
2023-07-12,0.0054541128803394,0.008046
2023-07-13,0.0056207953913221,0.007937
2023-07-14,-0.0099110854207251,-0.000623
2023-07-17,0.0015807745137744,0.003472
2023-07-18,0.0081820261236139,0.007431
2023-07-19,0.0085576068285914,0.002224
2023-07-20,-0.0006069101549665,-0.006634
2023-07-21,-0.0003497486257779,0.0
2023-07-24,0.003132779753413,0.004467
2023-07-25,0.000543404498797,0.00273
2023-07-26,0.0055139940418493,0.000154
2023-07-27,-0.0092803446762219,-0.00663
2023-07-28,0.0062706023051675,0.00979
2023-07-31,0.0028283498103849,0.001904
2023-08-01,-0.0056722456690736,-0.002862
2023-08-02,-0.0098611155649495,-0.013911
2023-08-03,-0.0056852919230604,-0.002866
2023-08-04,-0.0025618587877058,-0.004523
2023-08-07,0.0065205419928002,0.008729
2023-08-08,-0.0028689198080799,-0.004349
2023-08-09,-0.0037052521853478,-0.006685
2023-08-10,-0.0020227984625121,0.000359
2023-08-11,0.000888889074427,-0.000583
2023-08-14,-0.0023288061633603,0.00552
2023-08-15,-0.0153248870613063,-0.011649
2023-08-16,-0.0074569433927757,-0.007338
2023-08-17,-0.0070730750180585,-0.00762
2023-08-18,0.0010733796562906,0.000481
2023-08-21,-0.0014731805425067,0.006506
2023-08-22,-0.005904441884884,-0.002709
2023-08-23,0.0081183837525431,0.011138
2023-08-24,-0.0086347249430623,-0.013859
2023-08-25,0.0027008341249125,0.00705
2023-08-28,0.0088553547272723,0.006341
2023-08-29,0.012251562234402,0.014455
2023-08-30,0.0031112237000635,0.004119
2023-08-31,-0.0016060643669538,-0.001463
2023-09-01,0.0035729869787194,0.001865
2023-09-05,-0.0151754201996136,-0.004322
2023-09-06,-0.0064975640557785,-0.006722
2023-09-07,-0.0085298569289094,-0.00307
2023-09-08,0.0019824025776262,0.001506
2023-09-11,-0.0025007888172885,0.006577
2023-09-12,0.0005384662387307,-0.005486
2023-09-13,-0.0061761013978162,0.001166
2023-09-14,0.0140405751103927,0.008622
2023-09-15,-0.0067907526437459,-0.012006
2023-09-18,-0.0044578753124852,0.000586
2023-09-19,-0.0014931402084492,-0.002074
2023-09-20,-0.0045779580778234,-0.009193
2023-09-21,-0.0166858662383585,-0.016528
2023-09-22,-0.0056086069236625,-0.002249
2023-09-25,0.0031378687500895,0.004205
2023-09-26,-0.0148673089053277,-0.014691
2023-09-27,0.0009477850606296,0.000399
2023-09-28,0.007634350872299,0.005797
2023-09-29,0.0005957988619762,-0.002427
2023-10-02,-0.013886826219896,-0.000398
2023-10-03,-0.0140904814935634,-0.013386
2023-10-04,0.0046823619053409,0.007282
2023-10-05,-0.0048013920721491,-0.000377
2023-10-06,0.0068127799401841,0.011873
2023-10-09,0.0062368286538723,0.006402
2023-10-10,0.0102477784415044,0.005205
2023-10-11,-6.79572844368284e-05,0.004096
2023-10-12,-0.0174226892124426,-0.006096
2023-10-13,-0.0017544423865718,-0.004981
2023-10-16,0.015963320822285,0.010522
2023-10-17,0.0073450248328933,-4.6e-05
2023-10-18,-0.0185219641070649,-0.013325
2023-10-19,-0.0138334456113946,-0.008786
2023-10-20,-0.0154113714616018,-0.012288
2023-10-23,-0.009137775174832,-0.001733
2023-10-24,0.005994808430501,0.007539
2023-10-25,-0.0116778730955323,-0.014352
2023-10-26,-2.2957247555155795e-05,-0.011975
2023-10-27,-0.0157174209528031,-0.004533
2023-10-30,0.0073517828232694,0.011956
2023-10-31,0.0064672235086622,0.00628
2023-11-01,-0.0001556245696072,0.010665
2023-11-02,0.024503371585456,0.019164
2023-11-03,0.0230073787097074,0.009123
2023-11-06,-0.0085100262064986,0.0023
2023-11-07,-0.0018069793724695,0.002846
2023-11-08,-0.00207804285718,0.000732
2023-11-09,-0.0103804521319466,-0.007799
2023-11-10,0.009095357228958,0.015605
2023-11-13,-0.0039182364249939,-0.000953
2023-11-14,0.0362316541790336,0.019401
2023-11-15,0.0080448637335482,0.002117
2023-11-16,-0.0074984864827526,0.001223
2023-11-17,0.0056260893412717,0.001244
2023-11-20,0.0043156382634999,0.007698
2023-11-21,-0.003806526803537,-0.002179
2023-11-22,0.0060246209048026,0.003861
2023-11-24,0.0036646010893835,0.000615
2023-11-27,-0.0030793143874315,-0.001801
2023-11-28,-0.0002262021585382,0.00099
2023-11-29,0.0064361980359418,-0.000703
2023-11-30,0.0066564966920972,0.003937
2023-12-01,0.0213185118769786,0.005916
2023-12-04,0.0021472988556868,-0.005249
2023-12-05,-0.0135261157498004,-0.000197
2023-12-06,0.004010622531083,-0.00403
2023-12-07,0.0065663640287121,0.00763
2023-12-08,0.0026886142210657,0.004299
2023-12-11,0.0074034293633798,0.00389
2023-12-12,-0.000418120378081,0.004567
2023-12-13,0.0281974222445015,0.01379
2023-12-14,0.0210823953920205,0.003209
2023-12-15,-0.008670722884338,-0.00164
2023-12-18,-0.0012821738175463,0.005625
2023-12-19,0.0115387429566238,0.006081
2023-12-20,-0.020188762037446,-0.013857
2023-12-21,0.0148984399399104,0.009482
2023-12-22,0.0025753586940775,0.00201
2023-12-26,0.0063903320761277,0.004223
2023-12-27,0.0008662546448548,0.001808
2023-12-28,0.0024781278635804,0.000378
2023-12-29,-0.0051628958367582,-0.002895
2024-01-02,0.0020836122781229,-0.005596
2024-01-03,-0.0182525151408273,-0.008167
2024-01-04,-0.0028797479673494,-0.003221
2024-01-05,0.0055709283271297,0.00137
2024-01-08,0.0128534577259792,0.014276
2024-01-09,-0.0049454252257153,-0.001517
2024-01-10,0.0021932434120629,0.005655
2024-01-11,-0.0047481115578444,-0.000441
2024-01-12,-0.0060458084038732,0.000693
2024-01-16,-0.0092868757383258,-0.003671
2024-01-17,-0.0112443673653732,-0.005559
2024-01-18,0.0055613397344485,0.008893
2024-01-19,0.0054878891755988,0.012466
2024-01-22,0.007936900732481,0.002114
2024-01-23,0.0020840663328547,0.002916
2024-01-24,-0.0047467338203929,0.001093
2024-01-25,0.0118821597150934,0.005439
2024-01-26,0.002239459218244,-0.00127
2024-01-29,0.0065287042966282,0.007919
2024-01-30,-0.0019614075353866,-0.000773
2024-01-31,-0.0158730887271367,-0.016317
2024-02-01,0.011729574498747,0.013088
2024-02-02,-0.0038666217976459,0.010527
2024-02-05,-0.0104762043497921,-0.003641
2024-02-06,0.0072161965113163,0.002903
2024-02-07,0.001111363405603,0.00834
2024-02-08,0.0048694578580679,0.000442
2024-02-09,0.0028345917376308,0.005779
2024-02-12,0.0122742100474297,-0.000439
2024-02-13,-0.0209780452995264,-0.013773
2024-02-14,0.0119000548361623,0.009088
2024-02-15,0.0145219398117879,0.0069
2024-02-16,-0.0021800884504511,-0.00498
2024-02-20,-0.0032116866251356,-0.005505
2024-02-21,-5.9304394830430645e-05,0.000906
2024-02-22,0.0067202387196512,0.020696
2024-02-23,0.0027512646139824,0.00069
2024-02-26,-0.0062467077961498,-0.003663
2024-02-27,0.0046877979100886,0.001858
2024-02-28,-0.0023230787021487,-0.001322
2024-02-29,0.0058148040560143,0.003595
2024-03-01,0.0036432839202026,0.009388
2024-03-04,-3.151980119781691e-05,-0.001072
2024-03-05,-0.0031190568079532,-0.009994
2024-03-06,0.0063884375908456,0.005067
2024-03-07,0.0094400940349089,0.009926
2024-03-08,0.0006414962206426,-0.006002
2024-03-11,0.0031772071252393,-0.00086
2024-03-12,-0.0007224342541525,0.010757
2024-03-13,0.0006349681695559,-0.001568
2024-03-14,-0.0120959966858545,-0.001977
2024-03-15,-0.0002677116101979,-0.006846
2024-03-18,0.0018683125311795,0.005943
2024-03-19,0.0065305613069234,0.005557
2024-03-20,0.0099335216281216,0.009249
2024-03-21,0.0087346022515458,0.003305
2024-03-22,-0.0080365323595087,-0.001896
2024-03-25,-0.0018161155511151,-0.002763
2024-03-26,-0.001096273798888,-0.001847
2024-03-27,0.0199359878496535,0.008404
2024-03-28,0.0059083817630197,-0.000191
2024-04-01,-0.0073498504941627,-0.00174
2024-04-02,-0.0117417714832886,-0.006358
2024-04-03,0.0012761338117418,0.001099
2024-04-04,-0.0101945703621126,-0.012206
2024-04-05,0.0036638377293674,0.010447
2024-04-08,0.0033391543047133,0.000559
2024-04-09,0.0076537895290553,0.001157
2024-04-10,-0.0192069815511557,-0.010013
2024-04-11,-0.0051269084147813,0.007547
2024-04-12,-0.0188069825794631,-0.013803
2024-04-15,-0.0078438289744429,-0.012528
2024-04-16,-0.0062175687716651,-0.001824
2024-04-17,-0.0034099117755331,-0.005918
2024-04-18,-0.0009212067286372,-0.002058
2024-04-19,0.006238374403863,-0.008728
2024-04-22,0.0078286768564835,0.009209
2024-04-23,0.0081986162201771,0.011867
2024-04-24,0.0017818511916421,-0.000475
2024-04-25,-0.0057029218478374,-0.003799
2024-04-26,0.0007434449870055,0.009474
2024-04-29,0.0089014338474858,0.003541
2024-04-30,-0.0166779984489251,-0.015841
2024-05-01,-0.0008942209415635,-0.003247
2024-05-02,0.0051644283674515,0.009353
2024-05-03,0.0061598354779409,0.012395
2024-05-06,0.0074902261141965,0.010327
2024-05-07,0.0022674295131051,0.001103
2024-05-08,-0.0016464047295422,9.7e-05
2024-05-09,0.0090594108616816,0.005762
2024-05-10,0.0007997448620542,0.001288
2024-05-13,0.0022316140498635,0.000134
2024-05-14,0.0053450537915763,0.004588
2024-05-15,0.0062711883075475,0.012383
2024-05-16,-0.0020488534834396,-0.002058
2024-05-17,0.0003869956194829,0.001438
2024-05-20,-0.0011079138228142,0.001152
2024-05-21,-0.002296294574762,0.002453
2024-05-22,-0.0031576586436015,-0.002879
2024-05-23,-0.0145273009661271,-0.007304
2024-05-24,0.0066411154429939,0.006616
2024-05-28,-0.0070707066854344,0.000699
2024-05-29,-0.0122936064556133,-0.007003
2024-05-30,0.0066725584932524,-0.006634
2024-05-31,0.0138580511480404,0.009108
2024-06-03,-0.0043687788259218,0.000815
2024-06-04,-0.0069838216517663,0.001118
2024-06-05,0.0061665248469277,0.011885
2024-06-06,-0.0018719248331109,-1.9e-05
2024-06-07,-0.00498876946303,-0.001216
2024-06-10,0.0010017576492359,0.00309
2024-06-11,-0.0043721765164066,0.002408
2024-06-12,0.0064537276275861,0.008213
2024-06-13,-0.0058018507043602,0.002014
2024-06-14,-0.0086619779428839,0.000608
2024-06-17,0.0063571117544966,0.007959
2024-06-18,3.963782593182667e-05,0.002541
2024-06-20,0.0014424617649799,-0.002717
2024-06-21,0.002827372796654,-0.001336
2024-06-24,0.0066429107677509,-0.003251
2024-06-25,-0.0098118837218033,0.003851
2024-06-26,-0.002948152158483,0.001248
2024-06-27,-0.0010061598895683,0.001576
2024-06-28,0.0012944085844077,-0.003935
2024-07-01,-0.0109321845494422,0.002058
2024-07-02,0.0032620103491965,0.00673
2024-07-03,0.0158435728837316,0.004463
2024-07-05,-0.0162640249159268,0.005767
2024-07-08,0.0029132934411735,0.001154
2024-07-09,-0.0021708381049956,0.000972
2024-07-10,0.0098429115131202,0.009895
2024-07-11,0.0199280454901022,-0.008623
2024-07-12,0.0096027990428033,0.006308
2024-07-15,-0.0003546399718144,0.00275
2024-07-16,0.0246314584610305,0.00593
2024-07-17,0.0006231383243352,-0.014021
2024-07-18,-0.0126607570057164,-0.007685
2024-07-19,-0.0092239731692963,-0.006641
2024-07-22,0.0085390816464736,0.01031
2024-07-23,-0.0036423485489222,-0.001569
2024-07-24,-0.0098286439822781,-0.022663
2024-07-25,0.0051610489085766,-0.00521
2024-07-26,0.016154507421996,0.0112
2024-07-29,0.0028725406342082,0.000588
2024-07-30,0.0094547913332239,-0.005066
2024-07-31,0.0049556457707192,0.016255
2024-08-01,-0.0117578083426642,-0.014161
2024-08-02,-0.0201945686460049,-0.018618
2024-08-05,-0.0228552910504824,-0.029124
2024-08-06,0.0071992016444569,0.00922
2024-08-07,-0.0082121044934199,-0.006684
2024-08-08,0.0185305009536946,0.023117
2024-08-09,0.0004917108772712,0.00441
2024-08-12,-0.0077180227287445,0.000525
2024-08-13,0.0138496902573636,0.016446
2024-08-14,-0.0011296146559794,0.003155
2024-08-15,0.0156134374701627,0.01714
2024-08-16,0.0027554156192245,0.002242
2024-08-19,0.008336131036465,0.009561
2024-08-20,-0.0073792673951314,-0.001626
2024-08-21,0.0077692382587196,0.003437
2024-08-22,-0.0042950553941027,-0.007849
2024-08-23,0.0161595178275413,0.010625
2024-08-26,-0.0002894173788557,-0.002384
2024-08-27,-0.0011354903101303,0.001373
2024-08-28,-0.0009223095938887,-0.005805
2024-08-29,0.0047414424578864,9e-05
2024-08-30,0.0055707802834872,0.009546
2024-09-03,-0.0124548585881398,-0.020579
2024-09-04,-0.002255359828739,-0.002047
2024-09-05,-0.0050162347057653,-0.002432
2024-09-06,-0.0114960428455105,-0.01683
2024-09-09,0.0067824147839855,0.011196
2024-09-10,-0.0013316375206352,0.004356
2024-09-11,-0.0006553012169452,0.010259
2024-09-12,0.0043995741032494,0.008423
2024-09-13,0.0136621744358146,0.005223
2024-09-16,0.0069899184596225,0.001477
2024-09-17,0.0047384360492458,0.000409
2024-09-18,0.0011507885063009,-0.002966
2024-09-19,0.0102712738420924,0.017064
2024-09-20,-0.0082951437369652,-0.001724
2024-09-23,0.004160111722793,0.002499
2024-09-24,0.0035720352647157,0.002861
2024-09-25,-0.0104740025290657,-0.002206
2024-09-26,0.015477298800459,0.003965
2024-09-27,0.0054493002703053,-0.00145
2024-09-30,0.0012443847741992,0.004007
2024-10-01,-0.0070904536992858,-0.008958
2024-10-02,-0.0019016255310985,0.000422
2024-10-03,-0.004493784485976,-0.001828
2024-10-04,0.007704029713293,0.009087
2024-10-07,-0.0077693159893,-0.00904
2024-10-08,-0.0005470331901259,0.009458
2024-10-09,0.0056967518444569,0.006926
2024-10-10,-0.0033880225979253,-0.00175
2024-10-11,0.0095485760852428,0.005988
2024-10-14,0.006602872414198,0.008178
2024-10-15,-0.0023080987846477,-0.00777
2024-10-16,0.0068779077545302,0.004346
2024-10-17,-0.0017307745427347,8.6e-05
2024-10-18,0.0038399939613018,0.003847
2024-10-21,-0.0093499658012983,-0.001642
2024-10-22,-0.0063642144641302,-0.000531
2024-10-23,-0.0043553549187429,-0.009137
2024-10-24,0.0008965300800701,0.002163
2024-10-25,-0.0045708128785262,-0.000345
2024-10-28,0.0072691854517969,0.003091
2024-10-29,-0.0028592394693417,0.001618
2024-10-30,-0.0021161479195478,-0.003025
2024-10-31,-0.0094561972207866,-0.019603
2024-11-01,0.0017686876179858,0.004221
2024-11-04,0.0032657024543774,-0.002154
2024-11-05,0.0104839817947199,0.012092
2024-11-06,0.0236487838184132,0.024866
2024-11-07,-0.0002318724941394,0.007732
2024-11-08,0.0019717843674167,0.004332
2024-11-11,0.0062594642016851,0.000953
2024-11-12,-0.0079248090180412,-0.003106
2024-11-13,-0.0007899717511659,0.000486
2024-11-14,-0.0067026582663636,-0.00643
2024-11-15,-0.0097276711273562,-0.012809
2024-11-18,0.0032112229212909,0.004097
2024-11-19,-0.0050732639602432,0.003655
2024-11-20,0.0048232738707858,0.000339
2024-11-21,0.014615191197794,0.005368
2024-11-22,0.0082776452819973,0.003099
2024-11-25,0.0141906669702591,0.003392
2024-11-26,-0.0033048846581145,0.005221
2024-11-27,0.0002783141085232,-0.00303
2024-11-29,0.0033058573307433,0.006212
2024-12-02,-0.0001518217431358,0.001792
2024-12-03,-0.0044530793324871,0.000464
2024-12-04,-0.0011845394873336,0.00621
2024-12-05,-0.0066171908336454,-0.001646
2024-12-06,-0.0015041782978937,0.001896
2024-12-09,0.0007128961596884,-0.00515
2024-12-10,-0.0052099103012185,-0.003109
2024-12-11,-0.0001332518325859,0.007731
2024-12-12,-0.0027103555474564,-0.005153
2024-12-13,-0.0046847437865149,-0.000199
2024-12-16,-0.0048067222542871,0.00427
2024-12-17,-0.0076768792757052,-0.00412
2024-12-18,-0.0285148033978438,-0.029804
2024-12-19,-0.0047163217839376,-0.000307
2024-12-20,0.0144734679176097,0.01197
2024-12-23,0.0002809417691636,0.005988
2024-12-24,0.0068562337517244,0.011115
2024-12-26,0.001909138673964,6.7e-05
2024-12-27,-0.0064330097593119,-0.010527
2024-12-30,-0.0090456577005465,-0.011412
2024-12-31,0.0016832479587427,-0.003638
2025-01-02,-0.0034961761761996,-0.0024570437313846
2025-01-03,0.0099991499430576,0.0125034725984314
2025-01-06,0.0010969842983232,0.0057605614826703
2025-01-07,-0.0043978490811038,-0.0113040153711394
2025-01-08,-0.0023409183507007,0.0014609389751862
2025-01-10,-0.0152304956666746,-0.0152673768340531
2025-01-13,0.0095784035601016,0.001550547022237
2025-01-14,0.0080842375224163,0.0013758225859841
2025-01-15,0.0088220116324599,0.018189872381068
2025-01-16,0.0074361392511961,-0.0019230698922569
2025-01-17,0.0043950377851535,0.0100399536359903
2025-01-21,0.011723761553315,0.0091534807380353
2025-01-22,-0.0066773949802204,0.005621468036089
2025-01-23,0.003725322816825,0.0054581241414886
2025-01-24,0.000132472623894,-0.0029192782547333
2025-01-27,0.0037676305443077,-0.0141453676968595
2025-01-28,-0.0077792843222942,0.0085922412794743
2025-01-29,-0.0036199392077647,-0.0044828176411498
2025-01-30,0.0093845517523707,0.0053670784071064
2025-01-31,-0.0071042144049011,-0.0053219497113515
2025-02-03,-0.0084082232077723,-0.0067295461399253
2025-02-04,0.003784692147476,0.0067083268462659
2025-02-05,0.0028527381285787,0.0040545001205936
2025-02-06,-0.0004397638635289,0.0034757165104117
2025-02-07,-0.0030579189101236,-0.0091534802628783
2025-02-10,0.005657819797199,0.0067909852886034
2025-02-11,-0.0019276676188304,0.0007605320222985
2025-02-12,-0.0048031486592733,-0.0032213909113014
2025-02-13,0.011548145937765,0.0105575681694565
2025-02-14,0.0039665344657311,-4.925370981989641e-05
2025-02-18,0.0136926969074149,0.0029357672567349
2025-02-19,0.0036645259846008,0.0023549435384666
2025-02-20,-0.0014974461047561,-0.0041603644617469
2025-02-21,-0.013734756839194,-0.0171040845166152
2025-02-24,0.0030376249649963,-0.0045502740413301
2025-02-25,-0.0014973003820664,-0.0049732601469395
2025-02-26,-0.0005379399344427,0.0005048550487694
2025-02-27,-0.0128802824292654,-0.015961929079131
2025-02-28,0.0096786678298048,0.0156055026471153
2025-03-03,-0.0153088416476189,-0.0175198744873431
2025-03-04,-0.0140901564215002,-0.0118368934526847
2025-03-05,0.0098876180812559,0.010747915551218
2025-03-06,-0.0081259825889202,-0.0177512071935984
2025-03-07,0.0110322675708125,0.0056049711156023
2025-03-10,-0.0091874738176991,-0.0266356605216325
2025-03-11,-0.0106687761809874,-0.0083128479772103
2025-03-12,-0.0059391354940779,0.0053064410979022
2025-03-13,-0.0095306269140934,-0.013330418660348
2025-03-14,0.0217616731582335,0.0206557163876768
2025-03-17,0.0140001396456999,0.0077113259783998
2025-03-18,-0.0067978765801635,-0.0108083374766548
2025-03-19,0.007480777730966,0.010890784112395
2025-03-20,-0.0045150502167847,-0.0028918019935593
2025-03-21,-0.003867823026499,0.0003298107891269
2025-03-24,0.0128609470779832,0.0179086666212031
2025-03-25,-0.0034129389328934,0.0024038818271738
2025-03-26,-0.0001083528163433,-0.0119382329844617
2025-03-27,-0.0022404462163791,-0.0026558603843261
2025-03-28,-0.0134285821346105,-0.0201381772632941
2025-03-31,0.008723163188391,0.0067126605962857
2025-04-01,0.0001270186599113,0.0028244690642666
2025-04-02,0.0098418684180034,0.0063284348170113
2025-04-03,-0.0497946922594338,-0.0492808064503782
2025-04-04,-0.0542297263616617,-0.0585429589677871
2025-04-07,-0.0108208565193038,-0.0017811932094613
2025-04-08,-0.0223850205666853,-0.0156627146767478
2025-04-09,0.0809865614292686,0.1050192812545172
2025-04-10,-0.0352536485784797,-0.0438191066509713
2025-04-11,0.0164694535454594,0.0178429429834785
2025-04-14,0.0134779897060977,0.0097014357620819
2025-04-15,-0.005281037452438,-0.0028008093135412
2025-04-16,-0.0141388857720954,-0.0222281450015812
2025-04-17,0.0094378408840647,0.0014268092873084
2025-04-21,-0.0183905800806312,-0.0238027609396652
2025-04-22,0.0264898146108583,0.026017700412074
2025-04-23,0.0080788912821216,0.0154955917400245
2025-04-24,0.0170711783225783,0.0210489018723727
2025-04-25,-0.0023837055767775,0.0072253777163768
2025-04-28,0.0026393470103458,0.0003813020506449
2025-04-29,0.0051167173991137,0.0062994524500554
2025-04-30,0.0001812112633357,0.0003967012984003
2025-05-01,-0.0034902664905307,0.00708691571826
2025-05-02,0.0175402151468149,0.0148441307681652
2025-05-05,-0.0121202436670241,-0.005734186165038
2025-05-06,-0.0065317372711036,-0.008358320798518
2025-05-07,0.0066243253826985,0.0042054369076196
2025-05-08,0.0112565296378748,0.0069677905123635
2025-05-09,0.0004457530960997,-0.0012742246627532
2025-05-12,0.0295406832004523,0.0330475113424115
2025-05-13,0.0017486989989174,0.0066038344237007
2025-05-14,-0.0087742131625054,0.0012780596636836
2025-05-15,0.0083773158155509,0.0048843423988216
2025-05-16,0.0108266274173385,0.0063340782442991
2025-05-19,-0.0018808506358941,0.0010938140906693
2025-05-20,-0.0030324988190423,-0.0033622318319923
2025-05-21,-0.0227240331114596,-0.0168506910272412
2025-05-22,-0.0040398875846914,0.0003946470773714
2025-05-23,-0.004272059075263,-0.0068258868936216
2025-05-27,0.0189735661280592,0.0207906699378142
2025-05-28,-0.0105806255473186,-0.0057853106495019
2025-05-29,0.0041919917505532,0.0039473823802422
2025-05-30,-0.0019107720921264,-0.0011184567013394
2025-06-02,-0.0024671617171178,0.005632796393217
2025-06-03,0.0084474570400505,0.0057026945390536
2025-06-04,-0.0024604028730547,-0.0002684438366714
2025-06-05,-0.00297570591461,-0.0048328721496471
2025-06-06,0.0087910671699953,0.010268979858963
2025-06-09,0.0029492385028808,0.0009012828881442
2025-06-10,0.0067600074916362,0.0056697676151933
2025-06-11,-0.004937734627645,-0.0028521190306726
2025-06-12,0.0007453932709935,0.0039744318225565
2025-06-13,-0.0137124198097765,-0.0111801655055917
2025-06-16,0.0112947660649609,0.0095141964787153
2025-06-17,-0.0130778216503263,-0.0085450325365789
2025-06-18,0.0009882197723882,-0.0001507390708749
2025-06-20,0.0019642129470369,-0.002348536060589
2025-06-23,0.0079016501601114,0.0098774805044956
2025-06-24,0.0105221538044999,0.0110473115555598
2025-06-25,-0.0084627256569724,0.000560263131947
2025-06-26,0.0076679075602121,0.0078237798744875
2025-06-27,0.0033480032734232,0.0049684323619594
2025-06-30,0.0030912469339288,0.0047812055897382
2025-07-01,0.0174442879724838,-0.0003236793082249
2025-07-02,0.0022116847997164,0.0045332765158159
2025-07-03,0.0043455084089094,0.0078813859548749
2025-07-07,-0.0114756364979337,-0.0074520170832973
2025-07-08,0.0049491236634258,-0.0005477162177452
2025-07-09,0.0042302629175199,0.0059966267672113
2025-07-10,0.0067754154580517,0.0028203102183428
2025-07-11,-0.0091814663346009,-0.0035154238705955
2025-07-14,-0.0009064483283174,0.0019082159291465
2025-07-15,-0.0168195888568141,-0.0042732651441966
2025-07-16,0.0041397704879189,0.0033431911185151
2025-07-17,0.0090347109423638,0.0061196899775175
2025-07-18,-0.0001416693798677,-0.0007325109099923
2025-07-21,-0.0042101965917796,0.0018962734313692
2025-07-22,0.0193646987716054,0.0001431211632245
2025-07-23,0.0074822504641915,0.0085075411221149
2025-07-24,-0.003833686415799,0.0003309554684374
2025-07-25,0.0049125725773127,0.004224350050175
2025-07-28,-0.0080140180919662,-0.0002510035553039
2025-07-29,-0.0024814357943061,-0.002637648602082
2025-07-30,-0.0079146933399917,-0.001259331011043
2025-07-31,-0.0100490943174523,-0.0037512265266995
2025-08-01,-0.0093731577438879,-0.0163903695197614
2025-08-04,0.0075575681346469,0.0151997136799502
2025-08-05,0.0004045545504023,-0.0050698690505691
2025-08-06,-0.0032306924519575,0.007659581475387
2025-08-07,-0.0010910960026762,-0.0008376240775046
2025-08-08,0.0028997266393502,0.0077976708139688
2025-08-11,-0.0033536387308561,-0.0019775396473948
2025-08-12,0.0143845757307963,0.0106460176622822
2025-08-13,0.0193379702240017,0.0034230516829947
2025-08-14,-0.0073807173840452,9.315635788809118e-05
2025-08-15,-0.0017783184224405,-0.0023412898567806
2025-08-18,-0.0008611186328822,-0.0002176314371911
2025-08-19,0.008500421421135,-0.0054251300666776
2025-08-20,-0.0021621519759362,-0.0026569874257285
2025-08-21,-0.0031215257514053,-0.0040119183617876
2025-08-22,0.022820783460548,0.0153566928516155
2025-08-25,-0.0064867883353556,-0.0044008717423171
2025-08-26,-3.323012062184105e-05,0.0041868443355401
2025-08-27,0.0051815888215214,0.0022786089065434
2025-08-28,-0.0020274528089554,0.0035413627321427
2025-08-29,0.0019066657035839,-0.0059636816039791
2025-09-02,-0.0081763570903453,-0.0074102955558743
2025-09-03,-0.0013675294129533,0.0054195597134076
2025-09-04,0.0074265120366381,0.0083573604418143
2025-09-05,0.0029169949947944,-0.0028961484885351
2025-09-08,-0.0026440704103869,0.0024565419087134
2025-09-09,-0.0073150223405707,0.0023119206976098
2025-09-10,-0.0035757591562799,0.0028908542790047
2025-09-11,0.016722850391263,0.0083102647317856
2025-09-12,-0.0096545360311461,-0.000334706509845
2025-09-15,-0.0031016297720152,0.005323952420932
2025-09-16,-0.0011325405756122,-0.0013767927852816
2025-09-17,-0.0011072404011623,-0.0012425285544682
2025-09-18,0.00608191584135,0.0046726323345225
2025-09-19,-0.0034969929871085,0.0049527813713408
2025-09-22,-0.0001166069045134,0.004731100453688
2025-09-23,0.0005489121431507,-0.0054435663888288
2025-09-24,-0.0001835838348621,-0.0031816334526137
2025-09-25,-0.0102876382447631,-0.004613497488472
2025-09-26,0.0115260038747417,0.0057291443669944
2025-09-29,0.0012862557034865,0.0028103664411398
2025-09-30,0.0030579165220439,0.0037668667591117
2025-10-01,0.0020131301395065,0.0034074772846366
2025-10-02,0.0030366493236477,0.0011518035371931
2025-10-03,0.0041115054723444,-1.47673622217237e-05
2025-10-06,-0.0028862602081848,0.0035862289103361
2025-10-07,-0.0053401129754574,-0.0037074922509618
2025-10-08,0.0004670320093134,0.0059630524127924
2025-10-09,-0.0094033847535315,-0.0028970083792375
2025-10-10,-0.0220878273764455,-0.0270278278990896
2025-10-13,0.0100516389741327,0.0153440746932087
2025-10-14,0.010076771516033,-0.0012216548034568
2025-10-15,0.0012290799112424,0.004439523175783
2025-10-16,-0.0085535733392205,-0.0068102611539838
2025-10-17,0.0042763149996327,0.0056763938002961
2025-10-20,0.0090856474181382,0.0104004753996216
2025-10-21,0.0050998119109313,-1.4904481475785936e-05
2025-10-22,-0.0046992710830304,-0.0051989069274409
2025-10-23,0.0032961255955343,0.0059298911904996
2025-10-24,0.0011082039833487,0.0081725711046307
2025-10-27,0.0025350357040589,0.0117977120231489
2025-10-28,-0.0115372837070458,0.002655998956591
2025-10-29,-0.0145679057375903,0.0004803870398957
2025-10-30,-0.0016165036354667,-0.0109981439370768
2025-10-31,0.0025161724079927,0.0032800997320787
2025-11-03,-0.0034534697190925,0.0018767772528909
2025-11-04,-0.0015460279757536,-0.0118535399424475
2025-11-05,0.0057272909570258,0.0034653891969962
2025-11-06,-0.0076639436780421,-0.0107293332126661
2025-11-07,0.0123976845856346,0.0009845075813768
2025-11-10,0.0038458915859191,0.0156043433079944
2025-11-11,0.0076040666791084,0.0022892399865568
2025-11-12,0.0026456573071302,0.0005564884786124
2025-11-13,-0.0065846104584529,-0.0165940199802265
2025-11-14,-0.0055206613018999,-0.000163768760337
2025-11-17,-0.0159140580986509,-0.0093164334292447
2025-11-18,0.0020454262508662,-0.0083975527701006
2025-11-19,-0.0049586452792209,0.0038632001428369
2025-11-20,-0.0087346017952274,-0.0152422454597995
2025-11-21,0.0226994930601998,0.0099612229766326
2025-11-24,0.0054473363668716,0.0147185070621804
2025-11-25,0.0150108302889631,0.0094059914420558
2025-11-26,0.0061002124223021,0.0069034834506269
2025-11-28,0.0041037131936647,0.0054584063386149
2025-12-01,-0.0053640187781274,-0.0045655054234295
2025-12-02,-0.002435374328805,0.001852299674079
2025-12-03,0.0063344906936562,0.0034627677932603
2025-12-04,-0.0012987552005683,0.0007310561539983
2025-12-05,0.0037145929184807,0.0018995368427094
2025-12-08,-0.0072785598146419,-0.0030042775146746
2025-12-09,-0.0035637325673433,-0.0008630551776172
2025-12-10,0.0159925549610242,0.0066321775460889
2025-12-11,0.0105871792904554,0.0023269481305272
2025-12-12,-0.0035888701418764,-0.0107519689275338
2025-12-15,0.001621641302455,-0.0015108877827512
2025-12-16,-0.0096522993074545,-0.0027322975952787
2025-12-17,0.0022654407056936,-0.0110036201020413
2025-12-18,-9.977459902277276e-05,0.0075513325776148
2025-12-19,-0.0003723077287817,0.0090634454794518
2025-12-22,0.0079143801541354,0.0062298922783201
2025-12-23,-0.0046482591186187,0.0045704548184331
2025-12-24,0.0037874452019766,0.0035176203055324
2025-12-26,6.699640809482155e-05,-0.0001014150322432
2025-12-29,-0.0009739624143607,-0.0035636282070549
2025-12-30,-0.0002662610245214,-0.0012211007345822
